wall_time,iso_time,timestamp,packet_counter,hand_side,frame_id,status,pose,take,PALM_x,PALM_y,PALM_z,PALM_qw,PALM_qx,PALM_qy,PALM_qz,WRIST_x,WRIST_y,WRIST_z,WRIST_qw,WRIST_qx,WRIST_qy,WRIST_qz,THUMB_METACARPAL_x,THUMB_METACARPAL_y,THUMB_METACARPAL_z,THUMB_METACARPAL_qw,THUMB_METACARPAL_qx,THUMB_METACARPAL_qy,THUMB_METACARPAL_qz,THUMB_PROXIMAL_x,THUMB_PROXIMAL_y,THUMB_PROXIMAL_z,THUMB_PROXIMAL_qw,THUMB_PROXIMAL_qx,THUMB_PROXIMAL_qy,THUMB_PROXIMAL_qz,THUMB_DISTAL_x,THUMB_DISTAL_y,THUMB_DISTAL_z,THUMB_DISTAL_qw,THUMB_DISTAL_qx,THUMB_DISTAL_qy,THUMB_DISTAL_qz,THUMB_TIP_x,THUMB_TIP_y,THUMB_TIP_z,THUMB_TIP_qw,THUMB_TIP_qx,THUMB_TIP_qy,THUMB_TIP_qz,INDEX_METACARPAL_x,INDEX_METACARPAL_y,INDEX_METACARPAL_z,INDEX_METACARPAL_qw,INDEX_METACARPAL_qx,INDEX_METACARPAL_qy,INDEX_METACARPAL_qz,INDEX_PROXIMAL_x,INDEX_PROXIMAL_y,INDEX_PROXIMAL_z,INDEX_PROXIMAL_qw,INDEX_PROXIMAL_qx,INDEX_PROXIMAL_qy,INDEX_PROXIMAL_qz,INDEX_INTERMEDIATE_x,INDEX_INTERMEDIATE_y,INDEX_INTERMEDIATE_z,INDEX_INTERMEDIATE_qw,INDEX_INTERMEDIATE_qx,INDEX_INTERMEDIATE_qy,INDEX_INTERMEDIATE_qz,INDEX_DISTAL_x,INDEX_DISTAL_y,INDEX_DISTAL_z,INDEX_DISTAL_qw,INDEX_DISTAL_qx,INDEX_DISTAL_qy,INDEX_DISTAL_qz,INDEX_TIP_x,INDEX_TIP_y,INDEX_TIP_z,INDEX_TIP_qw,INDEX_TIP_qx,INDEX_TIP_qy,INDEX_TIP_qz,MIDDLE_METACARPAL_x,MIDDLE_METACARPAL_y,MIDDLE_METACARPAL_z,MIDDLE_METACARPAL_qw,MIDDLE_METACARPAL_qx,MIDDLE_METACARPAL_qy,MIDDLE_METACARPAL_qz,MIDDLE_PROXIMAL_x,MIDDLE_PROXIMAL_y,MIDDLE_PROXIMAL_z,MIDDLE_PROXIMAL_qw,MIDDLE_PROXIMAL_qx,MIDDLE_PROXIMAL_qy,MIDDLE_PROXIMAL_qz,MIDDLE_INTERMEDIATE_x,MIDDLE_INTERMEDIATE_y,MIDDLE_INTERMEDIATE_z,MIDDLE_INTERMEDIATE_qw,MIDDLE_INTERMEDIATE_qx,MIDDLE_INTERMEDIATE_qy,MIDDLE_INTERMEDIATE_qz,MIDDLE_DISTAL_x,MIDDLE_DISTAL_y,MIDDLE_DISTAL_z,MIDDLE_DISTAL_qw,MIDDLE_DISTAL_qx,MIDDLE_DISTAL_qy,MIDDLE_DISTAL_qz,MIDDLE_TIP_x,MIDDLE_TIP_y,MIDDLE_TIP_z,MIDDLE_TIP_qw,MIDDLE_TIP_qx,MIDDLE_TIP_qy,MIDDLE_TIP_qz,RING_METACARPAL_x,RING_METACARPAL_y,RING_METACARPAL_z,RING_METACARPAL_qw,RING_METACARPAL_qx,RING_METACARPAL_qy,RING_METACARPAL_qz,RING_PROXIMAL_x,RING_PROXIMAL_y,RING_PROXIMAL_z,RING_PROXIMAL_qw,RING_PROXIMAL_qx,RING_PROXIMAL_qy,RING_PROXIMAL_qz,RING_INTERMEDIATE_x,RING_INTERMEDIATE_y,RING_INTERMEDIATE_z,RING_INTERMEDIATE_qw,RING_INTERMEDIATE_qx,RING_INTERMEDIATE_qy,RING_INTERMEDIATE_qz,RING_DISTAL_x,RING_DISTAL_y,RING_DISTAL_z,RING_DISTAL_qw,RING_DISTAL_qx,RING_DISTAL_qy,RING_DISTAL_qz,RING_TIP_x,RING_TIP_y,RING_TIP_z,RING_TIP_qw,RING_TIP_qx,RING_TIP_qy,RING_TIP_qz,LITTLE_METACARPAL_x,LITTLE_METACARPAL_y,LITTLE_METACARPAL_z,LITTLE_METACARPAL_qw,LITTLE_METACARPAL_qx,LITTLE_METACARPAL_qy,LITTLE_METACARPAL_qz,LITTLE_PROXIMAL_x,LITTLE_PROXIMAL_y,LITTLE_PROXIMAL_z,LITTLE_PROXIMAL_qw,LITTLE_PROXIMAL_qx,LITTLE_PROXIMAL_qy,LITTLE_PROXIMAL_qz,LITTLE_INTERMEDIATE_x,LITTLE_INTERMEDIATE_y,LITTLE_INTERMEDIATE_z,LITTLE_INTERMEDIATE_qw,LITTLE_INTERMEDIATE_qx,LITTLE_INTERMEDIATE_qy,LITTLE_INTERMEDIATE_qz,LITTLE_DISTAL_x,LITTLE_DISTAL_y,LITTLE_DISTAL_z,LITTLE_DISTAL_qw,LITTLE_DISTAL_qx,LITTLE_DISTAL_qy,LITTLE_DISTAL_qz,LITTLE_TIP_x,LITTLE_TIP_y,LITTLE_TIP_z,LITTLE_TIP_qw,LITTLE_TIP_qx,LITTLE_TIP_qy,LITTLE_TIP_qz
1782948338.7467413,2026-07-01 19:25:38.746,3919.0,3919,right,0,2,fist,1,0.0,0.003969999961555004,-0.04999999701976776,-1.0,-0.0,0.0,0.0,0.0,0.0,0.0,-1.0,-0.0,0.0,0.0,-0.025476505979895592,-0.012044684961438179,-0.022234933450818062,-0.7382166981697083,0.09777171909809113,-0.38033372163772583,-0.5484734177589417,0.0,1.19209286886246e-09,-0.02723044343292713,-0.9098348617553711,0.4149704873561859,0.0,0.0,2.38418573772492e-09,-1.19209286886246e-09,-0.031859468668699265,-0.812966525554657,0.5823104977607727,0.0,0.0,0.0,-3.5762786065873797e-09,-0.023122519254684448,-1.0,-0.0,0.0,0.0,-0.012360505759716034,0.0032300001475960016,-0.016998957842588425,-0.9990482330322266,-0.0,-0.04361938685178757,0.0,-0.002149570034816861,-3.8927792047616094e-06,-0.06502974033355713,-0.7385693192481995,0.6741772890090942,-0.0005011981702409685,-0.0004575012717396021,0.0,0.0,-0.03691747412085533,-0.7071068286895752,0.7071068286895752,0.0,0.0,-2.38418573772492e-09,-2.98023217215615e-10,-0.02163529396057129,-0.9304175972938538,0.36650118231773376,0.0,0.0,0.0,2.98023217215615e-10,-0.01868978515267372,-1.0,-0.0,0.0,0.0,0.0,0.003969999961555004,-0.017509059980511665,-1.0,-0.0,0.0,0.0,0.0,4.611611075233668e-06,-0.0637909397482872,-0.7112206816673279,0.7029688358306885,0.0,0.0,0.0,2.98023217215615e-10,-0.04460655897855759,-0.6427876353263855,0.7660444974899292,0.0,0.0,0.0,-2.98023217215615e-10,-0.02347646653652191,-0.9396926760673523,0.34202009439468384,0.0,0.0,0.0,0.0,-0.019652195274829865,-1.0,-0.0,0.0,0.0,0.00711638480424881,0.0018999999156221747,-0.016959700733423233,-0.9961947202682495,-0.0,0.08715574443340302,0.0,-0.0005882382392883301,0.0,-0.060253534466028214,-0.7133238315582275,0.6995487809181213,-0.03029705584049225,-0.02971198782324791,1.19209286886246e-09,-1.490116086078075e-10,-0.04255415499210358,-0.6427876353263855,0.7660444974899292,0.0,0.0,-2.38418573772492e-09,0.0,-0.02208789810538292,-0.9063078761100769,0.4226182699203491,0.0,0.0,0.0,0.0,-0.017740869894623756,-1.0,-0.0,0.0,0.0,0.013503451831638813,-0.0037700000684708357,-0.014087309129536152,-0.9914448857307434,-0.0,0.13052619993686676,0.0,0.0048975334502756596,-3.847479547403054e-06,-0.05743739381432533,-0.6765674948692322,0.7343704700469971,-0.042795270681381226,-0.03354250267148018,4.76837147544984e-09,-2.98023217215615e-10,-0.03276757150888443,-0.7071068286895752,0.7071068286895752,0.0,0.0,2.38418573772492e-09,0.0,-0.016709718853235245,-0.8419820070266724,0.5395057201385498,0.0,0.0,0.0,0.0,-0.01388302817940712,-1.0,-0.0,0.0,0.0
1782948338.747317,2026-07-01 19:25:38.747,16522.0,16522,left,0,1,fist,1,0.0,0.003969999961555004,-0.04999999701976776,-1.0,-0.0,0.0,0.0,0.0,0.0,0.0,-1.0,-0.0,0.0,0.0,0.025476500391960144,-0.012044699862599373,-0.022234899923205376,-0.738767683506012,0.08100733906030655,0.38328173756599426,0.5484116077423096,-5.7220457705398076e-08,-4.3511388270189855e-08,-0.027230437844991684,-0.9187915921211243,0.3947429656982422,0.0,0.0,3.5762786065873797e-09,6.318092005130893e-08,-0.031859491020441055,-0.824395477771759,0.5660143494606018,0.0,0.0,2.384185648907078e-08,0.0,-0.023122519254684448,-1.0,-0.0,0.0,0.0,0.012359999120235443,0.0032300001475960016,-0.017000000923871994,-0.9990482330322266,-0.0,0.04361938685178757,0.0,0.0021501504816114902,-3.890097104886081e-06,-0.06502876430749893,-0.8588219285011292,0.5122693181037903,0.0019481456838548183,0.0011620281729847193,-9.53674295089968e-09,-9.53674295089968e-09,-0.036917347460985184,-0.7272826433181763,0.6863381266593933,0.0,0.0,-2.8610228852699038e-08,-2.98023217215615e-10,-0.0216355137526989,-0.9351826310157776,0.35416579246520996,0.0,0.0,1.2636184010261786e-07,2.98023217215615e-10,-0.018689393997192383,-1.0,-0.0,0.0,0.0,0.0,0.003969999961555004,-0.01750910095870495,-1.0,-0.0,0.0,0.0,0.0,4.610121322912164e-06,-0.06379090249538422,-0.7607182860374451,0.6490822434425354,0.0,0.0,0.0,2.98023217215615e-10,-0.044606998562812805,-0.6427876353263855,0.7660444974899292,0.0,0.0,0.0,0.0,-0.023475991562008858,-0.9396926760673523,0.34202009439468384,0.0,0.0,0.0,0.0,-0.019651994109153748,-1.0,-0.0,0.0,0.0,-0.00711638992652297,0.0018999999156221747,-0.016959700733423233,-0.9961947202682495,-0.0,-0.08715574443340302,0.0,0.0005882433033548295,0.0,-0.060253534466028214,-0.7752559185028076,0.6306115984916687,0.028049521148204803,0.022816145792603493,-1.1086464013487785e-07,-1.490116086078075e-10,-0.04255366697907448,-0.6429281234741211,0.7659265398979187,0.0,0.0,4.5299529460862686e-08,0.0,-0.022088106721639633,-0.9063320159912109,0.42256635427474976,0.0,0.0,-1.4305114426349519e-08,0.0,-0.017740696668624878,-1.0,-0.0,0.0,0.0,-0.013503500260412693,-0.0037700000684708357,-0.014087299816310406,-0.9914448857307434,-0.0,-0.13052619993686676,0.0,-0.004897483624517918,-3.8501621020259336e-06,-0.05743739381432533,-0.6873873472213745,0.7243662476539612,0.04017788916826248,0.03431997075676918,5.4836270635405526e-08,-2.98023217215615e-10,-0.03276759013533592,-0.7071068286895752,0.7071068286895752,0.0,0.0,-9.298324243900424e-08,0.0,-0.01670967973768711,-0.8419820070266724,0.5395057201385498,0.0,0.0,6.19888282926695e-08,0.0,-0.013883084990084171,-1.0,-0.0,0.0,0.0
1782948338.9568002,2026-07-01 19:25:38.956,16525.0,16525,left,0,1,fist,1,0.0,0.003969999961555004,-0.04999999701976776,-1.0,-0.0,0.0,0.0,0.0,0.0,0.0,-1.0,-0.0,0.0,0.0,0.025476500391960144,-0.012044699862599373,-0.022234899923205376,-0.738767683506012,0.08100733906030655,0.38328173756599426,0.5484116077423096,-5.7220457705398076e-08,-4.3511388270189855e-08,-0.027230437844991684,-0.9187915921211243,0.3947429656982422,0.0,0.0,3.5762786065873797e-09,6.318092005130893e-08,-0.031859491020441055,-0.824395477771759,0.5660143494606018,0.0,0.0,2.384185648907078e-08,0.0,-0.023122519254684448,-1.0,-0.0,0.0,0.0,0.012359999120235443,0.0032300001475960016,-0.017000000923871994,-0.9990482330322266,-0.0,0.04361938685178757,0.0,0.0021501504816114902,-3.890097104886081e-06,-0.06502876430749893,-0.8588219285011292,0.5122693181037903,0.0019481456838548183,0.0011620281729847193,-9.53674295089968e-09,-9.53674295089968e-09,-0.036917347460985184,-0.7272826433181763,0.6863381266593933,0.0,0.0,-2.8610228852699038e-08,-2.98023217215615e-10,-0.0216355137526989,-0.9351826310157776,0.35416579246520996,0.0,0.0,1.2636184010261786e-07,2.98023217215615e-10,-0.018689393997192383,-1.0,-0.0,0.0,0.0,0.0,0.003969999961555004,-0.01750910095870495,-1.0,-0.0,0.0,0.0,0.0,4.610121322912164e-06,-0.06379090249538422,-0.7607182860374451,0.6490822434425354,0.0,0.0,0.0,2.98023217215615e-10,-0.044606998562812805,-0.6427876353263855,0.7660444974899292,0.0,0.0,0.0,0.0,-0.023475991562008858,-0.9396926760673523,0.34202009439468384,0.0,0.0,0.0,0.0,-0.019651994109153748,-1.0,-0.0,0.0,0.0,-0.00711638992652297,0.0018999999156221747,-0.016959700733423233,-0.9961947202682495,-0.0,-0.08715574443340302,0.0,0.0005882433033548295,0.0,-0.060253534466028214,-0.7831663489341736,0.6208131909370422,0.02761174365878105,0.021887730807065964,-1.1086464013487785e-07,-1.490116086078075e-10,-0.04255366697907448,-0.6435900330543518,0.7653704881668091,0.0,0.0,4.5299529460862686e-08,0.0,-0.022088106721639633,-0.9064463376998901,0.4223211109638214,0.0,0.0,-1.4305114426349519e-08,0.0,-0.017740696668624878,-1.0,-0.0,0.0,0.0,-0.013503500260412693,-0.0037700000684708357,-0.014087299816310406,-0.9914448857307434,-0.0,-0.13052619993686676,0.0,-0.004897483624517918,-3.8501621020259336e-06,-0.05743739381432533,-0.6873873472213745,0.7243662476539612,0.04017788916826248,0.03431997075676918,5.4836270635405526e-08,-2.98023217215615e-10,-0.03276759013533592,-0.7071068286895752,0.7071068286895752,0.0,0.0,-9.298324243900424e-08,0.0,-0.01670967973768711,-0.8419820070266724,0.5395057201385498,0.0,0.0,6.19888282926695e-08,0.0,-0.013883084990084171,-1.0,-0.0,0.0,0.0
1782948338.9570572,2026-07-01 19:25:38.957,3949.0,3949,right,0,2,fist,1,0.0,0.003969999961555004,-0.04999999701976776,-1.0,-0.0,0.0,0.0,0.0,0.0,0.0,-1.0,-0.0,0.0,0.0,-0.025476505979895592,-0.012044684961438179,-0.022234933450818062,-0.7382166981697083,0.09777171909809113,-0.38033372163772583,-0.5484734177589417,0.0,1.19209286886246e-09,-0.02723044343292713,-0.9098348617553711,0.4149704873561859,0.0,0.0,2.38418573772492e-09,-1.19209286886246e-09,-0.031859468668699265,-0.812966525554657,0.5823104977607727,0.0,0.0,0.0,-3.5762786065873797e-09,-0.023122519254684448,-1.0,-0.0,0.0,0.0,-0.012360505759716034,0.0032300001475960016,-0.016998957842588425,-0.9990482330322266,-0.0,-0.04361938685178757,0.0,-0.002149570034816861,-3.8927792047616094e-06,-0.06502974033355713,-0.7396058440208435,0.6730398535728455,-0.0005185670452192426,-0.0004716621770057827,0.0,0.0,-0.03691747412085533,-0.7071068286895752,0.7071068286895752,0.0,0.0,-2.38418573772492e-09,-2.98023217215615e-10,-0.02163529396057129,-0.9304175972938538,0.36650118231773376,0.0,0.0,0.0,2.98023217215615e-10,-0.01868978515267372,-1.0,-0.0,0.0,0.0,0.0,0.003969999961555004,-0.017509059980511665,-1.0,-0.0,0.0,0.0,0.0,4.611611075233668e-06,-0.0637909397482872,-0.7112206816673279,0.7029688358306885,0.0,0.0,0.0,2.98023217215615e-10,-0.04460655897855759,-0.6427876353263855,0.7660444974899292,0.0,0.0,0.0,-2.98023217215615e-10,-0.02347646653652191,-0.9396926760673523,0.34202009439468384,0.0,0.0,0.0,0.0,-0.019652195274829865,-1.0,-0.0,0.0,0.0,0.00711638480424881,0.0018999999156221747,-0.016959700733423233,-0.9961947202682495,-0.0,0.08715574443340302,0.0,-0.0005882382392883301,0.0,-0.060253534466028214,-0.7133238315582275,0.6995487809181213,-0.03029705584049225,-0.02971198782324791,1.19209286886246e-09,-1.490116086078075e-10,-0.04255415499210358,-0.6427876353263855,0.7660444974899292,0.0,0.0,-2.38418573772492e-09,0.0,-0.02208789810538292,-0.9063078761100769,0.4226182699203491,0.0,0.0,0.0,0.0,-0.017740869894623756,-1.0,-0.0,0.0,0.0,0.013503451831638813,-0.0037700000684708357,-0.014087309129536152,-0.9914448857307434,-0.0,0.13052619993686676,0.0,0.0048975334502756596,-3.847479547403054e-06,-0.05743739381432533,-0.6765674948692322,0.7343704700469971,-0.042795270681381226,-0.03354250267148018,4.76837147544984e-09,-2.98023217215615e-10,-0.03276757150888443,-0.7071068286895752,0.7071068286895752,0.0,0.0,2.38418573772492e-09,0.0,-0.016709718853235245,-0.8419820070266724,0.5395057201385498,0.0,0.0,0.0,0.0,-0.01388302817940712,-1.0,-0.0,0.0,0.0
1782948339.159177,2026-07-01 19:25:39.159,3961.0,3961,right,0,2,fist,1,0.0,0.003969999961555004,-0.04999999701976776,-1.0,-0.0,0.0,0.0,0.0,0.0,0.0,-1.0,-0.0,0.0,0.0,-0.025476505979895592,-0.012044684961438179,-0.022234933450818062,-0.7382166981697083,0.09777171909809113,-0.38033372163772583,-0.5484734177589417,0.0,1.19209286886246e-09,-0.02723044343292713,-0.9098348617553711,0.4149704873561859,0.0,0.0,2.38418573772492e-09,-1.19209286886246e-09,-0.031859468668699265,-0.812966525554657,0.5823104977607727,0.0,0.0,0.0,-3.5762786065873797e-09,-0.023122519254684448,-1.0,-0.0,0.0,0.0,-0.012360505759716034,0.0032300001475960016,-0.016998957842588425,-0.9990482330322266,-0.0,-0.04361938685178757,0.0,-0.002149570034816861,-3.8927792047616094e-06,-0.06502974033355713,-0.744762659072876,0.667328953742981,-0.0006053934339433908,-0.0005424501141533256,0.0,0.0,-0.03691747412085533,-0.7071068286895752,0.7071068286895752,0.0,0.0,-2.38418573772492e-09,-2.98023217215615e-10,-0.02163529396057129,-0.9304175972938538,0.36650118231773376,0.0,0.0,0.0,2.98023217215615e-10,-0.01868978515267372,-1.0,-0.0,0.0,0.0,0.0,0.003969999961555004,-0.017509059980511665,-1.0,-0.0,0.0,0.0,0.0,4.611611075233668e-06,-0.0637909397482872,-0.7112206816673279,0.7029688358306885,0.0,0.0,0.0,2.98023217215615e-10,-0.04460655897855759,-0.6427876353263855,0.7660444974899292,0.0,0.0,0.0,-2.98023217215615e-10,-0.02347646653652191,-0.9396926760673523,0.34202009439468384,0.0,0.0,0.0,0.0,-0.019652195274829865,-1.0,-0.0,0.0,0.0,0.00711638480424881,0.0018999999156221747,-0.016959700733423233,-0.9961947202682495,-0.0,0.08715574443340302,0.0,-0.0005882382392883301,0.0,-0.060253534466028214,-0.7133238315582275,0.6995487809181213,-0.03029705584049225,-0.02971198782324791,1.19209286886246e-09,-1.490116086078075e-10,-0.04255415499210358,-0.6427876353263855,0.7660444974899292,0.0,0.0,-2.38418573772492e-09,0.0,-0.02208789810538292,-0.9063078761100769,0.4226182699203491,0.0,0.0,0.0,0.0,-0.017740869894623756,-1.0,-0.0,0.0,0.0,0.013503451831638813,-0.0037700000684708357,-0.014087309129536152,-0.9914448857307434,-0.0,0.13052619993686676,0.0,0.0048975334502756596,-3.847479547403054e-06,-0.05743739381432533,-0.6765674948692322,0.7343704700469971,-0.042795270681381226,-0.03354250267148018,4.76837147544984e-09,-2.98023217215615e-10,-0.03276757150888443,-0.7071068286895752,0.7071068286895752,0.0,0.0,2.38418573772492e-09,0.0,-0.016709718853235245,-0.8419820070266724,0.5395057201385498,0.0,0.0,0.0,0.0,-0.01388302817940712,-1.0,-0.0,0.0,0.0
1782948339.1701655,2026-07-01 19:25:39.170,16527.0,16527,left,0,1,fist,1,0.0,0.003969999961555004,-0.04999999701976776,-1.0,-0.0,0.0,0.0,0.0,0.0,0.0,-1.0,-0.0,0.0,0.0,0.025476500391960144,-0.012044699862599373,-0.022234899923205376,-0.7393919229507446,0.07815200835466385,0.38291534781455994,0.5482406616210938,-5.7220457705398076e-08,-4.3511388270189855e-08,-0.027230437844991684,-0.9205949306488037,0.3905188739299774,0.0,0.0,3.5762786065873797e-09,6.318092005130893e-08,-0.031859491020441055,-0.8269156217575073,0.5623260736465454,0.0,0.0,2.384185648907078e-08,0.0,-0.023122519254684448,-1.0,-0.0,0.0,0.0,0.012359999120235443,0.0032300001475960016,-0.017000000923871994,-0.9990482330322266,-0.0,0.04361938685178757,0.0,0.0021501504816114902,-3.890097104886081e-06,-0.06502876430749893,-0.8588219285011292,0.5122693181037903,0.0019481456838548183,0.0011620281729847193,-9.53674295089968e-09,-9.53674295089968e-09,-0.036917347460985184,-0.7272826433181763,0.6863381266593933,0.0,0.0,-2.8610228852699038e-08,-2.98023217215615e-10,-0.0216355137526989,-0.9351826310157776,0.35416579246520996,0.0,0.0,1.2636184010261786e-07,2.98023217215615e-10,-0.018689393997192383,-1.0,-0.0,0.0,0.0,0.0,0.003969999961555004,-0.01750910095870495,-1.0,-0.0,0.0,0.0,0.0,4.610121322912164e-06,-0.06379090249538422,-0.7607182860374451,0.6490822434425354,0.0,0.0,0.0,2.98023217215615e-10,-0.044606998562812805,-0.6427876353263855,0.7660444974899292,0.0,0.0,0.0,0.0,-0.023475991562008858,-0.9396926760673523,0.34202009439468384,0.0,0.0,0.0,0.0,-0.019651994109153748,-1.0,-0.0,0.0,0.0,-0.00711638992652297,0.0018999999156221747,-0.016959700733423233,-0.9961947202682495,-0.0,-0.08715574443340302,0.0,0.0005882433033548295,0.0,-0.060253534466028214,-0.7831663489341736,0.6208131909370422,0.02761174365878105,0.021887730807065964,-1.1086464013487785e-07,-1.490116086078075e-10,-0.04255366697907448,-0.6435900330543518,0.7653704881668091,0.0,0.0,4.5299529460862686e-08,0.0,-0.022088106721639633,-0.9064463376998901,0.4223211109638214,0.0,0.0,-1.4305114426349519e-08,0.0,-0.017740696668624878,-1.0,-0.0,0.0,0.0,-0.013503500260412693,-0.0037700000684708357,-0.014087299816310406,-0.9914448857307434,-0.0,-0.13052619993686676,0.0,-0.004897483624517918,-3.8501621020259336e-06,-0.05743739381432533,-0.6873873472213745,0.7243662476539612,0.04017788916826248,0.03431997075676918,5.4836270635405526e-08,-2.98023217215615e-10,-0.03276759013533592,-0.7071068286895752,0.7071068286895752,0.0,0.0,-9.298324243900424e-08,0.0,-0.01670967973768711,-0.8419820070266724,0.5395057201385498,0.0,0.0,6.19888282926695e-08,0.0,-0.013883084990084171,-1.0,-0.0,0.0,0.0
1782948339.375924,2026-07-01 19:25:39.375,16529.0,16529,left,0,1,fist,1,0.0,0.003969999961555004,-0.04999999701976776,-1.0,-0.0,0.0,0.0,0.0,0.0,0.0,-1.0,-0.0,0.0,0.0,0.025476500391960144,-0.012044699862599373,-0.022234899923205376,-0.7396076321601868,0.07719483226537704,0.3827803432941437,0.548179566860199,-5.7220457705398076e-08,-4.3511388270189855e-08,-0.027230437844991684,-0.9211963415145874,0.3890981376171112,0.0,0.0,3.5762786065873797e-09,6.318092005130893e-08,-0.031859491020441055,-0.827771008014679,0.5610660910606384,0.0,0.0,2.384185648907078e-08,0.0,-0.023122519254684448,-1.0,-0.0,0.0,0.0,0.012359999120235443,0.0032300001475960016,-0.017000000923871994,-0.9990482330322266,-0.0,0.04361938685178757,0.0,0.0021501504816114902,-3.890097104886081e-06,-0.06502876430749893,-0.8588219285011292,0.5122693181037903,0.0019481456838548183,0.0011620281729847193,-9.53674295089968e-09,-9.53674295089968e-09,-0.036917347460985184,-0.7272826433181763,0.6863381266593933,0.0,0.0,-2.8610228852699038e-08,-2.98023217215615e-10,-0.0216355137526989,-0.9351826310157776,0.35416579246520996,0.0,0.0,1.2636184010261786e-07,2.98023217215615e-10,-0.018689393997192383,-1.0,-0.0,0.0,0.0,0.0,0.003969999961555004,-0.01750910095870495,-1.0,-0.0,0.0,0.0,0.0,4.610121322912164e-06,-0.06379090249538422,-0.7681050300598145,0.6403239369392395,0.0,0.0,0.0,2.98023217215615e-10,-0.044606998562812805,-0.6427876353263855,0.7660444974899292,0.0,0.0,0.0,0.0,-0.023475991562008858,-0.9396926760673523,0.34202009439468384,0.0,0.0,0.0,0.0,-0.019651994109153748,-1.0,-0.0,0.0,0.0,-0.00711638992652297,0.0018999999156221747,-0.016959700733423233,-0.9961947202682495,-0.0,-0.08715574443340302,0.0,0.0005882433033548295,0.0,-0.060253534466028214,-0.7831663489341736,0.6208131909370422,0.02761174365878105,0.021887730807065964,-1.1086464013487785e-07,-1.490116086078075e-10,-0.04255366697907448,-0.6435900330543518,0.7653704881668091,0.0,0.0,4.5299529460862686e-08,0.0,-0.022088106721639633,-0.9064463376998901,0.4223211109638214,0.0,0.0,-1.4305114426349519e-08,0.0,-0.017740696668624878,-1.0,-0.0,0.0,0.0,-0.013503500260412693,-0.0037700000684708357,-0.014087299816310406,-0.9914448857307434,-0.0,-0.13052619993686676,0.0,-0.004897483624517918,-3.8501621020259336e-06,-0.05743739381432533,-0.6873873472213745,0.7243662476539612,0.04017788916826248,0.03431997075676918,5.4836270635405526e-08,-2.98023217215615e-10,-0.03276759013533592,-0.7071068286895752,0.7071068286895752,0.0,0.0,-9.298324243900424e-08,0.0,-0.01670967973768711,-0.8419820070266724,0.5395057201385498,0.0,0.0,6.19888282926695e-08,0.0,-0.013883084990084171,-1.0,-0.0,0.0,0.0
1782948339.3885598,2026-07-01 19:25:39.388,3975.0,3975,right,0,2,fist,1,0.0,0.003969999961555004,-0.04999999701976776,-1.0,-0.0,0.0,0.0,0.0,0.0,0.0,-1.0,-0.0,0.0,0.0,-0.025476505979895592,-0.012044684961438179,-0.022234933450818062,-0.7385208010673523,0.09747374057769775,-0.3799145817756653,-0.5484074950218201,0.0,1.19209286886246e-09,-0.02723044343292713,-0.9102296829223633,0.41410383582115173,0.0,0.0,2.38418573772492e-09,-1.19209286886246e-09,-0.031859468668699265,-0.81343013048172,0.581662654876709,0.0,0.0,0.0,-3.5762786065873797e-09,-0.023122519254684448,-1.0,-0.0,0.0,0.0,-0.012360505759716034,0.0032300001475960016,-0.016998957842588425,-0.9990482330322266,-0.0,-0.04361938685178757,0.0,-0.002149570034816861,-3.8927792047616094e-06,-0.06502974033355713,-0.744762659072876,0.667328953742981,-0.0006053934339433908,-0.0005424501141533256,0.0,0.0,-0.03691747412085533,-0.7071068286895752,0.7071068286895752,0.0,0.0,-2.38418573772492e-09,-2.98023217215615e-10,-0.02163529396057129,-0.9304175972938538,0.36650118231773376,0.0,0.0,0.0,2.98023217215615e-10,-0.01868978515267372,-1.0,-0.0,0.0,0.0,0.0,0.003969999961555004,-0.017509059980511665,-1.0,-0.0,0.0,0.0,0.0,4.611611075233668e-06,-0.0637909397482872,-0.7112206816673279,0.7029688358306885,0.0,0.0,0.0,2.98023217215615e-10,-0.04460655897855759,-0.6427876353263855,0.7660444974899292,0.0,0.0,0.0,-2.98023217215615e-10,-0.02347646653652191,-0.9396926760673523,0.34202009439468384,0.0,0.0,0.0,0.0,-0.019652195274829865,-1.0,-0.0,0.0,0.0,0.00711638480424881,0.0018999999156221747,-0.016959700733423233,-0.9961947202682495,-0.0,0.08715574443340302,0.0,-0.0005882382392883301,0.0,-0.060253534466028214,-0.7133238315582275,0.6995487809181213,-0.03029705584049225,-0.02971198782324791,1.19209286886246e-09,-1.490116086078075e-10,-0.04255415499210358,-0.6427876353263855,0.7660444974899292,0.0,0.0,-2.38418573772492e-09,0.0,-0.02208789810538292,-0.9063078761100769,0.4226182699203491,0.0,0.0,0.0,0.0,-0.017740869894623756,-1.0,-0.0,0.0,0.0,0.013503451831638813,-0.0037700000684708357,-0.014087309129536152,-0.9914448857307434,-0.0,0.13052619993686676,0.0,0.0048975334502756596,-3.847479547403054e-06,-0.05743739381432533,-0.6765674948692322,0.7343704700469971,-0.042795270681381226,-0.03354250267148018,4.76837147544984e-09,-2.98023217215615e-10,-0.03276757150888443,-0.7071068286895752,0.7071068286895752,0.0,0.0,2.38418573772492e-09,0.0,-0.016709718853235245,-0.8419820070266724,0.5395057201385498,0.0,0.0,0.0,0.0,-0.01388302817940712,-1.0,-0.0,0.0,0.0
1782948339.5768814,2026-07-01 19:25:39.576,16531.0,16531,left,0,1,fist,1,0.0,0.003969999961555004,-0.04999999701976776,-1.0,-0.0,0.0,0.0,0.0,0.0,0.0,-1.0,-0.0,0.0,0.0,0.025476500391960144,-0.012044699862599373,-0.022234899923205376,-0.7400504946708679,0.07527262717485428,0.3824910521507263,0.5480510592460632,-5.7220457705398076e-08,-4.3511388270189855e-08,-0.027230437844991684,-0.9223989844322205,0.3862384855747223,0.0,0.0,3.5762786065873797e-09,6.318092005130893e-08,-0.031859491020441055,-0.8295043110847473,0.5585004091262817,0.0,0.0,2.384185648907078e-08,0.0,-0.023122519254684448,-1.0,-0.0,0.0,0.0,0.012359999120235443,0.0032300001475960016,-0.017000000923871994,-0.9990482330322266,-0.0,0.04361938685178757,0.0,0.0021501504816114902,-3.890097104886081e-06,-0.06502876430749893,-0.8588219285011292,0.5122693181037903,0.0019481456838548183,0.0011620281729847193,-9.53674295089968e-09,-9.53674295089968e-09,-0.036917347460985184,-0.7272826433181763,0.6863381266593933,0.0,0.0,-2.8610228852699038e-08,-2.98023217215615e-10,-0.0216355137526989,-0.9351826310157776,0.35416579246520996,0.0,0.0,1.2636184010261786e-07,2.98023217215615e-10,-0.018689393997192383,-1.0,-0.0,0.0,0.0,0.0,0.003969999961555004,-0.01750910095870495,-1.0,-0.0,0.0,0.0,0.0,4.610121322912164e-06,-0.06379090249538422,-0.7731826901435852,0.634183406829834,0.0,0.0,0.0,2.98023217215615e-10,-0.044606998562812805,-0.6428276896476746,0.7660108208656311,0.0,0.0,0.0,0.0,-0.023475991562008858,-0.9396946430206299,0.3420146405696869,0.0,0.0,0.0,0.0,-0.019651994109153748,-1.0,-0.0,0.0,0.0,-0.00711638992652297,0.0018999999156221747,-0.016959700733423233,-0.9961947202682495,-0.0,-0.08715574443340302,0.0,0.0005882433033548295,0.0,-0.060253534466028214,-0.7831663489341736,0.6208131909370422,0.02761174365878105,0.021887730807065964,-1.1086464013487785e-07,-1.490116086078075e-10,-0.04255366697907448,-0.6435900330543518,0.7653704881668091,0.0,0.0,4.5299529460862686e-08,0.0,-0.022088106721639633,-0.9064463376998901,0.4223211109638214,0.0,0.0,-1.4305114426349519e-08,0.0,-0.017740696668624878,-1.0,-0.0,0.0,0.0,-0.013503500260412693,-0.0037700000684708357,-0.014087299816310406,-0.9914448857307434,-0.0,-0.13052619993686676,0.0,-0.004897483624517918,-3.8501621020259336e-06,-0.05743739381432533,-0.6873873472213745,0.7243662476539612,0.04017788916826248,0.03431997075676918,5.4836270635405526e-08,-2.98023217215615e-10,-0.03276759013533592,-0.7071068286895752,0.7071068286895752,0.0,0.0,-9.298324243900424e-08,0.0,-0.01670967973768711,-0.8419820070266724,0.5395057201385498,0.0,0.0,6.19888282926695e-08,0.0,-0.013883084990084171,-1.0,-0.0,0.0,0.0
1782948339.6206365,2026-07-01 19:25:39.620,3988.0,3988,right,0,2,fist,1,0.0,0.003969999961555004,-0.04999999701976776,-1.0,-0.0,0.0,0.0,0.0,0.0,0.0,-1.0,-0.0,0.0,0.0,-0.025476505979895592,-0.012044684961438179,-0.022234933450818062,-0.7386727929115295,0.09732474386692047,-0.379705011844635,-0.5483744740486145,0.0,1.19209286886246e-09,-0.02723044343292713,-0.9104267358779907,0.4136703610420227,0.0,0.0,2.38418573772492e-09,-1.19209286886246e-09,-0.031859468668699265,-0.8136618137359619,0.5813385248184204,0.0,0.0,0.0,-3.5762786065873797e-09,-0.023122519254684448,-1.0,-0.0,0.0,0.0,-0.012360505759716034,0.0032300001475960016,-0.016998957842588425,-0.9990482330322266,-0.0,-0.04361938685178757,0.0,-0.002149570034816861,-3.8927792047616094e-06,-0.06502974033355713,-0.744762659072876,0.667328953742981,-0.0006053934339433908,-0.0005424501141533256,0.0,0.0,-0.03691747412085533,-0.7071068286895752,0.7071068286895752,0.0,0.0,-2.38418573772492e-09,-2.98023217215615e-10,-0.02163529396057129,-0.9304175972938538,0.36650118231773376,0.0,0.0,0.0,2.98023217215615e-10,-0.01868978515267372,-1.0,-0.0,0.0,0.0,0.0,0.003969999961555004,-0.017509059980511665,-1.0,-0.0,0.0,0.0,0.0,4.611611075233668e-06,-0.0637909397482872,-0.7112206816673279,0.7029688358306885,0.0,0.0,0.0,2.98023217215615e-10,-0.04460655897855759,-0.6427876353263855,0.7660444974899292,0.0,0.0,0.0,-2.98023217215615e-10,-0.02347646653652191,-0.9396926760673523,0.34202009439468384,0.0,0.0,0.0,0.0,-0.019652195274829865,-1.0,-0.0,0.0,0.0,0.00711638480424881,0.0018999999156221747,-0.016959700733423233,-0.9961947202682495,-0.0,0.08715574443340302,0.0,-0.0005882382392883301,0.0,-0.060253534466028214,-0.7133238315582275,0.6995487809181213,-0.03029705584049225,-0.02971198782324791,1.19209286886246e-09,-1.490116086078075e-10,-0.04255415499210358,-0.6427876353263855,0.7660444974899292,0.0,0.0,-2.38418573772492e-09,0.0,-0.02208789810538292,-0.9063078761100769,0.4226182699203491,0.0,0.0,0.0,0.0,-0.017740869894623756,-1.0,-0.0,0.0,0.0,0.013503451831638813,-0.0037700000684708357,-0.014087309129536152,-0.9914448857307434,-0.0,0.13052619993686676,0.0,0.0048975334502756596,-3.847479547403054e-06,-0.05743739381432533,-0.6765674948692322,0.7343704700469971,-0.042795270681381226,-0.03354250267148018,4.76837147544984e-09,-2.98023217215615e-10,-0.03276757150888443,-0.7071068286895752,0.7071068286895752,0.0,0.0,2.38418573772492e-09,0.0,-0.016709718853235245,-0.8419820070266724,0.5395057201385498,0.0,0.0,0.0,0.0,-0.01388302817940712,-1.0,-0.0,0.0,0.0
1782948339.7862976,2026-07-01 19:25:39.786,16532.0,16532,left,0,1,fist,1,0.0,0.003969999961555004,-0.04999999701976776,-1.0,-0.0,0.0,0.0,0.0,0.0,0.0,-1.0,-0.0,0.0,0.0,0.025476500391960144,-0.012044699862599373,-0.022234899923205376,-0.7405080199241638,0.07334004342556,0.38217639923095703,0.5479145050048828,-5.7220457705398076e-08,-4.3511388270189855e-08,-0.027230437844991684,-0.9236013293266296,0.38335445523262024,0.0,0.0,3.5762786065873797e-09,6.318092005130893e-08,-0.031859491020441055,-0.8312662243843079,0.5558745861053467,0.0,0.0,2.384185648907078e-08,0.0,-0.023122519254684448,-1.0,-0.0,0.0,0.0,0.012359999120235443,0.0032300001475960016,-0.017000000923871994,-0.9990482330322266,-0.0,0.04361938685178757,0.0,0.0021501504816114902,-3.890097104886081e-06,-0.06502876430749893,-0.8624757528305054,0.5060930252075195,0.002013996010646224,0.0011815177276730537,-9.53674295089968e-09,-9.53674295089968e-09,-0.036917347460985184,-0.7289238572120667,0.6845948100090027,0.0,0.0,-2.8610228852699038e-08,-2.98023217215615e-10,-0.0216355137526989,-0.9355594515800476,0.3531692922115326,0.0,0.0,1.2636184010261786e-07,2.98023217215615e-10,-0.018689393997192383,-1.0,-0.0,0.0,0.0,0.0,0.003969999961555004,-0.01750910095870495,-1.0,-0.0,0.0,0.0,0.0,4.610121322912164e-06,-0.06379090249538422,-0.7731826901435852,0.634183406829834,0.0,0.0,0.0,2.98023217215615e-10,-0.044606998562812805,-0.6428276896476746,0.7660108208656311,0.0,0.0,0.0,0.0,-0.023475991562008858,-0.9396946430206299,0.3420146405696869,0.0,0.0,0.0,0.0,-0.019651994109153748,-1.0,-0.0,0.0,0.0,-0.00711638992652297,0.0018999999156221747,-0.016959700733423233,-0.9961947202682495,-0.0,-0.08715574443340302,0.0,0.0005882433033548295,0.0,-0.060253534466028214,-0.7845090627670288,0.6191245317459106,0.02753450907766819,0.021730320528149605,-1.1086464013487785e-07,-1.490116086078075e-10,-0.04255366697907448,-0.6437596082687378,0.7652278542518616,0.0,0.0,4.5299529460862686e-08,0.0,-0.022088106721639633,-0.9064756631851196,0.4222581386566162,0.0,0.0,-1.4305114426349519e-08,0.0,-0.017740696668624878,-1.0,-0.0,0.0,0.0,-0.013503500260412693,-0.0037700000684708357,-0.014087299816310406,-0.9914448857307434,-0.0,-0.13052619993686676,0.0,-0.004897483624517918,-3.8501621020259336e-06,-0.05743739381432533,-0.6873873472213745,0.7243662476539612,0.04017788916826248,0.03431997075676918,5.4836270635405526e-08,-2.98023217215615e-10,-0.03276759013533592,-0.7071068286895752,0.7071068286895752,0.0,0.0,-9.298324243900424e-08,0.0,-0.01670967973768711,-0.8419820070266724,0.5395057201385498,0.0,0.0,6.19888282926695e-08,0.0,-0.013883084990084171,-1.0,-0.0,0.0,0.0
1782948339.829543,2026-07-01 19:25:39.829,4002.0,4002,right,0,2,fist,1,0.0,0.003969999961555004,-0.04999999701976776,-1.0,-0.0,0.0,0.0,0.0,0.0,0.0,-1.0,-0.0,0.0,0.0,-0.025476505979895592,-0.012044684961438179,-0.022234933450818062,-0.7386727929115295,0.09732474386692047,-0.379705011844635,-0.5483744740486145,0.0,1.19209286886246e-09,-0.02723044343292713,-0.9104267358779907,0.4136703610420227,0.0,0.0,2.38418573772492e-09,-1.19209286886246e-09,-0.031859468668699265,-0.8136618137359619,0.5813385248184204,0.0,0.0,0.0,-3.5762786065873797e-09,-0.023122519254684448,-1.0,-0.0,0.0,0.0,-0.012360505759716034,0.0032300001475960016,-0.016998957842588425,-0.9990482330322266,-0.0,-0.04361938685178757,0.0,-0.002149570034816861,-3.8927792047616094e-06,-0.06502974033355713,-0.744762659072876,0.667328953742981,-0.0006053934339433908,-0.0005424501141533256,0.0,0.0,-0.03691747412085533,-0.7071068286895752,0.7071068286895752,0.0,0.0,-2.38418573772492e-09,-2.98023217215615e-10,-0.02163529396057129,-0.9304175972938538,0.36650118231773376,0.0,0.0,0.0,2.98023217215615e-10,-0.01868978515267372,-1.0,-0.0,0.0,0.0,0.0,0.003969999961555004,-0.017509059980511665,-1.0,-0.0,0.0,0.0,0.0,4.611611075233668e-06,-0.0637909397482872,-0.7112206816673279,0.7029688358306885,0.0,0.0,0.0,2.98023217215615e-10,-0.04460655897855759,-0.6427876353263855,0.7660444974899292,0.0,0.0,0.0,-2.98023217215615e-10,-0.02347646653652191,-0.9396926760673523,0.34202009439468384,0.0,0.0,0.0,0.0,-0.019652195274829865,-1.0,-0.0,0.0,0.0,0.00711638480424881,0.0018999999156221747,-0.016959700733423233,-0.9961947202682495,-0.0,0.08715574443340302,0.0,-0.0005882382392883301,0.0,-0.060253534466028214,-0.7133238315582275,0.6995487809181213,-0.03029705584049225,-0.02971198782324791,1.19209286886246e-09,-1.490116086078075e-10,-0.04255415499210358,-0.6427876353263855,0.7660444974899292,0.0,0.0,-2.38418573772492e-09,0.0,-0.02208789810538292,-0.9063078761100769,0.4226182699203491,0.0,0.0,0.0,0.0,-0.017740869894623756,-1.0,-0.0,0.0,0.0,0.013503451831638813,-0.0037700000684708357,-0.014087309129536152,-0.9914448857307434,-0.0,0.13052619993686676,0.0,0.0048975334502756596,-3.847479547403054e-06,-0.05743739381432533,-0.6765674948692322,0.7343704700469971,-0.042795270681381226,-0.03354250267148018,4.76837147544984e-09,-2.98023217215615e-10,-0.03276757150888443,-0.7071068286895752,0.7071068286895752,0.0,0.0,2.38418573772492e-09,0.0,-0.016709718853235245,-0.8419820070266724,0.5395057201385498,0.0,0.0,0.0,0.0,-0.01388302817940712,-1.0,-0.0,0.0,0.0
1782948339.9920914,2026-07-01 19:25:39.992,16534.0,16534,left,0,1,fist,1,0.0,0.003969999961555004,-0.04999999701976776,-1.0,-0.0,0.0,0.0,0.0,0.0,0.0,-1.0,-0.0,0.0,0.0,0.025476500391960144,-0.012044699862599373,-0.022234899923205376,-0.7409801483154297,0.07139743864536285,0.381836861371994,0.5477695465087891,-5.7220457705398076e-08,-4.3511388270189855e-08,-0.027230437844991684,-0.9248029589653015,0.3804464340209961,0.0,0.0,3.5762786065873797e-09,6.318092005130893e-08,-0.031859491020441055,-0.8330554366111755,0.5531895756721497,0.0,0.0,2.384185648907078e-08,0.0,-0.023122519254684448,-1.0,-0.0,0.0,0.0,0.012359999120235443,0.0032300001475960016,-0.017000000923871994,-0.9990482330322266,-0.0,0.04361938685178757,0.0,0.0021501504816114902,-3.890097104886081e-06,-0.06502876430749893,-0.8642860651016235,0.5029950737953186,0.002046882873401046,0.0011912398040294647,-9.53674295089968e-09,-9.53674295089968e-09,-0.036917347460985184,-0.7297428846359253,0.6837217211723328,0.0,0.0,-2.8610228852699038e-08,-2.98023217215615e-10,-0.0216355137526989,-0.935747504234314,0.35267090797424316,0.0,0.0,1.2636184010261786e-07,2.98023217215615e-10,-0.018689393997192383,-1.0,-0.0,0.0,0.0,0.0,0.003969999961555004,-0.01750910095870495,-1.0,-0.0,0.0,0.0,0.0,4.610121322912164e-06,-0.06379090249538422,-0.7731826901435852,0.634183406829834,0.0,0.0,0.0,2.98023217215615e-10,-0.044606998562812805,-0.6428276896476746,0.7660108208656311,0.0,0.0,0.0,0.0,-0.023475991562008858,-0.9396946430206299,0.3420146405696869,0.0,0.0,0.0,0.0,-0.019651994109153748,-1.0,-0.0,0.0,0.0,-0.00711638992652297,0.0018999999156221747,-0.016959700733423233,-0.9961947202682495,-0.0,-0.08715574443340302,0.0,0.0005882433033548295,0.0,-0.060253534466028214,-0.7858481407165527,0.6174329519271851,0.02745715156197548,0.021572807803750038,-1.1086464013487785e-07,-1.490116086078075e-10,-0.04255366697907448,-0.643929123878479,0.7650851607322693,0.0,0.0,4.5299529460862686e-08,0.0,-0.022088106721639633,-0.9065049886703491,0.422195166349411,0.0,0.0,-1.4305114426349519e-08,0.0,-0.017740696668624878,-1.0,-0.0,0.0,0.0,-0.013503500260412693,-0.0037700000684708357,-0.014087299816310406,-0.9914448857307434,-0.0,-0.13052619993686676,0.0,-0.004897483624517918,-3.8501621020259336e-06,-0.05743739381432533,-0.6873873472213745,0.7243662476539612,0.04017788916826248,0.03431997075676918,5.4836270635405526e-08,-2.98023217215615e-10,-0.03276759013533592,-0.7071068286895752,0.7071068286895752,0.0,0.0,-9.298324243900424e-08,0.0,-0.01670967973768711,-0.8419820070266724,0.5395057201385498,0.0,0.0,6.19888282926695e-08,0.0,-0.013883084990084171,-1.0,-0.0,0.0,0.0
1782948340.0346124,2026-07-01 19:25:40.034,4014.0,4014,right,0,2,fist,1,0.0,0.003969999961555004,-0.04999999701976776,-1.0,-0.0,0.0,0.0,0.0,0.0,0.0,-1.0,-0.0,0.0,0.0,-0.025476505979895592,-0.012044684961438179,-0.022234933450818062,-0.7386727929115295,0.09732474386692047,-0.379705011844635,-0.5483744740486145,0.0,1.19209286886246e-09,-0.02723044343292713,-0.9104267358779907,0.4136703610420227,0.0,0.0,2.38418573772492e-09,-1.19209286886246e-09,-0.031859468668699265,-0.8136618137359619,0.5813385248184204,0.0,0.0,0.0,-3.5762786065873797e-09,-0.023122519254684448,-1.0,-0.0,0.0,0.0,-0.012360505759716034,0.0032300001475960016,-0.016998957842588425,-0.9990482330322266,-0.0,-0.04361938685178757,0.0,-0.002149570034816861,-3.8927792047616094e-06,-0.06502974033355713,-0.744762659072876,0.667328953742981,-0.0006053934339433908,-0.0005424501141533256,0.0,0.0,-0.03691747412085533,-0.7071068286895752,0.7071068286895752,0.0,0.0,-2.38418573772492e-09,-2.98023217215615e-10,-0.02163529396057129,-0.9304175972938538,0.36650118231773376,0.0,0.0,0.0,2.98023217215615e-10,-0.01868978515267372,-1.0,-0.0,0.0,0.0,0.0,0.003969999961555004,-0.017509059980511665,-1.0,-0.0,0.0,0.0,0.0,4.611611075233668e-06,-0.0637909397482872,-0.7112206816673279,0.7029688358306885,0.0,0.0,0.0,2.98023217215615e-10,-0.04460655897855759,-0.6427876353263855,0.7660444974899292,0.0,0.0,0.0,-2.98023217215615e-10,-0.02347646653652191,-0.9396926760673523,0.34202009439468384,0.0,0.0,0.0,0.0,-0.019652195274829865,-1.0,-0.0,0.0,0.0,0.00711638480424881,0.0018999999156221747,-0.016959700733423233,-0.9961947202682495,-0.0,0.08715574443340302,0.0,-0.0005882382392883301,0.0,-0.060253534466028214,-0.7133238315582275,0.6995487809181213,-0.03029705584049225,-0.02971198782324791,1.19209286886246e-09,-1.490116086078075e-10,-0.04255415499210358,-0.6427876353263855,0.7660444974899292,0.0,0.0,-2.38418573772492e-09,0.0,-0.02208789810538292,-0.9063078761100769,0.4226182699203491,0.0,0.0,0.0,0.0,-0.017740869894623756,-1.0,-0.0,0.0,0.0,0.013503451831638813,-0.0037700000684708357,-0.014087309129536152,-0.9914448857307434,-0.0,0.13052619993686676,0.0,0.0048975334502756596,-3.847479547403054e-06,-0.05743739381432533,-0.6765674948692322,0.7343704700469971,-0.042795270681381226,-0.03354250267148018,4.76837147544984e-09,-2.98023217215615e-10,-0.03276757150888443,-0.7071068286895752,0.7071068286895752,0.0,0.0,2.38418573772492e-09,0.0,-0.016709718853235245,-0.8419820070266724,0.5395057201385498,0.0,0.0,0.0,0.0,-0.01388302817940712,-1.0,-0.0,0.0,0.0
1782948340.199919,2026-07-01 19:25:40.199,16536.0,16536,left,0,1,fist,1,0.0,0.003969999961555004,-0.04999999701976776,-1.0,-0.0,0.0,0.0,0.0,0.0,0.0,-1.0,-0.0,0.0,0.0,0.025476500391960144,-0.012044699862599373,-0.022234899923205376,-0.7410613894462585,0.0710720643401146,0.38177627325057983,0.5477442145347595,-5.7220457705398076e-08,-4.3511388270189855e-08,-0.027230437844991684,-0.925003707408905,0.3799581527709961,0.0,0.0,3.5762786065873797e-09,6.318092005130893e-08,-0.031859491020441055,-0.833358645439148,0.5527326464653015,0.0,0.0,2.384185648907078e-08,0.0,-0.023122519254684448,-1.0,-0.0,0.0,0.0,0.012359999120235443,0.0032300001475960016,-0.017000000923871994,-0.9990482330322266,-0.0,0.04361938685178757,0.0,0.0021501504816114902,-3.890097104886081e-06,-0.06502876430749893,-0.8642860651016235,0.5029950737953186,0.002046882873401046,0.0011912398040294647,-9.53674295089968e-09,-9.53674295089968e-09,-0.036917347460985184,-0.7297428846359253,0.6837217211723328,0.0,0.0,-2.8610228852699038e-08,-2.98023217215615e-10,-0.0216355137526989,-0.935747504234314,0.35267090797424316,0.0,0.0,1.2636184010261786e-07,2.98023217215615e-10,-0.018689393997192383,-1.0,-0.0,0.0,0.0,0.0,0.003969999961555004,-0.01750910095870495,-1.0,-0.0,0.0,0.0,0.0,4.610121322912164e-06,-0.06379090249538422,-0.7757631540298462,0.631024181842804,0.0,0.0,0.0,2.98023217215615e-10,-0.044606998562812805,-0.6429281234741211,0.7659265398979187,0.0,0.0,0.0,0.0,-0.023475991562008858,-0.9396995902061462,0.3420011103153229,0.0,0.0,0.0,0.0,-0.019651994109153748,-1.0,-0.0,0.0,0.0,-0.00711638992652297,0.0018999999156221747,-0.016959700733423233,-0.9961947202682495,-0.0,-0.08715574443340302,0.0,0.0005882433033548295,0.0,-0.060253534466028214,-0.7858481407165527,0.6174329519271851,0.02745715156197548,0.021572807803750038,-1.1086464013487785e-07,-1.490116086078075e-10,-0.04255366697907448,-0.643929123878479,0.7650851607322693,0.0,0.0,4.5299529460862686e-08,0.0,-0.022088106721639633,-0.9065049886703491,0.422195166349411,0.0,0.0,-1.4305114426349519e-08,0.0,-0.017740696668624878,-1.0,-0.0,0.0,0.0,-0.013503500260412693,-0.0037700000684708357,-0.014087299816310406,-0.9914448857307434,-0.0,-0.13052619993686676,0.0,-0.004897483624517918,-3.8501621020259336e-06,-0.05743739381432533,-0.6873873472213745,0.7243662476539612,0.04017788916826248,0.03431997075676918,5.4836270635405526e-08,-2.98023217215615e-10,-0.03276759013533592,-0.7071068286895752,0.7071068286895752,0.0,0.0,-9.298324243900424e-08,0.0,-0.01670967973768711,-0.8419820070266724,0.5395057201385498,0.0,0.0,6.19888282926695e-08,0.0,-0.013883084990084171,-1.0,-0.0,0.0,0.0
1782948340.2441802,2026-07-01 19:25:40.244,4026.0,4026,right,0,2,fist,1,0.0,0.003969999961555004,-0.04999999701976776,-1.0,-0.0,0.0,0.0,0.0,0.0,0.0,-1.0,-0.0,0.0,0.0,-0.025476505979895592,-0.012044684961438179,-0.022234933450818062,-0.7386727929115295,0.09732474386692047,-0.379705011844635,-0.5483744740486145,0.0,1.19209286886246e-09,-0.02723044343292713,-0.9104267358779907,0.4136703610420227,0.0,0.0,2.38418573772492e-09,-1.19209286886246e-09,-0.031859468668699265,-0.8136618137359619,0.5813385248184204,0.0,0.0,0.0,-3.5762786065873797e-09,-0.023122519254684448,-1.0,-0.0,0.0,0.0,-0.012360505759716034,0.0032300001475960016,-0.016998957842588425,-0.9990482330322266,-0.0,-0.04361938685178757,0.0,-0.002149570034816861,-3.8927792047616094e-06,-0.06502974033355713,-0.744762659072876,0.667328953742981,-0.0006053934339433908,-0.0005424501141533256,0.0,0.0,-0.03691747412085533,-0.7071068286895752,0.7071068286895752,0.0,0.0,-2.38418573772492e-09,-2.98023217215615e-10,-0.02163529396057129,-0.9304175972938538,0.36650118231773376,0.0,0.0,0.0,2.98023217215615e-10,-0.01868978515267372,-1.0,-0.0,0.0,0.0,0.0,0.003969999961555004,-0.017509059980511665,-1.0,-0.0,0.0,0.0,0.0,4.611611075233668e-06,-0.0637909397482872,-0.7112206816673279,0.7029688358306885,0.0,0.0,0.0,2.98023217215615e-10,-0.04460655897855759,-0.6427876353263855,0.7660444974899292,0.0,0.0,0.0,-2.98023217215615e-10,-0.02347646653652191,-0.9396926760673523,0.34202009439468384,0.0,0.0,0.0,0.0,-0.019652195274829865,-1.0,-0.0,0.0,0.0,0.00711638480424881,0.0018999999156221747,-0.016959700733423233,-0.9961947202682495,-0.0,0.08715574443340302,0.0,-0.0005882382392883301,0.0,-0.060253534466028214,-0.7133238315582275,0.6995487809181213,-0.03029705584049225,-0.02971198782324791,1.19209286886246e-09,-1.490116086078075e-10,-0.04255415499210358,-0.6427876353263855,0.7660444974899292,0.0,0.0,-2.38418573772492e-09,0.0,-0.02208789810538292,-0.9063078761100769,0.4226182699203491,0.0,0.0,0.0,0.0,-0.017740869894623756,-1.0,-0.0,0.0,0.0,0.013503451831638813,-0.0037700000684708357,-0.014087309129536152,-0.9914448857307434,-0.0,0.13052619993686676,0.0,0.0048975334502756596,-3.847479547403054e-06,-0.05743739381432533,-0.6765674948692322,0.7343704700469971,-0.042795270681381226,-0.03354250267148018,4.76837147544984e-09,-2.98023217215615e-10,-0.03276757150888443,-0.7071068286895752,0.7071068286895752,0.0,0.0,2.38418573772492e-09,0.0,-0.016709718853235245,-0.8419820070266724,0.5395057201385498,0.0,0.0,0.0,0.0,-0.01388302817940712,-1.0,-0.0,0.0,0.0
1782948340.4186044,2026-07-01 19:25:40.418,16538.0,16538,left,0,1,fist,1,0.0,0.003969999961555004,-0.04999999701976776,-1.0,-0.0,0.0,0.0,0.0,0.0,0.0,-1.0,-0.0,0.0,0.0,0.025476500391960144,-0.012044699862599373,-0.022234899923205376,-0.7414661645889282,0.06944508850574493,0.3814726173877716,0.547616720199585,-5.7220457705398076e-08,-4.3511388270189855e-08,-0.027230437844991684,-0.9260033965110779,0.37751516699790955,0.0,0.0,3.5762786065873797e-09,6.318092005130893e-08,-0.031859491020441055,-0.8348710536956787,0.5504456162452698,0.0,0.0,2.384185648907078e-08,0.0,-0.023122519254684448,-1.0,-0.0,0.0,0.0,0.012359999120235443,0.0032300001475960016,-0.017000000923871994,-0.9990482330322266,-0.0,0.04361938685178757,0.0,0.0021501504816114902,-3.890097104886081e-06,-0.06502876430749893,-0.8669953942298889,0.49831029772758484,0.002096971031278372,0.0012052454985678196,-9.53674295089968e-09,-9.53674295089968e-09,-0.036917347460985184,-0.7310193777084351,0.6823567152023315,0.0,0.0,-2.8610228852699038e-08,-2.98023217215615e-10,-0.0216355137526989,-0.936039388179779,0.35189539194107056,0.0,0.0,1.2636184010261786e-07,2.98023217215615e-10,-0.018689393997192383,-1.0,-0.0,0.0,0.0,0.0,0.003969999961555004,-0.01750910095870495,-1.0,-0.0,0.0,0.0,0.0,4.610121322912164e-06,-0.06379090249538422,-0.7757631540298462,0.631024181842804,0.0,0.0,0.0,2.98023217215615e-10,-0.044606998562812805,-0.6429281234741211,0.7659265398979187,0.0,0.0,0.0,0.0,-0.023475991562008858,-0.9396995902061462,0.3420011103153229,0.0,0.0,0.0,0.0,-0.019651994109153748,-1.0,-0.0,0.0,0.0,-0.00711638992652297,0.0018999999156221747,-0.016959700733423233,-0.9961947202682495,-0.0,-0.08715574443340302,0.0,0.0005882433033548295,0.0,-0.060253534466028214,-0.7858481407165527,0.6174329519271851,0.02745715156197548,0.021572807803750038,-1.1086464013487785e-07,-1.490116086078075e-10,-0.04255366697907448,-0.643929123878479,0.7650851607322693,0.0,0.0,4.5299529460862686e-08,0.0,-0.022088106721639633,-0.9065049886703491,0.422195166349411,0.0,0.0,-1.4305114426349519e-08,0.0,-0.017740696668624878,-1.0,-0.0,0.0,0.0,-0.013503500260412693,-0.0037700000684708357,-0.014087299816310406,-0.9914448857307434,-0.0,-0.13052619993686676,0.0,-0.004897483624517918,-3.8501621020259336e-06,-0.05743739381432533,-0.6873873472213745,0.7243662476539612,0.04017788916826248,0.03431997075676918,5.4836270635405526e-08,-2.98023217215615e-10,-0.03276759013533592,-0.7071068286895752,0.7071068286895752,0.0,0.0,-9.298324243900424e-08,0.0,-0.01670967973768711,-0.8419820070266724,0.5395057201385498,0.0,0.0,6.19888282926695e-08,0.0,-0.013883084990084171,-1.0,-0.0,0.0,0.0
1782948340.4520423,2026-07-01 19:25:40.452,4039.0,4039,right,0,2,fist,1,0.0,0.003969999961555004,-0.04999999701976776,-1.0,-0.0,0.0,0.0,0.0,0.0,0.0,-1.0,-0.0,0.0,0.0,-0.025476505979895592,-0.012044684961438179,-0.022234933450818062,-0.7386727929115295,0.09732474386692047,-0.379705011844635,-0.5483744740486145,0.0,1.19209286886246e-09,-0.02723044343292713,-0.9104267358779907,0.4136703610420227,0.0,0.0,2.38418573772492e-09,-1.19209286886246e-09,-0.031859468668699265,-0.8136618137359619,0.5813385248184204,0.0,0.0,0.0,-3.5762786065873797e-09,-0.023122519254684448,-1.0,-0.0,0.0,0.0,-0.012360505759716034,0.0032300001475960016,-0.016998957842588425,-0.9990482330322266,-0.0,-0.04361938685178757,0.0,-0.002149570034816861,-3.8927792047616094e-06,-0.06502974033355713,-0.744762659072876,0.667328953742981,-0.0006053934339433908,-0.0005424501141533256,0.0,0.0,-0.03691747412085533,-0.7071068286895752,0.7071068286895752,0.0,0.0,-2.38418573772492e-09,-2.98023217215615e-10,-0.02163529396057129,-0.9304175972938538,0.36650118231773376,0.0,0.0,0.0,2.98023217215615e-10,-0.01868978515267372,-1.0,-0.0,0.0,0.0,0.0,0.003969999961555004,-0.017509059980511665,-1.0,-0.0,0.0,0.0,0.0,4.611611075233668e-06,-0.0637909397482872,-0.7112206816673279,0.7029688358306885,0.0,0.0,0.0,2.98023217215615e-10,-0.04460655897855759,-0.6427876353263855,0.7660444974899292,0.0,0.0,0.0,-2.98023217215615e-10,-0.02347646653652191,-0.9396926760673523,0.34202009439468384,0.0,0.0,0.0,0.0,-0.019652195274829865,-1.0,-0.0,0.0,0.0,0.00711638480424881,0.0018999999156221747,-0.016959700733423233,-0.9961947202682495,-0.0,0.08715574443340302,0.0,-0.0005882382392883301,0.0,-0.060253534466028214,-0.7133238315582275,0.6995487809181213,-0.03029705584049225,-0.02971198782324791,1.19209286886246e-09,-1.490116086078075e-10,-0.04255415499210358,-0.6427876353263855,0.7660444974899292,0.0,0.0,-2.38418573772492e-09,0.0,-0.02208789810538292,-0.9063078761100769,0.4226182699203491,0.0,0.0,0.0,0.0,-0.017740869894623756,-1.0,-0.0,0.0,0.0,0.013503451831638813,-0.0037700000684708357,-0.014087309129536152,-0.9914448857307434,-0.0,0.13052619993686676,0.0,0.0048975334502756596,-3.847479547403054e-06,-0.05743739381432533,-0.6765674948692322,0.7343704700469971,-0.042795270681381226,-0.03354250267148018,4.76837147544984e-09,-2.98023217215615e-10,-0.03276757150888443,-0.7071068286895752,0.7071068286895752,0.0,0.0,2.38418573772492e-09,0.0,-0.016709718853235245,-0.8419820070266724,0.5395057201385498,0.0,0.0,0.0,0.0,-0.01388302817940712,-1.0,-0.0,0.0,0.0
1782948340.619357,2026-07-01 19:25:40.619,16539.0,16539,left,0,1,fist,1,0.0,0.003969999961555004,-0.04999999701976776,-1.0,-0.0,0.0,0.0,0.0,0.0,0.0,-1.0,-0.0,0.0,0.0,0.025476500391960144,-0.012044699862599373,-0.022234899923205376,-0.7414661645889282,0.06944508850574493,0.3814726173877716,0.547616720199585,-5.7220457705398076e-08,-4.3511388270189855e-08,-0.027230437844991684,-0.9260033965110779,0.37751516699790955,0.0,0.0,3.5762786065873797e-09,6.318092005130893e-08,-0.031859491020441055,-0.8348710536956787,0.5504456162452698,0.0,0.0,2.384185648907078e-08,0.0,-0.023122519254684448,-1.0,-0.0,0.0,0.0,0.012359999120235443,0.0032300001475960016,-0.017000000923871994,-0.9990482330322266,-0.0,0.04361938685178757,0.0,0.0021501504816114902,-3.890097104886081e-06,-0.06502876430749893,-0.8669953942298889,0.49831029772758484,0.002096971031278372,0.0012052454985678196,-9.53674295089968e-09,-9.53674295089968e-09,-0.036917347460985184,-0.7310193777084351,0.6823567152023315,0.0,0.0,-2.8610228852699038e-08,-2.98023217215615e-10,-0.0216355137526989,-0.936039388179779,0.35189539194107056,0.0,0.0,1.2636184010261786e-07,2.98023217215615e-10,-0.018689393997192383,-1.0,-0.0,0.0,0.0,0.0,0.003969999961555004,-0.01750910095870495,-1.0,-0.0,0.0,0.0,0.0,4.610121322912164e-06,-0.06379090249538422,-0.7757631540298462,0.631024181842804,0.0,0.0,0.0,2.98023217215615e-10,-0.044606998562812805,-0.6429281234741211,0.7659265398979187,0.0,0.0,0.0,0.0,-0.023475991562008858,-0.9396995902061462,0.3420011103153229,0.0,0.0,0.0,0.0,-0.019651994109153748,-1.0,-0.0,0.0,0.0,-0.00711638992652297,0.0018999999156221747,-0.016959700733423233,-0.9961947202682495,-0.0,-0.08715574443340302,0.0,0.0005882433033548295,0.0,-0.060253534466028214,-0.7867560982704163,0.6162817478179932,0.02740359865128994,0.02146679162979126,-1.1086464013487785e-07,-1.490116086078075e-10,-0.04255366697907448,-0.6440713405609131,0.7649654746055603,0.0,0.0,4.5299529460862686e-08,0.0,-0.022088106721639633,-0.9065296053886414,0.4221423268318176,0.0,0.0,-1.4305114426349519e-08,0.0,-0.017740696668624878,-1.0,-0.0,0.0,0.0,-0.013503500260412693,-0.0037700000684708357,-0.014087299816310406,-0.9914448857307434,-0.0,-0.13052619993686676,0.0,-0.004897483624517918,-3.8501621020259336e-06,-0.05743739381432533,-0.6873873472213745,0.7243662476539612,0.04017788916826248,0.03431997075676918,5.4836270635405526e-08,-2.98023217215615e-10,-0.03276759013533592,-0.7071068286895752,0.7071068286895752,0.0,0.0,-9.298324243900424e-08,0.0,-0.01670967973768711,-0.8419820070266724,0.5395057201385498,0.0,0.0,6.19888282926695e-08,0.0,-0.013883084990084171,-1.0,-0.0,0.0,0.0
1782948340.6526937,2026-07-01 19:25:40.652,4051.0,4051,right,0,2,fist,1,0.0,0.003969999961555004,-0.04999999701976776,-1.0,-0.0,0.0,0.0,0.0,0.0,0.0,-1.0,-0.0,0.0,0.0,-0.025476505979895592,-0.012044684961438179,-0.022234933450818062,-0.7386727929115295,0.09732474386692047,-0.379705011844635,-0.5483744740486145,0.0,1.19209286886246e-09,-0.02723044343292713,-0.9104267358779907,0.4136703610420227,0.0,0.0,2.38418573772492e-09,-1.19209286886246e-09,-0.031859468668699265,-0.8136618137359619,0.5813385248184204,0.0,0.0,0.0,-3.5762786065873797e-09,-0.023122519254684448,-1.0,-0.0,0.0,0.0,-0.012360505759716034,0.0032300001475960016,-0.016998957842588425,-0.9990482330322266,-0.0,-0.04361938685178757,0.0,-0.002149570034816861,-3.8927792047616094e-06,-0.06502974033355713,-0.744762659072876,0.667328953742981,-0.0006053934339433908,-0.0005424501141533256,0.0,0.0,-0.03691747412085533,-0.7071068286895752,0.7071068286895752,0.0,0.0,-2.38418573772492e-09,-2.98023217215615e-10,-0.02163529396057129,-0.9304175972938538,0.36650118231773376,0.0,0.0,0.0,2.98023217215615e-10,-0.01868978515267372,-1.0,-0.0,0.0,0.0,0.0,0.003969999961555004,-0.017509059980511665,-1.0,-0.0,0.0,0.0,0.0,4.611611075233668e-06,-0.0637909397482872,-0.7112206816673279,0.7029688358306885,0.0,0.0,0.0,2.98023217215615e-10,-0.04460655897855759,-0.6427876353263855,0.7660444974899292,0.0,0.0,0.0,-2.98023217215615e-10,-0.02347646653652191,-0.9396926760673523,0.34202009439468384,0.0,0.0,0.0,0.0,-0.019652195274829865,-1.0,-0.0,0.0,0.0,0.00711638480424881,0.0018999999156221747,-0.016959700733423233,-0.9961947202682495,-0.0,0.08715574443340302,0.0,-0.0005882382392883301,0.0,-0.060253534466028214,-0.7133238315582275,0.6995487809181213,-0.03029705584049225,-0.02971198782324791,1.19209286886246e-09,-1.490116086078075e-10,-0.04255415499210358,-0.6427876353263855,0.7660444974899292,0.0,0.0,-2.38418573772492e-09,0.0,-0.02208789810538292,-0.9063078761100769,0.4226182699203491,0.0,0.0,0.0,0.0,-0.017740869894623756,-1.0,-0.0,0.0,0.0,0.013503451831638813,-0.0037700000684708357,-0.014087309129536152,-0.9914448857307434,-0.0,0.13052619993686676,0.0,0.0048975334502756596,-3.847479547403054e-06,-0.05743739381432533,-0.6765674948692322,0.7343704700469971,-0.042795270681381226,-0.03354250267148018,4.76837147544984e-09,-2.98023217215615e-10,-0.03276757150888443,-0.7071068286895752,0.7071068286895752,0.0,0.0,2.38418573772492e-09,0.0,-0.016709718853235245,-0.8419820070266724,0.5395057201385498,0.0,0.0,0.0,0.0,-0.01388302817940712,-1.0,-0.0,0.0,0.0
1782948340.8276396,2026-07-01 19:25:40.827,16541.0,16541,left,0,1,fist,1,0.0,0.003969999961555004,-0.04999999701976776,-1.0,-0.0,0.0,0.0,0.0,0.0,0.0,-1.0,-0.0,0.0,0.0,0.025476500391960144,-0.012044699862599373,-0.022234899923205376,-0.7414661645889282,0.06944508850574493,0.3814726173877716,0.547616720199585,-5.7220457705398076e-08,-4.3511388270189855e-08,-0.027230437844991684,-0.9260033965110779,0.37751516699790955,0.0,0.0,3.5762786065873797e-09,6.318092005130893e-08,-0.031859491020441055,-0.8348710536956787,0.5504456162452698,0.0,0.0,2.384185648907078e-08,0.0,-0.023122519254684448,-1.0,-0.0,0.0,0.0,0.012359999120235443,0.0032300001475960016,-0.017000000923871994,-0.9990482330322266,-0.0,0.04361938685178757,0.0,0.0021501504816114902,-3.890097104886081e-06,-0.06502876430749893,-0.8687933683395386,0.4951687157154083,0.0021305792033672333,0.0012142532505095005,-9.53674295089968e-09,-9.53674295089968e-09,-0.036917347460985184,-0.731890857219696,0.6814219355583191,0.0,0.0,-2.8610228852699038e-08,-2.98023217215615e-10,-0.0216355137526989,-0.936238169670105,0.35136616230010986,0.0,0.0,1.2636184010261786e-07,2.98023217215615e-10,-0.018689393997192383,-1.0,-0.0,0.0,0.0,0.0,0.003969999961555004,-0.01750910095870495,-1.0,-0.0,0.0,0.0,0.0,4.610121322912164e-06,-0.06379090249538422,-0.7757631540298462,0.631024181842804,0.0,0.0,0.0,2.98023217215615e-10,-0.044606998562812805,-0.6429281234741211,0.7659265398979187,0.0,0.0,0.0,0.0,-0.023475991562008858,-0.9396995902061462,0.3420011103153229,0.0,0.0,0.0,0.0,-0.019651994109153748,-1.0,-0.0,0.0,0.0,-0.00711638992652297,0.0018999999156221747,-0.016959700733423233,-0.9961947202682495,-0.0,-0.08715574443340302,0.0,0.0005882433033548295,0.0,-0.060253534466028214,-0.7912700176239014,0.6105057001113892,0.02713494375348091,0.020936010405421257,-1.1086464013487785e-07,-1.490116086078075e-10,-0.04255366697907448,-0.6447821259498596,0.7643664479255676,0.0,0.0,4.5299529460862686e-08,0.0,-0.022088106721639633,-0.9066526293754578,0.42187803983688354,0.0,0.0,-1.4305114426349519e-08,0.0,-0.017740696668624878,-1.0,-0.0,0.0,0.0,-0.013503500260412693,-0.0037700000684708357,-0.014087299816310406,-0.9914448857307434,-0.0,-0.13052619993686676,0.0,-0.004897483624517918,-3.8501621020259336e-06,-0.05743739381432533,-0.6873873472213745,0.7243662476539612,0.04017788916826248,0.03431997075676918,5.4836270635405526e-08,-2.98023217215615e-10,-0.03276759013533592,-0.7071068286895752,0.7071068286895752,0.0,0.0,-9.298324243900424e-08,0.0,-0.01670967973768711,-0.8419820070266724,0.5395057201385498,0.0,0.0,6.19888282926695e-08,0.0,-0.013883084990084171,-1.0,-0.0,0.0,0.0
1782948340.873204,2026-07-01 19:25:40.873,4065.0,4065,right,0,2,fist,1,0.0,0.003969999961555004,-0.04999999701976776,-1.0,-0.0,0.0,0.0,0.0,0.0,0.0,-1.0,-0.0,0.0,0.0,-0.025476505979895592,-0.012044684961438179,-0.022234933450818062,-0.7386727929115295,0.09732474386692047,-0.379705011844635,-0.5483744740486145,0.0,1.19209286886246e-09,-0.02723044343292713,-0.9104267358779907,0.4136703610420227,0.0,0.0,2.38418573772492e-09,-1.19209286886246e-09,-0.031859468668699265,-0.8136618137359619,0.5813385248184204,0.0,0.0,0.0,-3.5762786065873797e-09,-0.023122519254684448,-1.0,-0.0,0.0,0.0,-0.012360505759716034,0.0032300001475960016,-0.016998957842588425,-0.9990482330322266,-0.0,-0.04361938685178757,0.0,-0.002149570034816861,-3.8927792047616094e-06,-0.06502974033355713,-0.750697672367096,0.6606452465057373,-0.0007073113229125738,-0.0006216965266503394,0.0,0.0,-0.03691747412085533,-0.7071068286895752,0.7071068286895752,0.0,0.0,-2.38418573772492e-09,-2.98023217215615e-10,-0.02163529396057129,-0.9304175972938538,0.36650118231773376,0.0,0.0,0.0,2.98023217215615e-10,-0.01868978515267372,-1.0,-0.0,0.0,0.0,0.0,0.003969999961555004,-0.017509059980511665,-1.0,-0.0,0.0,0.0,0.0,4.611611075233668e-06,-0.0637909397482872,-0.7112206816673279,0.7029688358306885,0.0,0.0,0.0,2.98023217215615e-10,-0.04460655897855759,-0.6427876353263855,0.7660444974899292,0.0,0.0,0.0,-2.98023217215615e-10,-0.02347646653652191,-0.9396926760673523,0.34202009439468384,0.0,0.0,0.0,0.0,-0.019652195274829865,-1.0,-0.0,0.0,0.0,0.00711638480424881,0.0018999999156221747,-0.016959700733423233,-0.9961947202682495,-0.0,0.08715574443340302,0.0,-0.0005882382392883301,0.0,-0.060253534466028214,-0.7133238315582275,0.6995487809181213,-0.03029705584049225,-0.02971198782324791,1.19209286886246e-09,-1.490116086078075e-10,-0.04255415499210358,-0.6427876353263855,0.7660444974899292,0.0,0.0,-2.38418573772492e-09,0.0,-0.02208789810538292,-0.9063078761100769,0.4226182699203491,0.0,0.0,0.0,0.0,-0.017740869894623756,-1.0,-0.0,0.0,0.0,0.013503451831638813,-0.0037700000684708357,-0.014087309129536152,-0.9914448857307434,-0.0,0.13052619993686676,0.0,0.0048975334502756596,-3.847479547403054e-06,-0.05743739381432533,-0.6765674948692322,0.7343704700469971,-0.042795270681381226,-0.03354250267148018,4.76837147544984e-09,-2.98023217215615e-10,-0.03276757150888443,-0.7071068286895752,0.7071068286895752,0.0,0.0,2.38418573772492e-09,0.0,-0.016709718853235245,-0.8419820070266724,0.5395057201385498,0.0,0.0,0.0,0.0,-0.01388302817940712,-1.0,-0.0,0.0,0.0
1782948341.0284975,2026-07-01 19:25:41.028,16543.0,16543,left,0,1,fist,1,0.0,0.003969999961555004,-0.04999999701976776,-1.0,-0.0,0.0,0.0,0.0,0.0,0.0,-1.0,-0.0,0.0,0.0,0.025476500391960144,-0.012044699862599373,-0.022234899923205376,-0.7414661645889282,0.06944508850574493,0.3814726173877716,0.547616720199585,-5.7220457705398076e-08,-4.3511388270189855e-08,-0.027230437844991684,-0.9260033965110779,0.37751516699790955,0.0,0.0,3.5762786065873797e-09,6.318092005130893e-08,-0.031859491020441055,-0.8348710536956787,0.5504456162452698,0.0,0.0,2.384185648907078e-08,0.0,-0.023122519254684448,-1.0,-0.0,0.0,0.0,0.012359999120235443,0.0032300001475960016,-0.017000000923871994,-0.9990482330322266,-0.0,0.04361938685178757,0.0,0.0021501504816114902,-3.890097104886081e-06,-0.06502876430749893,-0.8696881532669067,0.4935954809188843,0.0021473728120326996,0.0012187513057142496,-9.53674295089968e-09,-9.53674295089968e-09,-0.036917347460985184,-0.7323261499404907,0.6809540390968323,0.0,0.0,-2.8610228852699038e-08,-2.98023217215615e-10,-0.0216355137526989,-0.936337411403656,0.35110145807266235,0.0,0.0,1.2636184010261786e-07,2.98023217215615e-10,-0.018689393997192383,-1.0,-0.0,0.0,0.0,0.0,0.003969999961555004,-0.01750910095870495,-1.0,-0.0,0.0,0.0,0.0,4.610121322912164e-06,-0.06379090249538422,-0.7757631540298462,0.631024181842804,0.0,0.0,0.0,2.98023217215615e-10,-0.044606998562812805,-0.6429281234741211,0.7659265398979187,0.0,0.0,0.0,0.0,-0.023475991562008858,-0.9396995902061462,0.3420011103153229,0.0,0.0,0.0,0.0,-0.019651994109153748,-1.0,-0.0,0.0,0.0,-0.00711638992652297,0.0018999999156221747,-0.016959700733423233,-0.9961947202682495,-0.0,-0.08715574443340302,0.0,0.0005882433033548295,0.0,-0.060253534466028214,-0.7912700176239014,0.6105057001113892,0.02713494375348091,0.020936010405421257,-1.1086464013487785e-07,-1.490116086078075e-10,-0.04255366697907448,-0.6447821259498596,0.7643664479255676,0.0,0.0,4.5299529460862686e-08,0.0,-0.022088106721639633,-0.9066526293754578,0.42187803983688354,0.0,0.0,-1.4305114426349519e-08,0.0,-0.017740696668624878,-1.0,-0.0,0.0,0.0,-0.013503500260412693,-0.0037700000684708357,-0.014087299816310406,-0.9914448857307434,-0.0,-0.13052619993686676,0.0,-0.004897483624517918,-3.8501621020259336e-06,-0.05743739381432533,-0.6873873472213745,0.7243662476539612,0.04017788916826248,0.03431997075676918,5.4836270635405526e-08,-2.98023217215615e-10,-0.03276759013533592,-0.7071068286895752,0.7071068286895752,0.0,0.0,-9.298324243900424e-08,0.0,-0.01670967973768711,-0.8419820070266724,0.5395057201385498,0.0,0.0,6.19888282926695e-08,0.0,-0.013883084990084171,-1.0,-0.0,0.0,0.0
1782948341.0812697,2026-07-01 19:25:41.081,4077.0,4077,right,0,2,fist,1,0.0,0.003969999961555004,-0.04999999701976776,-1.0,-0.0,0.0,0.0,0.0,0.0,0.0,-1.0,-0.0,0.0,0.0,-0.025476505979895592,-0.012044684961438179,-0.022234933450818062,-0.7380645275115967,0.09791053831577301,-0.38054507970809937,-0.5485069155693054,0.0,1.19209286886246e-09,-0.02723044343292713,-0.9096400737762451,0.4153972864151001,0.0,0.0,2.38418573772492e-09,-1.19209286886246e-09,-0.031859468668699265,-0.8127460479736328,0.5826181173324585,0.0,0.0,0.0,-3.5762786065873797e-09,-0.023122519254684448,-1.0,-0.0,0.0,0.0,-0.012360505759716034,0.0032300001475960016,-0.016998957842588425,-0.9990482330322266,-0.0,-0.04361938685178757,0.0,-0.002149570034816861,-3.8927792047616094e-06,-0.06502974033355713,-0.74773770570755,0.6639937162399292,-0.0006563594215549529,-0.0005820795195177197,0.0,0.0,-0.03691747412085533,-0.7071068286895752,0.7071068286895752,0.0,0.0,-2.38418573772492e-09,-2.98023217215615e-10,-0.02163529396057129,-0.9304175972938538,0.36650118231773376,0.0,0.0,0.0,2.98023217215615e-10,-0.01868978515267372,-1.0,-0.0,0.0,0.0,0.0,0.003969999961555004,-0.017509059980511665,-1.0,-0.0,0.0,0.0,0.0,4.611611075233668e-06,-0.0637909397482872,-0.7112206816673279,0.7029688358306885,0.0,0.0,0.0,2.98023217215615e-10,-0.04460655897855759,-0.6427876353263855,0.7660444974899292,0.0,0.0,0.0,-2.98023217215615e-10,-0.02347646653652191,-0.9396926760673523,0.34202009439468384,0.0,0.0,0.0,0.0,-0.019652195274829865,-1.0,-0.0,0.0,0.0,0.00711638480424881,0.0018999999156221747,-0.016959700733423233,-0.9961947202682495,-0.0,0.08715574443340302,0.0,-0.0005882382392883301,0.0,-0.060253534466028214,-0.7133238315582275,0.6995487809181213,-0.03029705584049225,-0.02971198782324791,1.19209286886246e-09,-1.490116086078075e-10,-0.04255415499210358,-0.6427876353263855,0.7660444974899292,0.0,0.0,-2.38418573772492e-09,0.0,-0.02208789810538292,-0.9063078761100769,0.4226182699203491,0.0,0.0,0.0,0.0,-0.017740869894623756,-1.0,-0.0,0.0,0.0,0.013503451831638813,-0.0037700000684708357,-0.014087309129536152,-0.9914448857307434,-0.0,0.13052619993686676,0.0,0.0048975334502756596,-3.847479547403054e-06,-0.05743739381432533,-0.6765674948692322,0.7343704700469971,-0.042795270681381226,-0.03354250267148018,4.76837147544984e-09,-2.98023217215615e-10,-0.03276757150888443,-0.7071068286895752,0.7071068286895752,0.0,0.0,2.38418573772492e-09,0.0,-0.016709718853235245,-0.8419820070266724,0.5395057201385498,0.0,0.0,0.0,0.0,-0.01388302817940712,-1.0,-0.0,0.0,0.0
1782948341.2333686,2026-07-01 19:25:41.233,16544.0,16544,left,0,1,fist,1,0.0,0.003969999961555004,-0.04999999701976776,-1.0,-0.0,0.0,0.0,0.0,0.0,0.0,-1.0,-0.0,0.0,0.0,0.025476500391960144,-0.012044699862599373,-0.022234899923205376,-0.7414661645889282,0.06944508850574493,0.3814726173877716,0.547616720199585,-5.7220457705398076e-08,-4.3511388270189855e-08,-0.027230437844991684,-0.9260033965110779,0.37751516699790955,0.0,0.0,3.5762786065873797e-09,6.318092005130893e-08,-0.031859491020441055,-0.8348710536956787,0.5504456162452698,0.0,0.0,2.384185648907078e-08,0.0,-0.023122519254684448,-1.0,-0.0,0.0,0.0,0.012359999120235443,0.0032300001475960016,-0.017000000923871994,-0.9990482330322266,-0.0,0.04361938685178757,0.0,0.0021501504816114902,-3.890097104886081e-06,-0.06502876430749893,-0.8696881532669067,0.4935954809188843,0.0021473728120326996,0.0012187513057142496,-9.53674295089968e-09,-9.53674295089968e-09,-0.036917347460985184,-0.7323261499404907,0.6809540390968323,0.0,0.0,-2.8610228852699038e-08,-2.98023217215615e-10,-0.0216355137526989,-0.936337411403656,0.35110145807266235,0.0,0.0,1.2636184010261786e-07,2.98023217215615e-10,-0.018689393997192383,-1.0,-0.0,0.0,0.0,0.0,0.003969999961555004,-0.01750910095870495,-1.0,-0.0,0.0,0.0,0.0,4.610121322912164e-06,-0.06379090249538422,-0.7757631540298462,0.631024181842804,0.0,0.0,0.0,2.98023217215615e-10,-0.044606998562812805,-0.6429281234741211,0.7659265398979187,0.0,0.0,0.0,0.0,-0.023475991562008858,-0.9396995902061462,0.3420011103153229,0.0,0.0,0.0,0.0,-0.019651994109153748,-1.0,-0.0,0.0,0.0,-0.00711638992652297,0.0018999999156221747,-0.016959700733423233,-0.9961947202682495,-0.0,-0.08715574443340302,0.0,0.0005882433033548295,0.0,-0.060253534466028214,-0.7912700176239014,0.6105057001113892,0.02713494375348091,0.020936010405421257,-1.1086464013487785e-07,-1.490116086078075e-10,-0.04255366697907448,-0.6447821259498596,0.7643664479255676,0.0,0.0,4.5299529460862686e-08,0.0,-0.022088106721639633,-0.9066526293754578,0.42187803983688354,0.0,0.0,-1.4305114426349519e-08,0.0,-0.017740696668624878,-1.0,-0.0,0.0,0.0,-0.013503500260412693,-0.0037700000684708357,-0.014087299816310406,-0.9914448857307434,-0.0,-0.13052619993686676,0.0,-0.004897483624517918,-3.8501621020259336e-06,-0.05743739381432533,-0.6873873472213745,0.7243662476539612,0.04017788916826248,0.03431997075676918,5.4836270635405526e-08,-2.98023217215615e-10,-0.03276759013533592,-0.7071068286895752,0.7071068286895752,0.0,0.0,-9.298324243900424e-08,0.0,-0.01670967973768711,-0.8419820070266724,0.5395057201385498,0.0,0.0,6.19888282926695e-08,0.0,-0.013883084990084171,-1.0,-0.0,0.0,0.0
1782948341.2857115,2026-07-01 19:25:41.285,4089.0,4089,right,0,2,fist,1,0.0,0.003969999961555004,-0.04999999701976776,-1.0,-0.0,0.0,0.0,0.0,0.0,0.0,-1.0,-0.0,0.0,0.0,-0.025476505979895592,-0.012044684961438179,-0.022234933450818062,-0.7382166981697083,0.09777171909809113,-0.38033372163772583,-0.5484734177589417,0.0,1.19209286886246e-09,-0.02723044343292713,-0.9098348617553711,0.4149704873561859,0.0,0.0,2.38418573772492e-09,-1.19209286886246e-09,-0.031859468668699265,-0.812966525554657,0.5823104977607727,0.0,0.0,0.0,-3.5762786065873797e-09,-0.023122519254684448,-1.0,-0.0,0.0,0.0,-0.012360505759716034,0.0032300001475960016,-0.016998957842588425,-0.9990482330322266,-0.0,-0.04361938685178757,0.0,-0.002149570034816861,-3.8927792047616094e-06,-0.06502974033355713,-0.7292830348014832,0.6842120289802551,-0.00034870419767685235,-0.0003270245506428182,0.0,0.0,-0.03691747412085533,-0.7071068286895752,0.7071068286895752,0.0,0.0,-2.38418573772492e-09,-2.98023217215615e-10,-0.02163529396057129,-0.9304175972938538,0.36650118231773376,0.0,0.0,0.0,2.98023217215615e-10,-0.01868978515267372,-1.0,-0.0,0.0,0.0,0.0,0.003969999961555004,-0.017509059980511665,-1.0,-0.0,0.0,0.0,0.0,4.611611075233668e-06,-0.0637909397482872,-0.7112206816673279,0.7029688358306885,0.0,0.0,0.0,2.98023217215615e-10,-0.04460655897855759,-0.6427876353263855,0.7660444974899292,0.0,0.0,0.0,-2.98023217215615e-10,-0.02347646653652191,-0.9396926760673523,0.34202009439468384,0.0,0.0,0.0,0.0,-0.019652195274829865,-1.0,-0.0,0.0,0.0,0.00711638480424881,0.0018999999156221747,-0.016959700733423233,-0.9961947202682495,-0.0,0.08715574443340302,0.0,-0.0005882382392883301,0.0,-0.060253534466028214,-0.7133238315582275,0.6995487809181213,-0.03029705584049225,-0.02971198782324791,1.19209286886246e-09,-1.490116086078075e-10,-0.04255415499210358,-0.6427876353263855,0.7660444974899292,0.0,0.0,-2.38418573772492e-09,0.0,-0.02208789810538292,-0.9063078761100769,0.4226182699203491,0.0,0.0,0.0,0.0,-0.017740869894623756,-1.0,-0.0,0.0,0.0,0.013503451831638813,-0.0037700000684708357,-0.014087309129536152,-0.9914448857307434,-0.0,0.13052619993686676,0.0,0.0048975334502756596,-3.847479547403054e-06,-0.05743739381432533,-0.6765674948692322,0.7343704700469971,-0.042795270681381226,-0.03354250267148018,4.76837147544984e-09,-2.98023217215615e-10,-0.03276757150888443,-0.7071068286895752,0.7071068286895752,0.0,0.0,2.38418573772492e-09,0.0,-0.016709718853235245,-0.8419820070266724,0.5395057201385498,0.0,0.0,0.0,0.0,-0.01388302817940712,-1.0,-0.0,0.0,0.0
1782948341.4515789,2026-07-01 19:25:41.451,16546.0,16546,left,0,1,fist,1,0.0,0.003969999961555004,-0.04999999701976776,-1.0,-0.0,0.0,0.0,0.0,0.0,0.0,-1.0,-0.0,0.0,0.0,0.025476500391960144,-0.012044699862599373,-0.022234899923205376,-0.7366078495979309,0.0925971269607544,0.38410723209381104,0.5489047169685364,-5.7220457705398076e-08,-4.3511388270189855e-08,-0.027230437844991684,-0.9113392233848572,0.41165629029273987,0.0,0.0,3.5762786065873797e-09,6.318092005130893e-08,-0.031859491020441055,-0.8148150444030762,0.5797210335731506,0.0,0.0,2.384185648907078e-08,0.0,-0.023122519254684448,-1.0,-0.0,0.0,0.0,0.012359999120235443,0.0032300001475960016,-0.017000000923871994,-0.9990482330322266,-0.0,0.04361938685178757,0.0,0.0021501504816114902,-3.890097104886081e-06,-0.06502876430749893,-0.8602072596549988,0.5099393725395203,0.0019733065273612738,0.0011689907405525446,-9.53674295089968e-09,-9.53674295089968e-09,-0.036917347460985184,-0.7279293537139893,0.6856521368026733,0.0,0.0,-2.8610228852699038e-08,-2.98023217215615e-10,-0.0216355137526989,-0.9353306293487549,0.3537749946117401,0.0,0.0,1.2636184010261786e-07,2.98023217215615e-10,-0.018689393997192383,-1.0,-0.0,0.0,0.0,0.0,0.003969999961555004,-0.01750910095870495,-1.0,-0.0,0.0,0.0,0.0,4.610121322912164e-06,-0.06379090249538422,-0.7619563937187195,0.6476283669471741,0.0,0.0,0.0,2.98023217215615e-10,-0.044606998562812805,-0.6427876353263855,0.7660444974899292,0.0,0.0,0.0,0.0,-0.023475991562008858,-0.9396926760673523,0.34202009439468384,0.0,0.0,0.0,0.0,-0.019651994109153748,-1.0,-0.0,0.0,0.0,-0.00711638992652297,0.0018999999156221747,-0.016959700733423233,-0.9961947202682495,-0.0,-0.08715574443340302,0.0,0.0005882433033548295,0.0,-0.060253534466028214,-0.7796781659126282,0.6251651644706726,0.02780557982623577,0.02230001986026764,-1.1086464013487785e-07,-1.490116086078075e-10,-0.04255366697907448,-0.6433157324790955,0.7656010389328003,0.0,0.0,4.5299529460862686e-08,0.0,-0.022088106721639633,-0.9063989520072937,0.4224227964878082,0.0,0.0,-1.4305114426349519e-08,0.0,-0.017740696668624878,-1.0,-0.0,0.0,0.0,-0.013503500260412693,-0.0037700000684708357,-0.014087299816310406,-0.9914448857307434,-0.0,-0.13052619993686676,0.0,-0.004897483624517918,-3.8501621020259336e-06,-0.05743739381432533,-0.6873873472213745,0.7243662476539612,0.04017788916826248,0.03431997075676918,5.4836270635405526e-08,-2.98023217215615e-10,-0.03276759013533592,-0.7071068286895752,0.7071068286895752,0.0,0.0,-9.298324243900424e-08,0.0,-0.01670967973768711,-0.8419820070266724,0.5395057201385498,0.0,0.0,6.19888282926695e-08,0.0,-0.013883084990084171,-1.0,-0.0,0.0,0.0
1782948341.5037389,2026-07-01 19:25:41.503,4102.0,4102,right,0,2,fist,1,0.0,0.003969999961555004,-0.04999999701976776,-1.0,-0.0,0.0,0.0,0.0,0.0,0.0,-1.0,-0.0,0.0,0.0,-0.025476505979895592,-0.012044684961438179,-0.022234933450818062,-0.7382166981697083,0.09777171909809113,-0.38033372163772583,-0.5484734177589417,0.0,1.19209286886246e-09,-0.02723044343292713,-0.9098348617553711,0.4149704873561859,0.0,0.0,2.38418573772492e-09,-1.19209286886246e-09,-0.031859468668699265,-0.812966525554657,0.5823104977607727,0.0,0.0,0.0,-3.5762786065873797e-09,-0.023122519254684448,-1.0,-0.0,0.0,0.0,-0.012360505759716034,0.0032300001475960016,-0.016998957842588425,-0.9990482330322266,-0.0,-0.04361938685178757,0.0,-0.002149570034816861,-3.8927792047616094e-06,-0.06502974033355713,-0.7275529503822327,0.6860514879226685,-0.0003207015397492796,-0.00030240791966207325,0.0,0.0,-0.03691747412085533,-0.7071068286895752,0.7071068286895752,0.0,0.0,-2.38418573772492e-09,-2.98023217215615e-10,-0.02163529396057129,-0.9304175972938538,0.36650118231773376,0.0,0.0,0.0,2.98023217215615e-10,-0.01868978515267372,-1.0,-0.0,0.0,0.0,0.0,0.003969999961555004,-0.017509059980511665,-1.0,-0.0,0.0,0.0,0.0,4.611611075233668e-06,-0.0637909397482872,-0.7112206816673279,0.7029688358306885,0.0,0.0,0.0,2.98023217215615e-10,-0.04460655897855759,-0.6427876353263855,0.7660444974899292,0.0,0.0,0.0,-2.98023217215615e-10,-0.02347646653652191,-0.9396926760673523,0.34202009439468384,0.0,0.0,0.0,0.0,-0.019652195274829865,-1.0,-0.0,0.0,0.0,0.00711638480424881,0.0018999999156221747,-0.016959700733423233,-0.9961947202682495,-0.0,0.08715574443340302,0.0,-0.0005882382392883301,0.0,-0.060253534466028214,-0.7133238315582275,0.6995487809181213,-0.03029705584049225,-0.02971198782324791,1.19209286886246e-09,-1.490116086078075e-10,-0.04255415499210358,-0.6427876353263855,0.7660444974899292,0.0,0.0,-2.38418573772492e-09,0.0,-0.02208789810538292,-0.9063078761100769,0.4226182699203491,0.0,0.0,0.0,0.0,-0.017740869894623756,-1.0,-0.0,0.0,0.0,0.013503451831638813,-0.0037700000684708357,-0.014087309129536152,-0.9914448857307434,-0.0,0.13052619993686676,0.0,0.0048975334502756596,-3.847479547403054e-06,-0.05743739381432533,-0.6765674948692322,0.7343704700469971,-0.042795270681381226,-0.03354250267148018,4.76837147544984e-09,-2.98023217215615e-10,-0.03276757150888443,-0.7071068286895752,0.7071068286895752,0.0,0.0,2.38418573772492e-09,0.0,-0.016709718853235245,-0.8419820070266724,0.5395057201385498,0.0,0.0,0.0,0.0,-0.01388302817940712,-1.0,-0.0,0.0,0.0
1782948341.6545227,2026-07-01 19:25:41.654,16548.0,16548,left,0,1,fist,1,0.0,0.003969999961555004,-0.04999999701976776,-1.0,-0.0,0.0,0.0,0.0,0.0,0.0,-1.0,-0.0,0.0,0.0,0.025476500391960144,-0.012044699862599373,-0.022234899923205376,-0.7362073063850403,0.0948873907327652,0.3842087984085083,0.5489797592163086,-5.7220457705398076e-08,-4.3511388270189855e-08,-0.027230437844991684,-0.9098349213600159,0.41497036814689636,0.0,0.0,3.5762786065873797e-09,6.318092005130893e-08,-0.031859491020441055,-0.812966525554657,0.5823104977607727,0.0,0.0,2.384185648907078e-08,0.0,-0.023122519254684448,-1.0,-0.0,0.0,0.0,0.012359999120235443,0.0032300001475960016,-0.017000000923871994,-0.9990482330322266,-0.0,0.04361938685178757,0.0,0.0021501504816114902,-3.890097104886081e-06,-0.06502876430749893,-0.8252321481704712,0.5647911429405212,0.0013961392687633634,0.0009551486000418663,-9.53674295089968e-09,-9.53674295089968e-09,-0.036917347460985184,-0.7153074145317078,0.6988099813461304,0.0,0.0,-2.8610228852699038e-08,-2.98023217215615e-10,-0.0216355137526989,-0.9323884844779968,0.36145785450935364,0.0,0.0,1.2636184010261786e-07,2.98023217215615e-10,-0.018689393997192383,-1.0,-0.0,0.0,0.0,0.0,0.003969999961555004,-0.01750910095870495,-1.0,-0.0,0.0,0.0,0.0,4.610121322912164e-06,-0.06379090249538422,-0.7385972142219543,0.6741469502449036,0.0,0.0,0.0,2.98023217215615e-10,-0.044606998562812805,-0.6427876353263855,0.7660444974899292,0.0,0.0,0.0,0.0,-0.023475991562008858,-0.9396926760673523,0.34202009439468384,0.0,0.0,0.0,0.0,-0.019651994109153748,-1.0,-0.0,0.0,0.0,-0.00711638992652297,0.0018999999156221747,-0.016959700733423233,-0.9961947202682495,-0.0,-0.08715574443340302,0.0,0.0005882433033548295,0.0,-0.060253534466028214,-0.7586197257041931,0.6504216194152832,0.028884490951895714,0.024767573922872543,-1.1086464013487785e-07,-1.490116086078075e-10,-0.04255366697907448,-0.6427876353263855,0.7660444974899292,0.0,0.0,4.5299529460862686e-08,0.0,-0.022088106721639633,-0.9063078761100769,0.4226182699203491,0.0,0.0,-1.4305114426349519e-08,0.0,-0.017740696668624878,-1.0,-0.0,0.0,0.0,-0.013503500260412693,-0.0037700000684708357,-0.014087299816310406,-0.9914448857307434,-0.0,-0.13052619993686676,0.0,-0.004897483624517918,-3.8501621020259336e-06,-0.05743739381432533,-0.6765620112419128,0.7343634963035583,0.04291483759880066,0.0336526557803154,5.4836270635405526e-08,-2.98023217215615e-10,-0.03276759013533592,-0.7071068286895752,0.7071068286895752,0.0,0.0,-9.298324243900424e-08,0.0,-0.01670967973768711,-0.8419820070266724,0.5395057201385498,0.0,0.0,6.19888282926695e-08,0.0,-0.013883084990084171,-1.0,-0.0,0.0,0.0
1782948341.711819,2026-07-01 19:25:41.711,4114.0,4114,right,0,2,fist,1,0.0,0.003969999961555004,-0.04999999701976776,-1.0,-0.0,0.0,0.0,0.0,0.0,0.0,-1.0,-0.0,0.0,0.0,-0.025476505979895592,-0.012044684961438179,-0.022234933450818062,-0.7382166981697083,0.09777171909809113,-0.38033372163772583,-0.5484734177589417,0.0,1.19209286886246e-09,-0.02723044343292713,-0.9098348617553711,0.4149704873561859,0.0,0.0,2.38418573772492e-09,-1.19209286886246e-09,-0.031859468668699265,-0.812966525554657,0.5823104977607727,0.0,0.0,0.0,-3.5762786065873797e-09,-0.023122519254684448,-1.0,-0.0,0.0,0.0,-0.012360505759716034,0.0032300001475960016,-0.016998957842588425,-0.9990482330322266,-0.0,-0.04361938685178757,0.0,-0.002149570034816861,-3.8927792047616094e-06,-0.06502974033355713,-0.7275529503822327,0.6860514879226685,-0.0003207015397492796,-0.00030240791966207325,0.0,0.0,-0.03691747412085533,-0.7071068286895752,0.7071068286895752,0.0,0.0,-2.38418573772492e-09,-2.98023217215615e-10,-0.02163529396057129,-0.9304175972938538,0.36650118231773376,0.0,0.0,0.0,2.98023217215615e-10,-0.01868978515267372,-1.0,-0.0,0.0,0.0,0.0,0.003969999961555004,-0.017509059980511665,-1.0,-0.0,0.0,0.0,0.0,4.611611075233668e-06,-0.0637909397482872,-0.7112206816673279,0.7029688358306885,0.0,0.0,0.0,2.98023217215615e-10,-0.04460655897855759,-0.6427876353263855,0.7660444974899292,0.0,0.0,0.0,-2.98023217215615e-10,-0.02347646653652191,-0.9396926760673523,0.34202009439468384,0.0,0.0,0.0,0.0,-0.019652195274829865,-1.0,-0.0,0.0,0.0,0.00711638480424881,0.0018999999156221747,-0.016959700733423233,-0.9961947202682495,-0.0,0.08715574443340302,0.0,-0.0005882382392883301,0.0,-0.060253534466028214,-0.7133238315582275,0.6995487809181213,-0.03029705584049225,-0.02971198782324791,1.19209286886246e-09,-1.490116086078075e-10,-0.04255415499210358,-0.6427876353263855,0.7660444974899292,0.0,0.0,-2.38418573772492e-09,0.0,-0.02208789810538292,-0.9063078761100769,0.4226182699203491,0.0,0.0,0.0,0.0,-0.017740869894623756,-1.0,-0.0,0.0,0.0,0.013503451831638813,-0.0037700000684708357,-0.014087309129536152,-0.9914448857307434,-0.0,0.13052619993686676,0.0,0.0048975334502756596,-3.847479547403054e-06,-0.05743739381432533,-0.6765674948692322,0.7343704700469971,-0.042795270681381226,-0.03354250267148018,4.76837147544984e-09,-2.98023217215615e-10,-0.03276757150888443,-0.7071068286895752,0.7071068286895752,0.0,0.0,2.38418573772492e-09,0.0,-0.016709718853235245,-0.8419820070266724,0.5395057201385498,0.0,0.0,0.0,0.0,-0.01388302817940712,-1.0,-0.0,0.0,0.0
1782948341.854628,2026-07-01 19:25:41.854,16550.0,16550,left,0,1,fist,1,0.0,0.003969999961555004,-0.04999999701976776,-1.0,-0.0,0.0,0.0,0.0,0.0,0.0,-1.0,-0.0,0.0,0.0,0.025476500391960144,-0.012044699862599373,-0.022234899923205376,-0.7362073063850403,0.0948873907327652,0.3842087984085083,0.5489797592163086,-5.7220457705398076e-08,-4.3511388270189855e-08,-0.027230437844991684,-0.9098349213600159,0.41497036814689636,0.0,0.0,3.5762786065873797e-09,6.318092005130893e-08,-0.031859491020441055,-0.812966525554657,0.5823104977607727,0.0,0.0,2.384185648907078e-08,0.0,-0.023122519254684448,-1.0,-0.0,0.0,0.0,0.012359999120235443,0.0032300001475960016,-0.017000000923871994,-0.9990482330322266,-0.0,0.04361938685178757,0.0,0.0021501504816114902,-3.890097104886081e-06,-0.06502876430749893,-0.8195688128471375,0.5729785561561584,0.0013111474690958858,0.0009166519157588482,-9.53674295089968e-09,-9.53674295089968e-09,-0.036917347460985184,-0.713771641254425,0.7003785371780396,0.0,0.0,-2.8610228852699038e-08,-2.98023217215615e-10,-0.0216355137526989,-0.9320241212844849,0.3623962104320526,0.0,0.0,1.2636184010261786e-07,2.98023217215615e-10,-0.018689393997192383,-1.0,-0.0,0.0,0.0,0.0,0.003969999961555004,-0.01750910095870495,-1.0,-0.0,0.0,0.0,0.0,4.610121322912164e-06,-0.06379090249538422,-0.7328198552131653,0.6804227828979492,0.0,0.0,0.0,2.98023217215615e-10,-0.044606998562812805,-0.6427876353263855,0.7660444974899292,0.0,0.0,0.0,0.0,-0.023475991562008858,-0.9396926760673523,0.34202009439468384,0.0,0.0,0.0,0.0,-0.019651994109153748,-1.0,-0.0,0.0,0.0,-0.00711638992652297,0.0018999999156221747,-0.016959700733423233,-0.9961947202682495,-0.0,-0.08715574443340302,0.0,0.0005882433033548295,0.0,-0.060253534466028214,-0.7460049986839294,0.6647711992263794,0.029447510838508606,0.02624213881790638,-1.1086464013487785e-07,-1.490116086078075e-10,-0.04255366697907448,-0.6427876353263855,0.7660444974899292,0.0,0.0,4.5299529460862686e-08,0.0,-0.022088106721639633,-0.9063078761100769,0.4226182699203491,0.0,0.0,-1.4305114426349519e-08,0.0,-0.017740696668624878,-1.0,-0.0,0.0,0.0,-0.013503500260412693,-0.0037700000684708357,-0.014087299816310406,-0.9914448857307434,-0.0,-0.13052619993686676,0.0,-0.004897483624517918,-3.8501621020259336e-06,-0.05743739381432533,-0.6765620112419128,0.7343634963035583,0.04291483759880066,0.0336526557803154,5.4836270635405526e-08,-2.98023217215615e-10,-0.03276759013533592,-0.7071068286895752,0.7071068286895752,0.0,0.0,-9.298324243900424e-08,0.0,-0.01670967973768711,-0.8419820070266724,0.5395057201385498,0.0,0.0,6.19888282926695e-08,0.0,-0.013883084990084171,-1.0,-0.0,0.0,0.0
1782948341.9212656,2026-07-01 19:25:41.921,4127.0,4127,right,0,2,fist,1,0.0,0.003969999961555004,-0.04999999701976776,-1.0,-0.0,0.0,0.0,0.0,0.0,0.0,-1.0,-0.0,0.0,0.0,-0.025476505979895592,-0.012044684961438179,-0.022234933450818062,-0.7382166981697083,0.09777171909809113,-0.38033372163772583,-0.5484734177589417,0.0,1.19209286886246e-09,-0.02723044343292713,-0.9098348617553711,0.4149704873561859,0.0,0.0,2.38418573772492e-09,-1.19209286886246e-09,-0.031859468668699265,-0.812966525554657,0.5823104977607727,0.0,0.0,0.0,-3.5762786065873797e-09,-0.023122519254684448,-1.0,-0.0,0.0,0.0,-0.012360505759716034,0.0032300001475960016,-0.016998957842588425,-0.9990482330322266,-0.0,-0.04361938685178757,0.0,-0.002149570034816861,-3.8927792047616094e-06,-0.06502974033355713,-0.7275529503822327,0.6860514879226685,-0.0003207015397492796,-0.00030240791966207325,0.0,0.0,-0.03691747412085533,-0.7071068286895752,0.7071068286895752,0.0,0.0,-2.38418573772492e-09,-2.98023217215615e-10,-0.02163529396057129,-0.9304175972938538,0.36650118231773376,0.0,0.0,0.0,2.98023217215615e-10,-0.01868978515267372,-1.0,-0.0,0.0,0.0,0.0,0.003969999961555004,-0.017509059980511665,-1.0,-0.0,0.0,0.0,0.0,4.611611075233668e-06,-0.0637909397482872,-0.7112206816673279,0.7029688358306885,0.0,0.0,0.0,2.98023217215615e-10,-0.04460655897855759,-0.6427876353263855,0.7660444974899292,0.0,0.0,0.0,-2.98023217215615e-10,-0.02347646653652191,-0.9396926760673523,0.34202009439468384,0.0,0.0,0.0,0.0,-0.019652195274829865,-1.0,-0.0,0.0,0.0,0.00711638480424881,0.0018999999156221747,-0.016959700733423233,-0.9961947202682495,-0.0,0.08715574443340302,0.0,-0.0005882382392883301,0.0,-0.060253534466028214,-0.7133238315582275,0.6995487809181213,-0.03029705584049225,-0.02971198782324791,1.19209286886246e-09,-1.490116086078075e-10,-0.04255415499210358,-0.6427876353263855,0.7660444974899292,0.0,0.0,-2.38418573772492e-09,0.0,-0.02208789810538292,-0.9063078761100769,0.4226182699203491,0.0,0.0,0.0,0.0,-0.017740869894623756,-1.0,-0.0,0.0,0.0,0.013503451831638813,-0.0037700000684708357,-0.014087309129536152,-0.9914448857307434,-0.0,0.13052619993686676,0.0,0.0048975334502756596,-3.847479547403054e-06,-0.05743739381432533,-0.6765674948692322,0.7343704700469971,-0.042795270681381226,-0.03354250267148018,4.76837147544984e-09,-2.98023217215615e-10,-0.03276757150888443,-0.7071068286895752,0.7071068286895752,0.0,0.0,2.38418573772492e-09,0.0,-0.016709718853235245,-0.8419820070266724,0.5395057201385498,0.0,0.0,0.0,0.0,-0.01388302817940712,-1.0,-0.0,0.0,0.0
1782948342.0740154,2026-07-01 19:25:42.074,16551.0,16551,left,0,1,fist,1,0.0,0.003969999961555004,-0.04999999701976776,-1.0,-0.0,0.0,0.0,0.0,0.0,0.0,-1.0,-0.0,0.0,0.0,0.025476500391960144,-0.012044699862599373,-0.022234899923205376,-0.7362073063850403,0.0948873907327652,0.3842087984085083,0.5489797592163086,-5.7220457705398076e-08,-4.3511388270189855e-08,-0.027230437844991684,-0.9098349213600159,0.41497036814689636,0.0,0.0,3.5762786065873797e-09,6.318092005130893e-08,-0.031859491020441055,-0.812966525554657,0.5823104977607727,0.0,0.0,2.384185648907078e-08,0.0,-0.023122519254684448,-1.0,-0.0,0.0,0.0,0.012359999120235443,0.0032300001475960016,-0.017000000923871994,-0.9990482330322266,-0.0,0.04361938685178757,0.0,0.0021501504816114902,-3.890097104886081e-06,-0.06502876430749893,-0.8195688128471375,0.5729785561561584,0.0013111474690958858,0.0009166519157588482,-9.53674295089968e-09,-9.53674295089968e-09,-0.036917347460985184,-0.713771641254425,0.7003785371780396,0.0,0.0,-2.8610228852699038e-08,-2.98023217215615e-10,-0.0216355137526989,-0.9320241212844849,0.3623962104320526,0.0,0.0,1.2636184010261786e-07,2.98023217215615e-10,-0.018689393997192383,-1.0,-0.0,0.0,0.0,0.0,0.003969999961555004,-0.01750910095870495,-1.0,-0.0,0.0,0.0,0.0,4.610121322912164e-06,-0.06379090249538422,-0.7454825043678284,0.6665251851081848,0.0,0.0,0.0,2.98023217215615e-10,-0.044606998562812805,-0.6427876353263855,0.7660444974899292,0.0,0.0,0.0,0.0,-0.023475991562008858,-0.9396926760673523,0.34202009439468384,0.0,0.0,0.0,0.0,-0.019651994109153748,-1.0,-0.0,0.0,0.0,-0.00711638992652297,0.0018999999156221747,-0.016959700733423233,-0.9961947202682495,-0.0,-0.08715574443340302,0.0,0.0005882433033548295,0.0,-0.060253534466028214,-0.7463390231132507,0.6643983721733093,0.029434002935886383,0.02620244212448597,-1.1086464013487785e-07,-1.490116086078075e-10,-0.04255366697907448,-0.6427876353263855,0.7660444974899292,0.0,0.0,4.5299529460862686e-08,0.0,-0.022088106721639633,-0.9063078761100769,0.4226182699203491,0.0,0.0,-1.4305114426349519e-08,0.0,-0.017740696668624878,-1.0,-0.0,0.0,0.0,-0.013503500260412693,-0.0037700000684708357,-0.014087299816310406,-0.9914448857307434,-0.0,-0.13052619993686676,0.0,-0.004897483624517918,-3.8501621020259336e-06,-0.05743739381432533,-0.6765620112419128,0.7343634963035583,0.04291483759880066,0.0336526557803154,5.4836270635405526e-08,-2.98023217215615e-10,-0.03276759013533592,-0.7071068286895752,0.7071068286895752,0.0,0.0,-9.298324243900424e-08,0.0,-0.01670967973768711,-0.8419820070266724,0.5395057201385498,0.0,0.0,6.19888282926695e-08,0.0,-0.013883084990084171,-1.0,-0.0,0.0,0.0
1782948342.1290638,2026-07-01 19:25:42.129,4139.0,4139,right,0,2,fist,1,0.0,0.003969999961555004,-0.04999999701976776,-1.0,-0.0,0.0,0.0,0.0,0.0,0.0,-1.0,-0.0,0.0,0.0,-0.025476505979895592,-0.012044684961438179,-0.022234933450818062,-0.7382166981697083,0.09777171909809113,-0.38033372163772583,-0.5484734177589417,0.0,1.19209286886246e-09,-0.02723044343292713,-0.9098348617553711,0.4149704873561859,0.0,0.0,2.38418573772492e-09,-1.19209286886246e-09,-0.031859468668699265,-0.812966525554657,0.5823104977607727,0.0,0.0,0.0,-3.5762786065873797e-09,-0.023122519254684448,-1.0,-0.0,0.0,0.0,-0.012360505759716034,0.0032300001475960016,-0.016998957842588425,-0.9990482330322266,-0.0,-0.04361938685178757,0.0,-0.002149570034816861,-3.8927792047616094e-06,-0.06502974033355713,-0.7275529503822327,0.6860514879226685,-0.0003207015397492796,-0.00030240791966207325,0.0,0.0,-0.03691747412085533,-0.7071068286895752,0.7071068286895752,0.0,0.0,-2.38418573772492e-09,-2.98023217215615e-10,-0.02163529396057129,-0.9304175972938538,0.36650118231773376,0.0,0.0,0.0,2.98023217215615e-10,-0.01868978515267372,-1.0,-0.0,0.0,0.0,0.0,0.003969999961555004,-0.017509059980511665,-1.0,-0.0,0.0,0.0,0.0,4.611611075233668e-06,-0.0637909397482872,-0.7112206816673279,0.7029688358306885,0.0,0.0,0.0,2.98023217215615e-10,-0.04460655897855759,-0.6427876353263855,0.7660444974899292,0.0,0.0,0.0,-2.98023217215615e-10,-0.02347646653652191,-0.9396926760673523,0.34202009439468384,0.0,0.0,0.0,0.0,-0.019652195274829865,-1.0,-0.0,0.0,0.0,0.00711638480424881,0.0018999999156221747,-0.016959700733423233,-0.9961947202682495,-0.0,0.08715574443340302,0.0,-0.0005882382392883301,0.0,-0.060253534466028214,-0.7133238315582275,0.6995487809181213,-0.03029705584049225,-0.02971198782324791,1.19209286886246e-09,-1.490116086078075e-10,-0.04255415499210358,-0.6427876353263855,0.7660444974899292,0.0,0.0,-2.38418573772492e-09,0.0,-0.02208789810538292,-0.9063078761100769,0.4226182699203491,0.0,0.0,0.0,0.0,-0.017740869894623756,-1.0,-0.0,0.0,0.0,0.013503451831638813,-0.0037700000684708357,-0.014087309129536152,-0.9914448857307434,-0.0,0.13052619993686676,0.0,0.0048975334502756596,-3.847479547403054e-06,-0.05743739381432533,-0.6765674948692322,0.7343704700469971,-0.042795270681381226,-0.03354250267148018,4.76837147544984e-09,-2.98023217215615e-10,-0.03276757150888443,-0.7071068286895752,0.7071068286895752,0.0,0.0,2.38418573772492e-09,0.0,-0.016709718853235245,-0.8419820070266724,0.5395057201385498,0.0,0.0,0.0,0.0,-0.01388302817940712,-1.0,-0.0,0.0,0.0
1782948342.2800832,2026-07-01 19:25:42.280,16553.0,16553,left,0,1,fist,1,0.0,0.003969999961555004,-0.04999999701976776,-1.0,-0.0,0.0,0.0,0.0,0.0,0.0,-1.0,-0.0,0.0,0.0,0.025476500391960144,-0.012044699862599373,-0.022234899923205376,-0.7362073063850403,0.0948873907327652,0.3842087984085083,0.5489797592163086,-5.7220457705398076e-08,-4.3511388270189855e-08,-0.027230437844991684,-0.9098349213600159,0.41497036814689636,0.0,0.0,3.5762786065873797e-09,6.318092005130893e-08,-0.031859491020441055,-0.812966525554657,0.5823104977607727,0.0,0.0,2.384185648907078e-08,0.0,-0.023122519254684448,-1.0,-0.0,0.0,0.0,0.012359999120235443,0.0032300001475960016,-0.017000000923871994,-0.9990482330322266,-0.0,0.04361938685178757,0.0,0.0021501504816114902,-3.890097104886081e-06,-0.06502876430749893,-0.8195688128471375,0.5729785561561584,0.0013111474690958858,0.0009166519157588482,-9.53674295089968e-09,-9.53674295089968e-09,-0.036917347460985184,-0.713771641254425,0.7003785371780396,0.0,0.0,-2.8610228852699038e-08,-2.98023217215615e-10,-0.0216355137526989,-0.9320241212844849,0.3623962104320526,0.0,0.0,1.2636184010261786e-07,2.98023217215615e-10,-0.018689393997192383,-1.0,-0.0,0.0,0.0,0.0,0.003969999961555004,-0.01750910095870495,-1.0,-0.0,0.0,0.0,0.0,4.610121322912164e-06,-0.06379090249538422,-0.7469192147254944,0.6649149060249329,0.0,0.0,0.0,2.98023217215615e-10,-0.044606998562812805,-0.6427876353263855,0.7660444974899292,0.0,0.0,0.0,0.0,-0.023475991562008858,-0.9396926760673523,0.34202009439468384,0.0,0.0,0.0,0.0,-0.019651994109153748,-1.0,-0.0,0.0,0.0,-0.00711638992652297,0.0018999999156221747,-0.016959700733423233,-0.9961947202682495,-0.0,-0.08715574443340302,0.0,0.0005882433033548295,0.0,-0.060253534466028214,-0.7507914900779724,0.6593917608261108,0.02924189530313015,0.025682050734758377,-1.1086464013487785e-07,-1.490116086078075e-10,-0.04255366697907448,-0.6427876353263855,0.7660444974899292,0.0,0.0,4.5299529460862686e-08,0.0,-0.022088106721639633,-0.9063078761100769,0.4226182699203491,0.0,0.0,-1.4305114426349519e-08,0.0,-0.017740696668624878,-1.0,-0.0,0.0,0.0,-0.013503500260412693,-0.0037700000684708357,-0.014087299816310406,-0.9914448857307434,-0.0,-0.13052619993686676,0.0,-0.004897483624517918,-3.8501621020259336e-06,-0.05743739381432533,-0.6765620112419128,0.7343634963035583,0.04291483759880066,0.0336526557803154,5.4836270635405526e-08,-2.98023217215615e-10,-0.03276759013533592,-0.7071068286895752,0.7071068286895752,0.0,0.0,-9.298324243900424e-08,0.0,-0.01670967973768711,-0.8419820070266724,0.5395057201385498,0.0,0.0,6.19888282926695e-08,0.0,-0.013883084990084171,-1.0,-0.0,0.0,0.0
1782948342.3588905,2026-07-01 19:25:42.358,4151.0,4151,right,0,2,fist,1,0.0,0.003969999961555004,-0.04999999701976776,-1.0,-0.0,0.0,0.0,0.0,0.0,0.0,-1.0,-0.0,0.0,0.0,-0.025476505979895592,-0.012044684961438179,-0.022234933450818062,-0.7382166981697083,0.09777171909809113,-0.38033372163772583,-0.5484734177589417,0.0,1.19209286886246e-09,-0.02723044343292713,-0.9098348617553711,0.4149704873561859,0.0,0.0,2.38418573772492e-09,-1.19209286886246e-09,-0.031859468668699265,-0.812966525554657,0.5823104977607727,0.0,0.0,0.0,-3.5762786065873797e-09,-0.023122519254684448,-1.0,-0.0,0.0,0.0,-0.012360505759716034,0.0032300001475960016,-0.016998957842588425,-0.9990482330322266,-0.0,-0.04361938685178757,0.0,-0.002149570034816861,-3.8927792047616094e-06,-0.06502974033355713,-0.7275529503822327,0.6860514879226685,-0.0003207015397492796,-0.00030240791966207325,0.0,0.0,-0.03691747412085533,-0.7071068286895752,0.7071068286895752,0.0,0.0,-2.38418573772492e-09,-2.98023217215615e-10,-0.02163529396057129,-0.9304175972938538,0.36650118231773376,0.0,0.0,0.0,2.98023217215615e-10,-0.01868978515267372,-1.0,-0.0,0.0,0.0,0.0,0.003969999961555004,-0.017509059980511665,-1.0,-0.0,0.0,0.0,0.0,4.611611075233668e-06,-0.0637909397482872,-0.7112206816673279,0.7029688358306885,0.0,0.0,0.0,2.98023217215615e-10,-0.04460655897855759,-0.6427876353263855,0.7660444974899292,0.0,0.0,0.0,-2.98023217215615e-10,-0.02347646653652191,-0.9396926760673523,0.34202009439468384,0.0,0.0,0.0,0.0,-0.019652195274829865,-1.0,-0.0,0.0,0.0,0.00711638480424881,0.0018999999156221747,-0.016959700733423233,-0.9961947202682495,-0.0,0.08715574443340302,0.0,-0.0005882382392883301,0.0,-0.060253534466028214,-0.7133238315582275,0.6995487809181213,-0.03029705584049225,-0.02971198782324791,1.19209286886246e-09,-1.490116086078075e-10,-0.04255415499210358,-0.6427876353263855,0.7660444974899292,0.0,0.0,-2.38418573772492e-09,0.0,-0.02208789810538292,-0.9063078761100769,0.4226182699203491,0.0,0.0,0.0,0.0,-0.017740869894623756,-1.0,-0.0,0.0,0.0,0.013503451831638813,-0.0037700000684708357,-0.014087309129536152,-0.9914448857307434,-0.0,0.13052619993686676,0.0,0.0048975334502756596,-3.847479547403054e-06,-0.05743739381432533,-0.6765674948692322,0.7343704700469971,-0.042795270681381226,-0.03354250267148018,4.76837147544984e-09,-2.98023217215615e-10,-0.03276757150888443,-0.7071068286895752,0.7071068286895752,0.0,0.0,2.38418573772492e-09,0.0,-0.016709718853235245,-0.8419820070266724,0.5395057201385498,0.0,0.0,0.0,0.0,-0.01388302817940712,-1.0,-0.0,0.0,0.0
1782948342.4899735,2026-07-01 19:25:42.489,16555.0,16555,left,0,1,fist,1,0.0,0.003969999961555004,-0.04999999701976776,-1.0,-0.0,0.0,0.0,0.0,0.0,0.0,-1.0,-0.0,0.0,0.0,0.025476500391960144,-0.012044699862599373,-0.022234899923205376,-0.7362073063850403,0.0948873907327652,0.3842087984085083,0.5489797592163086,-5.7220457705398076e-08,-4.3511388270189855e-08,-0.027230437844991684,-0.9098349213600159,0.41497036814689636,0.0,0.0,3.5762786065873797e-09,6.318092005130893e-08,-0.031859491020441055,-0.812966525554657,0.5823104977607727,0.0,0.0,2.384185648907078e-08,0.0,-0.023122519254684448,-1.0,-0.0,0.0,0.0,0.012359999120235443,0.0032300001475960016,-0.017000000923871994,-0.9990482330322266,-0.0,0.04361938685178757,0.0,0.0021501504816114902,-3.890097104886081e-06,-0.06502876430749893,-0.8139327764511108,0.5809571146965027,0.0012289732694625854,0.0008771987049840391,-9.53674295089968e-09,-9.53674295089968e-09,-0.036917347460985184,-0.7124078869819641,0.7017655968666077,0.0,0.0,-2.8610228852699038e-08,-2.98023217215615e-10,-0.0216355137526989,-0.9316990375518799,0.363231360912323,0.0,0.0,1.2636184010261786e-07,2.98023217215615e-10,-0.018689393997192383,-1.0,-0.0,0.0,0.0,0.0,0.003969999961555004,-0.01750910095870495,-1.0,-0.0,0.0,0.0,0.0,4.610121322912164e-06,-0.06379090249538422,-0.7514104247093201,0.6598351001739502,0.0,0.0,0.0,2.98023217215615e-10,-0.044606998562812805,-0.6427876353263855,0.7660444974899292,0.0,0.0,0.0,0.0,-0.023475991562008858,-0.9396926760673523,0.34202009439468384,0.0,0.0,0.0,0.0,-0.019651994109153748,-1.0,-0.0,0.0,0.0,-0.00711638992652297,0.0018999999156221747,-0.016959700733423233,-0.9961947202682495,-0.0,-0.08715574443340302,0.0,0.0005882433033548295,0.0,-0.060253534466028214,-0.7507914900779724,0.6593917608261108,0.02924189530313015,0.025682050734758377,-1.1086464013487785e-07,-1.490116086078075e-10,-0.04255366697907448,-0.6427876353263855,0.7660444974899292,0.0,0.0,4.5299529460862686e-08,0.0,-0.022088106721639633,-0.9063078761100769,0.4226182699203491,0.0,0.0,-1.4305114426349519e-08,0.0,-0.017740696668624878,-1.0,-0.0,0.0,0.0,-0.013503500260412693,-0.0037700000684708357,-0.014087299816310406,-0.9914448857307434,-0.0,-0.13052619993686676,0.0,-0.004897483624517918,-3.8501621020259336e-06,-0.05743739381432533,-0.6765620112419128,0.7343634963035583,0.04291483759880066,0.0336526557803154,5.4836270635405526e-08,-2.98023217215615e-10,-0.03276759013533592,-0.7071068286895752,0.7071068286895752,0.0,0.0,-9.298324243900424e-08,0.0,-0.01670967973768711,-0.8419820070266724,0.5395057201385498,0.0,0.0,6.19888282926695e-08,0.0,-0.013883084990084171,-1.0,-0.0,0.0,0.0
1782948342.5667696,2026-07-01 19:25:42.566,4165.0,4165,right,0,2,fist,1,0.0,0.003969999961555004,-0.04999999701976776,-1.0,-0.0,0.0,0.0,0.0,0.0,0.0,-1.0,-0.0,0.0,0.0,-0.025476505979895592,-0.012044684961438179,-0.022234933450818062,-0.7382166981697083,0.09777171909809113,-0.38033372163772583,-0.5484734177589417,0.0,1.19209286886246e-09,-0.02723044343292713,-0.9098348617553711,0.4149704873561859,0.0,0.0,2.38418573772492e-09,-1.19209286886246e-09,-0.031859468668699265,-0.812966525554657,0.5823104977607727,0.0,0.0,0.0,-3.5762786065873797e-09,-0.023122519254684448,-1.0,-0.0,0.0,0.0,-0.012360505759716034,0.0032300001475960016,-0.016998957842588425,-0.9990482330322266,-0.0,-0.04361938685178757,0.0,-0.002149570034816861,-3.8927792047616094e-06,-0.06502974033355713,-0.7304338812828064,0.6829832196235657,-0.00036737133632414043,-0.00034343445440754294,0.0,0.0,-0.03691747412085533,-0.7071068286895752,0.7071068286895752,0.0,0.0,-2.38418573772492e-09,-2.98023217215615e-10,-0.02163529396057129,-0.9304175972938538,0.36650118231773376,0.0,0.0,0.0,2.98023217215615e-10,-0.01868978515267372,-1.0,-0.0,0.0,0.0,0.0,0.003969999961555004,-0.017509059980511665,-1.0,-0.0,0.0,0.0,0.0,4.611611075233668e-06,-0.0637909397482872,-0.7112206816673279,0.7029688358306885,0.0,0.0,0.0,2.98023217215615e-10,-0.04460655897855759,-0.6427876353263855,0.7660444974899292,0.0,0.0,0.0,-2.98023217215615e-10,-0.02347646653652191,-0.9396926760673523,0.34202009439468384,0.0,0.0,0.0,0.0,-0.019652195274829865,-1.0,-0.0,0.0,0.0,0.00711638480424881,0.0018999999156221747,-0.016959700733423233,-0.9961947202682495,-0.0,0.08715574443340302,0.0,-0.0005882382392883301,0.0,-0.060253534466028214,-0.7133238315582275,0.6995487809181213,-0.03029705584049225,-0.02971198782324791,1.19209286886246e-09,-1.490116086078075e-10,-0.04255415499210358,-0.6427876353263855,0.7660444974899292,0.0,0.0,-2.38418573772492e-09,0.0,-0.02208789810538292,-0.9063078761100769,0.4226182699203491,0.0,0.0,0.0,0.0,-0.017740869894623756,-1.0,-0.0,0.0,0.0,0.013503451831638813,-0.0037700000684708357,-0.014087309129536152,-0.9914448857307434,-0.0,0.13052619993686676,0.0,0.0048975334502756596,-3.847479547403054e-06,-0.05743739381432533,-0.6765674948692322,0.7343704700469971,-0.042795270681381226,-0.03354250267148018,4.76837147544984e-09,-2.98023217215615e-10,-0.03276757150888443,-0.7071068286895752,0.7071068286895752,0.0,0.0,2.38418573772492e-09,0.0,-0.016709718853235245,-0.8419820070266724,0.5395057201385498,0.0,0.0,0.0,0.0,-0.01388302817940712,-1.0,-0.0,0.0,0.0
1782948342.7088711,2026-07-01 19:25:42.708,16557.0,16557,left,0,1,fist,1,0.0,0.003969999961555004,-0.04999999701976776,-1.0,-0.0,0.0,0.0,0.0,0.0,0.0,-1.0,-0.0,0.0,0.0,0.025476500391960144,-0.012044699862599373,-0.022234899923205376,-0.7362073063850403,0.0948873907327652,0.3842087984085083,0.5489797592163086,-5.7220457705398076e-08,-4.3511388270189855e-08,-0.027230437844991684,-0.9098349213600159,0.41497036814689636,0.0,0.0,3.5762786065873797e-09,6.318092005130893e-08,-0.031859491020441055,-0.812966525554657,0.5823104977607727,0.0,0.0,2.384185648907078e-08,0.0,-0.023122519254684448,-1.0,-0.0,0.0,0.0,0.012359999120235443,0.0032300001475960016,-0.017000000923871994,-0.9990482330322266,-0.0,0.04361938685178757,0.0,0.0021501504816114902,-3.890097104886081e-06,-0.06502876430749893,-0.8022957444190979,0.5969252586364746,0.0010658501414582133,0.0007927294354885817,-9.53674295089968e-09,-9.53674295089968e-09,-0.036917347460985184,-0.7100741863250732,0.7041269540786743,0.0,0.0,-2.8610228852699038e-08,-2.98023217215615e-10,-0.0216355137526989,-0.9311387538909912,0.36466509103775024,0.0,0.0,1.2636184010261786e-07,2.98023217215615e-10,-0.018689393997192383,-1.0,-0.0,0.0,0.0,0.0,0.003969999961555004,-0.01750910095870495,-1.0,-0.0,0.0,0.0,0.0,4.610121322912164e-06,-0.06379090249538422,-0.7514104843139648,0.6598351001739502,0.0,0.0,0.0,2.98023217215615e-10,-0.044606998562812805,-0.6427876353263855,0.7660444974899292,0.0,0.0,0.0,0.0,-0.023475991562008858,-0.9396926760673523,0.34202009439468384,0.0,0.0,0.0,0.0,-0.019651994109153748,-1.0,-0.0,0.0,0.0,-0.00711638992652297,0.0018999999156221747,-0.016959700733423233,-0.9961947202682495,-0.0,-0.08715574443340302,0.0,0.0005882433033548295,0.0,-0.060253534466028214,-0.760172426700592,0.6486164927482605,0.02881251648068428,0.02458425611257553,-1.1086464013487785e-07,-1.490116086078075e-10,-0.04255366697907448,-0.6427876353263855,0.7660444974899292,0.0,0.0,4.5299529460862686e-08,0.0,-0.022088106721639633,-0.9063078761100769,0.4226182699203491,0.0,0.0,-1.4305114426349519e-08,0.0,-0.017740696668624878,-1.0,-0.0,0.0,0.0,-0.013503500260412693,-0.0037700000684708357,-0.014087299816310406,-0.9914448857307434,-0.0,-0.13052619993686676,0.0,-0.004897483624517918,-3.8501621020259336e-06,-0.05743739381432533,-0.6765620112419128,0.7343634963035583,0.04291483759880066,0.0336526557803154,5.4836270635405526e-08,-2.98023217215615e-10,-0.03276759013533592,-0.7071068286895752,0.7071068286895752,0.0,0.0,-9.298324243900424e-08,0.0,-0.01670967973768711,-0.8419820070266724,0.5395057201385498,0.0,0.0,6.19888282926695e-08,0.0,-0.013883084990084171,-1.0,-0.0,0.0,0.0
1782948342.7771769,2026-07-01 19:25:42.777,4178.0,4178,right,0,2,fist,1,0.0,0.003969999961555004,-0.04999999701976776,-1.0,-0.0,0.0,0.0,0.0,0.0,0.0,-1.0,-0.0,0.0,0.0,-0.025476505979895592,-0.012044684961438179,-0.022234933450818062,-0.7382166981697083,0.09777171909809113,-0.38033372163772583,-0.5484734177589417,0.0,1.19209286886246e-09,-0.02723044343292713,-0.9098348617553711,0.4149704873561859,0.0,0.0,2.38418573772492e-09,-1.19209286886246e-09,-0.031859468668699265,-0.812966525554657,0.5823104977607727,0.0,0.0,0.0,-3.5762786065873797e-09,-0.023122519254684448,-1.0,-0.0,0.0,0.0,-0.012360505759716034,0.0032300001475960016,-0.016998957842588425,-0.9990482330322266,-0.0,-0.04361938685178757,0.0,-0.002149570034816861,-3.8927792047616094e-06,-0.06502974033355713,-0.7366014719009399,0.6763268113136292,-0.00046855234540998936,-0.0004302116285543889,0.0,0.0,-0.03691747412085533,-0.7071068286895752,0.7071068286895752,0.0,0.0,-2.38418573772492e-09,-2.98023217215615e-10,-0.02163529396057129,-0.9304175972938538,0.36650118231773376,0.0,0.0,0.0,2.98023217215615e-10,-0.01868978515267372,-1.0,-0.0,0.0,0.0,0.0,0.003969999961555004,-0.017509059980511665,-1.0,-0.0,0.0,0.0,0.0,4.611611075233668e-06,-0.0637909397482872,-0.7112206816673279,0.7029688358306885,0.0,0.0,0.0,2.98023217215615e-10,-0.04460655897855759,-0.6427876353263855,0.7660444974899292,0.0,0.0,0.0,-2.98023217215615e-10,-0.02347646653652191,-0.9396926760673523,0.34202009439468384,0.0,0.0,0.0,0.0,-0.019652195274829865,-1.0,-0.0,0.0,0.0,0.00711638480424881,0.0018999999156221747,-0.016959700733423233,-0.9961947202682495,-0.0,0.08715574443340302,0.0,-0.0005882382392883301,0.0,-0.060253534466028214,-0.7133238315582275,0.6995487809181213,-0.03029705584049225,-0.02971198782324791,1.19209286886246e-09,-1.490116086078075e-10,-0.04255415499210358,-0.6427876353263855,0.7660444974899292,0.0,0.0,-2.38418573772492e-09,0.0,-0.02208789810538292,-0.9063078761100769,0.4226182699203491,0.0,0.0,0.0,0.0,-0.017740869894623756,-1.0,-0.0,0.0,0.0,0.013503451831638813,-0.0037700000684708357,-0.014087309129536152,-0.9914448857307434,-0.0,0.13052619993686676,0.0,0.0048975334502756596,-3.847479547403054e-06,-0.05743739381432533,-0.6765674948692322,0.7343704700469971,-0.042795270681381226,-0.03354250267148018,4.76837147544984e-09,-2.98023217215615e-10,-0.03276757150888443,-0.7071068286895752,0.7071068286895752,0.0,0.0,2.38418573772492e-09,0.0,-0.016709718853235245,-0.8419820070266724,0.5395057201385498,0.0,0.0,0.0,0.0,-0.01388302817940712,-1.0,-0.0,0.0,0.0
1782948342.9289382,2026-07-01 19:25:42.928,16559.0,16559,left,0,1,fist,1,0.0,0.003969999961555004,-0.04999999701976776,-1.0,-0.0,0.0,0.0,0.0,0.0,0.0,-1.0,-0.0,0.0,0.0,0.025476500391960144,-0.012044699862599373,-0.022234899923205376,-0.7364408373832703,0.09351760894060135,0.3841575086116791,0.5489374399185181,-5.7220457705398076e-08,-4.3511388270189855e-08,-0.027230437844991684,-0.9107350707054138,0.41299113631248474,0.0,0.0,3.5762786065873797e-09,6.318092005130893e-08,-0.031859491020441055,-0.8140609860420227,0.5807793736457825,0.0,0.0,2.384185648907078e-08,0.0,-0.023122519254684448,-1.0,-0.0,0.0,0.0,0.012359999120235443,0.0032300001475960016,-0.017000000923871994,-0.9990482330322266,-0.0,0.04361938685178757,0.0,0.0021501504816114902,-3.890097104886081e-06,-0.06502876430749893,-0.8098785877227783,0.5865957736968994,0.0011725254589691758,0.000846526469103992,-9.53674295089968e-09,-9.53674295089968e-09,-0.036917347460985184,-0.7117025852203369,0.7024809122085571,0.0,0.0,-2.8610228852699038e-08,-2.98023217215615e-10,-0.0216355137526989,-0.9315290451049805,0.3636668622493744,0.0,0.0,1.2636184010261786e-07,2.98023217215615e-10,-0.018689393997192383,-1.0,-0.0,0.0,0.0,0.0,0.003969999961555004,-0.01750910095870495,-1.0,-0.0,0.0,0.0,0.0,4.610121322912164e-06,-0.06379090249538422,-0.7447628974914551,0.6673291921615601,0.0,0.0,0.0,2.98023217215615e-10,-0.044606998562812805,-0.6427876353263855,0.7660444974899292,0.0,0.0,0.0,0.0,-0.023475991562008858,-0.9396926760673523,0.34202009439468384,0.0,0.0,0.0,0.0,-0.019651994109153748,-1.0,-0.0,0.0,0.0,-0.00711638992652297,0.0018999999156221747,-0.016959700733423233,-0.9961947202682495,-0.0,-0.08715574443340302,0.0,0.0005882433033548295,0.0,-0.060253534466028214,-0.760172426700592,0.6486164927482605,0.02881251648068428,0.02458425611257553,-1.1086464013487785e-07,-1.490116086078075e-10,-0.04255366697907448,-0.6427876353263855,0.7660444974899292,0.0,0.0,4.5299529460862686e-08,0.0,-0.022088106721639633,-0.9063078761100769,0.4226182699203491,0.0,0.0,-1.4305114426349519e-08,0.0,-0.017740696668624878,-1.0,-0.0,0.0,0.0,-0.013503500260412693,-0.0037700000684708357,-0.014087299816310406,-0.9914448857307434,-0.0,-0.13052619993686676,0.0,-0.004897483624517918,-3.8501621020259336e-06,-0.05743739381432533,-0.6765620112419128,0.7343634963035583,0.04291483759880066,0.0336526557803154,5.4836270635405526e-08,-2.98023217215615e-10,-0.03276759013533592,-0.7071068286895752,0.7071068286895752,0.0,0.0,-9.298324243900424e-08,0.0,-0.01670967973768711,-0.8419820070266724,0.5395057201385498,0.0,0.0,6.19888282926695e-08,0.0,-0.013883084990084171,-1.0,-0.0,0.0,0.0
1782948342.9847298,2026-07-01 19:25:42.984,4190.0,4190,right,0,2,fist,1,0.0,0.003969999961555004,-0.04999999701976776,-1.0,-0.0,0.0,0.0,0.0,0.0,0.0,-1.0,-0.0,0.0,0.0,-0.025476505979895592,-0.012044684961438179,-0.022234933450818062,-0.7382166981697083,0.09777171909809113,-0.38033372163772583,-0.5484734177589417,0.0,1.19209286886246e-09,-0.02723044343292713,-0.9098348617553711,0.4149704873561859,0.0,0.0,2.38418573772492e-09,-1.19209286886246e-09,-0.031859468668699265,-0.812966525554657,0.5823104977607727,0.0,0.0,0.0,-3.5762786065873797e-09,-0.023122519254684448,-1.0,-0.0,0.0,0.0,-0.012360505759716034,0.0032300001475960016,-0.016998957842588425,-0.9990482330322266,-0.0,-0.04361938685178757,0.0,-0.002149570034816861,-3.8927792047616094e-06,-0.06502974033355713,-0.7396058440208435,0.6730398535728455,-0.0005185670452192426,-0.0004716621770057827,0.0,0.0,-0.03691747412085533,-0.7071068286895752,0.7071068286895752,0.0,0.0,-2.38418573772492e-09,-2.98023217215615e-10,-0.02163529396057129,-0.9304175972938538,0.36650118231773376,0.0,0.0,0.0,2.98023217215615e-10,-0.01868978515267372,-1.0,-0.0,0.0,0.0,0.0,0.003969999961555004,-0.017509059980511665,-1.0,-0.0,0.0,0.0,0.0,4.611611075233668e-06,-0.0637909397482872,-0.7112206816673279,0.7029688358306885,0.0,0.0,0.0,2.98023217215615e-10,-0.04460655897855759,-0.6427876353263855,0.7660444974899292,0.0,0.0,0.0,-2.98023217215615e-10,-0.02347646653652191,-0.9396926760673523,0.34202009439468384,0.0,0.0,0.0,0.0,-0.019652195274829865,-1.0,-0.0,0.0,0.0,0.00711638480424881,0.0018999999156221747,-0.016959700733423233,-0.9961947202682495,-0.0,0.08715574443340302,0.0,-0.0005882382392883301,0.0,-0.060253534466028214,-0.7133238315582275,0.6995487809181213,-0.03029705584049225,-0.02971198782324791,1.19209286886246e-09,-1.490116086078075e-10,-0.04255415499210358,-0.6427876353263855,0.7660444974899292,0.0,0.0,-2.38418573772492e-09,0.0,-0.02208789810538292,-0.9063078761100769,0.4226182699203491,0.0,0.0,0.0,0.0,-0.017740869894623756,-1.0,-0.0,0.0,0.0,0.013503451831638813,-0.0037700000684708357,-0.014087309129536152,-0.9914448857307434,-0.0,0.13052619993686676,0.0,0.0048975334502756596,-3.847479547403054e-06,-0.05743739381432533,-0.6765674948692322,0.7343704700469971,-0.042795270681381226,-0.03354250267148018,4.76837147544984e-09,-2.98023217215615e-10,-0.03276757150888443,-0.7071068286895752,0.7071068286895752,0.0,0.0,2.38418573772492e-09,0.0,-0.016709718853235245,-0.8419820070266724,0.5395057201385498,0.0,0.0,0.0,0.0,-0.01388302817940712,-1.0,-0.0,0.0,0.0
1782948343.130246,2026-07-01 19:25:43.130,16560.0,16560,left,0,1,fist,1,0.0,0.003969999961555004,-0.04999999701976776,-1.0,-0.0,0.0,0.0,0.0,0.0,0.0,-1.0,-0.0,0.0,0.0,0.025476500391960144,-0.012044699862599373,-0.022234899923205376,-0.7585875391960144,0.014050614088773727,0.3633017838001251,0.5407027006149292,-5.7220457705398076e-08,-4.3511388270189855e-08,-0.027230437844991684,-0.9566679000854492,0.2911813259124756,0.0,0.0,3.5762786065873797e-09,6.318092005130893e-08,-0.031859491020441055,-0.8895933628082275,0.45675331354141235,0.0,0.0,2.384185648907078e-08,0.0,-0.023122519254684448,-1.0,-0.0,0.0,0.0,0.012359999120235443,0.0032300001475960016,-0.017000000923871994,-0.9990482330322266,-0.0,0.04361938685178757,0.0,0.0021501504816114902,-3.890097104886081e-06,-0.06502876430749893,-0.7732225656509399,0.6341341137886047,0.0006927836802788079,0.0005677834851667285,-9.53674295089968e-09,-9.53674295089968e-09,-0.036917347460985184,-0.7071709632873535,0.7070425748825073,0.0,0.0,-2.8610228852699038e-08,-2.98023217215615e-10,-0.0216355137526989,-0.9304333925247192,0.3664611279964447,0.0,0.0,1.2636184010261786e-07,2.98023217215615e-10,-0.018689393997192383,-1.0,-0.0,0.0,0.0,0.0,0.003969999961555004,-0.01750910095870495,-1.0,-0.0,0.0,0.0,0.0,4.610121322912164e-06,-0.06379090249538422,-0.7583697438240051,0.6518245935440063,0.0,0.0,0.0,2.98023217215615e-10,-0.044606998562812805,-0.6427876353263855,0.7660444974899292,0.0,0.0,0.0,0.0,-0.023475991562008858,-0.9396926760673523,0.34202009439468384,0.0,0.0,0.0,0.0,-0.019651994109153748,-1.0,-0.0,0.0,0.0,-0.00711638992652297,0.0018999999156221747,-0.016959700733423233,-0.9961947202682495,-0.0,-0.08715574443340302,0.0,0.0005882433033548295,0.0,-0.060253534466028214,-0.760172426700592,0.6486164927482605,0.02881251648068428,0.02458425611257553,-1.1086464013487785e-07,-1.490116086078075e-10,-0.04255366697907448,-0.6427876353263855,0.7660444974899292,0.0,0.0,4.5299529460862686e-08,0.0,-0.022088106721639633,-0.9063078761100769,0.4226182699203491,0.0,0.0,-1.4305114426349519e-08,0.0,-0.017740696668624878,-1.0,-0.0,0.0,0.0,-0.013503500260412693,-0.0037700000684708357,-0.014087299816310406,-0.9914448857307434,-0.0,-0.13052619993686676,0.0,-0.004897483624517918,-3.8501621020259336e-06,-0.05743739381432533,-0.685593843460083,0.7260438799858093,0.04063469171524048,0.03420928865671158,5.4836270635405526e-08,-2.98023217215615e-10,-0.03276759013533592,-0.7071068286895752,0.7071068286895752,0.0,0.0,-9.298324243900424e-08,0.0,-0.01670967973768711,-0.8419820070266724,0.5395057201385498,0.0,0.0,6.19888282926695e-08,0.0,-0.013883084990084171,-1.0,-0.0,0.0,0.0
1782948343.205729,2026-07-01 19:25:43.205,4203.0,4203,right,0,2,fist,1,0.0,0.003969999961555004,-0.04999999701976776,-1.0,-0.0,0.0,0.0,0.0,0.0,0.0,-1.0,-0.0,0.0,0.0,-0.025476505979895592,-0.012044684961438179,-0.022234933450818062,-0.7382166981697083,0.09777171909809113,-0.38033372163772583,-0.5484734177589417,0.0,1.19209286886246e-09,-0.02723044343292713,-0.9098348617553711,0.4149704873561859,0.0,0.0,2.38418573772492e-09,-1.19209286886246e-09,-0.031859468668699265,-0.812966525554657,0.5823104977607727,0.0,0.0,0.0,-3.5762786065873797e-09,-0.023122519254684448,-1.0,-0.0,0.0,0.0,-0.012360505759716034,0.0032300001475960016,-0.016998957842588425,-0.9990482330322266,-0.0,-0.04361938685178757,0.0,-0.002149570034816861,-3.8927792047616094e-06,-0.06502974033355713,-0.7492194771766663,0.662321150302887,-0.0006818365072831511,-0.0006018890417180955,0.0,0.0,-0.03691747412085533,-0.7071068286895752,0.7071068286895752,0.0,0.0,-2.38418573772492e-09,-2.98023217215615e-10,-0.02163529396057129,-0.9304175972938538,0.36650118231773376,0.0,0.0,0.0,2.98023217215615e-10,-0.01868978515267372,-1.0,-0.0,0.0,0.0,0.0,0.003969999961555004,-0.017509059980511665,-1.0,-0.0,0.0,0.0,0.0,4.611611075233668e-06,-0.0637909397482872,-0.7112206816673279,0.7029688358306885,0.0,0.0,0.0,2.98023217215615e-10,-0.04460655897855759,-0.6427876353263855,0.7660444974899292,0.0,0.0,0.0,-2.98023217215615e-10,-0.02347646653652191,-0.9396926760673523,0.34202009439468384,0.0,0.0,0.0,0.0,-0.019652195274829865,-1.0,-0.0,0.0,0.0,0.00711638480424881,0.0018999999156221747,-0.016959700733423233,-0.9961947202682495,-0.0,0.08715574443340302,0.0,-0.0005882382392883301,0.0,-0.060253534466028214,-0.7133238315582275,0.6995487809181213,-0.03029705584049225,-0.02971198782324791,1.19209286886246e-09,-1.490116086078075e-10,-0.04255415499210358,-0.6427876353263855,0.7660444974899292,0.0,0.0,-2.38418573772492e-09,0.0,-0.02208789810538292,-0.9063078761100769,0.4226182699203491,0.0,0.0,0.0,0.0,-0.017740869894623756,-1.0,-0.0,0.0,0.0,0.013503451831638813,-0.0037700000684708357,-0.014087309129536152,-0.9914448857307434,-0.0,0.13052619993686676,0.0,0.0048975334502756596,-3.847479547403054e-06,-0.05743739381432533,-0.6765674948692322,0.7343704700469971,-0.042795270681381226,-0.03354250267148018,4.76837147544984e-09,-2.98023217215615e-10,-0.03276757150888443,-0.7071068286895752,0.7071068286895752,0.0,0.0,2.38418573772492e-09,0.0,-0.016709718853235245,-0.8419820070266724,0.5395057201385498,0.0,0.0,0.0,0.0,-0.01388302817940712,-1.0,-0.0,0.0,0.0
1782948343.3438008,2026-07-01 19:25:43.343,16562.0,16562,left,0,1,fist,1,0.0,0.003969999961555004,-0.04999999701976776,-1.0,-0.0,0.0,0.0,0.0,0.0,0.0,-1.0,-0.0,0.0,0.0,0.025476500391960144,-0.012044699862599373,-0.022234899923205376,-0.7605186104774475,0.008427564986050129,0.3608073592185974,0.5397763848304749,-5.7220457705398076e-08,-4.3511388270189855e-08,-0.027230437844991684,-0.9593744874000549,0.28213584423065186,0.0,0.0,3.5762786065873797e-09,6.318092005130893e-08,-0.031859491020441055,-0.8950876593589783,0.4458901286125183,0.0,0.0,2.384185648907078e-08,0.0,-0.023122519254684448,-1.0,-0.0,0.0,0.0,0.012359999120235443,0.0032300001475960016,-0.017000000923871994,-0.9990482330322266,-0.0,0.04361938685178757,0.0,0.0021501504816114902,-3.890097104886081e-06,-0.06502876430749893,-0.836513876914978,0.547942578792572,0.001571572502143681,0.001029428793117404,-9.53674295089968e-09,-9.53674295089968e-09,-0.036917347460985184,-0.7187358736991882,0.6952832341194153,0.0,0.0,-2.8610228852699038e-08,-2.98023217215615e-10,-0.0216355137526989,-0.9331969022750854,0.35936543345451355,0.0,0.0,1.2636184010261786e-07,2.98023217215615e-10,-0.018689393997192383,-1.0,-0.0,0.0,0.0,0.0,0.003969999961555004,-0.01750910095870495,-1.0,-0.0,0.0,0.0,0.0,4.610121322912164e-06,-0.06379090249538422,-0.7731826901435852,0.634183406829834,0.0,0.0,0.0,2.98023217215615e-10,-0.044606998562812805,-0.6428276896476746,0.7660108208656311,0.0,0.0,0.0,0.0,-0.023475991562008858,-0.9396946430206299,0.3420146405696869,0.0,0.0,0.0,0.0,-0.019651994109153748,-1.0,-0.0,0.0,0.0,-0.00711638992652297,0.0018999999156221747,-0.016959700733423233,-0.9961947202682495,-0.0,-0.08715574443340302,0.0,0.0005882433033548295,0.0,-0.060253534466028214,-0.770970344543457,0.6358156204223633,0.028275255113840103,0.023319333791732788,-1.1086464013487785e-07,-1.490116086078075e-10,-0.04255366697907448,-0.6428115367889404,0.7660242915153503,0.0,0.0,4.5299529460862686e-08,0.0,-0.022088106721639633,-0.9063119888305664,0.4226093292236328,0.0,0.0,-1.4305114426349519e-08,0.0,-0.017740696668624878,-1.0,-0.0,0.0,0.0,-0.013503500260412693,-0.0037700000684708357,-0.014087299816310406,-0.9914448857307434,-0.0,-0.13052619993686676,0.0,-0.004897483624517918,-3.8501621020259336e-06,-0.05743739381432533,-0.6873873472213745,0.7243662476539612,0.04017788916826248,0.03431997075676918,5.4836270635405526e-08,-2.98023217215615e-10,-0.03276759013533592,-0.7071068286895752,0.7071068286895752,0.0,0.0,-9.298324243900424e-08,0.0,-0.01670967973768711,-0.8419820070266724,0.5395057201385498,0.0,0.0,6.19888282926695e-08,0.0,-0.013883084990084171,-1.0,-0.0,0.0,0.0
1782948343.419001,2026-07-01 19:25:43.419,4216.0,4216,right,0,2,fist,1,0.0,0.003969999961555004,-0.04999999701976776,-1.0,-0.0,0.0,0.0,0.0,0.0,0.0,-1.0,-0.0,0.0,0.0,-0.025476505979895592,-0.012044684961438179,-0.022234933450818062,-0.7382166981697083,0.09777171909809113,-0.38033372163772583,-0.5484734177589417,0.0,1.19209286886246e-09,-0.02723044343292713,-0.9098348617553711,0.4149704873561859,0.0,0.0,2.38418573772492e-09,-1.19209286886246e-09,-0.031859468668699265,-0.812966525554657,0.5823104977607727,0.0,0.0,0.0,-3.5762786065873797e-09,-0.023122519254684448,-1.0,-0.0,0.0,0.0,-0.012360505759716034,0.0032300001475960016,-0.016998957842588425,-0.9990482330322266,-0.0,-0.04361938685178757,0.0,-0.002149570034816861,-3.8927792047616094e-06,-0.06502974033355713,-0.7536427974700928,0.6572835445404053,-0.0007582500693388283,-0.0006613017758354545,0.0,0.0,-0.03691747412085533,-0.7071068286895752,0.7071068286895752,0.0,0.0,-2.38418573772492e-09,-2.98023217215615e-10,-0.02163529396057129,-0.9304175972938538,0.36650118231773376,0.0,0.0,0.0,2.98023217215615e-10,-0.01868978515267372,-1.0,-0.0,0.0,0.0,0.0,0.003969999961555004,-0.017509059980511665,-1.0,-0.0,0.0,0.0,0.0,4.611611075233668e-06,-0.0637909397482872,-0.7112206816673279,0.7029688358306885,0.0,0.0,0.0,2.98023217215615e-10,-0.04460655897855759,-0.6427876353263855,0.7660444974899292,0.0,0.0,0.0,-2.98023217215615e-10,-0.02347646653652191,-0.9396926760673523,0.34202009439468384,0.0,0.0,0.0,0.0,-0.019652195274829865,-1.0,-0.0,0.0,0.0,0.00711638480424881,0.0018999999156221747,-0.016959700733423233,-0.9961947202682495,-0.0,0.08715574443340302,0.0,-0.0005882382392883301,0.0,-0.060253534466028214,-0.7133238315582275,0.6995487809181213,-0.03029705584049225,-0.02971198782324791,1.19209286886246e-09,-1.490116086078075e-10,-0.04255415499210358,-0.6427876353263855,0.7660444974899292,0.0,0.0,-2.38418573772492e-09,0.0,-0.02208789810538292,-0.9063078761100769,0.4226182699203491,0.0,0.0,0.0,0.0,-0.017740869894623756,-1.0,-0.0,0.0,0.0,0.013503451831638813,-0.0037700000684708357,-0.014087309129536152,-0.9914448857307434,-0.0,0.13052619993686676,0.0,0.0048975334502756596,-3.847479547403054e-06,-0.05743739381432533,-0.6765674948692322,0.7343704700469971,-0.042795270681381226,-0.03354250267148018,4.76837147544984e-09,-2.98023217215615e-10,-0.03276757150888443,-0.7071068286895752,0.7071068286895752,0.0,0.0,2.38418573772492e-09,0.0,-0.016709718853235245,-0.8419820070266724,0.5395057201385498,0.0,0.0,0.0,0.0,-0.01388302817940712,-1.0,-0.0,0.0,0.0
1782948343.5611074,2026-07-01 19:25:43.561,16564.0,16564,left,0,1,fist,1,0.0,0.003969999961555004,-0.04999999701976776,-1.0,-0.0,0.0,0.0,0.0,0.0,0.0,-1.0,-0.0,0.0,0.0,0.025476500391960144,-0.012044699862599373,-0.022234899923205376,-0.745768666267395,0.05425120145082474,0.37765535712242126,0.5461340546607971,-5.7220457705398076e-08,-4.3511388270189855e-08,-0.027230437844991684,-0.9351120591163635,0.3543522357940674,0.0,0.0,3.5762786065873797e-09,6.318092005130893e-08,-0.031859491020441055,-0.84975665807724,0.52717524766922,0.0,0.0,2.384185648907078e-08,0.0,-0.023122519254684448,-1.0,-0.0,0.0,0.0,0.012359999120235443,0.0032300001475960016,-0.017000000923871994,-0.9990482330322266,-0.0,0.04361938685178757,0.0,0.0021501504816114902,-3.890097104886081e-06,-0.06502876430749893,-0.8030376434326172,0.5959267616271973,0.0010822475887835026,0.0007906554383225739,-9.53674295089968e-09,-9.53674295089968e-09,-0.036917347460985184,-0.711062490940094,0.7031288743019104,0.0,0.0,-2.8610228852699038e-08,-2.98023217215615e-10,-0.0216355137526989,-0.9313716888427734,0.36406975984573364,0.0,0.0,1.2636184010261786e-07,2.98023217215615e-10,-0.018689393997192383,-1.0,-0.0,0.0,0.0,0.0,0.003969999961555004,-0.01750910095870495,-1.0,-0.0,0.0,0.0,0.0,4.610121322912164e-06,-0.06379090249538422,-0.7731826901435852,0.634183406829834,0.0,0.0,0.0,2.98023217215615e-10,-0.044606998562812805,-0.6428276896476746,0.7660108208656311,0.0,0.0,0.0,0.0,-0.023475991562008858,-0.9396946430206299,0.3420146405696869,0.0,0.0,0.0,0.0,-0.019651994109153748,-1.0,-0.0,0.0,0.0,-0.00711638992652297,0.0018999999156221747,-0.016959700733423233,-0.9961947202682495,-0.0,-0.08715574443340302,0.0,0.0005882433033548295,0.0,-0.060253534466028214,-0.780543327331543,0.6240904331207275,0.027758166193962097,0.022197602316737175,-1.1086464013487785e-07,-1.490116086078075e-10,-0.04255366697907448,-0.6433694362640381,0.7655558586120605,0.0,0.0,4.5299529460862686e-08,0.0,-0.022088106721639633,-0.9064082503318787,0.42240285873413086,0.0,0.0,-1.4305114426349519e-08,0.0,-0.017740696668624878,-1.0,-0.0,0.0,0.0,-0.013503500260412693,-0.0037700000684708357,-0.014087299816310406,-0.9914448857307434,-0.0,-0.13052619993686676,0.0,-0.004897483624517918,-3.8501621020259336e-06,-0.05743739381432533,-0.6873873472213745,0.7243662476539612,0.04017788916826248,0.03431997075676918,5.4836270635405526e-08,-2.98023217215615e-10,-0.03276759013533592,-0.7071068286895752,0.7071068286895752,0.0,0.0,-9.298324243900424e-08,0.0,-0.01670967973768711,-0.8419820070266724,0.5395057201385498,0.0,0.0,6.19888282926695e-08,0.0,-0.013883084990084171,-1.0,-0.0,0.0,0.0
1782948343.6388261,2026-07-01 19:25:43.638,4229.0,4229,right,0,2,fist,1,0.0,0.003969999961555004,-0.04999999701976776,-1.0,-0.0,0.0,0.0,0.0,0.0,0.0,-1.0,-0.0,0.0,0.0,-0.025476505979895592,-0.012044684961438179,-0.022234933450818062,-0.7382166981697083,0.09777171909809113,-0.38033372163772583,-0.5484734177589417,0.0,1.19209286886246e-09,-0.02723044343292713,-0.9098348617553711,0.4149704873561859,0.0,0.0,2.38418573772492e-09,-1.19209286886246e-09,-0.031859468668699265,-0.812966525554657,0.5823104977607727,0.0,0.0,0.0,-3.5762786065873797e-09,-0.023122519254684448,-1.0,-0.0,0.0,0.0,-0.012360505759716034,0.0032300001475960016,-0.016998957842588425,-0.9990482330322266,-0.0,-0.04361938685178757,0.0,-0.002149570034816861,-3.8927792047616094e-06,-0.06502974033355713,-0.7536427974700928,0.6572835445404053,-0.0007582500693388283,-0.0006613017758354545,0.0,0.0,-0.03691747412085533,-0.7071068286895752,0.7071068286895752,0.0,0.0,-2.38418573772492e-09,-2.98023217215615e-10,-0.02163529396057129,-0.9304175972938538,0.36650118231773376,0.0,0.0,0.0,2.98023217215615e-10,-0.01868978515267372,-1.0,-0.0,0.0,0.0,0.0,0.003969999961555004,-0.017509059980511665,-1.0,-0.0,0.0,0.0,0.0,4.611611075233668e-06,-0.0637909397482872,-0.7112206816673279,0.7029688358306885,0.0,0.0,0.0,2.98023217215615e-10,-0.04460655897855759,-0.6427876353263855,0.7660444974899292,0.0,0.0,0.0,-2.98023217215615e-10,-0.02347646653652191,-0.9396926760673523,0.34202009439468384,0.0,0.0,0.0,0.0,-0.019652195274829865,-1.0,-0.0,0.0,0.0,0.00711638480424881,0.0018999999156221747,-0.016959700733423233,-0.9961947202682495,-0.0,0.08715574443340302,0.0,-0.0005882382392883301,0.0,-0.060253534466028214,-0.7133238315582275,0.6995487809181213,-0.03029705584049225,-0.02971198782324791,1.19209286886246e-09,-1.490116086078075e-10,-0.04255415499210358,-0.6427876353263855,0.7660444974899292,0.0,0.0,-2.38418573772492e-09,0.0,-0.02208789810538292,-0.9063078761100769,0.4226182699203491,0.0,0.0,0.0,0.0,-0.017740869894623756,-1.0,-0.0,0.0,0.0,0.013503451831638813,-0.0037700000684708357,-0.014087309129536152,-0.9914448857307434,-0.0,0.13052619993686676,0.0,0.0048975334502756596,-3.847479547403054e-06,-0.05743739381432533,-0.6765674948692322,0.7343704700469971,-0.042795270681381226,-0.03354250267148018,4.76837147544984e-09,-2.98023217215615e-10,-0.03276757150888443,-0.7071068286895752,0.7071068286895752,0.0,0.0,2.38418573772492e-09,0.0,-0.016709718853235245,-0.8419820070266724,0.5395057201385498,0.0,0.0,0.0,0.0,-0.01388302817940712,-1.0,-0.0,0.0,0.0
