wall_time,iso_time,timestamp,packet_counter,hand_side,frame_id,status,pose,take,PALM_x,PALM_y,PALM_z,PALM_qw,PALM_qx,PALM_qy,PALM_qz,WRIST_x,WRIST_y,WRIST_z,WRIST_qw,WRIST_qx,WRIST_qy,WRIST_qz,THUMB_METACARPAL_x,THUMB_METACARPAL_y,THUMB_METACARPAL_z,THUMB_METACARPAL_qw,THUMB_METACARPAL_qx,THUMB_METACARPAL_qy,THUMB_METACARPAL_qz,THUMB_PROXIMAL_x,THUMB_PROXIMAL_y,THUMB_PROXIMAL_z,THUMB_PROXIMAL_qw,THUMB_PROXIMAL_qx,THUMB_PROXIMAL_qy,THUMB_PROXIMAL_qz,THUMB_DISTAL_x,THUMB_DISTAL_y,THUMB_DISTAL_z,THUMB_DISTAL_qw,THUMB_DISTAL_qx,THUMB_DISTAL_qy,THUMB_DISTAL_qz,THUMB_TIP_x,THUMB_TIP_y,THUMB_TIP_z,THUMB_TIP_qw,THUMB_TIP_qx,THUMB_TIP_qy,THUMB_TIP_qz,INDEX_METACARPAL_x,INDEX_METACARPAL_y,INDEX_METACARPAL_z,INDEX_METACARPAL_qw,INDEX_METACARPAL_qx,INDEX_METACARPAL_qy,INDEX_METACARPAL_qz,INDEX_PROXIMAL_x,INDEX_PROXIMAL_y,INDEX_PROXIMAL_z,INDEX_PROXIMAL_qw,INDEX_PROXIMAL_qx,INDEX_PROXIMAL_qy,INDEX_PROXIMAL_qz,INDEX_INTERMEDIATE_x,INDEX_INTERMEDIATE_y,INDEX_INTERMEDIATE_z,INDEX_INTERMEDIATE_qw,INDEX_INTERMEDIATE_qx,INDEX_INTERMEDIATE_qy,INDEX_INTERMEDIATE_qz,INDEX_DISTAL_x,INDEX_DISTAL_y,INDEX_DISTAL_z,INDEX_DISTAL_qw,INDEX_DISTAL_qx,INDEX_DISTAL_qy,INDEX_DISTAL_qz,INDEX_TIP_x,INDEX_TIP_y,INDEX_TIP_z,INDEX_TIP_qw,INDEX_TIP_qx,INDEX_TIP_qy,INDEX_TIP_qz,MIDDLE_METACARPAL_x,MIDDLE_METACARPAL_y,MIDDLE_METACARPAL_z,MIDDLE_METACARPAL_qw,MIDDLE_METACARPAL_qx,MIDDLE_METACARPAL_qy,MIDDLE_METACARPAL_qz,MIDDLE_PROXIMAL_x,MIDDLE_PROXIMAL_y,MIDDLE_PROXIMAL_z,MIDDLE_PROXIMAL_qw,MIDDLE_PROXIMAL_qx,MIDDLE_PROXIMAL_qy,MIDDLE_PROXIMAL_qz,MIDDLE_INTERMEDIATE_x,MIDDLE_INTERMEDIATE_y,MIDDLE_INTERMEDIATE_z,MIDDLE_INTERMEDIATE_qw,MIDDLE_INTERMEDIATE_qx,MIDDLE_INTERMEDIATE_qy,MIDDLE_INTERMEDIATE_qz,MIDDLE_DISTAL_x,MIDDLE_DISTAL_y,MIDDLE_DISTAL_z,MIDDLE_DISTAL_qw,MIDDLE_DISTAL_qx,MIDDLE_DISTAL_qy,MIDDLE_DISTAL_qz,MIDDLE_TIP_x,MIDDLE_TIP_y,MIDDLE_TIP_z,MIDDLE_TIP_qw,MIDDLE_TIP_qx,MIDDLE_TIP_qy,MIDDLE_TIP_qz,RING_METACARPAL_x,RING_METACARPAL_y,RING_METACARPAL_z,RING_METACARPAL_qw,RING_METACARPAL_qx,RING_METACARPAL_qy,RING_METACARPAL_qz,RING_PROXIMAL_x,RING_PROXIMAL_y,RING_PROXIMAL_z,RING_PROXIMAL_qw,RING_PROXIMAL_qx,RING_PROXIMAL_qy,RING_PROXIMAL_qz,RING_INTERMEDIATE_x,RING_INTERMEDIATE_y,RING_INTERMEDIATE_z,RING_INTERMEDIATE_qw,RING_INTERMEDIATE_qx,RING_INTERMEDIATE_qy,RING_INTERMEDIATE_qz,RING_DISTAL_x,RING_DISTAL_y,RING_DISTAL_z,RING_DISTAL_qw,RING_DISTAL_qx,RING_DISTAL_qy,RING_DISTAL_qz,RING_TIP_x,RING_TIP_y,RING_TIP_z,RING_TIP_qw,RING_TIP_qx,RING_TIP_qy,RING_TIP_qz,LITTLE_METACARPAL_x,LITTLE_METACARPAL_y,LITTLE_METACARPAL_z,LITTLE_METACARPAL_qw,LITTLE_METACARPAL_qx,LITTLE_METACARPAL_qy,LITTLE_METACARPAL_qz,LITTLE_PROXIMAL_x,LITTLE_PROXIMAL_y,LITTLE_PROXIMAL_z,LITTLE_PROXIMAL_qw,LITTLE_PROXIMAL_qx,LITTLE_PROXIMAL_qy,LITTLE_PROXIMAL_qz,LITTLE_INTERMEDIATE_x,LITTLE_INTERMEDIATE_y,LITTLE_INTERMEDIATE_z,LITTLE_INTERMEDIATE_qw,LITTLE_INTERMEDIATE_qx,LITTLE_INTERMEDIATE_qy,LITTLE_INTERMEDIATE_qz,LITTLE_DISTAL_x,LITTLE_DISTAL_y,LITTLE_DISTAL_z,LITTLE_DISTAL_qw,LITTLE_DISTAL_qx,LITTLE_DISTAL_qy,LITTLE_DISTAL_qz,LITTLE_TIP_x,LITTLE_TIP_y,LITTLE_TIP_z,LITTLE_TIP_qw,LITTLE_TIP_qx,LITTLE_TIP_qy,LITTLE_TIP_qz
1782948349.7297153,2026-07-01 19:25:49.729,4575.0,4575,right,0,2,fist,2,0.0,0.003969999961555004,-0.04999999701976776,-1.0,-0.0,0.0,0.0,0.0,0.0,0.0,-1.0,-0.0,0.0,0.0,-0.025476505979895592,-0.012044684961438179,-0.022234933450818062,-0.7382166981697083,0.09777171909809113,-0.38033372163772583,-0.5484734177589417,0.0,1.19209286886246e-09,-0.02723044343292713,-0.9098348617553711,0.4149704873561859,0.0,0.0,2.38418573772492e-09,-1.19209286886246e-09,-0.031859468668699265,-0.812966525554657,0.5823104977607727,0.0,0.0,0.0,-3.5762786065873797e-09,-0.023122519254684448,-1.0,-0.0,0.0,0.0,-0.012360505759716034,0.0032300001475960016,-0.016998957842588425,-0.9990482330322266,-0.0,-0.04361938685178757,0.0,-0.002149570034816861,-3.8927792047616094e-06,-0.06502974033355713,-0.7757623195648193,0.6310235261917114,-0.0011577566619962454,-0.0009417467517778277,0.0,0.0,-0.03691747412085533,-0.7072030305862427,0.7070105075836182,0.0,0.0,-2.38418573772492e-09,-2.98023217215615e-10,-0.02163529396057129,-0.9304412603378296,0.36644110083580017,0.0,0.0,0.0,2.98023217215615e-10,-0.01868978515267372,-1.0,-0.0,0.0,0.0,0.0,0.003969999961555004,-0.017509059980511665,-1.0,-0.0,0.0,0.0,0.0,4.611611075233668e-06,-0.0637909397482872,-0.7112206816673279,0.7029688358306885,0.0,0.0,0.0,2.98023217215615e-10,-0.04460655897855759,-0.6427876353263855,0.7660444974899292,0.0,0.0,0.0,-2.98023217215615e-10,-0.02347646653652191,-0.9396926760673523,0.34202009439468384,0.0,0.0,0.0,0.0,-0.019652195274829865,-1.0,-0.0,0.0,0.0,0.00711638480424881,0.0018999999156221747,-0.016959700733423233,-0.9961947202682495,-0.0,0.08715574443340302,0.0,-0.0005882382392883301,0.0,-0.060253534466028214,-0.7133238315582275,0.6995487809181213,-0.03029705584049225,-0.02971198782324791,1.19209286886246e-09,-1.490116086078075e-10,-0.04255415499210358,-0.6427876353263855,0.7660444974899292,0.0,0.0,-2.38418573772492e-09,0.0,-0.02208789810538292,-0.9063078761100769,0.4226182699203491,0.0,0.0,0.0,0.0,-0.017740869894623756,-1.0,-0.0,0.0,0.0,0.013503451831638813,-0.0037700000684708357,-0.014087309129536152,-0.9914448857307434,-0.0,0.13052619993686676,0.0,0.0048975334502756596,-3.847479547403054e-06,-0.05743739381432533,-0.6765674948692322,0.7343704700469971,-0.042795270681381226,-0.03354250267148018,4.76837147544984e-09,-2.98023217215615e-10,-0.03276757150888443,-0.7071068286895752,0.7071068286895752,0.0,0.0,2.38418573772492e-09,0.0,-0.016709718853235245,-0.8419820070266724,0.5395057201385498,0.0,0.0,0.0,0.0,-0.01388302817940712,-1.0,-0.0,0.0,0.0
1782948349.7300758,2026-07-01 19:25:49.730,16613.0,16613,left,0,1,fist,2,0.0,0.003969999961555004,-0.04999999701976776,-1.0,-0.0,0.0,0.0,0.0,0.0,0.0,-1.0,-0.0,0.0,0.0,0.025476500391960144,-0.012044699862599373,-0.022234899923205376,-0.7470147609710693,0.049445927143096924,0.3765372335910797,0.5456590056419373,-5.7220457705398076e-08,-4.3511388270189855e-08,-0.027230437844991684,-0.9378601312637329,0.3470136225223541,0.0,0.0,3.5762786065873797e-09,6.318092005130893e-08,-0.031859491020441055,-0.8542045950889587,0.5199370980262756,0.0,0.0,2.384185648907078e-08,0.0,-0.023122519254684448,-1.0,-0.0,0.0,0.0,0.012359999120235443,0.0032300001475960016,-0.017000000923871994,-0.9990482330322266,-0.0,0.04361938685178757,0.0,0.0021501504816114902,-3.890097104886081e-06,-0.06502876430749893,-0.7681047320365906,0.6403236985206604,0.0006316310027614236,0.0005265535437501967,-9.53674295089968e-09,-9.53674295089968e-09,-0.036917347460985184,-0.7071068286895752,0.7071068286895752,0.0,0.0,-2.8610228852699038e-08,-2.98023217215615e-10,-0.0216355137526989,-0.9304175972938538,0.36650118231773376,0.0,0.0,1.2636184010261786e-07,2.98023217215615e-10,-0.018689393997192383,-1.0,-0.0,0.0,0.0,0.0,0.003969999961555004,-0.01750910095870495,-1.0,-0.0,0.0,0.0,0.0,4.610121322912164e-06,-0.06379090249538422,-0.7731826901435852,0.634183406829834,0.0,0.0,0.0,2.98023217215615e-10,-0.044606998562812805,-0.6428276896476746,0.7660108208656311,0.0,0.0,0.0,0.0,-0.023475991562008858,-0.9396946430206299,0.3420146405696869,0.0,0.0,0.0,0.0,-0.019651994109153748,-1.0,-0.0,0.0,0.0,-0.00711638992652297,0.0018999999156221747,-0.016959700733423233,-0.9961947202682495,-0.0,-0.08715574443340302,0.0,0.0005882433033548295,0.0,-0.060253534466028214,-0.8050992488861084,0.5922441482543945,0.02625160664319992,0.01931110955774784,-1.1086464013487785e-07,-1.490116086078075e-10,-0.04255366697907448,-0.647906482219696,0.7617198824882507,0.0,0.0,4.5299529460862686e-08,0.0,-0.022088106721639633,-0.9071947932243347,0.42071086168289185,0.0,0.0,-1.4305114426349519e-08,0.0,-0.017740696668624878,-1.0,-0.0,0.0,0.0,-0.013503500260412693,-0.0037700000684708357,-0.014087299816310406,-0.9914448857307434,-0.0,-0.13052619993686676,0.0,-0.004897483624517918,-3.8501621020259336e-06,-0.05743739381432533,-0.6873873472213745,0.7243662476539612,0.04017788916826248,0.03431997075676918,5.4836270635405526e-08,-2.98023217215615e-10,-0.03276759013533592,-0.7071068286895752,0.7071068286895752,0.0,0.0,-9.298324243900424e-08,0.0,-0.01670967973768711,-0.8419820070266724,0.5395057201385498,0.0,0.0,6.19888282926695e-08,0.0,-0.013883084990084171,-1.0,-0.0,0.0,0.0
1782948349.940479,2026-07-01 19:25:49.940,16617.0,16617,left,0,1,fist,2,0.0,0.003969999961555004,-0.04999999701976776,-1.0,-0.0,0.0,0.0,0.0,0.0,0.0,-1.0,-0.0,0.0,0.0,0.025476500391960144,-0.012044699862599373,-0.022234899923205376,-0.7479415535926819,0.04638166353106499,0.375605046749115,0.5453009009361267,-5.7220457705398076e-08,-4.3511388270189855e-08,-0.027230437844991684,-0.9396021366119385,0.342268705368042,0.0,0.0,3.5762786065873797e-09,6.318092005130893e-08,-0.031859491020441055,-0.857246458530426,0.5149063467979431,0.0,0.0,2.384185648907078e-08,0.0,-0.023122519254684448,-1.0,-0.0,0.0,0.0,0.012359999120235443,0.0032300001475960016,-0.017000000923871994,-0.9990482330322266,-0.0,0.04361938685178757,0.0,0.0021501504816114902,-3.890097104886081e-06,-0.06502876430749893,-0.7681047320365906,0.6403236985206604,0.0006316310027614236,0.0005265535437501967,-9.53674295089968e-09,-9.53674295089968e-09,-0.036917347460985184,-0.7071068286895752,0.7071068286895752,0.0,0.0,-2.8610228852699038e-08,-2.98023217215615e-10,-0.0216355137526989,-0.9304175972938538,0.36650118231773376,0.0,0.0,1.2636184010261786e-07,2.98023217215615e-10,-0.018689393997192383,-1.0,-0.0,0.0,0.0,0.0,0.003969999961555004,-0.01750910095870495,-1.0,-0.0,0.0,0.0,0.0,4.610121322912164e-06,-0.06379090249538422,-0.7757631540298462,0.631024181842804,0.0,0.0,0.0,2.98023217215615e-10,-0.044606998562812805,-0.6429281234741211,0.7659265398979187,0.0,0.0,0.0,0.0,-0.023475991562008858,-0.9396995902061462,0.3420011103153229,0.0,0.0,0.0,0.0,-0.019651994109153748,-1.0,-0.0,0.0,0.0,-0.00711638992652297,0.0018999999156221747,-0.016959700733423233,-0.9961947202682495,-0.0,-0.08715574443340302,0.0,0.0005882433033548295,0.0,-0.060253534466028214,-0.8050992488861084,0.5922441482543945,0.02625160664319992,0.01931110955774784,-1.1086464013487785e-07,-1.490116086078075e-10,-0.04255366697907448,-0.647906482219696,0.7617198824882507,0.0,0.0,4.5299529460862686e-08,0.0,-0.022088106721639633,-0.9071947932243347,0.42071086168289185,0.0,0.0,-1.4305114426349519e-08,0.0,-0.017740696668624878,-1.0,-0.0,0.0,0.0,-0.013503500260412693,-0.0037700000684708357,-0.014087299816310406,-0.9914448857307434,-0.0,-0.13052619993686676,0.0,-0.004897483624517918,-3.8501621020259336e-06,-0.05743739381432533,-0.6873873472213745,0.7243662476539612,0.04017788916826248,0.03431997075676918,5.4836270635405526e-08,-2.98023217215615e-10,-0.03276759013533592,-0.7071068286895752,0.7071068286895752,0.0,0.0,-9.298324243900424e-08,0.0,-0.01670967973768711,-0.8419820070266724,0.5395057201385498,0.0,0.0,6.19888282926695e-08,0.0,-0.013883084990084171,-1.0,-0.0,0.0,0.0
1782948349.9406898,2026-07-01 19:25:49.940,4604.0,4604,right,0,2,fist,2,0.0,0.003969999961555004,-0.04999999701976776,-1.0,-0.0,0.0,0.0,0.0,0.0,0.0,-1.0,-0.0,0.0,0.0,-0.025476505979895592,-0.012044684961438179,-0.022234933450818062,-0.7382166981697083,0.09777171909809113,-0.38033372163772583,-0.5484734177589417,0.0,1.19209286886246e-09,-0.02723044343292713,-0.9098348617553711,0.4149704873561859,0.0,0.0,2.38418573772492e-09,-1.19209286886246e-09,-0.031859468668699265,-0.812966525554657,0.5823104977607727,0.0,0.0,0.0,-3.5762786065873797e-09,-0.023122519254684448,-1.0,-0.0,0.0,0.0,-0.012360505759716034,0.0032300001475960016,-0.016998957842588425,-0.9990482330322266,-0.0,-0.04361938685178757,0.0,-0.002149570034816861,-3.8927792047616094e-06,-0.06502974033355713,-0.7757623195648193,0.6310235261917114,-0.0011577566619962454,-0.0009417467517778277,0.0,0.0,-0.03691747412085533,-0.7072030305862427,0.7070105075836182,0.0,0.0,-2.38418573772492e-09,-2.98023217215615e-10,-0.02163529396057129,-0.9304412603378296,0.36644110083580017,0.0,0.0,0.0,2.98023217215615e-10,-0.01868978515267372,-1.0,-0.0,0.0,0.0,0.0,0.003969999961555004,-0.017509059980511665,-1.0,-0.0,0.0,0.0,0.0,4.611611075233668e-06,-0.0637909397482872,-0.7112206816673279,0.7029688358306885,0.0,0.0,0.0,2.98023217215615e-10,-0.04460655897855759,-0.6427876353263855,0.7660444974899292,0.0,0.0,0.0,-2.98023217215615e-10,-0.02347646653652191,-0.9396926760673523,0.34202009439468384,0.0,0.0,0.0,0.0,-0.019652195274829865,-1.0,-0.0,0.0,0.0,0.00711638480424881,0.0018999999156221747,-0.016959700733423233,-0.9961947202682495,-0.0,0.08715574443340302,0.0,-0.0005882382392883301,0.0,-0.060253534466028214,-0.7133238315582275,0.6995487809181213,-0.03029705584049225,-0.02971198782324791,1.19209286886246e-09,-1.490116086078075e-10,-0.04255415499210358,-0.6427876353263855,0.7660444974899292,0.0,0.0,-2.38418573772492e-09,0.0,-0.02208789810538292,-0.9063078761100769,0.4226182699203491,0.0,0.0,0.0,0.0,-0.017740869894623756,-1.0,-0.0,0.0,0.0,0.013503451831638813,-0.0037700000684708357,-0.014087309129536152,-0.9914448857307434,-0.0,0.13052619993686676,0.0,0.0048975334502756596,-3.847479547403054e-06,-0.05743739381432533,-0.6765674948692322,0.7343704700469971,-0.042795270681381226,-0.03354250267148018,4.76837147544984e-09,-2.98023217215615e-10,-0.03276757150888443,-0.7071068286895752,0.7071068286895752,0.0,0.0,2.38418573772492e-09,0.0,-0.016709718853235245,-0.8419820070266724,0.5395057201385498,0.0,0.0,0.0,0.0,-0.01388302817940712,-1.0,-0.0,0.0,0.0
1782948350.1410422,2026-07-01 19:25:50.141,16619.0,16619,left,0,1,fist,2,0.0,0.003969999961555004,-0.04999999701976776,-1.0,-0.0,0.0,0.0,0.0,0.0,0.0,-1.0,-0.0,0.0,0.0,0.025476500391960144,-0.012044699862599373,-0.022234899923205376,-0.7482584118843079,0.04535561054944992,0.37527909874916077,0.5451768636703491,-5.7220457705398076e-08,-4.3511388270189855e-08,-0.027230437844991684,-0.9401811361312866,0.3406749665737152,0.0,0.0,3.5762786065873797e-09,6.318092005130893e-08,-0.031859491020441055,-0.8582723140716553,0.5131945610046387,0.0,0.0,2.384185648907078e-08,0.0,-0.023122519254684448,-1.0,-0.0,0.0,0.0,0.012359999120235443,0.0032300001475960016,-0.017000000923871994,-0.9990482330322266,-0.0,0.04361938685178757,0.0,0.0021501504816114902,-3.890097104886081e-06,-0.06502876430749893,-0.7757628560066223,0.6310239434242249,0.0007233438082039356,0.0005883850390091538,-9.53674295089968e-09,-9.53674295089968e-09,-0.036917347460985184,-0.7072030305862427,0.7070105075836182,0.0,0.0,-2.8610228852699038e-08,-2.98023217215615e-10,-0.0216355137526989,-0.9304412603378296,0.36644110083580017,0.0,0.0,1.2636184010261786e-07,2.98023217215615e-10,-0.018689393997192383,-1.0,-0.0,0.0,0.0,0.0,0.003969999961555004,-0.01750910095870495,-1.0,-0.0,0.0,0.0,0.0,4.610121322912164e-06,-0.06379090249538422,-0.7757631540298462,0.631024181842804,0.0,0.0,0.0,2.98023217215615e-10,-0.044606998562812805,-0.6429281234741211,0.7659265398979187,0.0,0.0,0.0,0.0,-0.023475991562008858,-0.9396995902061462,0.3420011103153229,0.0,0.0,0.0,0.0,-0.019651994109153748,-1.0,-0.0,0.0,0.0,-0.00711638992652297,0.0018999999156221747,-0.016959700733423233,-0.9961947202682495,-0.0,-0.08715574443340302,0.0,0.0005882433033548295,0.0,-0.060253534466028214,-0.8079008460044861,0.5884358882904053,0.02606142871081829,0.01898188516497612,-1.1086464013487785e-07,-1.490116086078075e-10,-0.04255366697907448,-0.6486966609954834,0.7610470652580261,0.0,0.0,4.5299529460862686e-08,0.0,-0.022088106721639633,-0.9073323011398315,0.42041438817977905,0.0,0.0,-1.4305114426349519e-08,0.0,-0.017740696668624878,-1.0,-0.0,0.0,0.0,-0.013503500260412693,-0.0037700000684708357,-0.014087299816310406,-0.9914448857307434,-0.0,-0.13052619993686676,0.0,-0.004897483624517918,-3.8501621020259336e-06,-0.05743739381432533,-0.6873873472213745,0.7243662476539612,0.04017788916826248,0.03431997075676918,5.4836270635405526e-08,-2.98023217215615e-10,-0.03276759013533592,-0.7071068286895752,0.7071068286895752,0.0,0.0,-9.298324243900424e-08,0.0,-0.01670967973768711,-0.8419820070266724,0.5395057201385498,0.0,0.0,6.19888282926695e-08,0.0,-0.013883084990084171,-1.0,-0.0,0.0,0.0
1782948350.1413374,2026-07-01 19:25:50.141,4617.0,4617,right,0,2,fist,2,0.0,0.003969999961555004,-0.04999999701976776,-1.0,-0.0,0.0,0.0,0.0,0.0,0.0,-1.0,-0.0,0.0,0.0,-0.025476505979895592,-0.012044684961438179,-0.022234933450818062,-0.7382166981697083,0.09777171909809113,-0.38033372163772583,-0.5484734177589417,0.0,1.19209286886246e-09,-0.02723044343292713,-0.9098348617553711,0.4149704873561859,0.0,0.0,2.38418573772492e-09,-1.19209286886246e-09,-0.031859468668699265,-0.812966525554657,0.5823104977607727,0.0,0.0,0.0,-3.5762786065873797e-09,-0.023122519254684448,-1.0,-0.0,0.0,0.0,-0.012360505759716034,0.0032300001475960016,-0.016998957842588425,-0.9990482330322266,-0.0,-0.04361938685178757,0.0,-0.002149570034816861,-3.8927792047616094e-06,-0.06502974033355713,-0.7757623195648193,0.6310235261917114,-0.0011577566619962454,-0.0009417467517778277,0.0,0.0,-0.03691747412085533,-0.7072030305862427,0.7070105075836182,0.0,0.0,-2.38418573772492e-09,-2.98023217215615e-10,-0.02163529396057129,-0.9304412603378296,0.36644110083580017,0.0,0.0,0.0,2.98023217215615e-10,-0.01868978515267372,-1.0,-0.0,0.0,0.0,0.0,0.003969999961555004,-0.017509059980511665,-1.0,-0.0,0.0,0.0,0.0,4.611611075233668e-06,-0.0637909397482872,-0.7112206816673279,0.7029688358306885,0.0,0.0,0.0,2.98023217215615e-10,-0.04460655897855759,-0.6427876353263855,0.7660444974899292,0.0,0.0,0.0,-2.98023217215615e-10,-0.02347646653652191,-0.9396926760673523,0.34202009439468384,0.0,0.0,0.0,0.0,-0.019652195274829865,-1.0,-0.0,0.0,0.0,0.00711638480424881,0.0018999999156221747,-0.016959700733423233,-0.9961947202682495,-0.0,0.08715574443340302,0.0,-0.0005882382392883301,0.0,-0.060253534466028214,-0.7133238315582275,0.6995487809181213,-0.03029705584049225,-0.02971198782324791,1.19209286886246e-09,-1.490116086078075e-10,-0.04255415499210358,-0.6427876353263855,0.7660444974899292,0.0,0.0,-2.38418573772492e-09,0.0,-0.02208789810538292,-0.9063078761100769,0.4226182699203491,0.0,0.0,0.0,0.0,-0.017740869894623756,-1.0,-0.0,0.0,0.0,0.013503451831638813,-0.0037700000684708357,-0.014087309129536152,-0.9914448857307434,-0.0,0.13052619993686676,0.0,0.0048975334502756596,-3.847479547403054e-06,-0.05743739381432533,-0.6765674948692322,0.7343704700469971,-0.042795270681381226,-0.03354250267148018,4.76837147544984e-09,-2.98023217215615e-10,-0.03276757150888443,-0.7071068286895752,0.7071068286895752,0.0,0.0,2.38418573772492e-09,0.0,-0.016709718853235245,-0.8419820070266724,0.5395057201385498,0.0,0.0,0.0,0.0,-0.01388302817940712,-1.0,-0.0,0.0,0.0
1782948350.3500974,2026-07-01 19:25:50.350,16620.0,16620,left,0,1,fist,2,0.0,0.003969999961555004,-0.04999999701976776,-1.0,-0.0,0.0,0.0,0.0,0.0,0.0,-1.0,-0.0,0.0,0.0,0.025476500391960144,-0.012044699862599373,-0.022234899923205376,-0.7488893270492554,0.04330332577228546,0.3746258020401001,0.5449267029762268,-5.7220457705398076e-08,-4.3511388270189855e-08,-0.027230437844991684,-0.9413310885429382,0.3374845087528229,0.0,0.0,3.5762786065873797e-09,6.318092005130893e-08,-0.031859491020441055,-0.8603138327598572,0.5097648501396179,0.0,0.0,2.384185648907078e-08,0.0,-0.023122519254684448,-1.0,-0.0,0.0,0.0,0.012359999120235443,0.0032300001475960016,-0.017000000923871994,-0.9990482330322266,-0.0,0.04361938685178757,0.0,0.0021501504816114902,-3.890097104886081e-06,-0.06502876430749893,-0.7757628560066223,0.6310239434242249,0.0007233438082039356,0.0005883850390091538,-9.53674295089968e-09,-9.53674295089968e-09,-0.036917347460985184,-0.7072030305862427,0.7070105075836182,0.0,0.0,-2.8610228852699038e-08,-2.98023217215615e-10,-0.0216355137526989,-0.9304412603378296,0.36644110083580017,0.0,0.0,1.2636184010261786e-07,2.98023217215615e-10,-0.018689393997192383,-1.0,-0.0,0.0,0.0,0.0,0.003969999961555004,-0.01750910095870495,-1.0,-0.0,0.0,0.0,0.0,4.610121322912164e-06,-0.06379090249538422,-0.7757631540298462,0.631024181842804,0.0,0.0,0.0,2.98023217215615e-10,-0.044606998562812805,-0.6429281234741211,0.7659265398979187,0.0,0.0,0.0,0.0,-0.023475991562008858,-0.9396995902061462,0.3420011103153229,0.0,0.0,0.0,0.0,-0.019651994109153748,-1.0,-0.0,0.0,0.0,-0.00711638992652297,0.0018999999156221747,-0.016959700733423233,-0.9961947202682495,-0.0,-0.08715574443340302,0.0,0.0005882433033548295,0.0,-0.060253534466028214,-0.8079008460044861,0.5884358882904053,0.02606142871081829,0.01898188516497612,-1.1086464013487785e-07,-1.490116086078075e-10,-0.04255366697907448,-0.6486966609954834,0.7610470652580261,0.0,0.0,4.5299529460862686e-08,0.0,-0.022088106721639633,-0.9073323011398315,0.42041438817977905,0.0,0.0,-1.4305114426349519e-08,0.0,-0.017740696668624878,-1.0,-0.0,0.0,0.0,-0.013503500260412693,-0.0037700000684708357,-0.014087299816310406,-0.9914448857307434,-0.0,-0.13052619993686676,0.0,-0.004897483624517918,-3.8501621020259336e-06,-0.05743739381432533,-0.6873873472213745,0.7243662476539612,0.04017788916826248,0.03431997075676918,5.4836270635405526e-08,-2.98023217215615e-10,-0.03276759013533592,-0.7071068286895752,0.7071068286895752,0.0,0.0,-9.298324243900424e-08,0.0,-0.01670967973768711,-0.8419820070266724,0.5395057201385498,0.0,0.0,6.19888282926695e-08,0.0,-0.013883084990084171,-1.0,-0.0,0.0,0.0
1782948350.351685,2026-07-01 19:25:50.351,4629.0,4629,right,0,2,fist,2,0.0,0.003969999961555004,-0.04999999701976776,-1.0,-0.0,0.0,0.0,0.0,0.0,0.0,-1.0,-0.0,0.0,0.0,-0.025476505979895592,-0.012044684961438179,-0.022234933450818062,-0.7382166981697083,0.09777171909809113,-0.38033372163772583,-0.5484734177589417,0.0,1.19209286886246e-09,-0.02723044343292713,-0.9098348617553711,0.4149704873561859,0.0,0.0,2.38418573772492e-09,-1.19209286886246e-09,-0.031859468668699265,-0.812966525554657,0.5823104977607727,0.0,0.0,0.0,-3.5762786065873797e-09,-0.023122519254684448,-1.0,-0.0,0.0,0.0,-0.012360505759716034,0.0032300001475960016,-0.016998957842588425,-0.9990482330322266,-0.0,-0.04361938685178757,0.0,-0.002149570034816861,-3.8927792047616094e-06,-0.06502974033355713,-0.7757623195648193,0.6310235261917114,-0.0011577566619962454,-0.0009417467517778277,0.0,0.0,-0.03691747412085533,-0.7072030305862427,0.7070105075836182,0.0,0.0,-2.38418573772492e-09,-2.98023217215615e-10,-0.02163529396057129,-0.9304412603378296,0.36644110083580017,0.0,0.0,0.0,2.98023217215615e-10,-0.01868978515267372,-1.0,-0.0,0.0,0.0,0.0,0.003969999961555004,-0.017509059980511665,-1.0,-0.0,0.0,0.0,0.0,4.611611075233668e-06,-0.0637909397482872,-0.7112206816673279,0.7029688358306885,0.0,0.0,0.0,2.98023217215615e-10,-0.04460655897855759,-0.6427876353263855,0.7660444974899292,0.0,0.0,0.0,-2.98023217215615e-10,-0.02347646653652191,-0.9396926760673523,0.34202009439468384,0.0,0.0,0.0,0.0,-0.019652195274829865,-1.0,-0.0,0.0,0.0,0.00711638480424881,0.0018999999156221747,-0.016959700733423233,-0.9961947202682495,-0.0,0.08715574443340302,0.0,-0.0005882382392883301,0.0,-0.060253534466028214,-0.7133238315582275,0.6995487809181213,-0.03029705584049225,-0.02971198782324791,1.19209286886246e-09,-1.490116086078075e-10,-0.04255415499210358,-0.6427876353263855,0.7660444974899292,0.0,0.0,-2.38418573772492e-09,0.0,-0.02208789810538292,-0.9063078761100769,0.4226182699203491,0.0,0.0,0.0,0.0,-0.017740869894623756,-1.0,-0.0,0.0,0.0,0.013503451831638813,-0.0037700000684708357,-0.014087309129536152,-0.9914448857307434,-0.0,0.13052619993686676,0.0,0.0048975334502756596,-3.847479547403054e-06,-0.05743739381432533,-0.6765674948692322,0.7343704700469971,-0.042795270681381226,-0.03354250267148018,4.76837147544984e-09,-2.98023217215615e-10,-0.03276757150888443,-0.7071068286895752,0.7071068286895752,0.0,0.0,2.38418573772492e-09,0.0,-0.016709718853235245,-0.8419820070266724,0.5395057201385498,0.0,0.0,0.0,0.0,-0.01388302817940712,-1.0,-0.0,0.0,0.0
1782948350.5588565,2026-07-01 19:25:50.558,16622.0,16622,left,0,1,fist,2,0.0,0.003969999961555004,-0.04999999701976776,-1.0,-0.0,0.0,0.0,0.0,0.0,0.0,-1.0,-0.0,0.0,0.0,0.025476500391960144,-0.012044699862599373,-0.022234899923205376,-0.7488893270492554,0.04330332577228546,0.3746258020401001,0.5449267029762268,-5.7220457705398076e-08,-4.3511388270189855e-08,-0.027230437844991684,-0.9413310885429382,0.3374845087528229,0.0,0.0,3.5762786065873797e-09,6.318092005130893e-08,-0.031859491020441055,-0.8603138327598572,0.5097648501396179,0.0,0.0,2.384185648907078e-08,0.0,-0.023122519254684448,-1.0,-0.0,0.0,0.0,0.012359999120235443,0.0032300001475960016,-0.017000000923871994,-0.9990482330322266,-0.0,0.04361938685178757,0.0,0.0021501504816114902,-3.890097104886081e-06,-0.06502876430749893,-0.7757628560066223,0.6310239434242249,0.0007233438082039356,0.0005883850390091538,-9.53674295089968e-09,-9.53674295089968e-09,-0.036917347460985184,-0.7072030305862427,0.7070105075836182,0.0,0.0,-2.8610228852699038e-08,-2.98023217215615e-10,-0.0216355137526989,-0.9304412603378296,0.36644110083580017,0.0,0.0,1.2636184010261786e-07,2.98023217215615e-10,-0.018689393997192383,-1.0,-0.0,0.0,0.0,0.0,0.003969999961555004,-0.01750910095870495,-1.0,-0.0,0.0,0.0,0.0,4.610121322912164e-06,-0.06379090249538422,-0.7757631540298462,0.631024181842804,0.0,0.0,0.0,2.98023217215615e-10,-0.044606998562812805,-0.6429281234741211,0.7659265398979187,0.0,0.0,0.0,0.0,-0.023475991562008858,-0.9396995902061462,0.3420011103153229,0.0,0.0,0.0,0.0,-0.019651994109153748,-1.0,-0.0,0.0,0.0,-0.00711638992652297,0.0018999999156221747,-0.016959700733423233,-0.9961947202682495,-0.0,-0.08715574443340302,0.0,0.0005882433033548295,0.0,-0.060253534466028214,-0.8079008460044861,0.5884358882904053,0.02606142871081829,0.01898188516497612,-1.1086464013487785e-07,-1.490116086078075e-10,-0.04255366697907448,-0.6486966609954834,0.7610470652580261,0.0,0.0,4.5299529460862686e-08,0.0,-0.022088106721639633,-0.9073323011398315,0.42041438817977905,0.0,0.0,-1.4305114426349519e-08,0.0,-0.017740696668624878,-1.0,-0.0,0.0,0.0,-0.013503500260412693,-0.0037700000684708357,-0.014087299816310406,-0.9914448857307434,-0.0,-0.13052619993686676,0.0,-0.004897483624517918,-3.8501621020259336e-06,-0.05743739381432533,-0.695457935333252,0.7167105674743652,0.03813059255480766,0.03478892520070076,5.4836270635405526e-08,-2.98023217215615e-10,-0.03276759013533592,-0.7071068286895752,0.7071068286895752,0.0,0.0,-9.298324243900424e-08,0.0,-0.01670967973768711,-0.8419820070266724,0.5395057201385498,0.0,0.0,6.19888282926695e-08,0.0,-0.013883084990084171,-1.0,-0.0,0.0,0.0
1782948350.5593498,2026-07-01 19:25:50.559,4640.0,4640,right,0,2,fist,2,0.0,0.003969999961555004,-0.04999999701976776,-1.0,-0.0,0.0,0.0,0.0,0.0,0.0,-1.0,-0.0,0.0,0.0,-0.025476505979895592,-0.012044684961438179,-0.022234933450818062,-0.7382166981697083,0.09777171909809113,-0.38033372163772583,-0.5484734177589417,0.0,1.19209286886246e-09,-0.02723044343292713,-0.9098348617553711,0.4149704873561859,0.0,0.0,2.38418573772492e-09,-1.19209286886246e-09,-0.031859468668699265,-0.812966525554657,0.5823104977607727,0.0,0.0,0.0,-3.5762786065873797e-09,-0.023122519254684448,-1.0,-0.0,0.0,0.0,-0.012360505759716034,0.0032300001475960016,-0.016998957842588425,-0.9990482330322266,-0.0,-0.04361938685178757,0.0,-0.002149570034816861,-3.8927792047616094e-06,-0.06502974033355713,-0.7757623195648193,0.6310235261917114,-0.0011577566619962454,-0.0009417467517778277,0.0,0.0,-0.03691747412085533,-0.7072030305862427,0.7070105075836182,0.0,0.0,-2.38418573772492e-09,-2.98023217215615e-10,-0.02163529396057129,-0.9304412603378296,0.36644110083580017,0.0,0.0,0.0,2.98023217215615e-10,-0.01868978515267372,-1.0,-0.0,0.0,0.0,0.0,0.003969999961555004,-0.017509059980511665,-1.0,-0.0,0.0,0.0,0.0,4.611611075233668e-06,-0.0637909397482872,-0.7112206816673279,0.7029688358306885,0.0,0.0,0.0,2.98023217215615e-10,-0.04460655897855759,-0.6427876353263855,0.7660444974899292,0.0,0.0,0.0,-2.98023217215615e-10,-0.02347646653652191,-0.9396926760673523,0.34202009439468384,0.0,0.0,0.0,0.0,-0.019652195274829865,-1.0,-0.0,0.0,0.0,0.00711638480424881,0.0018999999156221747,-0.016959700733423233,-0.9961947202682495,-0.0,0.08715574443340302,0.0,-0.0005882382392883301,0.0,-0.060253534466028214,-0.7133238315582275,0.6995487809181213,-0.03029705584049225,-0.02971198782324791,1.19209286886246e-09,-1.490116086078075e-10,-0.04255415499210358,-0.6427876353263855,0.7660444974899292,0.0,0.0,-2.38418573772492e-09,0.0,-0.02208789810538292,-0.9063078761100769,0.4226182699203491,0.0,0.0,0.0,0.0,-0.017740869894623756,-1.0,-0.0,0.0,0.0,0.013503451831638813,-0.0037700000684708357,-0.014087309129536152,-0.9914448857307434,-0.0,0.13052619993686676,0.0,0.0048975334502756596,-3.847479547403054e-06,-0.05743739381432533,-0.6765674948692322,0.7343704700469971,-0.042795270681381226,-0.03354250267148018,4.76837147544984e-09,-2.98023217215615e-10,-0.03276757150888443,-0.7071068286895752,0.7071068286895752,0.0,0.0,2.38418573772492e-09,0.0,-0.016709718853235245,-0.8419820070266724,0.5395057201385498,0.0,0.0,0.0,0.0,-0.01388302817940712,-1.0,-0.0,0.0,0.0
1782948350.7608523,2026-07-01 19:25:50.760,16624.0,16624,left,0,1,fist,2,0.0,0.003969999961555004,-0.04999999701976776,-1.0,-0.0,0.0,0.0,0.0,0.0,0.0,-1.0,-0.0,0.0,0.0,0.025476500391960144,-0.012044699862599373,-0.022234899923205376,-0.7488893270492554,0.04330332577228546,0.3746258020401001,0.5449267029762268,-5.7220457705398076e-08,-4.3511388270189855e-08,-0.027230437844991684,-0.9413310885429382,0.3374845087528229,0.0,0.0,3.5762786065873797e-09,6.318092005130893e-08,-0.031859491020441055,-0.8603138327598572,0.5097648501396179,0.0,0.0,2.384185648907078e-08,0.0,-0.023122519254684448,-1.0,-0.0,0.0,0.0,0.012359999120235443,0.0032300001475960016,-0.017000000923871994,-0.9990482330322266,-0.0,0.04361938685178757,0.0,0.0021501504816114902,-3.890097104886081e-06,-0.06502876430749893,-0.7757628560066223,0.6310239434242249,0.0007233438082039356,0.0005883850390091538,-9.53674295089968e-09,-9.53674295089968e-09,-0.036917347460985184,-0.7072030305862427,0.7070105075836182,0.0,0.0,-2.8610228852699038e-08,-2.98023217215615e-10,-0.0216355137526989,-0.9304412603378296,0.36644110083580017,0.0,0.0,1.2636184010261786e-07,2.98023217215615e-10,-0.018689393997192383,-1.0,-0.0,0.0,0.0,0.0,0.003969999961555004,-0.01750910095870495,-1.0,-0.0,0.0,0.0,0.0,4.610121322912164e-06,-0.06379090249538422,-0.7757631540298462,0.631024181842804,0.0,0.0,0.0,2.98023217215615e-10,-0.044606998562812805,-0.6429281234741211,0.7659265398979187,0.0,0.0,0.0,0.0,-0.023475991562008858,-0.9396995902061462,0.3420011103153229,0.0,0.0,0.0,0.0,-0.019651994109153748,-1.0,-0.0,0.0,0.0,-0.00711638992652297,0.0018999999156221747,-0.016959700733423233,-0.9961947202682495,-0.0,-0.08715574443340302,0.0,0.0005882433033548295,0.0,-0.060253534466028214,-0.8079008460044861,0.5884358882904053,0.02606142871081829,0.01898188516497612,-1.1086464013487785e-07,-1.490116086078075e-10,-0.04255366697907448,-0.6486966609954834,0.7610470652580261,0.0,0.0,4.5299529460862686e-08,0.0,-0.022088106721639633,-0.9073323011398315,0.42041438817977905,0.0,0.0,-1.4305114426349519e-08,0.0,-0.017740696668624878,-1.0,-0.0,0.0,0.0,-0.013503500260412693,-0.0037700000684708357,-0.014087299816310406,-0.9914448857307434,-0.0,-0.13052619993686676,0.0,-0.004897483624517918,-3.8501621020259336e-06,-0.05743739381432533,-0.6970614194869995,0.7151683568954468,0.037720538675785065,0.03488217666745186,5.4836270635405526e-08,-2.98023217215615e-10,-0.03276759013533592,-0.7071068286895752,0.7071068286895752,0.0,0.0,-9.298324243900424e-08,0.0,-0.01670967973768711,-0.8419820070266724,0.5395057201385498,0.0,0.0,6.19888282926695e-08,0.0,-0.013883084990084171,-1.0,-0.0,0.0,0.0
1782948350.7749946,2026-07-01 19:25:50.774,4654.0,4654,right,0,2,fist,2,0.0,0.003969999961555004,-0.04999999701976776,-1.0,-0.0,0.0,0.0,0.0,0.0,0.0,-1.0,-0.0,0.0,0.0,-0.025476505979895592,-0.012044684961438179,-0.022234933450818062,-0.7382166981697083,0.09777171909809113,-0.38033372163772583,-0.5484734177589417,0.0,1.19209286886246e-09,-0.02723044343292713,-0.9098348617553711,0.4149704873561859,0.0,0.0,2.38418573772492e-09,-1.19209286886246e-09,-0.031859468668699265,-0.812966525554657,0.5823104977607727,0.0,0.0,0.0,-3.5762786065873797e-09,-0.023122519254684448,-1.0,-0.0,0.0,0.0,-0.012360505759716034,0.0032300001475960016,-0.016998957842588425,-0.9990482330322266,-0.0,-0.04361938685178757,0.0,-0.002149570034816861,-3.8927792047616094e-06,-0.06502974033355713,-0.7757623195648193,0.6310235261917114,-0.0011577566619962454,-0.0009417467517778277,0.0,0.0,-0.03691747412085533,-0.7072030305862427,0.7070105075836182,0.0,0.0,-2.38418573772492e-09,-2.98023217215615e-10,-0.02163529396057129,-0.9304412603378296,0.36644110083580017,0.0,0.0,0.0,2.98023217215615e-10,-0.01868978515267372,-1.0,-0.0,0.0,0.0,0.0,0.003969999961555004,-0.017509059980511665,-1.0,-0.0,0.0,0.0,0.0,4.611611075233668e-06,-0.0637909397482872,-0.7112206816673279,0.7029688358306885,0.0,0.0,0.0,2.98023217215615e-10,-0.04460655897855759,-0.6427876353263855,0.7660444974899292,0.0,0.0,0.0,-2.98023217215615e-10,-0.02347646653652191,-0.9396926760673523,0.34202009439468384,0.0,0.0,0.0,0.0,-0.019652195274829865,-1.0,-0.0,0.0,0.0,0.00711638480424881,0.0018999999156221747,-0.016959700733423233,-0.9961947202682495,-0.0,0.08715574443340302,0.0,-0.0005882382392883301,0.0,-0.060253534466028214,-0.7133238315582275,0.6995487809181213,-0.03029705584049225,-0.02971198782324791,1.19209286886246e-09,-1.490116086078075e-10,-0.04255415499210358,-0.6427876353263855,0.7660444974899292,0.0,0.0,-2.38418573772492e-09,0.0,-0.02208789810538292,-0.9063078761100769,0.4226182699203491,0.0,0.0,0.0,0.0,-0.017740869894623756,-1.0,-0.0,0.0,0.0,0.013503451831638813,-0.0037700000684708357,-0.014087309129536152,-0.9914448857307434,-0.0,0.13052619993686676,0.0,0.0048975334502756596,-3.847479547403054e-06,-0.05743739381432533,-0.6765674948692322,0.7343704700469971,-0.042795270681381226,-0.03354250267148018,4.76837147544984e-09,-2.98023217215615e-10,-0.03276757150888443,-0.7071068286895752,0.7071068286895752,0.0,0.0,2.38418573772492e-09,0.0,-0.016709718853235245,-0.8419820070266724,0.5395057201385498,0.0,0.0,0.0,0.0,-0.01388302817940712,-1.0,-0.0,0.0,0.0
1782948350.982147,2026-07-01 19:25:50.982,16626.0,16626,left,0,1,fist,2,0.0,0.003969999961555004,-0.04999999701976776,-1.0,-0.0,0.0,0.0,0.0,0.0,0.0,-1.0,-0.0,0.0,0.0,0.025476500391960144,-0.012044699862599373,-0.022234899923205376,-0.7488893270492554,0.04330332577228546,0.3746258020401001,0.5449267029762268,-5.7220457705398076e-08,-4.3511388270189855e-08,-0.027230437844991684,-0.9413310885429382,0.3374845087528229,0.0,0.0,3.5762786065873797e-09,6.318092005130893e-08,-0.031859491020441055,-0.8603138327598572,0.5097648501396179,0.0,0.0,2.384185648907078e-08,0.0,-0.023122519254684448,-1.0,-0.0,0.0,0.0,0.012359999120235443,0.0032300001475960016,-0.017000000923871994,-0.9990482330322266,-0.0,0.04361938685178757,0.0,0.0021501504816114902,-3.890097104886081e-06,-0.06502876430749893,-0.7757628560066223,0.6310239434242249,0.0007233438082039356,0.0005883850390091538,-9.53674295089968e-09,-9.53674295089968e-09,-0.036917347460985184,-0.7072030305862427,0.7070105075836182,0.0,0.0,-2.8610228852699038e-08,-2.98023217215615e-10,-0.0216355137526989,-0.9304412603378296,0.36644110083580017,0.0,0.0,1.2636184010261786e-07,2.98023217215615e-10,-0.018689393997192383,-1.0,-0.0,0.0,0.0,0.0,0.003969999961555004,-0.01750910095870495,-1.0,-0.0,0.0,0.0,0.0,4.610121322912164e-06,-0.06379090249538422,-0.7757631540298462,0.631024181842804,0.0,0.0,0.0,2.98023217215615e-10,-0.044606998562812805,-0.6429281234741211,0.7659265398979187,0.0,0.0,0.0,0.0,-0.023475991562008858,-0.9396995902061462,0.3420011103153229,0.0,0.0,0.0,0.0,-0.019651994109153748,-1.0,-0.0,0.0,0.0,-0.00711638992652297,0.0018999999156221747,-0.016959700733423233,-0.9961947202682495,-0.0,-0.08715574443340302,0.0,0.0005882433033548295,0.0,-0.060253534466028214,-0.8079008460044861,0.5884358882904053,0.02606142871081829,0.01898188516497612,-1.1086464013487785e-07,-1.490116086078075e-10,-0.04255366697907448,-0.6486966609954834,0.7610470652580261,0.0,0.0,4.5299529460862686e-08,0.0,-0.022088106721639633,-0.9073323011398315,0.42041438817977905,0.0,0.0,-1.4305114426349519e-08,0.0,-0.017740696668624878,-1.0,-0.0,0.0,0.0,-0.013503500260412693,-0.0037700000684708357,-0.014087299816310406,-0.9914448857307434,-0.0,-0.13052619993686676,0.0,-0.004897483624517918,-3.8501621020259336e-06,-0.05743739381432533,-0.6970614194869995,0.7151683568954468,0.037720538675785065,0.03488217666745186,5.4836270635405526e-08,-2.98023217215615e-10,-0.03276759013533592,-0.7071068286895752,0.7071068286895752,0.0,0.0,-9.298324243900424e-08,0.0,-0.01670967973768711,-0.8419820070266724,0.5395057201385498,0.0,0.0,6.19888282926695e-08,0.0,-0.013883084990084171,-1.0,-0.0,0.0,0.0
1782948350.9824681,2026-07-01 19:25:50.982,4667.0,4667,right,0,2,fist,2,0.0,0.003969999961555004,-0.04999999701976776,-1.0,-0.0,0.0,0.0,0.0,0.0,0.0,-1.0,-0.0,0.0,0.0,-0.025476505979895592,-0.012044684961438179,-0.022234933450818062,-0.7382166981697083,0.09777171909809113,-0.38033372163772583,-0.5484734177589417,0.0,1.19209286886246e-09,-0.02723044343292713,-0.9098348617553711,0.4149704873561859,0.0,0.0,2.38418573772492e-09,-1.19209286886246e-09,-0.031859468668699265,-0.812966525554657,0.5823104977607727,0.0,0.0,0.0,-3.5762786065873797e-09,-0.023122519254684448,-1.0,-0.0,0.0,0.0,-0.012360505759716034,0.0032300001475960016,-0.016998957842588425,-0.9990482330322266,-0.0,-0.04361938685178757,0.0,-0.002149570034816861,-3.8927792047616094e-06,-0.06502974033355713,-0.7757623195648193,0.6310235261917114,-0.0011577566619962454,-0.0009417467517778277,0.0,0.0,-0.03691747412085533,-0.7072030305862427,0.7070105075836182,0.0,0.0,-2.38418573772492e-09,-2.98023217215615e-10,-0.02163529396057129,-0.9304412603378296,0.36644110083580017,0.0,0.0,0.0,2.98023217215615e-10,-0.01868978515267372,-1.0,-0.0,0.0,0.0,0.0,0.003969999961555004,-0.017509059980511665,-1.0,-0.0,0.0,0.0,0.0,4.611611075233668e-06,-0.0637909397482872,-0.7112206816673279,0.7029688358306885,0.0,0.0,0.0,2.98023217215615e-10,-0.04460655897855759,-0.6427876353263855,0.7660444974899292,0.0,0.0,0.0,-2.98023217215615e-10,-0.02347646653652191,-0.9396926760673523,0.34202009439468384,0.0,0.0,0.0,0.0,-0.019652195274829865,-1.0,-0.0,0.0,0.0,0.00711638480424881,0.0018999999156221747,-0.016959700733423233,-0.9961947202682495,-0.0,0.08715574443340302,0.0,-0.0005882382392883301,0.0,-0.060253534466028214,-0.7133238315582275,0.6995487809181213,-0.03029705584049225,-0.02971198782324791,1.19209286886246e-09,-1.490116086078075e-10,-0.04255415499210358,-0.6427876353263855,0.7660444974899292,0.0,0.0,-2.38418573772492e-09,0.0,-0.02208789810538292,-0.9063078761100769,0.4226182699203491,0.0,0.0,0.0,0.0,-0.017740869894623756,-1.0,-0.0,0.0,0.0,0.013503451831638813,-0.0037700000684708357,-0.014087309129536152,-0.9914448857307434,-0.0,0.13052619993686676,0.0,0.0048975334502756596,-3.847479547403054e-06,-0.05743739381432533,-0.6765674948692322,0.7343704700469971,-0.042795270681381226,-0.03354250267148018,4.76837147544984e-09,-2.98023217215615e-10,-0.03276757150888443,-0.7071068286895752,0.7071068286895752,0.0,0.0,2.38418573772492e-09,0.0,-0.016709718853235245,-0.8419820070266724,0.5395057201385498,0.0,0.0,0.0,0.0,-0.01388302817940712,-1.0,-0.0,0.0,0.0
1782948351.1880946,2026-07-01 19:25:51.188,4678.0,4678,right,0,2,fist,2,0.0,0.003969999961555004,-0.04999999701976776,-1.0,-0.0,0.0,0.0,0.0,0.0,0.0,-1.0,-0.0,0.0,0.0,-0.025476505979895592,-0.012044684961438179,-0.022234933450818062,-0.7382166981697083,0.09777171909809113,-0.38033372163772583,-0.5484734177589417,0.0,1.19209286886246e-09,-0.02723044343292713,-0.9098348617553711,0.4149704873561859,0.0,0.0,2.38418573772492e-09,-1.19209286886246e-09,-0.031859468668699265,-0.812966525554657,0.5823104977607727,0.0,0.0,0.0,-3.5762786065873797e-09,-0.023122519254684448,-1.0,-0.0,0.0,0.0,-0.012360505759716034,0.0032300001475960016,-0.016998957842588425,-0.9990482330322266,-0.0,-0.04361938685178757,0.0,-0.002149570034816861,-3.8927792047616094e-06,-0.06502974033355713,-0.7757623195648193,0.6310235261917114,-0.0011577566619962454,-0.0009417467517778277,0.0,0.0,-0.03691747412085533,-0.7072030305862427,0.7070105075836182,0.0,0.0,-2.38418573772492e-09,-2.98023217215615e-10,-0.02163529396057129,-0.9304412603378296,0.36644110083580017,0.0,0.0,0.0,2.98023217215615e-10,-0.01868978515267372,-1.0,-0.0,0.0,0.0,0.0,0.003969999961555004,-0.017509059980511665,-1.0,-0.0,0.0,0.0,0.0,4.611611075233668e-06,-0.0637909397482872,-0.7112206816673279,0.7029688358306885,0.0,0.0,0.0,2.98023217215615e-10,-0.04460655897855759,-0.6427876353263855,0.7660444974899292,0.0,0.0,0.0,-2.98023217215615e-10,-0.02347646653652191,-0.9396926760673523,0.34202009439468384,0.0,0.0,0.0,0.0,-0.019652195274829865,-1.0,-0.0,0.0,0.0,0.00711638480424881,0.0018999999156221747,-0.016959700733423233,-0.9961947202682495,-0.0,0.08715574443340302,0.0,-0.0005882382392883301,0.0,-0.060253534466028214,-0.7133238315582275,0.6995487809181213,-0.03029705584049225,-0.02971198782324791,1.19209286886246e-09,-1.490116086078075e-10,-0.04255415499210358,-0.6427876353263855,0.7660444974899292,0.0,0.0,-2.38418573772492e-09,0.0,-0.02208789810538292,-0.9063078761100769,0.4226182699203491,0.0,0.0,0.0,0.0,-0.017740869894623756,-1.0,-0.0,0.0,0.0,0.013503451831638813,-0.0037700000684708357,-0.014087309129536152,-0.9914448857307434,-0.0,0.13052619993686676,0.0,0.0048975334502756596,-3.847479547403054e-06,-0.05743739381432533,-0.6765674948692322,0.7343704700469971,-0.042795270681381226,-0.03354250267148018,4.76837147544984e-09,-2.98023217215615e-10,-0.03276757150888443,-0.7071068286895752,0.7071068286895752,0.0,0.0,2.38418573772492e-09,0.0,-0.016709718853235245,-0.8419820070266724,0.5395057201385498,0.0,0.0,0.0,0.0,-0.01388302817940712,-1.0,-0.0,0.0,0.0
1782948351.200591,2026-07-01 19:25:51.200,16627.0,16627,left,0,1,fist,2,0.0,0.003969999961555004,-0.04999999701976776,-1.0,-0.0,0.0,0.0,0.0,0.0,0.0,-1.0,-0.0,0.0,0.0,0.025476500391960144,-0.012044699862599373,-0.022234899923205376,-0.7488893270492554,0.04330332577228546,0.3746258020401001,0.5449267029762268,-5.7220457705398076e-08,-4.3511388270189855e-08,-0.027230437844991684,-0.9413310885429382,0.3374845087528229,0.0,0.0,3.5762786065873797e-09,6.318092005130893e-08,-0.031859491020441055,-0.8603138327598572,0.5097648501396179,0.0,0.0,2.384185648907078e-08,0.0,-0.023122519254684448,-1.0,-0.0,0.0,0.0,0.012359999120235443,0.0032300001475960016,-0.017000000923871994,-0.9990482330322266,-0.0,0.04361938685178757,0.0,0.0021501504816114902,-3.890097104886081e-06,-0.06502876430749893,-0.7757628560066223,0.6310239434242249,0.0007233438082039356,0.0005883850390091538,-9.53674295089968e-09,-9.53674295089968e-09,-0.036917347460985184,-0.7072030305862427,0.7070105075836182,0.0,0.0,-2.8610228852699038e-08,-2.98023217215615e-10,-0.0216355137526989,-0.9304412603378296,0.36644110083580017,0.0,0.0,1.2636184010261786e-07,2.98023217215615e-10,-0.018689393997192383,-1.0,-0.0,0.0,0.0,0.0,0.003969999961555004,-0.01750910095870495,-1.0,-0.0,0.0,0.0,0.0,4.610121322912164e-06,-0.06379090249538422,-0.7757631540298462,0.631024181842804,0.0,0.0,0.0,2.98023217215615e-10,-0.044606998562812805,-0.6429281234741211,0.7659265398979187,0.0,0.0,0.0,0.0,-0.023475991562008858,-0.9396995902061462,0.3420011103153229,0.0,0.0,0.0,0.0,-0.019651994109153748,-1.0,-0.0,0.0,0.0,-0.00711638992652297,0.0018999999156221747,-0.016959700733423233,-0.9961947202682495,-0.0,-0.08715574443340302,0.0,0.0005882433033548295,0.0,-0.060253534466028214,-0.8079008460044861,0.5884358882904053,0.02606142871081829,0.01898188516497612,-1.1086464013487785e-07,-1.490116086078075e-10,-0.04255366697907448,-0.6486966609954834,0.7610470652580261,0.0,0.0,4.5299529460862686e-08,0.0,-0.022088106721639633,-0.9073323011398315,0.42041438817977905,0.0,0.0,-1.4305114426349519e-08,0.0,-0.017740696668624878,-1.0,-0.0,0.0,0.0,-0.013503500260412693,-0.0037700000684708357,-0.014087299816310406,-0.9914448857307434,-0.0,-0.13052619993686676,0.0,-0.004897483624517918,-3.8501621020259336e-06,-0.05743739381432533,-0.6970614194869995,0.7151683568954468,0.037720538675785065,0.03488217666745186,5.4836270635405526e-08,-2.98023217215615e-10,-0.03276759013533592,-0.7071068286895752,0.7071068286895752,0.0,0.0,-9.298324243900424e-08,0.0,-0.01670967973768711,-0.8419820070266724,0.5395057201385498,0.0,0.0,6.19888282926695e-08,0.0,-0.013883084990084171,-1.0,-0.0,0.0,0.0
1782948351.39562,2026-07-01 19:25:51.395,4692.0,4692,right,0,2,fist,2,0.0,0.003969999961555004,-0.04999999701976776,-1.0,-0.0,0.0,0.0,0.0,0.0,0.0,-1.0,-0.0,0.0,0.0,-0.025476505979895592,-0.012044684961438179,-0.022234933450818062,-0.7382166981697083,0.09777171909809113,-0.38033372163772583,-0.5484734177589417,0.0,1.19209286886246e-09,-0.02723044343292713,-0.9098348617553711,0.4149704873561859,0.0,0.0,2.38418573772492e-09,-1.19209286886246e-09,-0.031859468668699265,-0.812966525554657,0.5823104977607727,0.0,0.0,0.0,-3.5762786065873797e-09,-0.023122519254684448,-1.0,-0.0,0.0,0.0,-0.012360505759716034,0.0032300001475960016,-0.016998957842588425,-0.9990482330322266,-0.0,-0.04361938685178757,0.0,-0.002149570034816861,-3.8927792047616094e-06,-0.06502974033355713,-0.7757623195648193,0.6310235261917114,-0.0011577566619962454,-0.0009417467517778277,0.0,0.0,-0.03691747412085533,-0.7072030305862427,0.7070105075836182,0.0,0.0,-2.38418573772492e-09,-2.98023217215615e-10,-0.02163529396057129,-0.9304412603378296,0.36644110083580017,0.0,0.0,0.0,2.98023217215615e-10,-0.01868978515267372,-1.0,-0.0,0.0,0.0,0.0,0.003969999961555004,-0.017509059980511665,-1.0,-0.0,0.0,0.0,0.0,4.611611075233668e-06,-0.0637909397482872,-0.7112206816673279,0.7029688358306885,0.0,0.0,0.0,2.98023217215615e-10,-0.04460655897855759,-0.6427876353263855,0.7660444974899292,0.0,0.0,0.0,-2.98023217215615e-10,-0.02347646653652191,-0.9396926760673523,0.34202009439468384,0.0,0.0,0.0,0.0,-0.019652195274829865,-1.0,-0.0,0.0,0.0,0.00711638480424881,0.0018999999156221747,-0.016959700733423233,-0.9961947202682495,-0.0,0.08715574443340302,0.0,-0.0005882382392883301,0.0,-0.060253534466028214,-0.7133238315582275,0.6995487809181213,-0.03029705584049225,-0.02971198782324791,1.19209286886246e-09,-1.490116086078075e-10,-0.04255415499210358,-0.6427876353263855,0.7660444974899292,0.0,0.0,-2.38418573772492e-09,0.0,-0.02208789810538292,-0.9063078761100769,0.4226182699203491,0.0,0.0,0.0,0.0,-0.017740869894623756,-1.0,-0.0,0.0,0.0,0.013503451831638813,-0.0037700000684708357,-0.014087309129536152,-0.9914448857307434,-0.0,0.13052619993686676,0.0,0.0048975334502756596,-3.847479547403054e-06,-0.05743739381432533,-0.6765674948692322,0.7343704700469971,-0.042795270681381226,-0.03354250267148018,4.76837147544984e-09,-2.98023217215615e-10,-0.03276757150888443,-0.7071068286895752,0.7071068286895752,0.0,0.0,2.38418573772492e-09,0.0,-0.016709718853235245,-0.8419820070266724,0.5395057201385498,0.0,0.0,0.0,0.0,-0.01388302817940712,-1.0,-0.0,0.0,0.0
1782948351.4072788,2026-07-01 19:25:51.407,16629.0,16629,left,0,1,fist,2,0.0,0.003969999961555004,-0.04999999701976776,-1.0,-0.0,0.0,0.0,0.0,0.0,0.0,-1.0,-0.0,0.0,0.0,0.025476500391960144,-0.012044699862599373,-0.022234899923205376,-0.7488893270492554,0.04330332577228546,0.3746258020401001,0.5449267029762268,-5.7220457705398076e-08,-4.3511388270189855e-08,-0.027230437844991684,-0.9413310885429382,0.3374845087528229,0.0,0.0,3.5762786065873797e-09,6.318092005130893e-08,-0.031859491020441055,-0.8603138327598572,0.5097648501396179,0.0,0.0,2.384185648907078e-08,0.0,-0.023122519254684448,-1.0,-0.0,0.0,0.0,0.012359999120235443,0.0032300001475960016,-0.017000000923871994,-0.9990482330322266,-0.0,0.04361938685178757,0.0,0.0021501504816114902,-3.890097104886081e-06,-0.06502876430749893,-0.7757628560066223,0.6310239434242249,0.0007233438082039356,0.0005883850390091538,-9.53674295089968e-09,-9.53674295089968e-09,-0.036917347460985184,-0.7072030305862427,0.7070105075836182,0.0,0.0,-2.8610228852699038e-08,-2.98023217215615e-10,-0.0216355137526989,-0.9304412603378296,0.36644110083580017,0.0,0.0,1.2636184010261786e-07,2.98023217215615e-10,-0.018689393997192383,-1.0,-0.0,0.0,0.0,0.0,0.003969999961555004,-0.01750910095870495,-1.0,-0.0,0.0,0.0,0.0,4.610121322912164e-06,-0.06379090249538422,-0.7757631540298462,0.631024181842804,0.0,0.0,0.0,2.98023217215615e-10,-0.044606998562812805,-0.6429281234741211,0.7659265398979187,0.0,0.0,0.0,0.0,-0.023475991562008858,-0.9396995902061462,0.3420011103153229,0.0,0.0,0.0,0.0,-0.019651994109153748,-1.0,-0.0,0.0,0.0,-0.00711638992652297,0.0018999999156221747,-0.016959700733423233,-0.9961947202682495,-0.0,-0.08715574443340302,0.0,0.0005882433033548295,0.0,-0.060253534466028214,-0.8079008460044861,0.5884358882904053,0.02606142871081829,0.01898188516497612,-1.1086464013487785e-07,-1.490116086078075e-10,-0.04255366697907448,-0.6486966609954834,0.7610470652580261,0.0,0.0,4.5299529460862686e-08,0.0,-0.022088106721639633,-0.9073323011398315,0.42041438817977905,0.0,0.0,-1.4305114426349519e-08,0.0,-0.017740696668624878,-1.0,-0.0,0.0,0.0,-0.013503500260412693,-0.0037700000684708357,-0.014087299816310406,-0.9914448857307434,-0.0,-0.13052619993686676,0.0,-0.004897483624517918,-3.8501621020259336e-06,-0.05743739381432533,-0.6970614194869995,0.7151683568954468,0.037720538675785065,0.03488217666745186,5.4836270635405526e-08,-2.98023217215615e-10,-0.03276759013533592,-0.7071068286895752,0.7071068286895752,0.0,0.0,-9.298324243900424e-08,0.0,-0.01670967973768711,-0.8419820070266724,0.5395057201385498,0.0,0.0,6.19888282926695e-08,0.0,-0.013883084990084171,-1.0,-0.0,0.0,0.0
1782948351.6040533,2026-07-01 19:25:51.604,4705.0,4705,right,0,2,fist,2,0.0,0.003969999961555004,-0.04999999701976776,-1.0,-0.0,0.0,0.0,0.0,0.0,0.0,-1.0,-0.0,0.0,0.0,-0.025476505979895592,-0.012044684961438179,-0.022234933450818062,-0.7382166981697083,0.09777171909809113,-0.38033372163772583,-0.5484734177589417,0.0,1.19209286886246e-09,-0.02723044343292713,-0.9098348617553711,0.4149704873561859,0.0,0.0,2.38418573772492e-09,-1.19209286886246e-09,-0.031859468668699265,-0.812966525554657,0.5823104977607727,0.0,0.0,0.0,-3.5762786065873797e-09,-0.023122519254684448,-1.0,-0.0,0.0,0.0,-0.012360505759716034,0.0032300001475960016,-0.016998957842588425,-0.9990482330322266,-0.0,-0.04361938685178757,0.0,-0.002149570034816861,-3.8927792047616094e-06,-0.06502974033355713,-0.7757623195648193,0.6310235261917114,-0.0011577566619962454,-0.0009417467517778277,0.0,0.0,-0.03691747412085533,-0.7072030305862427,0.7070105075836182,0.0,0.0,-2.38418573772492e-09,-2.98023217215615e-10,-0.02163529396057129,-0.9304412603378296,0.36644110083580017,0.0,0.0,0.0,2.98023217215615e-10,-0.01868978515267372,-1.0,-0.0,0.0,0.0,0.0,0.003969999961555004,-0.017509059980511665,-1.0,-0.0,0.0,0.0,0.0,4.611611075233668e-06,-0.0637909397482872,-0.7112206816673279,0.7029688358306885,0.0,0.0,0.0,2.98023217215615e-10,-0.04460655897855759,-0.6427876353263855,0.7660444974899292,0.0,0.0,0.0,-2.98023217215615e-10,-0.02347646653652191,-0.9396926760673523,0.34202009439468384,0.0,0.0,0.0,0.0,-0.019652195274829865,-1.0,-0.0,0.0,0.0,0.00711638480424881,0.0018999999156221747,-0.016959700733423233,-0.9961947202682495,-0.0,0.08715574443340302,0.0,-0.0005882382392883301,0.0,-0.060253534466028214,-0.7133238315582275,0.6995487809181213,-0.03029705584049225,-0.02971198782324791,1.19209286886246e-09,-1.490116086078075e-10,-0.04255415499210358,-0.6427876353263855,0.7660444974899292,0.0,0.0,-2.38418573772492e-09,0.0,-0.02208789810538292,-0.9063078761100769,0.4226182699203491,0.0,0.0,0.0,0.0,-0.017740869894623756,-1.0,-0.0,0.0,0.0,0.013503451831638813,-0.0037700000684708357,-0.014087309129536152,-0.9914448857307434,-0.0,0.13052619993686676,0.0,0.0048975334502756596,-3.847479547403054e-06,-0.05743739381432533,-0.6765674948692322,0.7343704700469971,-0.042795270681381226,-0.03354250267148018,4.76837147544984e-09,-2.98023217215615e-10,-0.03276757150888443,-0.7071068286895752,0.7071068286895752,0.0,0.0,2.38418573772492e-09,0.0,-0.016709718853235245,-0.8419820070266724,0.5395057201385498,0.0,0.0,0.0,0.0,-0.01388302817940712,-1.0,-0.0,0.0,0.0
1782948351.6264665,2026-07-01 19:25:51.626,16631.0,16631,left,0,1,fist,2,0.0,0.003969999961555004,-0.04999999701976776,-1.0,-0.0,0.0,0.0,0.0,0.0,0.0,-1.0,-0.0,0.0,0.0,0.025476500391960144,-0.012044699862599373,-0.022234899923205376,-0.7498569488525391,0.04021182656288147,0.3736003339290619,0.544536828994751,-5.7220457705398076e-08,-4.3511388270189855e-08,-0.027230437844991684,-0.9430460929870605,0.3326621651649475,0.0,0.0,3.5762786065873797e-09,6.318092005130893e-08,-0.031859491020441055,-0.8634029030799866,0.5045150518417358,0.0,0.0,2.384185648907078e-08,0.0,-0.023122519254684448,-1.0,-0.0,0.0,0.0,0.012359999120235443,0.0032300001475960016,-0.017000000923871994,-0.9990482330322266,-0.0,0.04361938685178757,0.0,0.0021501504816114902,-3.890097104886081e-06,-0.06502876430749893,-0.7757628560066223,0.6310239434242249,0.0007233438082039356,0.0005883850390091538,-9.53674295089968e-09,-9.53674295089968e-09,-0.036917347460985184,-0.7072030305862427,0.7070105075836182,0.0,0.0,-2.8610228852699038e-08,-2.98023217215615e-10,-0.0216355137526989,-0.9304412603378296,0.36644110083580017,0.0,0.0,1.2636184010261786e-07,2.98023217215615e-10,-0.018689393997192383,-1.0,-0.0,0.0,0.0,0.0,0.003969999961555004,-0.01750910095870495,-1.0,-0.0,0.0,0.0,0.0,4.610121322912164e-06,-0.06379090249538422,-0.7757631540298462,0.631024181842804,0.0,0.0,0.0,2.98023217215615e-10,-0.044606998562812805,-0.6429281234741211,0.7659265398979187,0.0,0.0,0.0,0.0,-0.023475991562008858,-0.9396995902061462,0.3420011103153229,0.0,0.0,0.0,0.0,-0.019651994109153748,-1.0,-0.0,0.0,0.0,-0.00711638992652297,0.0018999999156221747,-0.016959700733423233,-0.9961947202682495,-0.0,-0.08715574443340302,0.0,0.0005882433033548295,0.0,-0.060253534466028214,-0.8079008460044861,0.5884358882904053,0.02606142871081829,0.01898188516497612,-1.1086464013487785e-07,-1.490116086078075e-10,-0.04255366697907448,-0.6486966609954834,0.7610470652580261,0.0,0.0,4.5299529460862686e-08,0.0,-0.022088106721639633,-0.9073323011398315,0.42041438817977905,0.0,0.0,-1.4305114426349519e-08,0.0,-0.017740696668624878,-1.0,-0.0,0.0,0.0,-0.013503500260412693,-0.0037700000684708357,-0.014087299816310406,-0.9914448857307434,-0.0,-0.13052619993686676,0.0,-0.004897483624517918,-3.8501621020259336e-06,-0.05743739381432533,-0.6970614194869995,0.7151683568954468,0.037720538675785065,0.03488217666745186,5.4836270635405526e-08,-2.98023217215615e-10,-0.03276759013533592,-0.7071068286895752,0.7071068286895752,0.0,0.0,-9.298324243900424e-08,0.0,-0.01670967973768711,-0.8419820070266724,0.5395057201385498,0.0,0.0,6.19888282926695e-08,0.0,-0.013883084990084171,-1.0,-0.0,0.0,0.0
1782948351.8352926,2026-07-01 19:25:51.835,4716.0,4716,right,0,2,fist,2,0.0,0.003969999961555004,-0.04999999701976776,-1.0,-0.0,0.0,0.0,0.0,0.0,0.0,-1.0,-0.0,0.0,0.0,-0.025476505979895592,-0.012044684961438179,-0.022234933450818062,-0.7382166981697083,0.09777171909809113,-0.38033372163772583,-0.5484734177589417,0.0,1.19209286886246e-09,-0.02723044343292713,-0.9098348617553711,0.4149704873561859,0.0,0.0,2.38418573772492e-09,-1.19209286886246e-09,-0.031859468668699265,-0.812966525554657,0.5823104977607727,0.0,0.0,0.0,-3.5762786065873797e-09,-0.023122519254684448,-1.0,-0.0,0.0,0.0,-0.012360505759716034,0.0032300001475960016,-0.016998957842588425,-0.9990482330322266,-0.0,-0.04361938685178757,0.0,-0.002149570034816861,-3.8927792047616094e-06,-0.06502974033355713,-0.7757623195648193,0.6310235261917114,-0.0011577566619962454,-0.0009417467517778277,0.0,0.0,-0.03691747412085533,-0.7072030305862427,0.7070105075836182,0.0,0.0,-2.38418573772492e-09,-2.98023217215615e-10,-0.02163529396057129,-0.9304412603378296,0.36644110083580017,0.0,0.0,0.0,2.98023217215615e-10,-0.01868978515267372,-1.0,-0.0,0.0,0.0,0.0,0.003969999961555004,-0.017509059980511665,-1.0,-0.0,0.0,0.0,0.0,4.611611075233668e-06,-0.0637909397482872,-0.7112206816673279,0.7029688358306885,0.0,0.0,0.0,2.98023217215615e-10,-0.04460655897855759,-0.6427876353263855,0.7660444974899292,0.0,0.0,0.0,-2.98023217215615e-10,-0.02347646653652191,-0.9396926760673523,0.34202009439468384,0.0,0.0,0.0,0.0,-0.019652195274829865,-1.0,-0.0,0.0,0.0,0.00711638480424881,0.0018999999156221747,-0.016959700733423233,-0.9961947202682495,-0.0,0.08715574443340302,0.0,-0.0005882382392883301,0.0,-0.060253534466028214,-0.7133238315582275,0.6995487809181213,-0.03029705584049225,-0.02971198782324791,1.19209286886246e-09,-1.490116086078075e-10,-0.04255415499210358,-0.6427876353263855,0.7660444974899292,0.0,0.0,-2.38418573772492e-09,0.0,-0.02208789810538292,-0.9063078761100769,0.4226182699203491,0.0,0.0,0.0,0.0,-0.017740869894623756,-1.0,-0.0,0.0,0.0,0.013503451831638813,-0.0037700000684708357,-0.014087309129536152,-0.9914448857307434,-0.0,0.13052619993686676,0.0,0.0048975334502756596,-3.847479547403054e-06,-0.05743739381432533,-0.6765674948692322,0.7343704700469971,-0.042795270681381226,-0.03354250267148018,4.76837147544984e-09,-2.98023217215615e-10,-0.03276757150888443,-0.7071068286895752,0.7071068286895752,0.0,0.0,2.38418573772492e-09,0.0,-0.016709718853235245,-0.8419820070266724,0.5395057201385498,0.0,0.0,0.0,0.0,-0.01388302817940712,-1.0,-0.0,0.0,0.0
1782948351.8476336,2026-07-01 19:25:51.847,16633.0,16633,left,0,1,fist,2,0.0,0.003969999961555004,-0.04999999701976776,-1.0,-0.0,0.0,0.0,0.0,0.0,0.0,-1.0,-0.0,0.0,0.0,0.025476500391960144,-0.012044699862599373,-0.022234899923205376,-0.7498569488525391,0.04021182656288147,0.3736003339290619,0.544536828994751,-5.7220457705398076e-08,-4.3511388270189855e-08,-0.027230437844991684,-0.9430460929870605,0.3326621651649475,0.0,0.0,3.5762786065873797e-09,6.318092005130893e-08,-0.031859491020441055,-0.8634029030799866,0.5045150518417358,0.0,0.0,2.384185648907078e-08,0.0,-0.023122519254684448,-1.0,-0.0,0.0,0.0,0.012359999120235443,0.0032300001475960016,-0.017000000923871994,-0.9990482330322266,-0.0,0.04361938685178757,0.0,0.0021501504816114902,-3.890097104886081e-06,-0.06502876430749893,-0.7757628560066223,0.6310239434242249,0.0007233438082039356,0.0005883850390091538,-9.53674295089968e-09,-9.53674295089968e-09,-0.036917347460985184,-0.7072030305862427,0.7070105075836182,0.0,0.0,-2.8610228852699038e-08,-2.98023217215615e-10,-0.0216355137526989,-0.9304412603378296,0.36644110083580017,0.0,0.0,1.2636184010261786e-07,2.98023217215615e-10,-0.018689393997192383,-1.0,-0.0,0.0,0.0,0.0,0.003969999961555004,-0.01750910095870495,-1.0,-0.0,0.0,0.0,0.0,4.610121322912164e-06,-0.06379090249538422,-0.777514636516571,0.6288648247718811,0.0,0.0,0.0,2.98023217215615e-10,-0.044606998562812805,-0.6430553197860718,0.7658197283744812,0.0,0.0,0.0,0.0,-0.023475991562008858,-0.9397059679031372,0.3419836163520813,0.0,0.0,0.0,0.0,-0.019651994109153748,-1.0,-0.0,0.0,0.0,-0.00711638992652297,0.0018999999156221747,-0.016959700733423233,-0.9961947202682495,-0.0,-0.08715574443340302,0.0,0.0005882433033548295,0.0,-0.060253534466028214,-0.8079008460044861,0.5884358882904053,0.02606142871081829,0.01898188516497612,-1.1086464013487785e-07,-1.490116086078075e-10,-0.04255366697907448,-0.6486966609954834,0.7610470652580261,0.0,0.0,4.5299529460862686e-08,0.0,-0.022088106721639633,-0.9073323011398315,0.42041438817977905,0.0,0.0,-1.4305114426349519e-08,0.0,-0.017740696668624878,-1.0,-0.0,0.0,0.0,-0.013503500260412693,-0.0037700000684708357,-0.014087299816310406,-0.9914448857307434,-0.0,-0.13052619993686676,0.0,-0.004897483624517918,-3.8501621020259336e-06,-0.05743739381432533,-0.6970614194869995,0.7151683568954468,0.037720538675785065,0.03488217666745186,5.4836270635405526e-08,-2.98023217215615e-10,-0.03276759013533592,-0.7071068286895752,0.7071068286895752,0.0,0.0,-9.298324243900424e-08,0.0,-0.01670967973768711,-0.8419820070266724,0.5395057201385498,0.0,0.0,6.19888282926695e-08,0.0,-0.013883084990084171,-1.0,-0.0,0.0,0.0
1782948352.0545259,2026-07-01 19:25:52.054,4730.0,4730,right,0,2,fist,2,0.0,0.003969999961555004,-0.04999999701976776,-1.0,-0.0,0.0,0.0,0.0,0.0,0.0,-1.0,-0.0,0.0,0.0,-0.025476505979895592,-0.012044684961438179,-0.022234933450818062,-0.7382166981697083,0.09777171909809113,-0.38033372163772583,-0.5484734177589417,0.0,1.19209286886246e-09,-0.02723044343292713,-0.9098348617553711,0.4149704873561859,0.0,0.0,2.38418573772492e-09,-1.19209286886246e-09,-0.031859468668699265,-0.812966525554657,0.5823104977607727,0.0,0.0,0.0,-3.5762786065873797e-09,-0.023122519254684448,-1.0,-0.0,0.0,0.0,-0.012360505759716034,0.0032300001475960016,-0.016998957842588425,-0.9990482330322266,-0.0,-0.04361938685178757,0.0,-0.002149570034816861,-3.8927792047616094e-06,-0.06502974033355713,-0.7757623195648193,0.6310235261917114,-0.0011577566619962454,-0.0009417467517778277,0.0,0.0,-0.03691747412085533,-0.7072030305862427,0.7070105075836182,0.0,0.0,-2.38418573772492e-09,-2.98023217215615e-10,-0.02163529396057129,-0.9304412603378296,0.36644110083580017,0.0,0.0,0.0,2.98023217215615e-10,-0.01868978515267372,-1.0,-0.0,0.0,0.0,0.0,0.003969999961555004,-0.017509059980511665,-1.0,-0.0,0.0,0.0,0.0,4.611611075233668e-06,-0.0637909397482872,-0.7112206816673279,0.7029688358306885,0.0,0.0,0.0,2.98023217215615e-10,-0.04460655897855759,-0.6427876353263855,0.7660444974899292,0.0,0.0,0.0,-2.98023217215615e-10,-0.02347646653652191,-0.9396926760673523,0.34202009439468384,0.0,0.0,0.0,0.0,-0.019652195274829865,-1.0,-0.0,0.0,0.0,0.00711638480424881,0.0018999999156221747,-0.016959700733423233,-0.9961947202682495,-0.0,0.08715574443340302,0.0,-0.0005882382392883301,0.0,-0.060253534466028214,-0.7133238315582275,0.6995487809181213,-0.03029705584049225,-0.02971198782324791,1.19209286886246e-09,-1.490116086078075e-10,-0.04255415499210358,-0.6427876353263855,0.7660444974899292,0.0,0.0,-2.38418573772492e-09,0.0,-0.02208789810538292,-0.9063078761100769,0.4226182699203491,0.0,0.0,0.0,0.0,-0.017740869894623756,-1.0,-0.0,0.0,0.0,0.013503451831638813,-0.0037700000684708357,-0.014087309129536152,-0.9914448857307434,-0.0,0.13052619993686676,0.0,0.0048975334502756596,-3.847479547403054e-06,-0.05743739381432533,-0.6765674948692322,0.7343704700469971,-0.042795270681381226,-0.03354250267148018,4.76837147544984e-09,-2.98023217215615e-10,-0.03276757150888443,-0.7071068286895752,0.7071068286895752,0.0,0.0,2.38418573772492e-09,0.0,-0.016709718853235245,-0.8419820070266724,0.5395057201385498,0.0,0.0,0.0,0.0,-0.01388302817940712,-1.0,-0.0,0.0,0.0
1782948352.066609,2026-07-01 19:25:52.066,16635.0,16635,left,0,1,fist,2,0.0,0.003969999961555004,-0.04999999701976776,-1.0,-0.0,0.0,0.0,0.0,0.0,0.0,-1.0,-0.0,0.0,0.0,0.025476500391960144,-0.012044699862599373,-0.022234899923205376,-0.7508429884910583,0.03710806742310524,0.3725299835205078,0.5441316962242126,-5.7220457705398076e-08,-4.3511388270189855e-08,-0.027230437844991684,-0.9447458982467651,0.32780370116233826,0.0,0.0,3.5762786065873797e-09,6.318092005130893e-08,-0.031859491020441055,-0.8665099143981934,0.49915993213653564,0.0,0.0,2.384185648907078e-08,0.0,-0.023122519254684448,-1.0,-0.0,0.0,0.0,0.012359999120235443,0.0032300001475960016,-0.017000000923871994,-0.9990482330322266,-0.0,0.04361938685178757,0.0,0.0021501504816114902,-3.890097104886081e-06,-0.06502876430749893,-0.7757628560066223,0.6310239434242249,0.0007233438082039356,0.0005883850390091538,-9.53674295089968e-09,-9.53674295089968e-09,-0.036917347460985184,-0.7072030305862427,0.7070105075836182,0.0,0.0,-2.8610228852699038e-08,-2.98023217215615e-10,-0.0216355137526989,-0.9304412603378296,0.36644110083580017,0.0,0.0,1.2636184010261786e-07,2.98023217215615e-10,-0.018689393997192383,-1.0,-0.0,0.0,0.0,0.0,0.003969999961555004,-0.01750910095870495,-1.0,-0.0,0.0,0.0,0.0,4.610121322912164e-06,-0.06379090249538422,-0.7809997200965881,0.6245313882827759,0.0,0.0,0.0,2.98023217215615e-10,-0.044606998562812805,-0.6433097124099731,0.7656061053276062,0.0,0.0,0.0,0.0,-0.023475991562008858,-0.9397186040878296,0.3419486880302429,0.0,0.0,0.0,0.0,-0.019651994109153748,-1.0,-0.0,0.0,0.0,-0.00711638992652297,0.0018999999156221747,-0.016959700733423233,-0.9961947202682495,-0.0,-0.08715574443340302,0.0,0.0005882433033548295,0.0,-0.060253534466028214,-0.8116611838340759,0.5832639336585999,0.025799062103033066,0.01854119449853897,-1.1086464013487785e-07,-1.490116086078075e-10,-0.04255366697907448,-0.649857759475708,0.7600558996200562,0.0,0.0,4.5299529460862686e-08,0.0,-0.022088106721639633,-0.9075344204902649,0.4199778139591217,0.0,0.0,-1.4305114426349519e-08,0.0,-0.017740696668624878,-1.0,-0.0,0.0,0.0,-0.013503500260412693,-0.0037700000684708357,-0.014087299816310406,-0.9914448857307434,-0.0,-0.13052619993686676,0.0,-0.004897483624517918,-3.8501621020259336e-06,-0.05743739381432533,-0.6970614194869995,0.7151683568954468,0.037720538675785065,0.03488217666745186,5.4836270635405526e-08,-2.98023217215615e-10,-0.03276759013533592,-0.7071068286895752,0.7071068286895752,0.0,0.0,-9.298324243900424e-08,0.0,-0.01670967973768711,-0.8419820070266724,0.5395057201385498,0.0,0.0,6.19888282926695e-08,0.0,-0.013883084990084171,-1.0,-0.0,0.0,0.0
1782948352.2730486,2026-07-01 19:25:52.273,16636.0,16636,left,0,1,fist,2,0.0,0.003969999961555004,-0.04999999701976776,-1.0,-0.0,0.0,0.0,0.0,0.0,0.0,-1.0,-0.0,0.0,0.0,0.025476500391960144,-0.012044699862599373,-0.022234899923205376,-0.7508429884910583,0.03710806742310524,0.3725299835205078,0.5441316962242126,-5.7220457705398076e-08,-4.3511388270189855e-08,-0.027230437844991684,-0.9447458982467651,0.32780370116233826,0.0,0.0,3.5762786065873797e-09,6.318092005130893e-08,-0.031859491020441055,-0.8665099143981934,0.49915993213653564,0.0,0.0,2.384185648907078e-08,0.0,-0.023122519254684448,-1.0,-0.0,0.0,0.0,0.012359999120235443,0.0032300001475960016,-0.017000000923871994,-0.9990482330322266,-0.0,0.04361938685178757,0.0,0.0021501504816114902,-3.890097104886081e-06,-0.06502876430749893,-0.7757628560066223,0.6310239434242249,0.0007233438082039356,0.0005883850390091538,-9.53674295089968e-09,-9.53674295089968e-09,-0.036917347460985184,-0.7072030305862427,0.7070105075836182,0.0,0.0,-2.8610228852699038e-08,-2.98023217215615e-10,-0.0216355137526989,-0.9304412603378296,0.36644110083580017,0.0,0.0,1.2636184010261786e-07,2.98023217215615e-10,-0.018689393997192383,-1.0,-0.0,0.0,0.0,0.0,0.003969999961555004,-0.01750910095870495,-1.0,-0.0,0.0,0.0,0.0,4.610121322912164e-06,-0.06379090249538422,-0.7809997200965881,0.6245313882827759,0.0,0.0,0.0,2.98023217215615e-10,-0.044606998562812805,-0.6433097124099731,0.7656061053276062,0.0,0.0,0.0,0.0,-0.023475991562008858,-0.9397186040878296,0.3419486880302429,0.0,0.0,0.0,0.0,-0.019651994109153748,-1.0,-0.0,0.0,0.0,-0.00711638992652297,0.0018999999156221747,-0.016959700733423233,-0.9961947202682495,-0.0,-0.08715574443340302,0.0,0.0005882433033548295,0.0,-0.060253534466028214,-0.8135288953781128,0.5806689262390137,0.025667479261755943,0.018320562317967415,-1.1086464013487785e-07,-1.490116086078075e-10,-0.04255366697907448,-0.6504377126693726,0.7595595717430115,0.0,0.0,4.5299529460862686e-08,0.0,-0.022088106721639633,-0.9076353907585144,0.41975948214530945,0.0,0.0,-1.4305114426349519e-08,0.0,-0.017740696668624878,-1.0,-0.0,0.0,0.0,-0.013503500260412693,-0.0037700000684708357,-0.014087299816310406,-0.9914448857307434,-0.0,-0.13052619993686676,0.0,-0.004897483624517918,-3.8501621020259336e-06,-0.05743739381432533,-0.6970614194869995,0.7151683568954468,0.037720538675785065,0.03488217666745186,5.4836270635405526e-08,-2.98023217215615e-10,-0.03276759013533592,-0.7071068286895752,0.7071068286895752,0.0,0.0,-9.298324243900424e-08,0.0,-0.01670967973768711,-0.8419820070266724,0.5395057201385498,0.0,0.0,6.19888282926695e-08,0.0,-0.013883084990084171,-1.0,-0.0,0.0,0.0
1782948352.2744963,2026-07-01 19:25:52.274,4744.0,4744,right,0,2,fist,2,0.0,0.003969999961555004,-0.04999999701976776,-1.0,-0.0,0.0,0.0,0.0,0.0,0.0,-1.0,-0.0,0.0,0.0,-0.025476505979895592,-0.012044684961438179,-0.022234933450818062,-0.7382166981697083,0.09777171909809113,-0.38033372163772583,-0.5484734177589417,0.0,1.19209286886246e-09,-0.02723044343292713,-0.9098348617553711,0.4149704873561859,0.0,0.0,2.38418573772492e-09,-1.19209286886246e-09,-0.031859468668699265,-0.812966525554657,0.5823104977607727,0.0,0.0,0.0,-3.5762786065873797e-09,-0.023122519254684448,-1.0,-0.0,0.0,0.0,-0.012360505759716034,0.0032300001475960016,-0.016998957842588425,-0.9990482330322266,-0.0,-0.04361938685178757,0.0,-0.002149570034816861,-3.8927792047616094e-06,-0.06502974033355713,-0.7757623195648193,0.6310235261917114,-0.0011577566619962454,-0.0009417467517778277,0.0,0.0,-0.03691747412085533,-0.7072030305862427,0.7070105075836182,0.0,0.0,-2.38418573772492e-09,-2.98023217215615e-10,-0.02163529396057129,-0.9304412603378296,0.36644110083580017,0.0,0.0,0.0,2.98023217215615e-10,-0.01868978515267372,-1.0,-0.0,0.0,0.0,0.0,0.003969999961555004,-0.017509059980511665,-1.0,-0.0,0.0,0.0,0.0,4.611611075233668e-06,-0.0637909397482872,-0.7112206816673279,0.7029688358306885,0.0,0.0,0.0,2.98023217215615e-10,-0.04460655897855759,-0.6427876353263855,0.7660444974899292,0.0,0.0,0.0,-2.98023217215615e-10,-0.02347646653652191,-0.9396926760673523,0.34202009439468384,0.0,0.0,0.0,0.0,-0.019652195274829865,-1.0,-0.0,0.0,0.0,0.00711638480424881,0.0018999999156221747,-0.016959700733423233,-0.9961947202682495,-0.0,0.08715574443340302,0.0,-0.0005882382392883301,0.0,-0.060253534466028214,-0.7133238315582275,0.6995487809181213,-0.03029705584049225,-0.02971198782324791,1.19209286886246e-09,-1.490116086078075e-10,-0.04255415499210358,-0.6427876353263855,0.7660444974899292,0.0,0.0,-2.38418573772492e-09,0.0,-0.02208789810538292,-0.9063078761100769,0.4226182699203491,0.0,0.0,0.0,0.0,-0.017740869894623756,-1.0,-0.0,0.0,0.0,0.013503451831638813,-0.0037700000684708357,-0.014087309129536152,-0.9914448857307434,-0.0,0.13052619993686676,0.0,0.0048975334502756596,-3.847479547403054e-06,-0.05743739381432533,-0.6765674948692322,0.7343704700469971,-0.042795270681381226,-0.03354250267148018,4.76837147544984e-09,-2.98023217215615e-10,-0.03276757150888443,-0.7071068286895752,0.7071068286895752,0.0,0.0,2.38418573772492e-09,0.0,-0.016709718853235245,-0.8419820070266724,0.5395057201385498,0.0,0.0,0.0,0.0,-0.01388302817940712,-1.0,-0.0,0.0,0.0
1782948352.48852,2026-07-01 19:25:52.488,16638.0,16638,left,0,1,fist,2,0.0,0.003969999961555004,-0.04999999701976776,-1.0,-0.0,0.0,0.0,0.0,0.0,0.0,-1.0,-0.0,0.0,0.0,0.025476500391960144,-0.012044699862599373,-0.022234899923205376,-0.7508429884910583,0.03710806742310524,0.3725299835205078,0.5441316962242126,-5.7220457705398076e-08,-4.3511388270189855e-08,-0.027230437844991684,-0.9447458982467651,0.32780370116233826,0.0,0.0,3.5762786065873797e-09,6.318092005130893e-08,-0.031859491020441055,-0.8665099143981934,0.49915993213653564,0.0,0.0,2.384185648907078e-08,0.0,-0.023122519254684448,-1.0,-0.0,0.0,0.0,0.012359999120235443,0.0032300001475960016,-0.017000000923871994,-0.9990482330322266,-0.0,0.04361938685178757,0.0,0.0021501504816114902,-3.890097104886081e-06,-0.06502876430749893,-0.7757628560066223,0.6310239434242249,0.0007233438082039356,0.0005883850390091538,-9.53674295089968e-09,-9.53674295089968e-09,-0.036917347460985184,-0.7072030305862427,0.7070105075836182,0.0,0.0,-2.8610228852699038e-08,-2.98023217215615e-10,-0.0216355137526989,-0.9304412603378296,0.36644110083580017,0.0,0.0,1.2636184010261786e-07,2.98023217215615e-10,-0.018689393997192383,-1.0,-0.0,0.0,0.0,0.0,0.003969999961555004,-0.01750910095870495,-1.0,-0.0,0.0,0.0,0.0,4.610121322912164e-06,-0.06379090249538422,-0.7809997200965881,0.6245313882827759,0.0,0.0,0.0,2.98023217215615e-10,-0.044606998562812805,-0.6433097124099731,0.7656061053276062,0.0,0.0,0.0,0.0,-0.023475991562008858,-0.9397186040878296,0.3419486880302429,0.0,0.0,0.0,0.0,-0.019651994109153748,-1.0,-0.0,0.0,0.0,-0.00711638992652297,0.0018999999156221747,-0.016959700733423233,-0.9961947202682495,-0.0,-0.08715574443340302,0.0,0.0005882433033548295,0.0,-0.060253534466028214,-0.8135288953781128,0.5806689262390137,0.025667479261755943,0.018320562317967415,-1.1086464013487785e-07,-1.490116086078075e-10,-0.04255366697907448,-0.6504377126693726,0.7595595717430115,0.0,0.0,4.5299529460862686e-08,0.0,-0.022088106721639633,-0.9076353907585144,0.41975948214530945,0.0,0.0,-1.4305114426349519e-08,0.0,-0.017740696668624878,-1.0,-0.0,0.0,0.0,-0.013503500260412693,-0.0037700000684708357,-0.014087299816310406,-0.9914448857307434,-0.0,-0.13052619993686676,0.0,-0.004897483624517918,-3.8501621020259336e-06,-0.05743739381432533,-0.6970614194869995,0.7151683568954468,0.037720538675785065,0.03488217666745186,5.4836270635405526e-08,-2.98023217215615e-10,-0.03276759013533592,-0.7071068286895752,0.7071068286895752,0.0,0.0,-9.298324243900424e-08,0.0,-0.01670967973768711,-0.8419820070266724,0.5395057201385498,0.0,0.0,6.19888282926695e-08,0.0,-0.013883084990084171,-1.0,-0.0,0.0,0.0
1782948352.4889228,2026-07-01 19:25:52.488,4755.0,4755,right,0,2,fist,2,0.0,0.003969999961555004,-0.04999999701976776,-1.0,-0.0,0.0,0.0,0.0,0.0,0.0,-1.0,-0.0,0.0,0.0,-0.025476505979895592,-0.012044684961438179,-0.022234933450818062,-0.7382166981697083,0.09777171909809113,-0.38033372163772583,-0.5484734177589417,0.0,1.19209286886246e-09,-0.02723044343292713,-0.9098348617553711,0.4149704873561859,0.0,0.0,2.38418573772492e-09,-1.19209286886246e-09,-0.031859468668699265,-0.812966525554657,0.5823104977607727,0.0,0.0,0.0,-3.5762786065873797e-09,-0.023122519254684448,-1.0,-0.0,0.0,0.0,-0.012360505759716034,0.0032300001475960016,-0.016998957842588425,-0.9990482330322266,-0.0,-0.04361938685178757,0.0,-0.002149570034816861,-3.8927792047616094e-06,-0.06502974033355713,-0.7757623195648193,0.6310235261917114,-0.0011577566619962454,-0.0009417467517778277,0.0,0.0,-0.03691747412085533,-0.7072030305862427,0.7070105075836182,0.0,0.0,-2.38418573772492e-09,-2.98023217215615e-10,-0.02163529396057129,-0.9304412603378296,0.36644110083580017,0.0,0.0,0.0,2.98023217215615e-10,-0.01868978515267372,-1.0,-0.0,0.0,0.0,0.0,0.003969999961555004,-0.017509059980511665,-1.0,-0.0,0.0,0.0,0.0,4.611611075233668e-06,-0.0637909397482872,-0.7112206816673279,0.7029688358306885,0.0,0.0,0.0,2.98023217215615e-10,-0.04460655897855759,-0.6427876353263855,0.7660444974899292,0.0,0.0,0.0,-2.98023217215615e-10,-0.02347646653652191,-0.9396926760673523,0.34202009439468384,0.0,0.0,0.0,0.0,-0.019652195274829865,-1.0,-0.0,0.0,0.0,0.00711638480424881,0.0018999999156221747,-0.016959700733423233,-0.9961947202682495,-0.0,0.08715574443340302,0.0,-0.0005882382392883301,0.0,-0.060253534466028214,-0.7133238315582275,0.6995487809181213,-0.03029705584049225,-0.02971198782324791,1.19209286886246e-09,-1.490116086078075e-10,-0.04255415499210358,-0.6427876353263855,0.7660444974899292,0.0,0.0,-2.38418573772492e-09,0.0,-0.02208789810538292,-0.9063078761100769,0.4226182699203491,0.0,0.0,0.0,0.0,-0.017740869894623756,-1.0,-0.0,0.0,0.0,0.013503451831638813,-0.0037700000684708357,-0.014087309129536152,-0.9914448857307434,-0.0,0.13052619993686676,0.0,0.0048975334502756596,-3.847479547403054e-06,-0.05743739381432533,-0.6765674948692322,0.7343704700469971,-0.042795270681381226,-0.03354250267148018,4.76837147544984e-09,-2.98023217215615e-10,-0.03276757150888443,-0.7071068286895752,0.7071068286895752,0.0,0.0,2.38418573772492e-09,0.0,-0.016709718853235245,-0.8419820070266724,0.5395057201385498,0.0,0.0,0.0,0.0,-0.01388302817940712,-1.0,-0.0,0.0,0.0
1782948352.6944025,2026-07-01 19:25:52.694,16640.0,16640,left,0,1,fist,2,0.0,0.003969999961555004,-0.04999999701976776,-1.0,-0.0,0.0,0.0,0.0,0.0,0.0,-1.0,-0.0,0.0,0.0,0.025476500391960144,-0.012044699862599373,-0.022234899923205376,-0.7508429884910583,0.03710806742310524,0.3725299835205078,0.5441316962242126,-5.7220457705398076e-08,-4.3511388270189855e-08,-0.027230437844991684,-0.9447458982467651,0.32780370116233826,0.0,0.0,3.5762786065873797e-09,6.318092005130893e-08,-0.031859491020441055,-0.8665099143981934,0.49915993213653564,0.0,0.0,2.384185648907078e-08,0.0,-0.023122519254684448,-1.0,-0.0,0.0,0.0,0.012359999120235443,0.0032300001475960016,-0.017000000923871994,-0.9990482330322266,-0.0,0.04361938685178757,0.0,0.0021501504816114902,-3.890097104886081e-06,-0.06502876430749893,-0.7757628560066223,0.6310239434242249,0.0007233438082039356,0.0005883850390091538,-9.53674295089968e-09,-9.53674295089968e-09,-0.036917347460985184,-0.7072030305862427,0.7070105075836182,0.0,0.0,-2.8610228852699038e-08,-2.98023217215615e-10,-0.0216355137526989,-0.9304412603378296,0.36644110083580017,0.0,0.0,1.2636184010261786e-07,2.98023217215615e-10,-0.018689393997192383,-1.0,-0.0,0.0,0.0,0.0,0.003969999961555004,-0.01750910095870495,-1.0,-0.0,0.0,0.0,0.0,4.610121322912164e-06,-0.06379090249538422,-0.7809997200965881,0.6245313882827759,0.0,0.0,0.0,2.98023217215615e-10,-0.044606998562812805,-0.6433097124099731,0.7656061053276062,0.0,0.0,0.0,0.0,-0.023475991562008858,-0.9397186040878296,0.3419486880302429,0.0,0.0,0.0,0.0,-0.019651994109153748,-1.0,-0.0,0.0,0.0,-0.00711638992652297,0.0018999999156221747,-0.016959700733423233,-0.9961947202682495,-0.0,-0.08715574443340302,0.0,0.0005882433033548295,0.0,-0.060253534466028214,-0.8135288953781128,0.5806689262390137,0.025667479261755943,0.018320562317967415,-1.1086464013487785e-07,-1.490116086078075e-10,-0.04255366697907448,-0.6504377126693726,0.7595595717430115,0.0,0.0,4.5299529460862686e-08,0.0,-0.022088106721639633,-0.9076353907585144,0.41975948214530945,0.0,0.0,-1.4305114426349519e-08,0.0,-0.017740696668624878,-1.0,-0.0,0.0,0.0,-0.013503500260412693,-0.0037700000684708357,-0.014087299816310406,-0.9914448857307434,-0.0,-0.13052619993686676,0.0,-0.004897483624517918,-3.8501621020259336e-06,-0.05743739381432533,-0.6970614194869995,0.7151683568954468,0.037720538675785065,0.03488217666745186,5.4836270635405526e-08,-2.98023217215615e-10,-0.03276759013533592,-0.7071068286895752,0.7071068286895752,0.0,0.0,-9.298324243900424e-08,0.0,-0.01670967973768711,-0.8419820070266724,0.5395057201385498,0.0,0.0,6.19888282926695e-08,0.0,-0.013883084990084171,-1.0,-0.0,0.0,0.0
1782948352.6969838,2026-07-01 19:25:52.696,4768.0,4768,right,0,2,fist,2,0.0,0.003969999961555004,-0.04999999701976776,-1.0,-0.0,0.0,0.0,0.0,0.0,0.0,-1.0,-0.0,0.0,0.0,-0.025476505979895592,-0.012044684961438179,-0.022234933450818062,-0.7382166981697083,0.09777171909809113,-0.38033372163772583,-0.5484734177589417,0.0,1.19209286886246e-09,-0.02723044343292713,-0.9098348617553711,0.4149704873561859,0.0,0.0,2.38418573772492e-09,-1.19209286886246e-09,-0.031859468668699265,-0.812966525554657,0.5823104977607727,0.0,0.0,0.0,-3.5762786065873797e-09,-0.023122519254684448,-1.0,-0.0,0.0,0.0,-0.012360505759716034,0.0032300001475960016,-0.016998957842588425,-0.9990482330322266,-0.0,-0.04361938685178757,0.0,-0.002149570034816861,-3.8927792047616094e-06,-0.06502974033355713,-0.7801297307014465,0.6256157755851746,-0.0012399567058309913,-0.000994195812381804,0.0,0.0,-0.03691747412085533,-0.7074214220046997,0.7067921161651611,0.0,0.0,-2.38418573772492e-09,-2.98023217215615e-10,-0.02163529396057129,-0.9304948449134827,0.3663052022457123,0.0,0.0,0.0,2.98023217215615e-10,-0.01868978515267372,-1.0,-0.0,0.0,0.0,0.0,0.003969999961555004,-0.017509059980511665,-1.0,-0.0,0.0,0.0,0.0,4.611611075233668e-06,-0.0637909397482872,-0.7112206816673279,0.7029688358306885,0.0,0.0,0.0,2.98023217215615e-10,-0.04460655897855759,-0.6427876353263855,0.7660444974899292,0.0,0.0,0.0,-2.98023217215615e-10,-0.02347646653652191,-0.9396926760673523,0.34202009439468384,0.0,0.0,0.0,0.0,-0.019652195274829865,-1.0,-0.0,0.0,0.0,0.00711638480424881,0.0018999999156221747,-0.016959700733423233,-0.9961947202682495,-0.0,0.08715574443340302,0.0,-0.0005882382392883301,0.0,-0.060253534466028214,-0.7133238315582275,0.6995487809181213,-0.03029705584049225,-0.02971198782324791,1.19209286886246e-09,-1.490116086078075e-10,-0.04255415499210358,-0.6427876353263855,0.7660444974899292,0.0,0.0,-2.38418573772492e-09,0.0,-0.02208789810538292,-0.9063078761100769,0.4226182699203491,0.0,0.0,0.0,0.0,-0.017740869894623756,-1.0,-0.0,0.0,0.0,0.013503451831638813,-0.0037700000684708357,-0.014087309129536152,-0.9914448857307434,-0.0,0.13052619993686676,0.0,0.0048975334502756596,-3.847479547403054e-06,-0.05743739381432533,-0.6765674948692322,0.7343704700469971,-0.042795270681381226,-0.03354250267148018,4.76837147544984e-09,-2.98023217215615e-10,-0.03276757150888443,-0.7071068286895752,0.7071068286895752,0.0,0.0,2.38418573772492e-09,0.0,-0.016709718853235245,-0.8419820070266724,0.5395057201385498,0.0,0.0,0.0,0.0,-0.01388302817940712,-1.0,-0.0,0.0,0.0
1782948352.90501,2026-07-01 19:25:52.905,16642.0,16642,left,0,1,fist,2,0.0,0.003969999961555004,-0.04999999701976776,-1.0,-0.0,0.0,0.0,0.0,0.0,0.0,-1.0,-0.0,0.0,0.0,0.025476500391960144,-0.012044699862599373,-0.022234899923205376,-0.7508429884910583,0.03710806742310524,0.3725299835205078,0.5441316962242126,-5.7220457705398076e-08,-4.3511388270189855e-08,-0.027230437844991684,-0.9447458982467651,0.32780370116233826,0.0,0.0,3.5762786065873797e-09,6.318092005130893e-08,-0.031859491020441055,-0.8665099143981934,0.49915993213653564,0.0,0.0,2.384185648907078e-08,0.0,-0.023122519254684448,-1.0,-0.0,0.0,0.0,0.012359999120235443,0.0032300001475960016,-0.017000000923871994,-0.9990482330322266,-0.0,0.04361938685178757,0.0,0.0021501504816114902,-3.890097104886081e-06,-0.06502876430749893,-0.7757628560066223,0.6310239434242249,0.0007233438082039356,0.0005883850390091538,-9.53674295089968e-09,-9.53674295089968e-09,-0.036917347460985184,-0.7072030305862427,0.7070105075836182,0.0,0.0,-2.8610228852699038e-08,-2.98023217215615e-10,-0.0216355137526989,-0.9304412603378296,0.36644110083580017,0.0,0.0,1.2636184010261786e-07,2.98023217215615e-10,-0.018689393997192383,-1.0,-0.0,0.0,0.0,0.0,0.003969999961555004,-0.01750910095870495,-1.0,-0.0,0.0,0.0,0.0,4.610121322912164e-06,-0.06379090249538422,-0.7809997200965881,0.6245313882827759,0.0,0.0,0.0,2.98023217215615e-10,-0.044606998562812805,-0.6433097124099731,0.7656061053276062,0.0,0.0,0.0,0.0,-0.023475991562008858,-0.9397186040878296,0.3419486880302429,0.0,0.0,0.0,0.0,-0.019651994109153748,-1.0,-0.0,0.0,0.0,-0.00711638992652297,0.0018999999156221747,-0.016959700733423233,-0.9961947202682495,-0.0,-0.08715574443340302,0.0,0.0005882433033548295,0.0,-0.060253534466028214,-0.8135288953781128,0.5806689262390137,0.025667479261755943,0.018320562317967415,-1.1086464013487785e-07,-1.490116086078075e-10,-0.04255366697907448,-0.6504377126693726,0.7595595717430115,0.0,0.0,4.5299529460862686e-08,0.0,-0.022088106721639633,-0.9076353907585144,0.41975948214530945,0.0,0.0,-1.4305114426349519e-08,0.0,-0.017740696668624878,-1.0,-0.0,0.0,0.0,-0.013503500260412693,-0.0037700000684708357,-0.014087299816310406,-0.9914448857307434,-0.0,-0.13052619993686676,0.0,-0.004897483624517918,-3.8501621020259336e-06,-0.05743739381432533,-0.6970614194869995,0.7151683568954468,0.037720538675785065,0.03488217666745186,5.4836270635405526e-08,-2.98023217215615e-10,-0.03276759013533592,-0.7071068286895752,0.7071068286895752,0.0,0.0,-9.298324243900424e-08,0.0,-0.01670967973768711,-0.8419820070266724,0.5395057201385498,0.0,0.0,6.19888282926695e-08,0.0,-0.013883084990084171,-1.0,-0.0,0.0,0.0
1782948352.905355,2026-07-01 19:25:52.905,4781.0,4781,right,0,2,fist,2,0.0,0.003969999961555004,-0.04999999701976776,-1.0,-0.0,0.0,0.0,0.0,0.0,0.0,-1.0,-0.0,0.0,0.0,-0.025476505979895592,-0.012044684961438179,-0.022234933450818062,-0.7382166981697083,0.09777171909809113,-0.38033372163772583,-0.5484734177589417,0.0,1.19209286886246e-09,-0.02723044343292713,-0.9098348617553711,0.4149704873561859,0.0,0.0,2.38418573772492e-09,-1.19209286886246e-09,-0.031859468668699265,-0.812966525554657,0.5823104977607727,0.0,0.0,0.0,-3.5762786065873797e-09,-0.023122519254684448,-1.0,-0.0,0.0,0.0,-0.012360505759716034,0.0032300001475960016,-0.016998957842588425,-0.9990482330322266,-0.0,-0.04361938685178757,0.0,-0.002149570034816861,-3.8927792047616094e-06,-0.06502974033355713,-0.7809987664222717,0.624530553817749,-0.0012563896598294377,-0.001004679943434894,0.0,0.0,-0.03691747412085533,-0.7074650526046753,0.7067484259605408,0.0,0.0,-2.38418573772492e-09,-2.98023217215615e-10,-0.02163529396057129,-0.9305055141448975,0.3662780225276947,0.0,0.0,0.0,2.98023217215615e-10,-0.01868978515267372,-1.0,-0.0,0.0,0.0,0.0,0.003969999961555004,-0.017509059980511665,-1.0,-0.0,0.0,0.0,0.0,4.611611075233668e-06,-0.0637909397482872,-0.7112206816673279,0.7029688358306885,0.0,0.0,0.0,2.98023217215615e-10,-0.04460655897855759,-0.6427876353263855,0.7660444974899292,0.0,0.0,0.0,-2.98023217215615e-10,-0.02347646653652191,-0.9396926760673523,0.34202009439468384,0.0,0.0,0.0,0.0,-0.019652195274829865,-1.0,-0.0,0.0,0.0,0.00711638480424881,0.0018999999156221747,-0.016959700733423233,-0.9961947202682495,-0.0,0.08715574443340302,0.0,-0.0005882382392883301,0.0,-0.060253534466028214,-0.7133238315582275,0.6995487809181213,-0.03029705584049225,-0.02971198782324791,1.19209286886246e-09,-1.490116086078075e-10,-0.04255415499210358,-0.6427876353263855,0.7660444974899292,0.0,0.0,-2.38418573772492e-09,0.0,-0.02208789810538292,-0.9063078761100769,0.4226182699203491,0.0,0.0,0.0,0.0,-0.017740869894623756,-1.0,-0.0,0.0,0.0,0.013503451831638813,-0.0037700000684708357,-0.014087309129536152,-0.9914448857307434,-0.0,0.13052619993686676,0.0,0.0048975334502756596,-3.847479547403054e-06,-0.05743739381432533,-0.6765674948692322,0.7343704700469971,-0.042795270681381226,-0.03354250267148018,4.76837147544984e-09,-2.98023217215615e-10,-0.03276757150888443,-0.7071068286895752,0.7071068286895752,0.0,0.0,2.38418573772492e-09,0.0,-0.016709718853235245,-0.8419820070266724,0.5395057201385498,0.0,0.0,0.0,0.0,-0.01388302817940712,-1.0,-0.0,0.0,0.0
1782948353.1161044,2026-07-01 19:25:53.116,16644.0,16644,left,0,1,fist,2,0.0,0.003969999961555004,-0.04999999701976776,-1.0,-0.0,0.0,0.0,0.0,0.0,0.0,-1.0,-0.0,0.0,0.0,0.025476500391960144,-0.012044699862599373,-0.022234899923205376,-0.7513458132743835,0.035550665110349655,0.37197327613830566,0.5439223647117615,-5.7220457705398076e-08,-4.3511388270189855e-08,-0.027230437844991684,-0.9455907940864563,0.3253582715988159,0.0,0.0,3.5762786065873797e-09,6.318092005130893e-08,-0.031859491020441055,-0.8680747151374817,0.4964335560798645,0.0,0.0,2.384185648907078e-08,0.0,-0.023122519254684448,-1.0,-0.0,0.0,0.0,0.012359999120235443,0.0032300001475960016,-0.017000000923871994,-0.9990482330322266,-0.0,0.04361938685178757,0.0,0.0021501504816114902,-3.890097104886081e-06,-0.06502876430749893,-0.7757628560066223,0.6310239434242249,0.0007233438082039356,0.0005883850390091538,-9.53674295089968e-09,-9.53674295089968e-09,-0.036917347460985184,-0.7072030305862427,0.7070105075836182,0.0,0.0,-2.8610228852699038e-08,-2.98023217215615e-10,-0.0216355137526989,-0.9304412603378296,0.36644110083580017,0.0,0.0,1.2636184010261786e-07,2.98023217215615e-10,-0.018689393997192383,-1.0,-0.0,0.0,0.0,0.0,0.003969999961555004,-0.01750910095870495,-1.0,-0.0,0.0,0.0,0.0,4.610121322912164e-06,-0.06379090249538422,-0.7809997200965881,0.6245313882827759,0.0,0.0,0.0,2.98023217215615e-10,-0.044606998562812805,-0.6433097124099731,0.7656061053276062,0.0,0.0,0.0,0.0,-0.023475991562008858,-0.9397186040878296,0.3419486880302429,0.0,0.0,0.0,0.0,-0.019651994109153748,-1.0,-0.0,0.0,0.0,-0.00711638992652297,0.0018999999156221747,-0.016959700733423233,-0.9961947202682495,-0.0,-0.08715574443340302,0.0,0.0005882433033548295,0.0,-0.060253534466028214,-0.8135288953781128,0.5806689262390137,0.025667479261755943,0.018320562317967415,-1.1086464013487785e-07,-1.490116086078075e-10,-0.04255366697907448,-0.6504377126693726,0.7595595717430115,0.0,0.0,4.5299529460862686e-08,0.0,-0.022088106721639633,-0.9076353907585144,0.41975948214530945,0.0,0.0,-1.4305114426349519e-08,0.0,-0.017740696668624878,-1.0,-0.0,0.0,0.0,-0.013503500260412693,-0.0037700000684708357,-0.014087299816310406,-0.9914448857307434,-0.0,-0.13052619993686676,0.0,-0.004897483624517918,-3.8501621020259336e-06,-0.05743739381432533,-0.6970614194869995,0.7151683568954468,0.037720538675785065,0.03488217666745186,5.4836270635405526e-08,-2.98023217215615e-10,-0.03276759013533592,-0.7071068286895752,0.7071068286895752,0.0,0.0,-9.298324243900424e-08,0.0,-0.01670967973768711,-0.8419820070266724,0.5395057201385498,0.0,0.0,6.19888282926695e-08,0.0,-0.013883084990084171,-1.0,-0.0,0.0,0.0
1782948353.1282408,2026-07-01 19:25:53.128,4794.0,4794,right,0,2,fist,2,0.0,0.003969999961555004,-0.04999999701976776,-1.0,-0.0,0.0,0.0,0.0,0.0,0.0,-1.0,-0.0,0.0,0.0,-0.025476505979895592,-0.012044684961438179,-0.022234933450818062,-0.7382166981697083,0.09777171909809113,-0.38033372163772583,-0.5484734177589417,0.0,1.19209286886246e-09,-0.02723044343292713,-0.9098348617553711,0.4149704873561859,0.0,0.0,2.38418573772492e-09,-1.19209286886246e-09,-0.031859468668699265,-0.812966525554657,0.5823104977607727,0.0,0.0,0.0,-3.5762786065873797e-09,-0.023122519254684448,-1.0,-0.0,0.0,0.0,-0.012360505759716034,0.0032300001475960016,-0.016998957842588425,-0.9990482330322266,-0.0,-0.04361938685178757,0.0,-0.002149570034816861,-3.8927792047616094e-06,-0.06502974033355713,-0.7809987664222717,0.624530553817749,-0.0012563896598294377,-0.001004679943434894,0.0,0.0,-0.03691747412085533,-0.7074650526046753,0.7067484259605408,0.0,0.0,-2.38418573772492e-09,-2.98023217215615e-10,-0.02163529396057129,-0.9305055141448975,0.3662780225276947,0.0,0.0,0.0,2.98023217215615e-10,-0.01868978515267372,-1.0,-0.0,0.0,0.0,0.0,0.003969999961555004,-0.017509059980511665,-1.0,-0.0,0.0,0.0,0.0,4.611611075233668e-06,-0.0637909397482872,-0.7112206816673279,0.7029688358306885,0.0,0.0,0.0,2.98023217215615e-10,-0.04460655897855759,-0.6427876353263855,0.7660444974899292,0.0,0.0,0.0,-2.98023217215615e-10,-0.02347646653652191,-0.9396926760673523,0.34202009439468384,0.0,0.0,0.0,0.0,-0.019652195274829865,-1.0,-0.0,0.0,0.0,0.00711638480424881,0.0018999999156221747,-0.016959700733423233,-0.9961947202682495,-0.0,0.08715574443340302,0.0,-0.0005882382392883301,0.0,-0.060253534466028214,-0.7133238315582275,0.6995487809181213,-0.03029705584049225,-0.02971198782324791,1.19209286886246e-09,-1.490116086078075e-10,-0.04255415499210358,-0.6427876353263855,0.7660444974899292,0.0,0.0,-2.38418573772492e-09,0.0,-0.02208789810538292,-0.9063078761100769,0.4226182699203491,0.0,0.0,0.0,0.0,-0.017740869894623756,-1.0,-0.0,0.0,0.0,0.013503451831638813,-0.0037700000684708357,-0.014087309129536152,-0.9914448857307434,-0.0,0.13052619993686676,0.0,0.0048975334502756596,-3.847479547403054e-06,-0.05743739381432533,-0.6765674948692322,0.7343704700469971,-0.042795270681381226,-0.03354250267148018,4.76837147544984e-09,-2.98023217215615e-10,-0.03276757150888443,-0.7071068286895752,0.7071068286895752,0.0,0.0,2.38418573772492e-09,0.0,-0.016709718853235245,-0.8419820070266724,0.5395057201385498,0.0,0.0,0.0,0.0,-0.01388302817940712,-1.0,-0.0,0.0,0.0
1782948353.324932,2026-07-01 19:25:53.324,16645.0,16645,left,0,1,fist,2,0.0,0.003969999961555004,-0.04999999701976776,-1.0,-0.0,0.0,0.0,0.0,0.0,0.0,-1.0,-0.0,0.0,0.0,0.025476500391960144,-0.012044699862599373,-0.022234899923205376,-0.7523573040962219,0.03243069350719452,0.3708374500274658,0.5434946417808533,-5.7220457705398076e-08,-4.3511388270189855e-08,-0.027230437844991684,-0.9472658038139343,0.3204488456249237,0.0,0.0,3.5762786065873797e-09,6.318092005130893e-08,-0.031859491020441055,-0.87120121717453,0.49092623591423035,0.0,0.0,2.384185648907078e-08,0.0,-0.023122519254684448,-1.0,-0.0,0.0,0.0,0.012359999120235443,0.0032300001475960016,-0.017000000923871994,-0.9990482330322266,-0.0,0.04361938685178757,0.0,0.0021501504816114902,-3.890097104886081e-06,-0.06502876430749893,-0.7757628560066223,0.6310239434242249,0.0007233438082039356,0.0005883850390091538,-9.53674295089968e-09,-9.53674295089968e-09,-0.036917347460985184,-0.7072030305862427,0.7070105075836182,0.0,0.0,-2.8610228852699038e-08,-2.98023217215615e-10,-0.0216355137526989,-0.9304412603378296,0.36644110083580017,0.0,0.0,1.2636184010261786e-07,2.98023217215615e-10,-0.018689393997192383,-1.0,-0.0,0.0,0.0,0.0,0.003969999961555004,-0.01750910095870495,-1.0,-0.0,0.0,0.0,0.0,4.610121322912164e-06,-0.06379090249538422,-0.7809997200965881,0.6245313882827759,0.0,0.0,0.0,2.98023217215615e-10,-0.044606998562812805,-0.6433097124099731,0.7656061053276062,0.0,0.0,0.0,0.0,-0.023475991562008858,-0.9397186040878296,0.3419486880302429,0.0,0.0,0.0,0.0,-0.019651994109153748,-1.0,-0.0,0.0,0.0,-0.00711638992652297,0.0018999999156221747,-0.016959700733423233,-0.9961947202682495,-0.0,-0.08715574443340302,0.0,0.0005882433033548295,0.0,-0.060253534466028214,-0.8135288953781128,0.5806689262390137,0.025667479261755943,0.018320562317967415,-1.1086464013487785e-07,-1.490116086078075e-10,-0.04255366697907448,-0.6504377126693726,0.7595595717430115,0.0,0.0,4.5299529460862686e-08,0.0,-0.022088106721639633,-0.9076353907585144,0.41975948214530945,0.0,0.0,-1.4305114426349519e-08,0.0,-0.017740696668624878,-1.0,-0.0,0.0,0.0,-0.013503500260412693,-0.0037700000684708357,-0.014087299816310406,-0.9914448857307434,-0.0,-0.13052619993686676,0.0,-0.004897483624517918,-3.8501621020259336e-06,-0.05743739381432533,-0.6970614194869995,0.7151683568954468,0.037720538675785065,0.03488217666745186,5.4836270635405526e-08,-2.98023217215615e-10,-0.03276759013533592,-0.7071068286895752,0.7071068286895752,0.0,0.0,-9.298324243900424e-08,0.0,-0.01670967973768711,-0.8419820070266724,0.5395057201385498,0.0,0.0,6.19888282926695e-08,0.0,-0.013883084990084171,-1.0,-0.0,0.0,0.0
1782948353.3370037,2026-07-01 19:25:53.337,4808.0,4808,right,0,2,fist,2,0.0,0.003969999961555004,-0.04999999701976776,-1.0,-0.0,0.0,0.0,0.0,0.0,0.0,-1.0,-0.0,0.0,0.0,-0.025476505979895592,-0.012044684961438179,-0.022234933450818062,-0.7382166981697083,0.09777171909809113,-0.38033372163772583,-0.5484734177589417,0.0,1.19209286886246e-09,-0.02723044343292713,-0.9098348617553711,0.4149704873561859,0.0,0.0,2.38418573772492e-09,-1.19209286886246e-09,-0.031859468668699265,-0.812966525554657,0.5823104977607727,0.0,0.0,0.0,-3.5762786065873797e-09,-0.023122519254684448,-1.0,-0.0,0.0,0.0,-0.012360505759716034,0.0032300001475960016,-0.016998957842588425,-0.9990482330322266,-0.0,-0.04361938685178757,0.0,-0.002149570034816861,-3.8927792047616094e-06,-0.06502974033355713,-0.7809987664222717,0.624530553817749,-0.0012563896598294377,-0.001004679943434894,0.0,0.0,-0.03691747412085533,-0.7074650526046753,0.7067484259605408,0.0,0.0,-2.38418573772492e-09,-2.98023217215615e-10,-0.02163529396057129,-0.9305055141448975,0.3662780225276947,0.0,0.0,0.0,2.98023217215615e-10,-0.01868978515267372,-1.0,-0.0,0.0,0.0,0.0,0.003969999961555004,-0.017509059980511665,-1.0,-0.0,0.0,0.0,0.0,4.611611075233668e-06,-0.0637909397482872,-0.7112206816673279,0.7029688358306885,0.0,0.0,0.0,2.98023217215615e-10,-0.04460655897855759,-0.6427876353263855,0.7660444974899292,0.0,0.0,0.0,-2.98023217215615e-10,-0.02347646653652191,-0.9396926760673523,0.34202009439468384,0.0,0.0,0.0,0.0,-0.019652195274829865,-1.0,-0.0,0.0,0.0,0.00711638480424881,0.0018999999156221747,-0.016959700733423233,-0.9961947202682495,-0.0,0.08715574443340302,0.0,-0.0005882382392883301,0.0,-0.060253534466028214,-0.7133238315582275,0.6995487809181213,-0.03029705584049225,-0.02971198782324791,1.19209286886246e-09,-1.490116086078075e-10,-0.04255415499210358,-0.6427876353263855,0.7660444974899292,0.0,0.0,-2.38418573772492e-09,0.0,-0.02208789810538292,-0.9063078761100769,0.4226182699203491,0.0,0.0,0.0,0.0,-0.017740869894623756,-1.0,-0.0,0.0,0.0,0.013503451831638813,-0.0037700000684708357,-0.014087309129536152,-0.9914448857307434,-0.0,0.13052619993686676,0.0,0.0048975334502756596,-3.847479547403054e-06,-0.05743739381432533,-0.6765674948692322,0.7343704700469971,-0.042795270681381226,-0.03354250267148018,4.76837147544984e-09,-2.98023217215615e-10,-0.03276757150888443,-0.7071068286895752,0.7071068286895752,0.0,0.0,2.38418573772492e-09,0.0,-0.016709718853235245,-0.8419820070266724,0.5395057201385498,0.0,0.0,0.0,0.0,-0.01388302817940712,-1.0,-0.0,0.0,0.0
1782948353.5420713,2026-07-01 19:25:53.542,16647.0,16647,left,0,1,fist,2,0.0,0.003969999961555004,-0.04999999701976776,-1.0,-0.0,0.0,0.0,0.0,0.0,0.0,-1.0,-0.0,0.0,0.0,0.025476500391960144,-0.012044699862599373,-0.022234899923205376,-0.7528657913208008,0.030868124216794968,0.37025824189186096,0.5432763695716858,-5.7220457705398076e-08,-4.3511388270189855e-08,-0.027230437844991684,-0.9480958580970764,0.31798484921455383,0.0,0.0,3.5762786065873797e-09,6.318092005130893e-08,-0.031859491020441055,-0.8727625012397766,0.4881451427936554,0.0,0.0,2.384185648907078e-08,0.0,-0.023122519254684448,-1.0,-0.0,0.0,0.0,0.012359999120235443,0.0032300001475960016,-0.017000000923871994,-0.9990482330322266,-0.0,0.04361938685178757,0.0,0.0021501504816114902,-3.890097104886081e-06,-0.06502876430749893,-0.7757628560066223,0.6310239434242249,0.0007233438082039356,0.0005883850390091538,-9.53674295089968e-09,-9.53674295089968e-09,-0.036917347460985184,-0.7072030305862427,0.7070105075836182,0.0,0.0,-2.8610228852699038e-08,-2.98023217215615e-10,-0.0216355137526989,-0.9304412603378296,0.36644110083580017,0.0,0.0,1.2636184010261786e-07,2.98023217215615e-10,-0.018689393997192383,-1.0,-0.0,0.0,0.0,0.0,0.003969999961555004,-0.01750910095870495,-1.0,-0.0,0.0,0.0,0.0,4.610121322912164e-06,-0.06379090249538422,-0.7809997200965881,0.6245313882827759,0.0,0.0,0.0,2.98023217215615e-10,-0.044606998562812805,-0.6433097124099731,0.7656061053276062,0.0,0.0,0.0,0.0,-0.023475991562008858,-0.9397186040878296,0.3419486880302429,0.0,0.0,0.0,0.0,-0.019651994109153748,-1.0,-0.0,0.0,0.0,-0.00711638992652297,0.0018999999156221747,-0.016959700733423233,-0.9961947202682495,-0.0,-0.08715574443340302,0.0,0.0005882433033548295,0.0,-0.060253534466028214,-0.8135288953781128,0.5806689262390137,0.025667479261755943,0.018320562317967415,-1.1086464013487785e-07,-1.490116086078075e-10,-0.04255366697907448,-0.6504377126693726,0.7595595717430115,0.0,0.0,4.5299529460862686e-08,0.0,-0.022088106721639633,-0.9076353907585144,0.41975948214530945,0.0,0.0,-1.4305114426349519e-08,0.0,-0.017740696668624878,-1.0,-0.0,0.0,0.0,-0.013503500260412693,-0.0037700000684708357,-0.014087299816310406,-0.9914448857307434,-0.0,-0.13052619993686676,0.0,-0.004897483624517918,-3.8501621020259336e-06,-0.05743739381432533,-0.6970614194869995,0.7151683568954468,0.037720538675785065,0.03488217666745186,5.4836270635405526e-08,-2.98023217215615e-10,-0.03276759013533592,-0.7071068286895752,0.7071068286895752,0.0,0.0,-9.298324243900424e-08,0.0,-0.01670967973768711,-0.8419820070266724,0.5395057201385498,0.0,0.0,6.19888282926695e-08,0.0,-0.013883084990084171,-1.0,-0.0,0.0,0.0
1782948353.5424137,2026-07-01 19:25:53.542,4820.0,4820,right,0,2,fist,2,0.0,0.003969999961555004,-0.04999999701976776,-1.0,-0.0,0.0,0.0,0.0,0.0,0.0,-1.0,-0.0,0.0,0.0,-0.025476505979895592,-0.012044684961438179,-0.022234933450818062,-0.7382166981697083,0.09777171909809113,-0.38033372163772583,-0.5484734177589417,0.0,1.19209286886246e-09,-0.02723044343292713,-0.9098348617553711,0.4149704873561859,0.0,0.0,2.38418573772492e-09,-1.19209286886246e-09,-0.031859468668699265,-0.812966525554657,0.5823104977607727,0.0,0.0,0.0,-3.5762786065873797e-09,-0.023122519254684448,-1.0,-0.0,0.0,0.0,-0.012360505759716034,0.0032300001475960016,-0.016998957842588425,-0.9990482330322266,-0.0,-0.04361938685178757,0.0,-0.002149570034816861,-3.8927792047616094e-06,-0.06502974033355713,-0.7809987664222717,0.624530553817749,-0.0012563896598294377,-0.001004679943434894,0.0,0.0,-0.03691747412085533,-0.7074650526046753,0.7067484259605408,0.0,0.0,-2.38418573772492e-09,-2.98023217215615e-10,-0.02163529396057129,-0.9305055141448975,0.3662780225276947,0.0,0.0,0.0,2.98023217215615e-10,-0.01868978515267372,-1.0,-0.0,0.0,0.0,0.0,0.003969999961555004,-0.017509059980511665,-1.0,-0.0,0.0,0.0,0.0,4.611611075233668e-06,-0.0637909397482872,-0.7112206816673279,0.7029688358306885,0.0,0.0,0.0,2.98023217215615e-10,-0.04460655897855759,-0.6427876353263855,0.7660444974899292,0.0,0.0,0.0,-2.98023217215615e-10,-0.02347646653652191,-0.9396926760673523,0.34202009439468384,0.0,0.0,0.0,0.0,-0.019652195274829865,-1.0,-0.0,0.0,0.0,0.00711638480424881,0.0018999999156221747,-0.016959700733423233,-0.9961947202682495,-0.0,0.08715574443340302,0.0,-0.0005882382392883301,0.0,-0.060253534466028214,-0.7133238315582275,0.6995487809181213,-0.03029705584049225,-0.02971198782324791,1.19209286886246e-09,-1.490116086078075e-10,-0.04255415499210358,-0.6427876353263855,0.7660444974899292,0.0,0.0,-2.38418573772492e-09,0.0,-0.02208789810538292,-0.9063078761100769,0.4226182699203491,0.0,0.0,0.0,0.0,-0.017740869894623756,-1.0,-0.0,0.0,0.0,0.013503451831638813,-0.0037700000684708357,-0.014087309129536152,-0.9914448857307434,-0.0,0.13052619993686676,0.0,0.0048975334502756596,-3.847479547403054e-06,-0.05743739381432533,-0.6765674948692322,0.7343704700469971,-0.042795270681381226,-0.03354250267148018,4.76837147544984e-09,-2.98023217215615e-10,-0.03276757150888443,-0.7071068286895752,0.7071068286895752,0.0,0.0,2.38418573772492e-09,0.0,-0.016709718853235245,-0.8419820070266724,0.5395057201385498,0.0,0.0,0.0,0.0,-0.01388302817940712,-1.0,-0.0,0.0,0.0
1782948353.7422338,2026-07-01 19:25:53.742,16649.0,16649,left,0,1,fist,2,0.0,0.003969999961555004,-0.04999999701976776,-1.0,-0.0,0.0,0.0,0.0,0.0,0.0,-1.0,-0.0,0.0,0.0,0.025476500391960144,-0.012044699862599373,-0.022234899923205376,-0.7528657913208008,0.030868124216794968,0.37025824189186096,0.5432763695716858,-5.7220457705398076e-08,-4.3511388270189855e-08,-0.027230437844991684,-0.9480958580970764,0.31798484921455383,0.0,0.0,3.5762786065873797e-09,6.318092005130893e-08,-0.031859491020441055,-0.8727625012397766,0.4881451427936554,0.0,0.0,2.384185648907078e-08,0.0,-0.023122519254684448,-1.0,-0.0,0.0,0.0,0.012359999120235443,0.0032300001475960016,-0.017000000923871994,-0.9990482330322266,-0.0,0.04361938685178757,0.0,0.0021501504816114902,-3.890097104886081e-06,-0.06502876430749893,-0.7757628560066223,0.6310239434242249,0.0007233438082039356,0.0005883850390091538,-9.53674295089968e-09,-9.53674295089968e-09,-0.036917347460985184,-0.7072030305862427,0.7070105075836182,0.0,0.0,-2.8610228852699038e-08,-2.98023217215615e-10,-0.0216355137526989,-0.9304412603378296,0.36644110083580017,0.0,0.0,1.2636184010261786e-07,2.98023217215615e-10,-0.018689393997192383,-1.0,-0.0,0.0,0.0,0.0,0.003969999961555004,-0.01750910095870495,-1.0,-0.0,0.0,0.0,0.0,4.610121322912164e-06,-0.06379090249538422,-0.7890220880508423,0.6143648624420166,0.0,0.0,0.0,2.98023217215615e-10,-0.044606998562812805,-0.6443266868591309,0.7647504210472107,0.0,0.0,0.0,0.0,-0.023475991562008858,-0.9397700428962708,0.34180739521980286,0.0,0.0,0.0,0.0,-0.019651994109153748,-1.0,-0.0,0.0,0.0,-0.00711638992652297,0.0018999999156221747,-0.016959700733423233,-0.9961947202682495,-0.0,-0.08715574443340302,0.0,0.0005882433033548295,0.0,-0.060253534466028214,-0.8135288953781128,0.5806689262390137,0.025667479261755943,0.018320562317967415,-1.1086464013487785e-07,-1.490116086078075e-10,-0.04255366697907448,-0.6504377126693726,0.7595595717430115,0.0,0.0,4.5299529460862686e-08,0.0,-0.022088106721639633,-0.9076353907585144,0.41975948214530945,0.0,0.0,-1.4305114426349519e-08,0.0,-0.017740696668624878,-1.0,-0.0,0.0,0.0,-0.013503500260412693,-0.0037700000684708357,-0.014087299816310406,-0.9914448857307434,-0.0,-0.13052619993686676,0.0,-0.004897483624517918,-3.8501621020259336e-06,-0.05743739381432533,-0.6970614194869995,0.7151683568954468,0.037720538675785065,0.03488217666745186,5.4836270635405526e-08,-2.98023217215615e-10,-0.03276759013533592,-0.7071068286895752,0.7071068286895752,0.0,0.0,-9.298324243900424e-08,0.0,-0.01670967973768711,-0.8419820070266724,0.5395057201385498,0.0,0.0,6.19888282926695e-08,0.0,-0.013883084990084171,-1.0,-0.0,0.0,0.0
1782948353.743378,2026-07-01 19:25:53.743,4830.0,4830,right,0,2,fist,2,0.0,0.003969999961555004,-0.04999999701976776,-1.0,-0.0,0.0,0.0,0.0,0.0,0.0,-1.0,-0.0,0.0,0.0,-0.025476505979895592,-0.012044684961438179,-0.022234933450818062,-0.7382166981697083,0.09777171909809113,-0.38033372163772583,-0.5484734177589417,0.0,1.19209286886246e-09,-0.02723044343292713,-0.9098348617553711,0.4149704873561859,0.0,0.0,2.38418573772492e-09,-1.19209286886246e-09,-0.031859468668699265,-0.812966525554657,0.5823104977607727,0.0,0.0,0.0,-3.5762786065873797e-09,-0.023122519254684448,-1.0,-0.0,0.0,0.0,-0.012360505759716034,0.0032300001475960016,-0.016998957842588425,-0.9990482330322266,-0.0,-0.04361938685178757,0.0,-0.002149570034816861,-3.8927792047616094e-06,-0.06502974033355713,-0.7836874127388,0.6211532354354858,-0.0013078468618914485,-0.0010359458392485976,0.0,0.0,-0.03691747412085533,-0.7076984643936157,0.7065146565437317,0.0,0.0,-2.38418573772492e-09,-2.98023217215615e-10,-0.02163529396057129,-0.9305624961853027,0.36613309383392334,0.0,0.0,0.0,2.98023217215615e-10,-0.01868978515267372,-1.0,-0.0,0.0,0.0,0.0,0.003969999961555004,-0.017509059980511665,-1.0,-0.0,0.0,0.0,0.0,4.611611075233668e-06,-0.0637909397482872,-0.7112206816673279,0.7029688358306885,0.0,0.0,0.0,2.98023217215615e-10,-0.04460655897855759,-0.6427876353263855,0.7660444974899292,0.0,0.0,0.0,-2.98023217215615e-10,-0.02347646653652191,-0.9396926760673523,0.34202009439468384,0.0,0.0,0.0,0.0,-0.019652195274829865,-1.0,-0.0,0.0,0.0,0.00711638480424881,0.0018999999156221747,-0.016959700733423233,-0.9961947202682495,-0.0,0.08715574443340302,0.0,-0.0005882382392883301,0.0,-0.060253534466028214,-0.7155221700668335,0.6973228454589844,-0.030119962990283966,-0.029353858903050423,1.19209286886246e-09,-1.490116086078075e-10,-0.04255415499210358,-0.6427876353263855,0.7660444974899292,0.0,0.0,-2.38418573772492e-09,0.0,-0.02208789810538292,-0.9063078761100769,0.4226182699203491,0.0,0.0,0.0,0.0,-0.017740869894623756,-1.0,-0.0,0.0,0.0,0.013503451831638813,-0.0037700000684708357,-0.014087309129536152,-0.9914448857307434,-0.0,0.13052619993686676,0.0,0.0048975334502756596,-3.847479547403054e-06,-0.05743739381432533,-0.6765674948692322,0.7343704700469971,-0.042795270681381226,-0.03354250267148018,4.76837147544984e-09,-2.98023217215615e-10,-0.03276757150888443,-0.7071068286895752,0.7071068286895752,0.0,0.0,2.38418573772492e-09,0.0,-0.016709718853235245,-0.8419820070266724,0.5395057201385498,0.0,0.0,0.0,0.0,-0.01388302817940712,-1.0,-0.0,0.0,0.0
1782948353.9473464,2026-07-01 19:25:53.947,16650.0,16650,left,0,1,fist,2,0.0,0.003969999961555004,-0.04999999701976776,-1.0,-0.0,0.0,0.0,0.0,0.0,0.0,-1.0,-0.0,0.0,0.0,0.025476500391960144,-0.012044699862599373,-0.022234899923205376,-0.7528657913208008,0.030868124216794968,0.37025824189186096,0.5432763695716858,-5.7220457705398076e-08,-4.3511388270189855e-08,-0.027230437844991684,-0.9480958580970764,0.31798484921455383,0.0,0.0,3.5762786065873797e-09,6.318092005130893e-08,-0.031859491020441055,-0.8727625012397766,0.4881451427936554,0.0,0.0,2.384185648907078e-08,0.0,-0.023122519254684448,-1.0,-0.0,0.0,0.0,0.012359999120235443,0.0032300001475960016,-0.017000000923871994,-0.9990482330322266,-0.0,0.04361938685178757,0.0,0.0021501504816114902,-3.890097104886081e-06,-0.06502876430749893,-0.7801303267478943,0.6256162524223328,0.0007770786178298295,0.0006230557337403297,-9.53674295089968e-09,-9.53674295089968e-09,-0.036917347460985184,-0.7074214220046997,0.7067921161651611,0.0,0.0,-2.8610228852699038e-08,-2.98023217215615e-10,-0.0216355137526989,-0.9304948449134827,0.3663052022457123,0.0,0.0,1.2636184010261786e-07,2.98023217215615e-10,-0.018689393997192383,-1.0,-0.0,0.0,0.0,0.0,0.003969999961555004,-0.01750910095870495,-1.0,-0.0,0.0,0.0,0.0,4.610121322912164e-06,-0.06379090249538422,-0.7890220880508423,0.6143648624420166,0.0,0.0,0.0,2.98023217215615e-10,-0.044606998562812805,-0.6443266868591309,0.7647504210472107,0.0,0.0,0.0,0.0,-0.023475991562008858,-0.9397700428962708,0.34180739521980286,0.0,0.0,0.0,0.0,-0.019651994109153748,-1.0,-0.0,0.0,0.0,-0.00711638992652297,0.0018999999156221747,-0.016959700733423233,-0.9961947202682495,-0.0,-0.08715574443340302,0.0,0.0005882433033548295,0.0,-0.060253534466028214,-0.8135288953781128,0.5806689262390137,0.025667479261755943,0.018320562317967415,-1.1086464013487785e-07,-1.490116086078075e-10,-0.04255366697907448,-0.6504377126693726,0.7595595717430115,0.0,0.0,4.5299529460862686e-08,0.0,-0.022088106721639633,-0.9076353907585144,0.41975948214530945,0.0,0.0,-1.4305114426349519e-08,0.0,-0.017740696668624878,-1.0,-0.0,0.0,0.0,-0.013503500260412693,-0.0037700000684708357,-0.014087299816310406,-0.9914448857307434,-0.0,-0.13052619993686676,0.0,-0.004897483624517918,-3.8501621020259336e-06,-0.05743739381432533,-0.6970614194869995,0.7151683568954468,0.037720538675785065,0.03488217666745186,5.4836270635405526e-08,-2.98023217215615e-10,-0.03276759013533592,-0.7071068286895752,0.7071068286895752,0.0,0.0,-9.298324243900424e-08,0.0,-0.01670967973768711,-0.8419820070266724,0.5395057201385498,0.0,0.0,6.19888282926695e-08,0.0,-0.013883084990084171,-1.0,-0.0,0.0,0.0
1782948353.9498258,2026-07-01 19:25:53.949,4844.0,4844,right,0,2,fist,2,0.0,0.003969999961555004,-0.04999999701976776,-1.0,-0.0,0.0,0.0,0.0,0.0,0.0,-1.0,-0.0,0.0,0.0,-0.025476505979895592,-0.012044684961438179,-0.022234933450818062,-0.7382166981697083,0.09777171909809113,-0.38033372163772583,-0.5484734177589417,0.0,1.19209286886246e-09,-0.02723044343292713,-0.9098348617553711,0.4149704873561859,0.0,0.0,2.38418573772492e-09,-1.19209286886246e-09,-0.031859468668699265,-0.812966525554657,0.5823104977607727,0.0,0.0,0.0,-3.5762786065873797e-09,-0.023122519254684448,-1.0,-0.0,0.0,0.0,-0.012360505759716034,0.0032300001475960016,-0.016998957842588425,-0.9990482330322266,-0.0,-0.04361938685178757,0.0,-0.002149570034816861,-3.8927792047616094e-06,-0.06502974033355713,-0.789020836353302,0.6143639087677002,-0.0014106890885159373,-0.001098420238122344,0.0,0.0,-0.03691747412085533,-0.7081651091575623,0.7060469388961792,0.0,0.0,-2.38418573772492e-09,-2.98023217215615e-10,-0.02163529396057129,-0.9306765198707581,0.365843266248703,0.0,0.0,0.0,2.98023217215615e-10,-0.01868978515267372,-1.0,-0.0,0.0,0.0,0.0,0.003969999961555004,-0.017509059980511665,-1.0,-0.0,0.0,0.0,0.0,4.611611075233668e-06,-0.0637909397482872,-0.7112206816673279,0.7029688358306885,0.0,0.0,0.0,2.98023217215615e-10,-0.04460655897855759,-0.6427876353263855,0.7660444974899292,0.0,0.0,0.0,-2.98023217215615e-10,-0.02347646653652191,-0.9396926760673523,0.34202009439468384,0.0,0.0,0.0,0.0,-0.019652195274829865,-1.0,-0.0,0.0,0.0,0.00711638480424881,0.0018999999156221747,-0.016959700733423233,-0.9961947202682495,-0.0,0.08715574443340302,0.0,-0.0005882382392883301,0.0,-0.060253534466028214,-0.7155221700668335,0.6973228454589844,-0.030119962990283966,-0.029353858903050423,1.19209286886246e-09,-1.490116086078075e-10,-0.04255415499210358,-0.6427876353263855,0.7660444974899292,0.0,0.0,-2.38418573772492e-09,0.0,-0.02208789810538292,-0.9063078761100769,0.4226182699203491,0.0,0.0,0.0,0.0,-0.017740869894623756,-1.0,-0.0,0.0,0.0,0.013503451831638813,-0.0037700000684708357,-0.014087309129536152,-0.9914448857307434,-0.0,0.13052619993686676,0.0,0.0048975334502756596,-3.847479547403054e-06,-0.05743739381432533,-0.6765674948692322,0.7343704700469971,-0.042795270681381226,-0.03354250267148018,4.76837147544984e-09,-2.98023217215615e-10,-0.03276757150888443,-0.7071068286895752,0.7071068286895752,0.0,0.0,2.38418573772492e-09,0.0,-0.016709718853235245,-0.8419820070266724,0.5395057201385498,0.0,0.0,0.0,0.0,-0.01388302817940712,-1.0,-0.0,0.0,0.0
1782948354.147545,2026-07-01 19:25:54.147,16652.0,16652,left,0,1,fist,2,0.0,0.003969999961555004,-0.04999999701976776,-1.0,-0.0,0.0,0.0,0.0,0.0,0.0,-1.0,-0.0,0.0,0.0,0.025476500391960144,-0.012044699862599373,-0.022234899923205376,-0.7537282705307007,0.028256108984351158,0.369259238243103,0.5429023504257202,-5.7220457705398076e-08,-4.3511388270189855e-08,-0.027230437844991684,-0.9494710564613342,0.3138545751571655,0.0,0.0,3.5762786065873797e-09,6.318092005130893e-08,-0.031859491020441055,-0.8753801584243774,0.4834352135658264,0.0,0.0,2.384185648907078e-08,0.0,-0.023122519254684448,-1.0,-0.0,0.0,0.0,0.012359999120235443,0.0032300001475960016,-0.017000000923871994,-0.9990482330322266,-0.0,0.04361938685178757,0.0,0.0021501504816114902,-3.890097104886081e-06,-0.06502876430749893,-0.7809993624687195,0.624531090259552,0.0007878212491050363,0.0006299862870946527,-9.53674295089968e-09,-9.53674295089968e-09,-0.036917347460985184,-0.7074650526046753,0.7067484259605408,0.0,0.0,-2.8610228852699038e-08,-2.98023217215615e-10,-0.0216355137526989,-0.9305055141448975,0.3662780225276947,0.0,0.0,1.2636184010261786e-07,2.98023217215615e-10,-0.018689393997192383,-1.0,-0.0,0.0,0.0,0.0,0.003969999961555004,-0.01750910095870495,-1.0,-0.0,0.0,0.0,0.0,4.610121322912164e-06,-0.06379090249538422,-0.7890220880508423,0.6143648624420166,0.0,0.0,0.0,2.98023217215615e-10,-0.044606998562812805,-0.6443266868591309,0.7647504210472107,0.0,0.0,0.0,0.0,-0.023475991562008858,-0.9397700428962708,0.34180739521980286,0.0,0.0,0.0,0.0,-0.019651994109153748,-1.0,-0.0,0.0,0.0,-0.00711638992652297,0.0018999999156221747,-0.016959700733423233,-0.9961947202682495,-0.0,-0.08715574443340302,0.0,0.0005882433033548295,0.0,-0.060253534466028214,-0.8135288953781128,0.5806689262390137,0.025667479261755943,0.018320562317967415,-1.1086464013487785e-07,-1.490116086078075e-10,-0.04255366697907448,-0.6504377126693726,0.7595595717430115,0.0,0.0,4.5299529460862686e-08,0.0,-0.022088106721639633,-0.9076353907585144,0.41975948214530945,0.0,0.0,-1.4305114426349519e-08,0.0,-0.017740696668624878,-1.0,-0.0,0.0,0.0,-0.013503500260412693,-0.0037700000684708357,-0.014087299816310406,-0.9914448857307434,-0.0,-0.13052619993686676,0.0,-0.004897483624517918,-3.8501621020259336e-06,-0.05743739381432533,-0.6970614194869995,0.7151683568954468,0.037720538675785065,0.03488217666745186,5.4836270635405526e-08,-2.98023217215615e-10,-0.03276759013533592,-0.7071068286895752,0.7071068286895752,0.0,0.0,-9.298324243900424e-08,0.0,-0.01670967973768711,-0.8419820070266724,0.5395057201385498,0.0,0.0,6.19888282926695e-08,0.0,-0.013883084990084171,-1.0,-0.0,0.0,0.0
1782948354.1578875,2026-07-01 19:25:54.157,4856.0,4856,right,0,2,fist,2,0.0,0.003969999961555004,-0.04999999701976776,-1.0,-0.0,0.0,0.0,0.0,0.0,0.0,-1.0,-0.0,0.0,0.0,-0.025476505979895592,-0.012044684961438179,-0.022234933450818062,-0.7382166981697083,0.09777171909809113,-0.38033372163772583,-0.5484734177589417,0.0,1.19209286886246e-09,-0.02723044343292713,-0.9098348617553711,0.4149704873561859,0.0,0.0,2.38418573772492e-09,-1.19209286886246e-09,-0.031859468668699265,-0.812966525554657,0.5823104977607727,0.0,0.0,0.0,-3.5762786065873797e-09,-0.023122519254684448,-1.0,-0.0,0.0,0.0,-0.012360505759716034,0.0032300001475960016,-0.016998957842588425,-0.9990482330322266,-0.0,-0.04361938685178757,0.0,-0.002149570034816861,-3.8927792047616094e-06,-0.06502974033355713,-0.789020836353302,0.6143639087677002,-0.0014106890885159373,-0.001098420238122344,0.0,0.0,-0.03691747412085533,-0.7081651091575623,0.7060469388961792,0.0,0.0,-2.38418573772492e-09,-2.98023217215615e-10,-0.02163529396057129,-0.9306765198707581,0.365843266248703,0.0,0.0,0.0,2.98023217215615e-10,-0.01868978515267372,-1.0,-0.0,0.0,0.0,0.0,0.003969999961555004,-0.017509059980511665,-1.0,-0.0,0.0,0.0,0.0,4.611611075233668e-06,-0.0637909397482872,-0.7112206816673279,0.7029688358306885,0.0,0.0,0.0,2.98023217215615e-10,-0.04460655897855759,-0.6427876353263855,0.7660444974899292,0.0,0.0,0.0,-2.98023217215615e-10,-0.02347646653652191,-0.9396926760673523,0.34202009439468384,0.0,0.0,0.0,0.0,-0.019652195274829865,-1.0,-0.0,0.0,0.0,0.00711638480424881,0.0018999999156221747,-0.016959700733423233,-0.9961947202682495,-0.0,0.08715574443340302,0.0,-0.0005882382392883301,0.0,-0.060253534466028214,-0.7155221700668335,0.6973228454589844,-0.030119962990283966,-0.029353858903050423,1.19209286886246e-09,-1.490116086078075e-10,-0.04255415499210358,-0.6427876353263855,0.7660444974899292,0.0,0.0,-2.38418573772492e-09,0.0,-0.02208789810538292,-0.9063078761100769,0.4226182699203491,0.0,0.0,0.0,0.0,-0.017740869894623756,-1.0,-0.0,0.0,0.0,0.013503451831638813,-0.0037700000684708357,-0.014087309129536152,-0.9914448857307434,-0.0,0.13052619993686676,0.0,0.0048975334502756596,-3.847479547403054e-06,-0.05743739381432533,-0.6765674948692322,0.7343704700469971,-0.042795270681381226,-0.03354250267148018,4.76837147544984e-09,-2.98023217215615e-10,-0.03276757150888443,-0.7071068286895752,0.7071068286895752,0.0,0.0,2.38418573772492e-09,0.0,-0.016709718853235245,-0.8419820070266724,0.5395057201385498,0.0,0.0,0.0,0.0,-0.01388302817940712,-1.0,-0.0,0.0,0.0
1782948354.3653753,2026-07-01 19:25:54.365,16654.0,16654,left,0,1,fist,2,0.0,0.003969999961555004,-0.04999999701976776,-1.0,-0.0,0.0,0.0,0.0,0.0,0.0,-1.0,-0.0,0.0,0.0,0.025476500391960144,-0.012044699862599373,-0.022234899923205376,-0.7545971870422363,0.02563926763832569,0.36823683977127075,0.5425195097923279,-5.7220457705398076e-08,-4.3511388270189855e-08,-0.027230437844991684,-0.9508321285247803,0.30970674753189087,0.0,0.0,3.5762786065873797e-09,6.318092005130893e-08,-0.031859491020441055,-0.877994954586029,0.4786699414253235,0.0,0.0,2.384185648907078e-08,0.0,-0.023122519254684448,-1.0,-0.0,0.0,0.0,0.012359999120235443,0.0032300001475960016,-0.017000000923871994,-0.9990482330322266,-0.0,0.04361938685178757,0.0,0.0021501504816114902,-3.890097104886081e-06,-0.06502876430749893,-0.7809993624687195,0.624531090259552,0.0007878212491050363,0.0006299862870946527,-9.53674295089968e-09,-9.53674295089968e-09,-0.036917347460985184,-0.7074650526046753,0.7067484259605408,0.0,0.0,-2.8610228852699038e-08,-2.98023217215615e-10,-0.0216355137526989,-0.9305055141448975,0.3662780225276947,0.0,0.0,1.2636184010261786e-07,2.98023217215615e-10,-0.018689393997192383,-1.0,-0.0,0.0,0.0,0.0,0.003969999961555004,-0.01750910095870495,-1.0,-0.0,0.0,0.0,0.0,4.610121322912164e-06,-0.06379090249538422,-0.7890220880508423,0.6143648624420166,0.0,0.0,0.0,2.98023217215615e-10,-0.044606998562812805,-0.6443266868591309,0.7647504210472107,0.0,0.0,0.0,0.0,-0.023475991562008858,-0.9397700428962708,0.34180739521980286,0.0,0.0,0.0,0.0,-0.019651994109153748,-1.0,-0.0,0.0,0.0,-0.00711638992652297,0.0018999999156221747,-0.016959700733423233,-0.9961947202682495,-0.0,-0.08715574443340302,0.0,0.0005882433033548295,0.0,-0.060253534466028214,-0.8135288953781128,0.5806689262390137,0.025667479261755943,0.018320562317967415,-1.1086464013487785e-07,-1.490116086078075e-10,-0.04255366697907448,-0.6504377126693726,0.7595595717430115,0.0,0.0,4.5299529460862686e-08,0.0,-0.022088106721639633,-0.9076353907585144,0.41975948214530945,0.0,0.0,-1.4305114426349519e-08,0.0,-0.017740696668624878,-1.0,-0.0,0.0,0.0,-0.013503500260412693,-0.0037700000684708357,-0.014087299816310406,-0.9914448857307434,-0.0,-0.13052619993686676,0.0,-0.004897483624517918,-3.8501621020259336e-06,-0.05743739381432533,-0.6970614194869995,0.7151683568954468,0.037720538675785065,0.03488217666745186,5.4836270635405526e-08,-2.98023217215615e-10,-0.03276759013533592,-0.7071068286895752,0.7071068286895752,0.0,0.0,-9.298324243900424e-08,0.0,-0.01670967973768711,-0.8419820070266724,0.5395057201385498,0.0,0.0,6.19888282926695e-08,0.0,-0.013883084990084171,-1.0,-0.0,0.0,0.0
1782948354.3674648,2026-07-01 19:25:54.367,4867.0,4867,right,0,2,fist,2,0.0,0.003969999961555004,-0.04999999701976776,-1.0,-0.0,0.0,0.0,0.0,0.0,0.0,-1.0,-0.0,0.0,0.0,-0.025476505979895592,-0.012044684961438179,-0.022234933450818062,-0.7382166981697083,0.09777171909809113,-0.38033372163772583,-0.5484734177589417,0.0,1.19209286886246e-09,-0.02723044343292713,-0.9098348617553711,0.4149704873561859,0.0,0.0,2.38418573772492e-09,-1.19209286886246e-09,-0.031859468668699265,-0.812966525554657,0.5823104977607727,0.0,0.0,0.0,-3.5762786065873797e-09,-0.023122519254684448,-1.0,-0.0,0.0,0.0,-0.012360505759716034,0.0032300001475960016,-0.016998957842588425,-0.9990482330322266,-0.0,-0.04361938685178757,0.0,-0.002149570034816861,-3.8927792047616094e-06,-0.06502974033355713,-0.789020836353302,0.6143639087677002,-0.0014106890885159373,-0.001098420238122344,0.0,0.0,-0.03691747412085533,-0.7081651091575623,0.7060469388961792,0.0,0.0,-2.38418573772492e-09,-2.98023217215615e-10,-0.02163529396057129,-0.9306765198707581,0.365843266248703,0.0,0.0,0.0,2.98023217215615e-10,-0.01868978515267372,-1.0,-0.0,0.0,0.0,0.0,0.003969999961555004,-0.017509059980511665,-1.0,-0.0,0.0,0.0,0.0,4.611611075233668e-06,-0.0637909397482872,-0.7112206816673279,0.7029688358306885,0.0,0.0,0.0,2.98023217215615e-10,-0.04460655897855759,-0.6427876353263855,0.7660444974899292,0.0,0.0,0.0,-2.98023217215615e-10,-0.02347646653652191,-0.9396926760673523,0.34202009439468384,0.0,0.0,0.0,0.0,-0.019652195274829865,-1.0,-0.0,0.0,0.0,0.00711638480424881,0.0018999999156221747,-0.016959700733423233,-0.9961947202682495,-0.0,0.08715574443340302,0.0,-0.0005882382392883301,0.0,-0.060253534466028214,-0.7155221700668335,0.6973228454589844,-0.030119962990283966,-0.029353858903050423,1.19209286886246e-09,-1.490116086078075e-10,-0.04255415499210358,-0.6427876353263855,0.7660444974899292,0.0,0.0,-2.38418573772492e-09,0.0,-0.02208789810538292,-0.9063078761100769,0.4226182699203491,0.0,0.0,0.0,0.0,-0.017740869894623756,-1.0,-0.0,0.0,0.0,0.013503451831638813,-0.0037700000684708357,-0.014087309129536152,-0.9914448857307434,-0.0,0.13052619993686676,0.0,0.0048975334502756596,-3.847479547403054e-06,-0.05743739381432533,-0.6765674948692322,0.7343704700469971,-0.042795270681381226,-0.03354250267148018,4.76837147544984e-09,-2.98023217215615e-10,-0.03276757150888443,-0.7071068286895752,0.7071068286895752,0.0,0.0,2.38418573772492e-09,0.0,-0.016709718853235245,-0.8419820070266724,0.5395057201385498,0.0,0.0,0.0,0.0,-0.01388302817940712,-1.0,-0.0,0.0,0.0
1782948354.5780866,2026-07-01 19:25:54.578,16656.0,16656,left,0,1,fist,2,0.0,0.003969999961555004,-0.04999999701976776,-1.0,-0.0,0.0,0.0,0.0,0.0,0.0,-1.0,-0.0,0.0,0.0,0.025476500391960144,-0.012044699862599373,-0.022234899923205376,-0.7549480199813843,0.024590715765953064,0.3678189814090729,0.5423634052276611,-5.7220457705398076e-08,-4.3511388270189855e-08,-0.027230437844991684,-0.9513729810714722,0.30804136395454407,0.0,0.0,3.5762786065873797e-09,6.318092005130893e-08,-0.031859491020441055,-0.8790421485900879,0.4767440855503082,0.0,0.0,2.384185648907078e-08,0.0,-0.023122519254684448,-1.0,-0.0,0.0,0.0,0.012359999120235443,0.0032300001475960016,-0.017000000923871994,-0.9990482330322266,-0.0,0.04361938685178757,0.0,0.0021501504816114902,-3.890097104886081e-06,-0.06502876430749893,-0.7809993624687195,0.624531090259552,0.0007878212491050363,0.0006299862870946527,-9.53674295089968e-09,-9.53674295089968e-09,-0.036917347460985184,-0.7074650526046753,0.7067484259605408,0.0,0.0,-2.8610228852699038e-08,-2.98023217215615e-10,-0.0216355137526989,-0.9305055141448975,0.3662780225276947,0.0,0.0,1.2636184010261786e-07,2.98023217215615e-10,-0.018689393997192383,-1.0,-0.0,0.0,0.0,0.0,0.003969999961555004,-0.01750910095870495,-1.0,-0.0,0.0,0.0,0.0,4.610121322912164e-06,-0.06379090249538422,-0.7890220880508423,0.6143648624420166,0.0,0.0,0.0,2.98023217215615e-10,-0.044606998562812805,-0.6443266868591309,0.7647504210472107,0.0,0.0,0.0,0.0,-0.023475991562008858,-0.9397700428962708,0.34180739521980286,0.0,0.0,0.0,0.0,-0.019651994109153748,-1.0,-0.0,0.0,0.0,-0.00711638992652297,0.0018999999156221747,-0.016959700733423233,-0.9961947202682495,-0.0,-0.08715574443340302,0.0,0.0005882433033548295,0.0,-0.060253534466028214,-0.8135288953781128,0.5806689262390137,0.025667479261755943,0.018320562317967415,-1.1086464013487785e-07,-1.490116086078075e-10,-0.04255366697907448,-0.6504377126693726,0.7595595717430115,0.0,0.0,4.5299529460862686e-08,0.0,-0.022088106721639633,-0.9076353907585144,0.41975948214530945,0.0,0.0,-1.4305114426349519e-08,0.0,-0.017740696668624878,-1.0,-0.0,0.0,0.0,-0.013503500260412693,-0.0037700000684708357,-0.014087299816310406,-0.9914448857307434,-0.0,-0.13052619993686676,0.0,-0.004897483624517918,-3.8501621020259336e-06,-0.05743739381432533,-0.6970614194869995,0.7151683568954468,0.037720538675785065,0.03488217666745186,5.4836270635405526e-08,-2.98023217215615e-10,-0.03276759013533592,-0.7071068286895752,0.7071068286895752,0.0,0.0,-9.298324243900424e-08,0.0,-0.01670967973768711,-0.8419820070266724,0.5395057201385498,0.0,0.0,6.19888282926695e-08,0.0,-0.013883084990084171,-1.0,-0.0,0.0,0.0
1782948354.5787532,2026-07-01 19:25:54.578,4881.0,4881,right,0,2,fist,2,0.0,0.003969999961555004,-0.04999999701976776,-1.0,-0.0,0.0,0.0,0.0,0.0,0.0,-1.0,-0.0,0.0,0.0,-0.025476505979895592,-0.012044684961438179,-0.022234933450818062,-0.7382166981697083,0.09777171909809113,-0.38033372163772583,-0.5484734177589417,0.0,1.19209286886246e-09,-0.02723044343292713,-0.9098348617553711,0.4149704873561859,0.0,0.0,2.38418573772492e-09,-1.19209286886246e-09,-0.031859468668699265,-0.812966525554657,0.5823104977607727,0.0,0.0,0.0,-3.5762786065873797e-09,-0.023122519254684448,-1.0,-0.0,0.0,0.0,-0.012360505759716034,0.0032300001475960016,-0.016998957842588425,-0.9990482330322266,-0.0,-0.04361938685178757,0.0,-0.002149570034816861,-3.8927792047616094e-06,-0.06502974033355713,-0.789020836353302,0.6143639087677002,-0.0014106890885159373,-0.001098420238122344,0.0,0.0,-0.03691747412085533,-0.7081651091575623,0.7060469388961792,0.0,0.0,-2.38418573772492e-09,-2.98023217215615e-10,-0.02163529396057129,-0.9306765198707581,0.365843266248703,0.0,0.0,0.0,2.98023217215615e-10,-0.01868978515267372,-1.0,-0.0,0.0,0.0,0.0,0.003969999961555004,-0.017509059980511665,-1.0,-0.0,0.0,0.0,0.0,4.611611075233668e-06,-0.0637909397482872,-0.7112206816673279,0.7029688358306885,0.0,0.0,0.0,2.98023217215615e-10,-0.04460655897855759,-0.6427876353263855,0.7660444974899292,0.0,0.0,0.0,-2.98023217215615e-10,-0.02347646653652191,-0.9396926760673523,0.34202009439468384,0.0,0.0,0.0,0.0,-0.019652195274829865,-1.0,-0.0,0.0,0.0,0.00711638480424881,0.0018999999156221747,-0.016959700733423233,-0.9961947202682495,-0.0,0.08715574443340302,0.0,-0.0005882382392883301,0.0,-0.060253534466028214,-0.7155221700668335,0.6973228454589844,-0.030119962990283966,-0.029353858903050423,1.19209286886246e-09,-1.490116086078075e-10,-0.04255415499210358,-0.6427876353263855,0.7660444974899292,0.0,0.0,-2.38418573772492e-09,0.0,-0.02208789810538292,-0.9063078761100769,0.4226182699203491,0.0,0.0,0.0,0.0,-0.017740869894623756,-1.0,-0.0,0.0,0.0,0.013503451831638813,-0.0037700000684708357,-0.014087309129536152,-0.9914448857307434,-0.0,0.13052619993686676,0.0,0.0048975334502756596,-3.847479547403054e-06,-0.05743739381432533,-0.6765674948692322,0.7343704700469971,-0.042795270681381226,-0.03354250267148018,4.76837147544984e-09,-2.98023217215615e-10,-0.03276757150888443,-0.7071068286895752,0.7071068286895752,0.0,0.0,2.38418573772492e-09,0.0,-0.016709718853235245,-0.8419820070266724,0.5395057201385498,0.0,0.0,0.0,0.0,-0.01388302817940712,-1.0,-0.0,0.0,0.0
