wall_time,iso_time,timestamp,packet_counter,hand_side,frame_id,status,pose,take,PALM_x,PALM_y,PALM_z,PALM_qw,PALM_qx,PALM_qy,PALM_qz,WRIST_x,WRIST_y,WRIST_z,WRIST_qw,WRIST_qx,WRIST_qy,WRIST_qz,THUMB_METACARPAL_x,THUMB_METACARPAL_y,THUMB_METACARPAL_z,THUMB_METACARPAL_qw,THUMB_METACARPAL_qx,THUMB_METACARPAL_qy,THUMB_METACARPAL_qz,THUMB_PROXIMAL_x,THUMB_PROXIMAL_y,THUMB_PROXIMAL_z,THUMB_PROXIMAL_qw,THUMB_PROXIMAL_qx,THUMB_PROXIMAL_qy,THUMB_PROXIMAL_qz,THUMB_DISTAL_x,THUMB_DISTAL_y,THUMB_DISTAL_z,THUMB_DISTAL_qw,THUMB_DISTAL_qx,THUMB_DISTAL_qy,THUMB_DISTAL_qz,THUMB_TIP_x,THUMB_TIP_y,THUMB_TIP_z,THUMB_TIP_qw,THUMB_TIP_qx,THUMB_TIP_qy,THUMB_TIP_qz,INDEX_METACARPAL_x,INDEX_METACARPAL_y,INDEX_METACARPAL_z,INDEX_METACARPAL_qw,INDEX_METACARPAL_qx,INDEX_METACARPAL_qy,INDEX_METACARPAL_qz,INDEX_PROXIMAL_x,INDEX_PROXIMAL_y,INDEX_PROXIMAL_z,INDEX_PROXIMAL_qw,INDEX_PROXIMAL_qx,INDEX_PROXIMAL_qy,INDEX_PROXIMAL_qz,INDEX_INTERMEDIATE_x,INDEX_INTERMEDIATE_y,INDEX_INTERMEDIATE_z,INDEX_INTERMEDIATE_qw,INDEX_INTERMEDIATE_qx,INDEX_INTERMEDIATE_qy,INDEX_INTERMEDIATE_qz,INDEX_DISTAL_x,INDEX_DISTAL_y,INDEX_DISTAL_z,INDEX_DISTAL_qw,INDEX_DISTAL_qx,INDEX_DISTAL_qy,INDEX_DISTAL_qz,INDEX_TIP_x,INDEX_TIP_y,INDEX_TIP_z,INDEX_TIP_qw,INDEX_TIP_qx,INDEX_TIP_qy,INDEX_TIP_qz,MIDDLE_METACARPAL_x,MIDDLE_METACARPAL_y,MIDDLE_METACARPAL_z,MIDDLE_METACARPAL_qw,MIDDLE_METACARPAL_qx,MIDDLE_METACARPAL_qy,MIDDLE_METACARPAL_qz,MIDDLE_PROXIMAL_x,MIDDLE_PROXIMAL_y,MIDDLE_PROXIMAL_z,MIDDLE_PROXIMAL_qw,MIDDLE_PROXIMAL_qx,MIDDLE_PROXIMAL_qy,MIDDLE_PROXIMAL_qz,MIDDLE_INTERMEDIATE_x,MIDDLE_INTERMEDIATE_y,MIDDLE_INTERMEDIATE_z,MIDDLE_INTERMEDIATE_qw,MIDDLE_INTERMEDIATE_qx,MIDDLE_INTERMEDIATE_qy,MIDDLE_INTERMEDIATE_qz,MIDDLE_DISTAL_x,MIDDLE_DISTAL_y,MIDDLE_DISTAL_z,MIDDLE_DISTAL_qw,MIDDLE_DISTAL_qx,MIDDLE_DISTAL_qy,MIDDLE_DISTAL_qz,MIDDLE_TIP_x,MIDDLE_TIP_y,MIDDLE_TIP_z,MIDDLE_TIP_qw,MIDDLE_TIP_qx,MIDDLE_TIP_qy,MIDDLE_TIP_qz,RING_METACARPAL_x,RING_METACARPAL_y,RING_METACARPAL_z,RING_METACARPAL_qw,RING_METACARPAL_qx,RING_METACARPAL_qy,RING_METACARPAL_qz,RING_PROXIMAL_x,RING_PROXIMAL_y,RING_PROXIMAL_z,RING_PROXIMAL_qw,RING_PROXIMAL_qx,RING_PROXIMAL_qy,RING_PROXIMAL_qz,RING_INTERMEDIATE_x,RING_INTERMEDIATE_y,RING_INTERMEDIATE_z,RING_INTERMEDIATE_qw,RING_INTERMEDIATE_qx,RING_INTERMEDIATE_qy,RING_INTERMEDIATE_qz,RING_DISTAL_x,RING_DISTAL_y,RING_DISTAL_z,RING_DISTAL_qw,RING_DISTAL_qx,RING_DISTAL_qy,RING_DISTAL_qz,RING_TIP_x,RING_TIP_y,RING_TIP_z,RING_TIP_qw,RING_TIP_qx,RING_TIP_qy,RING_TIP_qz,LITTLE_METACARPAL_x,LITTLE_METACARPAL_y,LITTLE_METACARPAL_z,LITTLE_METACARPAL_qw,LITTLE_METACARPAL_qx,LITTLE_METACARPAL_qy,LITTLE_METACARPAL_qz,LITTLE_PROXIMAL_x,LITTLE_PROXIMAL_y,LITTLE_PROXIMAL_z,LITTLE_PROXIMAL_qw,LITTLE_PROXIMAL_qx,LITTLE_PROXIMAL_qy,LITTLE_PROXIMAL_qz,LITTLE_INTERMEDIATE_x,LITTLE_INTERMEDIATE_y,LITTLE_INTERMEDIATE_z,LITTLE_INTERMEDIATE_qw,LITTLE_INTERMEDIATE_qx,LITTLE_INTERMEDIATE_qy,LITTLE_INTERMEDIATE_qz,LITTLE_DISTAL_x,LITTLE_DISTAL_y,LITTLE_DISTAL_z,LITTLE_DISTAL_qw,LITTLE_DISTAL_qx,LITTLE_DISTAL_qy,LITTLE_DISTAL_qz,LITTLE_TIP_x,LITTLE_TIP_y,LITTLE_TIP_z,LITTLE_TIP_qw,LITTLE_TIP_qx,LITTLE_TIP_qy,LITTLE_TIP_qz
1782948360.711126,2026-07-01 19:26:00.711,16705.0,16705,left,0,1,fist,3,0.0,0.003969999961555004,-0.04999999701976776,-1.0,-0.0,0.0,0.0,0.0,0.0,0.0,-1.0,-0.0,0.0,0.0,0.025476500391960144,-0.012044699862599373,-0.022234899923205376,-0.7563644051551819,0.02038903534412384,0.36610403656959534,0.5417242050170898,-5.7220457705398076e-08,-4.3511388270189855e-08,-0.027230437844991684,-0.9535136222839355,0.30135002732276917,0.0,0.0,3.5762786065873797e-09,6.318092005130893e-08,-0.031859491020441055,-0.8832296133041382,0.4689408838748932,0.0,0.0,2.384185648907078e-08,0.0,-0.023122519254684448,-1.0,-0.0,0.0,0.0,0.012359999120235443,0.0032300001475960016,-0.017000000923871994,-0.9990482330322266,-0.0,0.04361938685178757,0.0,0.0021501504816114902,-3.890097104886081e-06,-0.06502876430749893,-0.7944645285606384,0.6073094010353088,0.0009605098748579621,0.0007342388853430748,-9.53674295089968e-09,-9.53674295089968e-09,-0.036917347460985184,-0.7088336944580078,0.7053757309913635,0.0,0.0,-2.8610228852699038e-08,-2.98023217215615e-10,-0.0216355137526989,-0.9308390021324158,0.3654296100139618,0.0,0.0,1.2636184010261786e-07,2.98023217215615e-10,-0.018689393997192383,-1.0,-0.0,0.0,0.0,0.0,0.003969999961555004,-0.01750910095870495,-1.0,-0.0,0.0,0.0,0.0,4.610121322912164e-06,-0.06379090249538422,-0.8055271506309509,0.5925589203834534,0.0,0.0,0.0,2.98023217215615e-10,-0.044606998562812805,-0.647906482219696,0.7617198824882507,0.0,0.0,0.0,0.0,-0.023475991562008858,-0.9399557113647461,0.3412964344024658,0.0,0.0,0.0,0.0,-0.019651994109153748,-1.0,-0.0,0.0,0.0,-0.00711638992652297,0.0018999999156221747,-0.016959700733423233,-0.9961947202682495,-0.0,-0.08715574443340302,0.0,0.0005882433033548295,0.0,-0.060253534466028214,-0.8305132985115051,0.5562256574630737,0.024376748129725456,0.016326015815138817,-1.1086464013487785e-07,-1.490116086078075e-10,-0.04255366697907448,-0.6568990349769592,0.7539785504341125,0.0,0.0,4.5299529460862686e-08,0.0,-0.022088106721639633,-0.9087644815444946,0.4173094928264618,0.0,0.0,-1.4305114426349519e-08,0.0,-0.017740696668624878,-1.0,-0.0,0.0,0.0,-0.013503500260412693,-0.0037700000684708357,-0.014087299816310406,-0.9914448857307434,-0.0,-0.13052619993686676,0.0,-0.004897483624517918,-3.8501621020259336e-06,-0.05743739381432533,-0.7356958389282227,0.6757400631904602,0.027806270867586136,0.03679434955120087,5.4836270635405526e-08,-2.98023217215615e-10,-0.03276759013533592,-0.7071068286895752,0.7071068286895752,0.0,0.0,-9.298324243900424e-08,0.0,-0.01670967973768711,-0.8419820070266724,0.5395057201385498,0.0,0.0,6.19888282926695e-08,0.0,-0.013883084990084171,-1.0,-0.0,0.0,0.0
1782948360.7116048,2026-07-01 19:26:00.711,5231.0,5231,right,0,2,fist,3,0.0,0.003969999961555004,-0.04999999701976776,-1.0,-0.0,0.0,0.0,0.0,0.0,0.0,-1.0,-0.0,0.0,0.0,-0.025476505979895592,-0.012044684961438179,-0.022234933450818062,-0.7382927536964417,0.09769722819328308,-0.3802289664745331,-0.5484569668769836,0.0,1.19209286886246e-09,-0.02723044343292713,-0.9099336862564087,0.41475385427474976,0.0,0.0,2.38418573772492e-09,-1.19209286886246e-09,-0.031859468668699265,-0.8130824565887451,0.582148551940918,0.0,0.0,0.0,-3.5762786065873797e-09,-0.023122519254684448,-1.0,-0.0,0.0,0.0,-0.012360505759716034,0.0032300001475960016,-0.016998957842588425,-0.9990482330322266,-0.0,-0.04361938685178757,0.0,-0.002149570034816861,-3.8927792047616094e-06,-0.06502974033355713,-0.7935820817947388,0.6084603667259216,-0.0015002739382907748,-0.0011496408842504025,0.0,0.0,-0.03691747412085533,-0.7087488770484924,0.7054609060287476,0.0,0.0,-2.38418573772492e-09,-2.98023217215615e-10,-0.02163529396057129,-0.9308182597160339,0.36548247933387756,0.0,0.0,0.0,2.98023217215615e-10,-0.01868978515267372,-1.0,-0.0,0.0,0.0,0.0,0.003969999961555004,-0.017509059980511665,-1.0,-0.0,0.0,0.0,0.0,4.611611075233668e-06,-0.0637909397482872,-0.7112206816673279,0.7029688358306885,0.0,0.0,0.0,2.98023217215615e-10,-0.04460655897855759,-0.6427876353263855,0.7660444974899292,0.0,0.0,0.0,-2.98023217215615e-10,-0.02347646653652191,-0.9396926760673523,0.34202009439468384,0.0,0.0,0.0,0.0,-0.019652195274829865,-1.0,-0.0,0.0,0.0,0.00711638480424881,0.0018999999156221747,-0.016959700733423233,-0.9961947202682495,-0.0,0.08715574443340302,0.0,-0.0005882382392883301,0.0,-0.060253534466028214,-0.7133238315582275,0.6995487809181213,-0.03029705584049225,-0.02971198782324791,1.19209286886246e-09,-1.490116086078075e-10,-0.04255415499210358,-0.6427876353263855,0.7660444974899292,0.0,0.0,-2.38418573772492e-09,0.0,-0.02208789810538292,-0.9063078761100769,0.4226182699203491,0.0,0.0,0.0,0.0,-0.017740869894623756,-1.0,-0.0,0.0,0.0,0.013503451831638813,-0.0037700000684708357,-0.014087309129536152,-0.9914448857307434,-0.0,0.13052619993686676,0.0,0.0048975334502756596,-3.847479547403054e-06,-0.05743739381432533,-0.6856292486190796,0.7260854244232178,-0.03988262265920639,-0.03349617123603821,4.76837147544984e-09,-2.98023217215615e-10,-0.03276757150888443,-0.7071068286895752,0.7071068286895752,0.0,0.0,2.38418573772492e-09,0.0,-0.016709718853235245,-0.8419820070266724,0.5395057201385498,0.0,0.0,0.0,0.0,-0.01388302817940712,-1.0,-0.0,0.0,0.0
1782948360.9248104,2026-07-01 19:26:00.924,16709.0,16709,left,0,1,fist,3,0.0,0.003969999961555004,-0.04999999701976776,-1.0,-0.0,0.0,0.0,0.0,0.0,0.0,-1.0,-0.0,0.0,0.0,0.025476500391960144,-0.012044699862599373,-0.022234899923205376,-0.7533853650093079,0.02930048666894436,0.3696571886539459,0.543052077293396,-5.7220457705398076e-08,-4.3511388270189855e-08,-0.027230437844991684,-0.9489234685897827,0.3155062794685364,0.0,0.0,3.5762786065873797e-09,6.318092005130893e-08,-0.031859491020441055,-0.8743384480476379,0.4853167235851288,0.0,0.0,2.384185648907078e-08,0.0,-0.023122519254684448,-1.0,-0.0,0.0,0.0,0.012359999120235443,0.0032300001475960016,-0.017000000923871994,-0.9990482330322266,-0.0,0.04361938685178757,0.0,0.0021501504816114902,-3.890097104886081e-06,-0.06502876430749893,-0.7757628560066223,0.6310239434242249,0.0007233438082039356,0.0005883850390091538,-9.53674295089968e-09,-9.53674295089968e-09,-0.036917347460985184,-0.7072030305862427,0.7070105075836182,0.0,0.0,-2.8610228852699038e-08,-2.98023217215615e-10,-0.0216355137526989,-0.9304412603378296,0.36644110083580017,0.0,0.0,1.2636184010261786e-07,2.98023217215615e-10,-0.018689393997192383,-1.0,-0.0,0.0,0.0,0.0,0.003969999961555004,-0.01750910095870495,-1.0,-0.0,0.0,0.0,0.0,4.610121322912164e-06,-0.06379090249538422,-0.8055271506309509,0.5925589203834534,0.0,0.0,0.0,2.98023217215615e-10,-0.044606998562812805,-0.647906482219696,0.7617198824882507,0.0,0.0,0.0,0.0,-0.023475991562008858,-0.9399557113647461,0.3412964344024658,0.0,0.0,0.0,0.0,-0.019651994109153748,-1.0,-0.0,0.0,0.0,-0.00711638992652297,0.0018999999156221747,-0.016959700733423233,-0.9961947202682495,-0.0,-0.08715574443340302,0.0,0.0005882433033548295,0.0,-0.060253534466028214,-0.8305132985115051,0.5562256574630737,0.024376748129725456,0.016326015815138817,-1.1086464013487785e-07,-1.490116086078075e-10,-0.04255366697907448,-0.6568990349769592,0.7539785504341125,0.0,0.0,4.5299529460862686e-08,0.0,-0.022088106721639633,-0.9087644815444946,0.4173094928264618,0.0,0.0,-1.4305114426349519e-08,0.0,-0.017740696668624878,-1.0,-0.0,0.0,0.0,-0.013503500260412693,-0.0037700000684708357,-0.014087299816310406,-0.9914448857307434,-0.0,-0.13052619993686676,0.0,-0.004897483624517918,-3.8501621020259336e-06,-0.05743739381432533,-0.746613621711731,0.6637455821037292,0.024975724518299103,0.03723221272230148,5.4836270635405526e-08,-2.98023217215615e-10,-0.03276759013533592,-0.7071341872215271,0.7070794105529785,0.0,0.0,-9.298324243900424e-08,0.0,-0.01670967973768711,-0.8419994711875916,0.5394784212112427,0.0,0.0,6.19888282926695e-08,0.0,-0.013883084990084171,-1.0,-0.0,0.0,0.0
1782948360.9250605,2026-07-01 19:26:00.925,5259.0,5259,right,0,2,fist,3,0.0,0.003969999961555004,-0.04999999701976776,-1.0,-0.0,0.0,0.0,0.0,0.0,0.0,-1.0,-0.0,0.0,0.0,-0.025476505979895592,-0.012044684961438179,-0.022234933450818062,-0.7382166981697083,0.09777171909809113,-0.38033372163772583,-0.5484734177589417,0.0,1.19209286886246e-09,-0.02723044343292713,-0.9098348617553711,0.4149704873561859,0.0,0.0,2.38418573772492e-09,-1.19209286886246e-09,-0.031859468668699265,-0.812966525554657,0.5823104977607727,0.0,0.0,0.0,-3.5762786065873797e-09,-0.023122519254684448,-1.0,-0.0,0.0,0.0,-0.012360505759716034,0.0032300001475960016,-0.016998957842588425,-0.9990482330322266,-0.0,-0.04361938685178757,0.0,-0.002149570034816861,-3.8927792047616094e-06,-0.06502974033355713,-0.7292830348014832,0.6842120289802551,-0.000348704110365361,-0.00032702452153898776,0.0,0.0,-0.03691747412085533,-0.7071068286895752,0.7071068286895752,0.0,0.0,-2.38418573772492e-09,-2.98023217215615e-10,-0.02163529396057129,-0.9304175972938538,0.36650118231773376,0.0,0.0,0.0,2.98023217215615e-10,-0.01868978515267372,-1.0,-0.0,0.0,0.0,0.0,0.003969999961555004,-0.017509059980511665,-1.0,-0.0,0.0,0.0,0.0,4.611611075233668e-06,-0.0637909397482872,-0.7112206816673279,0.7029688358306885,0.0,0.0,0.0,2.98023217215615e-10,-0.04460655897855759,-0.6427876353263855,0.7660444974899292,0.0,0.0,0.0,-2.98023217215615e-10,-0.02347646653652191,-0.9396926760673523,0.34202009439468384,0.0,0.0,0.0,0.0,-0.019652195274829865,-1.0,-0.0,0.0,0.0,0.00711638480424881,0.0018999999156221747,-0.016959700733423233,-0.9961947202682495,-0.0,0.08715574443340302,0.0,-0.0005882382392883301,0.0,-0.060253534466028214,-0.7133238315582275,0.6995487809181213,-0.03029705584049225,-0.02971198782324791,1.19209286886246e-09,-1.490116086078075e-10,-0.04255415499210358,-0.6427876353263855,0.7660444974899292,0.0,0.0,-2.38418573772492e-09,0.0,-0.02208789810538292,-0.9063078761100769,0.4226182699203491,0.0,0.0,0.0,0.0,-0.017740869894623756,-1.0,-0.0,0.0,0.0,0.013503451831638813,-0.0037700000684708357,-0.014087309129536152,-0.9914448857307434,-0.0,0.13052619993686676,0.0,0.0048975334502756596,-3.847479547403054e-06,-0.05743739381432533,-0.6765674948692322,0.7343704700469971,-0.042795270681381226,-0.03354250267148018,4.76837147544984e-09,-2.98023217215615e-10,-0.03276757150888443,-0.7071068286895752,0.7071068286895752,0.0,0.0,2.38418573772492e-09,0.0,-0.016709718853235245,-0.8419820070266724,0.5395057201385498,0.0,0.0,0.0,0.0,-0.01388302817940712,-1.0,-0.0,0.0,0.0
1782948361.1251042,2026-07-01 19:26:01.125,16710.0,16710,left,0,1,fist,3,0.0,0.003969999961555004,-0.04999999701976776,-1.0,-0.0,0.0,0.0,0.0,0.0,0.0,-1.0,-0.0,0.0,0.0,0.025476500391960144,-0.012044699862599373,-0.022234899923205376,-0.7498569488525391,0.04021182656288147,0.3736003339290619,0.544536828994751,-5.7220457705398076e-08,-4.3511388270189855e-08,-0.027230437844991684,-0.9430460929870605,0.3326621651649475,0.0,0.0,3.5762786065873797e-09,6.318092005130893e-08,-0.031859491020441055,-0.8634029030799866,0.5045150518417358,0.0,0.0,2.384185648907078e-08,0.0,-0.023122519254684448,-1.0,-0.0,0.0,0.0,0.012359999120235443,0.0032300001475960016,-0.017000000923871994,-0.9990482330322266,-0.0,0.04361938685178757,0.0,0.0021501504816114902,-3.890097104886081e-06,-0.06502876430749893,-0.7631914019584656,0.646172046661377,0.0005745522794313729,0.00048610783414915204,-9.53674295089968e-09,-9.53674295089968e-09,-0.036917347460985184,-0.7071068286895752,0.7071068286895752,0.0,0.0,-2.8610228852699038e-08,-2.98023217215615e-10,-0.0216355137526989,-0.9304175972938538,0.36650118231773376,0.0,0.0,1.2636184010261786e-07,2.98023217215615e-10,-0.018689393997192383,-1.0,-0.0,0.0,0.0,0.0,0.003969999961555004,-0.01750910095870495,-1.0,-0.0,0.0,0.0,0.0,4.610121322912164e-06,-0.06379090249538422,-0.7990576028823853,0.6012545228004456,0.0,0.0,0.0,2.98023217215615e-10,-0.044606998562812805,-0.6462905406951904,0.7630914449691772,0.0,0.0,0.0,0.0,-0.023475991562008858,-0.9398711919784546,0.34152916073799133,0.0,0.0,0.0,0.0,-0.019651994109153748,-1.0,-0.0,0.0,0.0,-0.00711638992652297,0.0018999999156221747,-0.016959700733423233,-0.9961947202682495,-0.0,-0.08715574443340302,0.0,0.0005882433033548295,0.0,-0.060253534466028214,-0.8305132985115051,0.5562256574630737,0.024376748129725456,0.016326015815138817,-1.1086464013487785e-07,-1.490116086078075e-10,-0.04255366697907448,-0.6568990349769592,0.7539785504341125,0.0,0.0,4.5299529460862686e-08,0.0,-0.022088106721639633,-0.9087644815444946,0.4173094928264618,0.0,0.0,-1.4305114426349519e-08,0.0,-0.017740696668624878,-1.0,-0.0,0.0,0.0,-0.013503500260412693,-0.0037700000684708357,-0.014087299816310406,-0.9914448857307434,-0.0,-0.13052619993686676,0.0,-0.004897483624517918,-3.8501621020259336e-06,-0.05743739381432533,-0.7551266551017761,0.6541074514389038,0.022759657353162766,0.03754002973437309,5.4836270635405526e-08,-2.98023217215615e-10,-0.03276759013533592,-0.7074650526046753,0.7067484259605408,0.0,0.0,-9.298324243900424e-08,0.0,-0.01670967973768711,-0.8422102928161621,0.539149284362793,0.0,0.0,6.19888282926695e-08,0.0,-0.013883084990084171,-1.0,-0.0,0.0,0.0
1782948361.125317,2026-07-01 19:26:01.125,5271.0,5271,right,0,2,fist,3,0.0,0.003969999961555004,-0.04999999701976776,-1.0,-0.0,0.0,0.0,0.0,0.0,0.0,-1.0,-0.0,0.0,0.0,-0.025476505979895592,-0.012044684961438179,-0.022234933450818062,-0.7382166981697083,0.09777171909809113,-0.38033372163772583,-0.5484734177589417,0.0,1.19209286886246e-09,-0.02723044343292713,-0.9098348617553711,0.4149704873561859,0.0,0.0,2.38418573772492e-09,-1.19209286886246e-09,-0.031859468668699265,-0.812966525554657,0.5823104977607727,0.0,0.0,0.0,-3.5762786065873797e-09,-0.023122519254684448,-1.0,-0.0,0.0,0.0,-0.012360505759716034,0.0032300001475960016,-0.016998957842588425,-0.9990482330322266,-0.0,-0.04361938685178757,0.0,-0.002149570034816861,-3.8927792047616094e-06,-0.06502974033355713,-0.7287068963050842,0.684825599193573,-0.00033937019179575145,-0.00031881924951449037,0.0,0.0,-0.03691747412085533,-0.7071068286895752,0.7071068286895752,0.0,0.0,-2.38418573772492e-09,-2.98023217215615e-10,-0.02163529396057129,-0.9304175972938538,0.36650118231773376,0.0,0.0,0.0,2.98023217215615e-10,-0.01868978515267372,-1.0,-0.0,0.0,0.0,0.0,0.003969999961555004,-0.017509059980511665,-1.0,-0.0,0.0,0.0,0.0,4.611611075233668e-06,-0.0637909397482872,-0.7112206816673279,0.7029688358306885,0.0,0.0,0.0,2.98023217215615e-10,-0.04460655897855759,-0.6427876353263855,0.7660444974899292,0.0,0.0,0.0,-2.98023217215615e-10,-0.02347646653652191,-0.9396926760673523,0.34202009439468384,0.0,0.0,0.0,0.0,-0.019652195274829865,-1.0,-0.0,0.0,0.0,0.00711638480424881,0.0018999999156221747,-0.016959700733423233,-0.9961947202682495,-0.0,0.08715574443340302,0.0,-0.0005882382392883301,0.0,-0.060253534466028214,-0.7133238315582275,0.6995487809181213,-0.03029705584049225,-0.02971198782324791,1.19209286886246e-09,-1.490116086078075e-10,-0.04255415499210358,-0.6427876353263855,0.7660444974899292,0.0,0.0,-2.38418573772492e-09,0.0,-0.02208789810538292,-0.9063078761100769,0.4226182699203491,0.0,0.0,0.0,0.0,-0.017740869894623756,-1.0,-0.0,0.0,0.0,0.013503451831638813,-0.0037700000684708357,-0.014087309129536152,-0.9914448857307434,-0.0,0.13052619993686676,0.0,0.0048975334502756596,-3.847479547403054e-06,-0.05743739381432533,-0.6765674948692322,0.7343704700469971,-0.042795270681381226,-0.03354250267148018,4.76837147544984e-09,-2.98023217215615e-10,-0.03276757150888443,-0.7071068286895752,0.7071068286895752,0.0,0.0,2.38418573772492e-09,0.0,-0.016709718853235245,-0.8419820070266724,0.5395057201385498,0.0,0.0,0.0,0.0,-0.01388302817940712,-1.0,-0.0,0.0,0.0
1782948361.3279843,2026-07-01 19:26:01.327,16712.0,16712,left,0,1,fist,3,0.0,0.003969999961555004,-0.04999999701976776,-1.0,-0.0,0.0,0.0,0.0,0.0,0.0,-1.0,-0.0,0.0,0.0,0.025476500391960144,-0.012044699862599373,-0.022234899923205376,-0.7470969557762146,0.049261096864938736,0.3764418661594391,0.5456290245056152,-5.7220457705398076e-08,-4.3511388270189855e-08,-0.027230437844991684,-0.9379696249961853,0.34671750664711,0.0,0.0,3.5762786065873797e-09,6.318092005130893e-08,-0.031859491020441055,-0.8544327616691589,0.5195620656013489,0.0,0.0,2.384185648907078e-08,0.0,-0.023122519254684448,-1.0,-0.0,0.0,0.0,0.012359999120235443,0.0032300001475960016,-0.017000000923871994,-0.9990482330322266,-0.0,0.04361938685178757,0.0,0.0021501504816114902,-3.890097104886081e-06,-0.06502876430749893,-0.7474284172058105,0.6643421649932861,0.00039981279405765235,0.00035308892256580293,-9.53674295089968e-09,-9.53674295089968e-09,-0.036917347460985184,-0.7071068286895752,0.7071068286895752,0.0,0.0,-2.8610228852699038e-08,-2.98023217215615e-10,-0.0216355137526989,-0.9304175972938538,0.36650118231773376,0.0,0.0,1.2636184010261786e-07,2.98023217215615e-10,-0.018689393997192383,-1.0,-0.0,0.0,0.0,0.0,0.003969999961555004,-0.01750910095870495,-1.0,-0.0,0.0,0.0,0.0,4.610121322912164e-06,-0.06379090249538422,-0.7863625884056091,0.6177651882171631,0.0,0.0,0.0,2.98023217215615e-10,-0.044606998562812805,-0.643987774848938,0.7650357484817505,0.0,0.0,0.0,0.0,-0.023475991562008858,-0.9397528767585754,0.3418544828891754,0.0,0.0,0.0,0.0,-0.019651994109153748,-1.0,-0.0,0.0,0.0,-0.00711638992652297,0.0018999999156221747,-0.016959700733423233,-0.9961947202682495,-0.0,-0.08715574443340302,0.0,0.0005882433033548295,0.0,-0.060253534466028214,-0.8305132985115051,0.5562256574630737,0.024376748129725456,0.016326015815138817,-1.1086464013487785e-07,-1.490116086078075e-10,-0.04255366697907448,-0.6568990349769592,0.7539785504341125,0.0,0.0,4.5299529460862686e-08,0.0,-0.022088106721639633,-0.9087644815444946,0.4173094928264618,0.0,0.0,-1.4305114426349519e-08,0.0,-0.017740696668624878,-1.0,-0.0,0.0,0.0,-0.013503500260412693,-0.0037700000684708357,-0.014087299816310406,-0.9914448857307434,-0.0,-0.13052619993686676,0.0,-0.004897483624517918,-3.8501621020259336e-06,-0.05743739381432533,-0.7551266551017761,0.6541074514389038,0.022759657353162766,0.03754002973437309,5.4836270635405526e-08,-2.98023217215615e-10,-0.03276759013533592,-0.7074650526046753,0.7067484259605408,0.0,0.0,-9.298324243900424e-08,0.0,-0.01670967973768711,-0.8422102928161621,0.539149284362793,0.0,0.0,6.19888282926695e-08,0.0,-0.013883084990084171,-1.0,-0.0,0.0,0.0
1782948361.3404522,2026-07-01 19:26:01.340,5283.0,5283,right,0,2,fist,3,0.0,0.003969999961555004,-0.04999999701976776,-1.0,-0.0,0.0,0.0,0.0,0.0,0.0,-1.0,-0.0,0.0,0.0,-0.025476505979895592,-0.012044684961438179,-0.022234933450818062,-0.7382166981697083,0.09777171909809113,-0.38033372163772583,-0.5484734177589417,0.0,1.19209286886246e-09,-0.02723044343292713,-0.9098348617553711,0.4149704873561859,0.0,0.0,2.38418573772492e-09,-1.19209286886246e-09,-0.031859468668699265,-0.812966525554657,0.5823104977607727,0.0,0.0,0.0,-3.5762786065873797e-09,-0.023122519254684448,-1.0,-0.0,0.0,0.0,-0.012360505759716034,0.0032300001475960016,-0.016998957842588425,-0.9990482330322266,-0.0,-0.04361938685178757,0.0,-0.002149570034816861,-3.8927792047616094e-06,-0.06502974033355713,-0.7275529503822327,0.6860514879226685,-0.0003207015397492796,-0.00030240791966207325,0.0,0.0,-0.03691747412085533,-0.7071068286895752,0.7071068286895752,0.0,0.0,-2.38418573772492e-09,-2.98023217215615e-10,-0.02163529396057129,-0.9304175972938538,0.36650118231773376,0.0,0.0,0.0,2.98023217215615e-10,-0.01868978515267372,-1.0,-0.0,0.0,0.0,0.0,0.003969999961555004,-0.017509059980511665,-1.0,-0.0,0.0,0.0,0.0,4.611611075233668e-06,-0.0637909397482872,-0.7112206816673279,0.7029688358306885,0.0,0.0,0.0,2.98023217215615e-10,-0.04460655897855759,-0.6427876353263855,0.7660444974899292,0.0,0.0,0.0,-2.98023217215615e-10,-0.02347646653652191,-0.9396926760673523,0.34202009439468384,0.0,0.0,0.0,0.0,-0.019652195274829865,-1.0,-0.0,0.0,0.0,0.00711638480424881,0.0018999999156221747,-0.016959700733423233,-0.9961947202682495,-0.0,0.08715574443340302,0.0,-0.0005882382392883301,0.0,-0.060253534466028214,-0.7133238315582275,0.6995487809181213,-0.03029705584049225,-0.02971198782324791,1.19209286886246e-09,-1.490116086078075e-10,-0.04255415499210358,-0.6427876353263855,0.7660444974899292,0.0,0.0,-2.38418573772492e-09,0.0,-0.02208789810538292,-0.9063078761100769,0.4226182699203491,0.0,0.0,0.0,0.0,-0.017740869894623756,-1.0,-0.0,0.0,0.0,0.013503451831638813,-0.0037700000684708357,-0.014087309129536152,-0.9914448857307434,-0.0,0.13052619993686676,0.0,0.0048975334502756596,-3.847479547403054e-06,-0.05743739381432533,-0.6765674948692322,0.7343704700469971,-0.042795270681381226,-0.03354250267148018,4.76837147544984e-09,-2.98023217215615e-10,-0.03276757150888443,-0.7071068286895752,0.7071068286895752,0.0,0.0,2.38418573772492e-09,0.0,-0.016709718853235245,-0.8419820070266724,0.5395057201385498,0.0,0.0,0.0,0.0,-0.01388302817940712,-1.0,-0.0,0.0,0.0
1782948361.548595,2026-07-01 19:26:01.548,16714.0,16714,left,0,1,fist,3,0.0,0.003969999961555004,-0.04999999701976776,-1.0,-0.0,0.0,0.0,0.0,0.0,0.0,-1.0,-0.0,0.0,0.0,0.025476500391960144,-0.012044699862599373,-0.022234899923205376,-0.7424786686897278,0.06551222503185272,0.3806712031364441,0.5472869277000427,-5.7220457705398076e-08,-4.3511388270189855e-08,-0.027230437844991684,-0.9283993244171143,0.3715840280056,0.0,0.0,3.5762786065873797e-09,6.318092005130893e-08,-0.031859491020441055,-0.838576078414917,0.5447846055030823,0.0,0.0,2.384185648907078e-08,0.0,-0.023122519254684448,-1.0,-0.0,0.0,0.0,0.012359999120235443,0.0032300001475960016,-0.017000000923871994,-0.9990482330322266,-0.0,0.04361938685178757,0.0,0.0021501504816114902,-3.890097104886081e-06,-0.06502876430749893,-0.7243289351463318,0.6894546151161194,0.00016167470312211663,0.00015389053442049772,-9.53674295089968e-09,-9.53674295089968e-09,-0.036917347460985184,-0.7071068286895752,0.7071068286895752,0.0,0.0,-2.8610228852699038e-08,-2.98023217215615e-10,-0.0216355137526989,-0.9304175972938538,0.36650118231773376,0.0,0.0,1.2636184010261786e-07,2.98023217215615e-10,-0.018689393997192383,-1.0,-0.0,0.0,0.0,0.0,0.003969999961555004,-0.01750910095870495,-1.0,-0.0,0.0,0.0,0.0,4.610121322912164e-06,-0.06379090249538422,-0.7999705076217651,0.6000393033027649,0.0,0.0,0.0,2.98023217215615e-10,-0.044606998562812805,-0.6464895606040955,0.7629228830337524,0.0,0.0,0.0,0.0,-0.023475991562008858,-0.9398815035820007,0.34150078892707825,0.0,0.0,0.0,0.0,-0.019651994109153748,-1.0,-0.0,0.0,0.0,-0.00711638992652297,0.0018999999156221747,-0.016959700733423233,-0.9961947202682495,-0.0,-0.08715574443340302,0.0,0.0005882433033548295,0.0,-0.060253534466028214,-0.8257961273193359,0.5631725192070007,0.024750569835305214,0.016880540177226067,-1.1086464013487785e-07,-1.490116086078075e-10,-0.04255366697907448,-0.6549371480941772,0.755683422088623,0.0,0.0,4.5299529460862686e-08,0.0,-0.022088106721639633,-0.908420979976654,0.41805654764175415,0.0,0.0,-1.4305114426349519e-08,0.0,-0.017740696668624878,-1.0,-0.0,0.0,0.0,-0.013503500260412693,-0.0037700000684708357,-0.014087299816310406,-0.9914448857307434,-0.0,-0.13052619993686676,0.0,-0.004897483624517918,-3.8501621020259336e-06,-0.05743739381432533,-0.748545229434967,0.6615810990333557,0.024478238075971603,0.037300173193216324,5.4836270635405526e-08,-2.98023217215615e-10,-0.03276759013533592,-0.70723557472229,0.7069780230522156,0.0,0.0,-9.298324243900424e-08,0.0,-0.01670967973768711,-0.8420640230178833,0.5393776893615723,0.0,0.0,6.19888282926695e-08,0.0,-0.013883084990084171,-1.0,-0.0,0.0,0.0
1782948361.5488367,2026-07-01 19:26:01.548,5296.0,5296,right,0,2,fist,3,0.0,0.003969999961555004,-0.04999999701976776,-1.0,-0.0,0.0,0.0,0.0,0.0,0.0,-1.0,-0.0,0.0,0.0,-0.025476505979895592,-0.012044684961438179,-0.022234933450818062,-0.7382166981697083,0.09777171909809113,-0.38033372163772583,-0.5484734177589417,0.0,1.19209286886246e-09,-0.02723044343292713,-0.9098348617553711,0.4149704873561859,0.0,0.0,2.38418573772492e-09,-1.19209286886246e-09,-0.031859468668699265,-0.812966525554657,0.5823104977607727,0.0,0.0,0.0,-3.5762786065873797e-09,-0.023122519254684448,-1.0,-0.0,0.0,0.0,-0.012360505759716034,0.0032300001475960016,-0.016998957842588425,-0.9990482330322266,-0.0,-0.04361938685178757,0.0,-0.002149570034816861,-3.8927792047616094e-06,-0.06502974033355713,-0.724328875541687,0.6894545555114746,-0.0002689605171326548,-0.0002560108550824225,0.0,0.0,-0.03691747412085533,-0.7071068286895752,0.7071068286895752,0.0,0.0,-2.38418573772492e-09,-2.98023217215615e-10,-0.02163529396057129,-0.9304175972938538,0.36650118231773376,0.0,0.0,0.0,2.98023217215615e-10,-0.01868978515267372,-1.0,-0.0,0.0,0.0,0.0,0.003969999961555004,-0.017509059980511665,-1.0,-0.0,0.0,0.0,0.0,4.611611075233668e-06,-0.0637909397482872,-0.7112206816673279,0.7029688358306885,0.0,0.0,0.0,2.98023217215615e-10,-0.04460655897855759,-0.6427876353263855,0.7660444974899292,0.0,0.0,0.0,-2.98023217215615e-10,-0.02347646653652191,-0.9396926760673523,0.34202009439468384,0.0,0.0,0.0,0.0,-0.019652195274829865,-1.0,-0.0,0.0,0.0,0.00711638480424881,0.0018999999156221747,-0.016959700733423233,-0.9961947202682495,-0.0,0.08715574443340302,0.0,-0.0005882382392883301,0.0,-0.060253534466028214,-0.7133238315582275,0.6995487809181213,-0.03029705584049225,-0.02971198782324791,1.19209286886246e-09,-1.490116086078075e-10,-0.04255415499210358,-0.6427876353263855,0.7660444974899292,0.0,0.0,-2.38418573772492e-09,0.0,-0.02208789810538292,-0.9063078761100769,0.4226182699203491,0.0,0.0,0.0,0.0,-0.017740869894623756,-1.0,-0.0,0.0,0.0,0.013503451831638813,-0.0037700000684708357,-0.014087309129536152,-0.9914448857307434,-0.0,0.13052619993686676,0.0,0.0048975334502756596,-3.847479547403054e-06,-0.05743739381432533,-0.6765674948692322,0.7343704700469971,-0.042795270681381226,-0.03354250267148018,4.76837147544984e-09,-2.98023217215615e-10,-0.03276757150888443,-0.7071068286895752,0.7071068286895752,0.0,0.0,2.38418573772492e-09,0.0,-0.016709718853235245,-0.8419820070266724,0.5395057201385498,0.0,0.0,0.0,0.0,-0.01388302817940712,-1.0,-0.0,0.0,0.0
1782948361.7578607,2026-07-01 19:26:01.757,16715.0,16715,left,0,1,fist,3,0.0,0.003969999961555004,-0.04999999701976776,-1.0,-0.0,0.0,0.0,0.0,0.0,0.0,-1.0,-0.0,0.0,0.0,0.025476500391960144,-0.012044699862599373,-0.022234899923205376,-0.7414661645889282,0.06944508850574493,0.3814726173877716,0.547616720199585,-5.7220457705398076e-08,-4.3511388270189855e-08,-0.027230437844991684,-0.9260033965110779,0.37751516699790955,0.0,0.0,3.5762786065873797e-09,6.318092005130893e-08,-0.031859491020441055,-0.8348710536956787,0.5504456162452698,0.0,0.0,2.384185648907078e-08,0.0,-0.023122519254684448,-1.0,-0.0,0.0,0.0,0.012359999120235443,0.0032300001475960016,-0.017000000923871994,-0.9990482330322266,-0.0,0.04361938685178757,0.0,0.0021501504816114902,-3.890097104886081e-06,-0.06502876430749893,-0.7243289351463318,0.6894546151161194,0.00016167470312211663,0.00015389053442049772,-9.53674295089968e-09,-9.53674295089968e-09,-0.036917347460985184,-0.7071068286895752,0.7071068286895752,0.0,0.0,-2.8610228852699038e-08,-2.98023217215615e-10,-0.0216355137526989,-0.9304175972938538,0.36650118231773376,0.0,0.0,1.2636184010261786e-07,2.98023217215615e-10,-0.018689393997192383,-1.0,-0.0,0.0,0.0,0.0,0.003969999961555004,-0.01750910095870495,-1.0,-0.0,0.0,0.0,0.0,4.610121322912164e-06,-0.06379090249538422,-0.8055271506309509,0.5925589203834534,0.0,0.0,0.0,2.98023217215615e-10,-0.044606998562812805,-0.647906482219696,0.7617198824882507,0.0,0.0,0.0,0.0,-0.023475991562008858,-0.9399557113647461,0.3412964344024658,0.0,0.0,0.0,0.0,-0.019651994109153748,-1.0,-0.0,0.0,0.0,-0.00711638992652297,0.0018999999156221747,-0.016959700733423233,-0.9961947202682495,-0.0,-0.08715574443340302,0.0,0.0005882433033548295,0.0,-0.060253534466028214,-0.8248456716537476,0.5645571351051331,0.02482512593269348,0.016991302371025085,-1.1086464013487785e-07,-1.490116086078075e-10,-0.04255366697907448,-0.6545441746711731,0.7560238242149353,0.0,0.0,4.5299529460862686e-08,0.0,-0.022088106721639633,-0.908352255821228,0.41820594668388367,0.0,0.0,-1.4305114426349519e-08,0.0,-0.017740696668624878,-1.0,-0.0,0.0,0.0,-0.013503500260412693,-0.0037700000684708357,-0.014087299816310406,-0.9914448857307434,-0.0,-0.13052619993686676,0.0,-0.004897483624517918,-3.8501621020259336e-06,-0.05743739381432533,-0.7438346147537231,0.6668369174003601,0.025697387754917145,0.03712524473667145,5.4836270635405526e-08,-2.98023217215615e-10,-0.03276759013533592,-0.7071073055267334,0.7071062922477722,0.0,0.0,-9.298324243900424e-08,0.0,-0.01670967973768711,-0.8419821858406067,0.5395053625106812,0.0,0.0,6.19888282926695e-08,0.0,-0.013883084990084171,-1.0,-0.0,0.0,0.0
1782948361.7693844,2026-07-01 19:26:01.769,5310.0,5310,right,0,2,fist,3,0.0,0.003969999961555004,-0.04999999701976776,-1.0,-0.0,0.0,0.0,0.0,0.0,0.0,-1.0,-0.0,0.0,0.0,-0.025476505979895592,-0.012044684961438179,-0.022234933450818062,-0.7382166981697083,0.09777171909809113,-0.38033372163772583,-0.5484734177589417,0.0,1.19209286886246e-09,-0.02723044343292713,-0.9098348617553711,0.4149704873561859,0.0,0.0,2.38418573772492e-09,-1.19209286886246e-09,-0.031859468668699265,-0.812966525554657,0.5823104977607727,0.0,0.0,0.0,-3.5762786065873797e-09,-0.023122519254684448,-1.0,-0.0,0.0,0.0,-0.012360505759716034,0.0032300001475960016,-0.016998957842588425,-0.9990482330322266,-0.0,-0.04361938685178757,0.0,-0.002149570034816861,-3.8927792047616094e-06,-0.06502974033355713,-0.724328875541687,0.6894545555114746,-0.0002689605171326548,-0.0002560108550824225,0.0,0.0,-0.03691747412085533,-0.7071068286895752,0.7071068286895752,0.0,0.0,-2.38418573772492e-09,-2.98023217215615e-10,-0.02163529396057129,-0.9304175972938538,0.36650118231773376,0.0,0.0,0.0,2.98023217215615e-10,-0.01868978515267372,-1.0,-0.0,0.0,0.0,0.0,0.003969999961555004,-0.017509059980511665,-1.0,-0.0,0.0,0.0,0.0,4.611611075233668e-06,-0.0637909397482872,-0.7112206816673279,0.7029688358306885,0.0,0.0,0.0,2.98023217215615e-10,-0.04460655897855759,-0.6427876353263855,0.7660444974899292,0.0,0.0,0.0,-2.98023217215615e-10,-0.02347646653652191,-0.9396926760673523,0.34202009439468384,0.0,0.0,0.0,0.0,-0.019652195274829865,-1.0,-0.0,0.0,0.0,0.00711638480424881,0.0018999999156221747,-0.016959700733423233,-0.9961947202682495,-0.0,0.08715574443340302,0.0,-0.0005882382392883301,0.0,-0.060253534466028214,-0.7133238315582275,0.6995487809181213,-0.03029705584049225,-0.02971198782324791,1.19209286886246e-09,-1.490116086078075e-10,-0.04255415499210358,-0.6427876353263855,0.7660444974899292,0.0,0.0,-2.38418573772492e-09,0.0,-0.02208789810538292,-0.9063078761100769,0.4226182699203491,0.0,0.0,0.0,0.0,-0.017740869894623756,-1.0,-0.0,0.0,0.0,0.013503451831638813,-0.0037700000684708357,-0.014087309129536152,-0.9914448857307434,-0.0,0.13052619993686676,0.0,0.0048975334502756596,-3.847479547403054e-06,-0.05743739381432533,-0.6765674948692322,0.7343704700469971,-0.042795270681381226,-0.03354250267148018,4.76837147544984e-09,-2.98023217215615e-10,-0.03276757150888443,-0.7071068286895752,0.7071068286895752,0.0,0.0,2.38418573772492e-09,0.0,-0.016709718853235245,-0.8419820070266724,0.5395057201385498,0.0,0.0,0.0,0.0,-0.01388302817940712,-1.0,-0.0,0.0,0.0
1782948361.9594975,2026-07-01 19:26:01.959,16717.0,16717,left,0,1,fist,3,0.0,0.003969999961555004,-0.04999999701976776,-1.0,-0.0,0.0,0.0,0.0,0.0,0.0,-1.0,-0.0,0.0,0.0,0.025476500391960144,-0.012044699862599373,-0.022234899923205376,-0.7414661645889282,0.06944508850574493,0.3814726173877716,0.547616720199585,-5.7220457705398076e-08,-4.3511388270189855e-08,-0.027230437844991684,-0.9260033965110779,0.37751516699790955,0.0,0.0,3.5762786065873797e-09,6.318092005130893e-08,-0.031859491020441055,-0.8348710536956787,0.5504456162452698,0.0,0.0,2.384185648907078e-08,0.0,-0.023122519254684448,-1.0,-0.0,0.0,0.0,0.012359999120235443,0.0032300001475960016,-0.017000000923871994,-0.9990482330322266,-0.0,0.04361938685178757,0.0,0.0021501504816114902,-3.890097104886081e-06,-0.06502876430749893,-0.7243289351463318,0.6894546151161194,0.00016167470312211663,0.00015389053442049772,-9.53674295089968e-09,-9.53674295089968e-09,-0.036917347460985184,-0.7071068286895752,0.7071068286895752,0.0,0.0,-2.8610228852699038e-08,-2.98023217215615e-10,-0.0216355137526989,-0.9304175972938538,0.36650118231773376,0.0,0.0,1.2636184010261786e-07,2.98023217215615e-10,-0.018689393997192383,-1.0,-0.0,0.0,0.0,0.0,0.003969999961555004,-0.01750910095870495,-1.0,-0.0,0.0,0.0,0.0,4.610121322912164e-06,-0.06379090249538422,-0.8055271506309509,0.5925589203834534,0.0,0.0,0.0,2.98023217215615e-10,-0.044606998562812805,-0.647906482219696,0.7617198824882507,0.0,0.0,0.0,0.0,-0.023475991562008858,-0.9399557113647461,0.3412964344024658,0.0,0.0,0.0,0.0,-0.019651994109153748,-1.0,-0.0,0.0,0.0,-0.00711638992652297,0.0018999999156221747,-0.016959700733423233,-0.9961947202682495,-0.0,-0.08715574443340302,0.0,0.0005882433033548295,0.0,-0.060253534466028214,-0.8248456716537476,0.5645571351051331,0.02482512593269348,0.016991302371025085,-1.1086464013487785e-07,-1.490116086078075e-10,-0.04255366697907448,-0.6545441746711731,0.7560238242149353,0.0,0.0,4.5299529460862686e-08,0.0,-0.022088106721639633,-0.908352255821228,0.41820594668388367,0.0,0.0,-1.4305114426349519e-08,0.0,-0.017740696668624878,-1.0,-0.0,0.0,0.0,-0.013503500260412693,-0.0037700000684708357,-0.014087299816310406,-0.9914448857307434,-0.0,-0.13052619993686676,0.0,-0.004897483624517918,-3.8501621020259336e-06,-0.05743739381432533,-0.7438346147537231,0.6668369174003601,0.025697387754917145,0.03712524473667145,5.4836270635405526e-08,-2.98023217215615e-10,-0.03276759013533592,-0.7071073055267334,0.7071062922477722,0.0,0.0,-9.298324243900424e-08,0.0,-0.01670967973768711,-0.8419821858406067,0.5395053625106812,0.0,0.0,6.19888282926695e-08,0.0,-0.013883084990084171,-1.0,-0.0,0.0,0.0
1782948361.9803138,2026-07-01 19:26:01.980,5322.0,5322,right,0,2,fist,3,0.0,0.003969999961555004,-0.04999999701976776,-1.0,-0.0,0.0,0.0,0.0,0.0,0.0,-1.0,-0.0,0.0,0.0,-0.025476505979895592,-0.012044684961438179,-0.022234933450818062,-0.7382166981697083,0.09777171909809113,-0.38033372163772583,-0.5484734177589417,0.0,1.19209286886246e-09,-0.02723044343292713,-0.9098348617553711,0.4149704873561859,0.0,0.0,2.38418573772492e-09,-1.19209286886246e-09,-0.031859468668699265,-0.812966525554657,0.5823104977607727,0.0,0.0,0.0,-3.5762786065873797e-09,-0.023122519254684448,-1.0,-0.0,0.0,0.0,-0.012360505759716034,0.0032300001475960016,-0.016998957842588425,-0.9990482330322266,-0.0,-0.04361938685178757,0.0,-0.002149570034816861,-3.8927792047616094e-06,-0.06502974033355713,-0.7173539996147156,0.6967089176177979,-0.0001586402504472062,-0.00015407465980388224,0.0,0.0,-0.03691747412085533,-0.7071068286895752,0.7071068286895752,0.0,0.0,-2.38418573772492e-09,-2.98023217215615e-10,-0.02163529396057129,-0.9304175972938538,0.36650118231773376,0.0,0.0,0.0,2.98023217215615e-10,-0.01868978515267372,-1.0,-0.0,0.0,0.0,0.0,0.003969999961555004,-0.017509059980511665,-1.0,-0.0,0.0,0.0,0.0,4.611611075233668e-06,-0.0637909397482872,-0.7112206816673279,0.7029688358306885,0.0,0.0,0.0,2.98023217215615e-10,-0.04460655897855759,-0.6427876353263855,0.7660444974899292,0.0,0.0,0.0,-2.98023217215615e-10,-0.02347646653652191,-0.9396926760673523,0.34202009439468384,0.0,0.0,0.0,0.0,-0.019652195274829865,-1.0,-0.0,0.0,0.0,0.00711638480424881,0.0018999999156221747,-0.016959700733423233,-0.9961947202682495,-0.0,0.08715574443340302,0.0,-0.0005882382392883301,0.0,-0.060253534466028214,-0.7133238315582275,0.6995487809181213,-0.03029705584049225,-0.02971198782324791,1.19209286886246e-09,-1.490116086078075e-10,-0.04255415499210358,-0.6427876353263855,0.7660444974899292,0.0,0.0,-2.38418573772492e-09,0.0,-0.02208789810538292,-0.9063078761100769,0.4226182699203491,0.0,0.0,0.0,0.0,-0.017740869894623756,-1.0,-0.0,0.0,0.0,0.013503451831638813,-0.0037700000684708357,-0.014087309129536152,-0.9914448857307434,-0.0,0.13052619993686676,0.0,0.0048975334502756596,-3.847479547403054e-06,-0.05743739381432533,-0.6765674948692322,0.7343704700469971,-0.042795270681381226,-0.03354250267148018,4.76837147544984e-09,-2.98023217215615e-10,-0.03276757150888443,-0.7071068286895752,0.7071068286895752,0.0,0.0,2.38418573772492e-09,0.0,-0.016709718853235245,-0.8419820070266724,0.5395057201385498,0.0,0.0,0.0,0.0,-0.01388302817940712,-1.0,-0.0,0.0,0.0
1782948362.1788893,2026-07-01 19:26:02.178,16719.0,16719,left,0,1,fist,3,0.0,0.003969999961555004,-0.04999999701976776,-1.0,-0.0,0.0,0.0,0.0,0.0,0.0,-1.0,-0.0,0.0,0.0,0.025476500391960144,-0.012044699862599373,-0.022234899923205376,-0.7424786686897278,0.06551222503185272,0.3806712031364441,0.5472869277000427,-5.7220457705398076e-08,-4.3511388270189855e-08,-0.027230437844991684,-0.9283993244171143,0.3715840280056,0.0,0.0,3.5762786065873797e-09,6.318092005130893e-08,-0.031859491020441055,-0.838576078414917,0.5447846055030823,0.0,0.0,2.384185648907078e-08,0.0,-0.023122519254684448,-1.0,-0.0,0.0,0.0,0.012359999120235443,0.0032300001475960016,-0.017000000923871994,-0.9990482330322266,-0.0,0.04361938685178757,0.0,0.0021501504816114902,-3.890097104886081e-06,-0.06502876430749893,-0.7173539996147156,0.6967089772224426,9.470057557336986e-05,9.197514737024903e-05,-9.53674295089968e-09,-9.53674295089968e-09,-0.036917347460985184,-0.7071068286895752,0.7071068286895752,0.0,0.0,-2.8610228852699038e-08,-2.98023217215615e-10,-0.0216355137526989,-0.9304175972938538,0.36650118231773376,0.0,0.0,1.2636184010261786e-07,2.98023217215615e-10,-0.018689393997192383,-1.0,-0.0,0.0,0.0,0.0,0.003969999961555004,-0.01750910095870495,-1.0,-0.0,0.0,0.0,0.0,4.610121322912164e-06,-0.06379090249538422,-0.8055271506309509,0.5925589203834534,0.0,0.0,0.0,2.98023217215615e-10,-0.044606998562812805,-0.647906482219696,0.7617198824882507,0.0,0.0,0.0,0.0,-0.023475991562008858,-0.9399557113647461,0.3412964344024658,0.0,0.0,0.0,0.0,-0.019651994109153748,-1.0,-0.0,0.0,0.0,-0.00711638992652297,0.0018999999156221747,-0.016959700733423233,-0.9961947202682495,-0.0,-0.08715574443340302,0.0,0.0005882433033548295,0.0,-0.060253534466028214,-0.8248456716537476,0.5645571351051331,0.02482512593269348,0.016991302371025085,-1.1086464013487785e-07,-1.490116086078075e-10,-0.04255366697907448,-0.6545441746711731,0.7560238242149353,0.0,0.0,4.5299529460862686e-08,0.0,-0.022088106721639633,-0.908352255821228,0.41820594668388367,0.0,0.0,-1.4305114426349519e-08,0.0,-0.017740696668624878,-1.0,-0.0,0.0,0.0,-0.013503500260412693,-0.0037700000684708357,-0.014087299816310406,-0.9914448857307434,-0.0,-0.13052619993686676,0.0,-0.004897483624517918,-3.8501621020259336e-06,-0.05743739381432533,-0.7438346147537231,0.6668369174003601,0.025697387754917145,0.03712524473667145,5.4836270635405526e-08,-2.98023217215615e-10,-0.03276759013533592,-0.7071073055267334,0.7071062922477722,0.0,0.0,-9.298324243900424e-08,0.0,-0.01670967973768711,-0.8419821858406067,0.5395053625106812,0.0,0.0,6.19888282926695e-08,0.0,-0.013883084990084171,-1.0,-0.0,0.0,0.0
1782948362.2006707,2026-07-01 19:26:02.200,5335.0,5335,right,0,2,fist,3,0.0,0.003969999961555004,-0.04999999701976776,-1.0,-0.0,0.0,0.0,0.0,0.0,0.0,-1.0,-0.0,0.0,0.0,-0.025476505979895592,-0.012044684961438179,-0.022234933450818062,-0.7382166981697083,0.09777171909809113,-0.38033372163772583,-0.5484734177589417,0.0,1.19209286886246e-09,-0.02723044343292713,-0.9098348617553711,0.4149704873561859,0.0,0.0,2.38418573772492e-09,-1.19209286886246e-09,-0.031859468668699265,-0.812966525554657,0.5823104977607727,0.0,0.0,0.0,-3.5762786065873797e-09,-0.023122519254684448,-1.0,-0.0,0.0,0.0,-0.012360505759716034,0.0032300001475960016,-0.016998957842588425,-0.9990482330322266,-0.0,-0.04361938685178757,0.0,-0.002149570034816861,-3.8927792047616094e-06,-0.06502974033355713,-0.7104535698890686,0.7037441730499268,-5.14845123689156e-05,-5.09983001393266e-05,0.0,0.0,-0.03691747412085533,-0.7071068286895752,0.7071068286895752,0.0,0.0,-2.38418573772492e-09,-2.98023217215615e-10,-0.02163529396057129,-0.9304175972938538,0.36650118231773376,0.0,0.0,0.0,2.98023217215615e-10,-0.01868978515267372,-1.0,-0.0,0.0,0.0,0.0,0.003969999961555004,-0.017509059980511665,-1.0,-0.0,0.0,0.0,0.0,4.611611075233668e-06,-0.0637909397482872,-0.7112206816673279,0.7029688358306885,0.0,0.0,0.0,2.98023217215615e-10,-0.04460655897855759,-0.6427876353263855,0.7660444974899292,0.0,0.0,0.0,-2.98023217215615e-10,-0.02347646653652191,-0.9396926760673523,0.34202009439468384,0.0,0.0,0.0,0.0,-0.019652195274829865,-1.0,-0.0,0.0,0.0,0.00711638480424881,0.0018999999156221747,-0.016959700733423233,-0.9961947202682495,-0.0,0.08715574443340302,0.0,-0.0005882382392883301,0.0,-0.060253534466028214,-0.7133238315582275,0.6995487809181213,-0.03029705584049225,-0.02971198782324791,1.19209286886246e-09,-1.490116086078075e-10,-0.04255415499210358,-0.6427876353263855,0.7660444974899292,0.0,0.0,-2.38418573772492e-09,0.0,-0.02208789810538292,-0.9063078761100769,0.4226182699203491,0.0,0.0,0.0,0.0,-0.017740869894623756,-1.0,-0.0,0.0,0.0,0.013503451831638813,-0.0037700000684708357,-0.014087309129536152,-0.9914448857307434,-0.0,0.13052619993686676,0.0,0.0048975334502756596,-3.847479547403054e-06,-0.05743739381432533,-0.6765674948692322,0.7343704700469971,-0.042795270681381226,-0.03354250267148018,4.76837147544984e-09,-2.98023217215615e-10,-0.03276757150888443,-0.7071068286895752,0.7071068286895752,0.0,0.0,2.38418573772492e-09,0.0,-0.016709718853235245,-0.8419820070266724,0.5395057201385498,0.0,0.0,0.0,0.0,-0.01388302817940712,-1.0,-0.0,0.0,0.0
1782948362.3958447,2026-07-01 19:26:02.395,16721.0,16721,left,0,1,fist,3,0.0,0.003969999961555004,-0.04999999701976776,-1.0,-0.0,0.0,0.0,0.0,0.0,0.0,-1.0,-0.0,0.0,0.0,0.025476500391960144,-0.012044699862599373,-0.022234899923205376,-0.7414661645889282,0.06944508850574493,0.3814726173877716,0.547616720199585,-5.7220457705398076e-08,-4.3511388270189855e-08,-0.027230437844991684,-0.9260033965110779,0.37751516699790955,0.0,0.0,3.5762786065873797e-09,6.318092005130893e-08,-0.031859491020441055,-0.8348710536956787,0.5504456162452698,0.0,0.0,2.384185648907078e-08,0.0,-0.023122519254684448,-1.0,-0.0,0.0,0.0,0.012359999120235443,0.0032300001475960016,-0.017000000923871994,-0.9990482330322266,-0.0,0.04361938685178757,0.0,0.0021501504816114902,-3.890097104886081e-06,-0.06502876430749893,-0.7173539996147156,0.6967089772224426,9.470057557336986e-05,9.197514737024903e-05,-9.53674295089968e-09,-9.53674295089968e-09,-0.036917347460985184,-0.7071068286895752,0.7071068286895752,0.0,0.0,-2.8610228852699038e-08,-2.98023217215615e-10,-0.0216355137526989,-0.9304175972938538,0.36650118231773376,0.0,0.0,1.2636184010261786e-07,2.98023217215615e-10,-0.018689393997192383,-1.0,-0.0,0.0,0.0,0.0,0.003969999961555004,-0.01750910095870495,-1.0,-0.0,0.0,0.0,0.0,4.610121322912164e-06,-0.06379090249538422,-0.8055271506309509,0.5925589203834534,0.0,0.0,0.0,2.98023217215615e-10,-0.044606998562812805,-0.647906482219696,0.7617198824882507,0.0,0.0,0.0,0.0,-0.023475991562008858,-0.9399557113647461,0.3412964344024658,0.0,0.0,0.0,0.0,-0.019651994109153748,-1.0,-0.0,0.0,0.0,-0.00711638992652297,0.0018999999156221747,-0.016959700733423233,-0.9961947202682495,-0.0,-0.08715574443340302,0.0,0.0005882433033548295,0.0,-0.060253534466028214,-0.8248456716537476,0.5645571351051331,0.02482512593269348,0.016991302371025085,-1.1086464013487785e-07,-1.490116086078075e-10,-0.04255366697907448,-0.6545441746711731,0.7560238242149353,0.0,0.0,4.5299529460862686e-08,0.0,-0.022088106721639633,-0.908352255821228,0.41820594668388367,0.0,0.0,-1.4305114426349519e-08,0.0,-0.017740696668624878,-1.0,-0.0,0.0,0.0,-0.013503500260412693,-0.0037700000684708357,-0.014087299816310406,-0.9914448857307434,-0.0,-0.13052619993686676,0.0,-0.004897483624517918,-3.8501621020259336e-06,-0.05743739381432533,-0.7438346147537231,0.6668369174003601,0.025697387754917145,0.03712524473667145,5.4836270635405526e-08,-2.98023217215615e-10,-0.03276759013533592,-0.7071073055267334,0.7071062922477722,0.0,0.0,-9.298324243900424e-08,0.0,-0.01670967973768711,-0.8419821858406067,0.5395053625106812,0.0,0.0,6.19888282926695e-08,0.0,-0.013883084990084171,-1.0,-0.0,0.0,0.0
1782948362.4067886,2026-07-01 19:26:02.406,5348.0,5348,right,0,2,fist,3,0.0,0.003969999961555004,-0.04999999701976776,-1.0,-0.0,0.0,0.0,0.0,0.0,0.0,-1.0,-0.0,0.0,0.0,-0.025476505979895592,-0.012044684961438179,-0.022234933450818062,-0.7382166981697083,0.09777171909809113,-0.38033372163772583,-0.5484734177589417,0.0,1.19209286886246e-09,-0.02723044343292713,-0.9098348617553711,0.4149704873561859,0.0,0.0,2.38418573772492e-09,-1.19209286886246e-09,-0.031859468668699265,-0.812966525554657,0.5823104977607727,0.0,0.0,0.0,-3.5762786065873797e-09,-0.023122519254684448,-1.0,-0.0,0.0,0.0,-0.012360505759716034,0.0032300001475960016,-0.016998957842588425,-0.9990482330322266,-0.0,-0.04361938685178757,0.0,-0.002149570034816861,-3.8927792047616094e-06,-0.06502974033355713,-0.7104535698890686,0.7037441730499268,-5.14845123689156e-05,-5.09983001393266e-05,0.0,0.0,-0.03691747412085533,-0.7071068286895752,0.7071068286895752,0.0,0.0,-2.38418573772492e-09,-2.98023217215615e-10,-0.02163529396057129,-0.9304175972938538,0.36650118231773376,0.0,0.0,0.0,2.98023217215615e-10,-0.01868978515267372,-1.0,-0.0,0.0,0.0,0.0,0.003969999961555004,-0.017509059980511665,-1.0,-0.0,0.0,0.0,0.0,4.611611075233668e-06,-0.0637909397482872,-0.7112206816673279,0.7029688358306885,0.0,0.0,0.0,2.98023217215615e-10,-0.04460655897855759,-0.6427876353263855,0.7660444974899292,0.0,0.0,0.0,-2.98023217215615e-10,-0.02347646653652191,-0.9396926760673523,0.34202009439468384,0.0,0.0,0.0,0.0,-0.019652195274829865,-1.0,-0.0,0.0,0.0,0.00711638480424881,0.0018999999156221747,-0.016959700733423233,-0.9961947202682495,-0.0,0.08715574443340302,0.0,-0.0005882382392883301,0.0,-0.060253534466028214,-0.7133238315582275,0.6995487809181213,-0.03029705584049225,-0.02971198782324791,1.19209286886246e-09,-1.490116086078075e-10,-0.04255415499210358,-0.6427876353263855,0.7660444974899292,0.0,0.0,-2.38418573772492e-09,0.0,-0.02208789810538292,-0.9063078761100769,0.4226182699203491,0.0,0.0,0.0,0.0,-0.017740869894623756,-1.0,-0.0,0.0,0.0,0.013503451831638813,-0.0037700000684708357,-0.014087309129536152,-0.9914448857307434,-0.0,0.13052619993686676,0.0,0.0048975334502756596,-3.847479547403054e-06,-0.05743739381432533,-0.6765674948692322,0.7343704700469971,-0.042795270681381226,-0.03354250267148018,4.76837147544984e-09,-2.98023217215615e-10,-0.03276757150888443,-0.7071068286895752,0.7071068286895752,0.0,0.0,2.38418573772492e-09,0.0,-0.016709718853235245,-0.8419820070266724,0.5395057201385498,0.0,0.0,0.0,0.0,-0.01388302817940712,-1.0,-0.0,0.0,0.0
1782948362.6020527,2026-07-01 19:26:02.602,16722.0,16722,left,0,1,fist,3,0.0,0.003969999961555004,-0.04999999701976776,-1.0,-0.0,0.0,0.0,0.0,0.0,0.0,-1.0,-0.0,0.0,0.0,0.025476500391960144,-0.012044699862599373,-0.022234899923205376,-0.7414661645889282,0.06944508850574493,0.3814726173877716,0.547616720199585,-5.7220457705398076e-08,-4.3511388270189855e-08,-0.027230437844991684,-0.9260033965110779,0.37751516699790955,0.0,0.0,3.5762786065873797e-09,6.318092005130893e-08,-0.031859491020441055,-0.8348710536956787,0.5504456162452698,0.0,0.0,2.384185648907078e-08,0.0,-0.023122519254684448,-1.0,-0.0,0.0,0.0,0.012359999120235443,0.0032300001475960016,-0.017000000923871994,-0.9990482330322266,-0.0,0.04361938685178757,0.0,0.0021501504816114902,-3.890097104886081e-06,-0.06502876430749893,-0.7173539996147156,0.6967089772224426,9.470057557336986e-05,9.197514737024903e-05,-9.53674295089968e-09,-9.53674295089968e-09,-0.036917347460985184,-0.7071068286895752,0.7071068286895752,0.0,0.0,-2.8610228852699038e-08,-2.98023217215615e-10,-0.0216355137526989,-0.9304175972938538,0.36650118231773376,0.0,0.0,1.2636184010261786e-07,2.98023217215615e-10,-0.018689393997192383,-1.0,-0.0,0.0,0.0,0.0,0.003969999961555004,-0.01750910095870495,-1.0,-0.0,0.0,0.0,0.0,4.610121322912164e-06,-0.06379090249538422,-0.8055271506309509,0.5925589203834534,0.0,0.0,0.0,2.98023217215615e-10,-0.044606998562812805,-0.647906482219696,0.7617198824882507,0.0,0.0,0.0,0.0,-0.023475991562008858,-0.9399557113647461,0.3412964344024658,0.0,0.0,0.0,0.0,-0.019651994109153748,-1.0,-0.0,0.0,0.0,-0.00711638992652297,0.0018999999156221747,-0.016959700733423233,-0.9961947202682495,-0.0,-0.08715574443340302,0.0,0.0005882433033548295,0.0,-0.060253534466028214,-0.8248456716537476,0.5645571351051331,0.02482512593269348,0.016991302371025085,-1.1086464013487785e-07,-1.490116086078075e-10,-0.04255366697907448,-0.6545441746711731,0.7560238242149353,0.0,0.0,4.5299529460862686e-08,0.0,-0.022088106721639633,-0.908352255821228,0.41820594668388367,0.0,0.0,-1.4305114426349519e-08,0.0,-0.017740696668624878,-1.0,-0.0,0.0,0.0,-0.013503500260412693,-0.0037700000684708357,-0.014087299816310406,-0.9914448857307434,-0.0,-0.13052619993686676,0.0,-0.004897483624517918,-3.8501621020259336e-06,-0.05743739381432533,-0.7438346147537231,0.6668369174003601,0.025697387754917145,0.03712524473667145,5.4836270635405526e-08,-2.98023217215615e-10,-0.03276759013533592,-0.7071073055267334,0.7071062922477722,0.0,0.0,-9.298324243900424e-08,0.0,-0.01670967973768711,-0.8419821858406067,0.5395053625106812,0.0,0.0,6.19888282926695e-08,0.0,-0.013883084990084171,-1.0,-0.0,0.0,0.0
1782948362.6126828,2026-07-01 19:26:02.612,5360.0,5360,right,0,2,fist,3,0.0,0.003969999961555004,-0.04999999701976776,-1.0,-0.0,0.0,0.0,0.0,0.0,0.0,-1.0,-0.0,0.0,0.0,-0.025476505979895592,-0.012044684961438179,-0.022234933450818062,-0.7382166981697083,0.09777171909809113,-0.38033372163772583,-0.5484734177589417,0.0,1.19209286886246e-09,-0.02723044343292713,-0.9098348617553711,0.4149704873561859,0.0,0.0,2.38418573772492e-09,-1.19209286886246e-09,-0.031859468668699265,-0.812966525554657,0.5823104977607727,0.0,0.0,0.0,-3.5762786065873797e-09,-0.023122519254684448,-1.0,-0.0,0.0,0.0,-0.012360505759716034,0.0032300001475960016,-0.016998957842588425,-0.9990482330322266,-0.0,-0.04361938685178757,0.0,-0.002149570034816861,-3.8927792047616094e-06,-0.06502974033355713,-0.7104535698890686,0.7037441730499268,-5.14845123689156e-05,-5.09983001393266e-05,0.0,0.0,-0.03691747412085533,-0.7071068286895752,0.7071068286895752,0.0,0.0,-2.38418573772492e-09,-2.98023217215615e-10,-0.02163529396057129,-0.9304175972938538,0.36650118231773376,0.0,0.0,0.0,2.98023217215615e-10,-0.01868978515267372,-1.0,-0.0,0.0,0.0,0.0,0.003969999961555004,-0.017509059980511665,-1.0,-0.0,0.0,0.0,0.0,4.611611075233668e-06,-0.0637909397482872,-0.7112206816673279,0.7029688358306885,0.0,0.0,0.0,2.98023217215615e-10,-0.04460655897855759,-0.6427876353263855,0.7660444974899292,0.0,0.0,0.0,-2.98023217215615e-10,-0.02347646653652191,-0.9396926760673523,0.34202009439468384,0.0,0.0,0.0,0.0,-0.019652195274829865,-1.0,-0.0,0.0,0.0,0.00711638480424881,0.0018999999156221747,-0.016959700733423233,-0.9961947202682495,-0.0,0.08715574443340302,0.0,-0.0005882382392883301,0.0,-0.060253534466028214,-0.7133238315582275,0.6995487809181213,-0.03029705584049225,-0.02971198782324791,1.19209286886246e-09,-1.490116086078075e-10,-0.04255415499210358,-0.6427876353263855,0.7660444974899292,0.0,0.0,-2.38418573772492e-09,0.0,-0.02208789810538292,-0.9063078761100769,0.4226182699203491,0.0,0.0,0.0,0.0,-0.017740869894623756,-1.0,-0.0,0.0,0.0,0.013503451831638813,-0.0037700000684708357,-0.014087309129536152,-0.9914448857307434,-0.0,0.13052619993686676,0.0,0.0048975334502756596,-3.847479547403054e-06,-0.05743739381432533,-0.6765674948692322,0.7343704700469971,-0.042795270681381226,-0.03354250267148018,4.76837147544984e-09,-2.98023217215615e-10,-0.03276757150888443,-0.7071068286895752,0.7071068286895752,0.0,0.0,2.38418573772492e-09,0.0,-0.016709718853235245,-0.8419820070266724,0.5395057201385498,0.0,0.0,0.0,0.0,-0.01388302817940712,-1.0,-0.0,0.0,0.0
1782948362.8101656,2026-07-01 19:26:02.810,16724.0,16724,left,0,1,fist,3,0.0,0.003969999961555004,-0.04999999701976776,-1.0,-0.0,0.0,0.0,0.0,0.0,0.0,-1.0,-0.0,0.0,0.0,0.025476500391960144,-0.012044699862599373,-0.022234899923205376,-0.7414661645889282,0.06944508850574493,0.3814726173877716,0.547616720199585,-5.7220457705398076e-08,-4.3511388270189855e-08,-0.027230437844991684,-0.9260033965110779,0.37751516699790955,0.0,0.0,3.5762786065873797e-09,6.318092005130893e-08,-0.031859491020441055,-0.8348710536956787,0.5504456162452698,0.0,0.0,2.384185648907078e-08,0.0,-0.023122519254684448,-1.0,-0.0,0.0,0.0,0.012359999120235443,0.0032300001475960016,-0.017000000923871994,-0.9990482330322266,-0.0,0.04361938685178757,0.0,0.0021501504816114902,-3.890097104886081e-06,-0.06502876430749893,-0.7173539996147156,0.6967089772224426,9.470057557336986e-05,9.197514737024903e-05,-9.53674295089968e-09,-9.53674295089968e-09,-0.036917347460985184,-0.7071068286895752,0.7071068286895752,0.0,0.0,-2.8610228852699038e-08,-2.98023217215615e-10,-0.0216355137526989,-0.9304175972938538,0.36650118231773376,0.0,0.0,1.2636184010261786e-07,2.98023217215615e-10,-0.018689393997192383,-1.0,-0.0,0.0,0.0,0.0,0.003969999961555004,-0.01750910095870495,-1.0,-0.0,0.0,0.0,0.0,4.610121322912164e-06,-0.06379090249538422,-0.8055271506309509,0.5925589203834534,0.0,0.0,0.0,2.98023217215615e-10,-0.044606998562812805,-0.647906482219696,0.7617198824882507,0.0,0.0,0.0,0.0,-0.023475991562008858,-0.9399557113647461,0.3412964344024658,0.0,0.0,0.0,0.0,-0.019651994109153748,-1.0,-0.0,0.0,0.0,-0.00711638992652297,0.0018999999156221747,-0.016959700733423233,-0.9961947202682495,-0.0,-0.08715574443340302,0.0,0.0005882433033548295,0.0,-0.060253534466028214,-0.8248456716537476,0.5645571351051331,0.02482512593269348,0.016991302371025085,-1.1086464013487785e-07,-1.490116086078075e-10,-0.04255366697907448,-0.6545441746711731,0.7560238242149353,0.0,0.0,4.5299529460862686e-08,0.0,-0.022088106721639633,-0.908352255821228,0.41820594668388367,0.0,0.0,-1.4305114426349519e-08,0.0,-0.017740696668624878,-1.0,-0.0,0.0,0.0,-0.013503500260412693,-0.0037700000684708357,-0.014087299816310406,-0.9914448857307434,-0.0,-0.13052619993686676,0.0,-0.004897483624517918,-3.8501621020259336e-06,-0.05743739381432533,-0.7438346147537231,0.6668369174003601,0.025697387754917145,0.03712524473667145,5.4836270635405526e-08,-2.98023217215615e-10,-0.03276759013533592,-0.7071073055267334,0.7071062922477722,0.0,0.0,-9.298324243900424e-08,0.0,-0.01670967973768711,-0.8419821858406067,0.5395053625106812,0.0,0.0,6.19888282926695e-08,0.0,-0.013883084990084171,-1.0,-0.0,0.0,0.0
1782948362.8230608,2026-07-01 19:26:02.823,5372.0,5372,right,0,2,fist,3,0.0,0.003969999961555004,-0.04999999701976776,-1.0,-0.0,0.0,0.0,0.0,0.0,0.0,-1.0,-0.0,0.0,0.0,-0.025476505979895592,-0.012044684961438179,-0.022234933450818062,-0.7382166981697083,0.09777171909809113,-0.38033372163772583,-0.5484734177589417,0.0,1.19209286886246e-09,-0.02723044343292713,-0.9098348617553711,0.4149704873561859,0.0,0.0,2.38418573772492e-09,-1.19209286886246e-09,-0.031859468668699265,-0.812966525554657,0.5823104977607727,0.0,0.0,0.0,-3.5762786065873797e-09,-0.023122519254684448,-1.0,-0.0,0.0,0.0,-0.012360505759716034,0.0032300001475960016,-0.016998957842588425,-0.9990482330322266,-0.0,-0.04361938685178757,0.0,-0.002149570034816861,-3.8927792047616094e-06,-0.06502974033355713,-0.7104535698890686,0.7037441730499268,-5.14845123689156e-05,-5.09983001393266e-05,0.0,0.0,-0.03691747412085533,-0.7071068286895752,0.7071068286895752,0.0,0.0,-2.38418573772492e-09,-2.98023217215615e-10,-0.02163529396057129,-0.9304175972938538,0.36650118231773376,0.0,0.0,0.0,2.98023217215615e-10,-0.01868978515267372,-1.0,-0.0,0.0,0.0,0.0,0.003969999961555004,-0.017509059980511665,-1.0,-0.0,0.0,0.0,0.0,4.611611075233668e-06,-0.0637909397482872,-0.7112206816673279,0.7029688358306885,0.0,0.0,0.0,2.98023217215615e-10,-0.04460655897855759,-0.6427876353263855,0.7660444974899292,0.0,0.0,0.0,-2.98023217215615e-10,-0.02347646653652191,-0.9396926760673523,0.34202009439468384,0.0,0.0,0.0,0.0,-0.019652195274829865,-1.0,-0.0,0.0,0.0,0.00711638480424881,0.0018999999156221747,-0.016959700733423233,-0.9961947202682495,-0.0,0.08715574443340302,0.0,-0.0005882382392883301,0.0,-0.060253534466028214,-0.7133238315582275,0.6995487809181213,-0.03029705584049225,-0.02971198782324791,1.19209286886246e-09,-1.490116086078075e-10,-0.04255415499210358,-0.6427876353263855,0.7660444974899292,0.0,0.0,-2.38418573772492e-09,0.0,-0.02208789810538292,-0.9063078761100769,0.4226182699203491,0.0,0.0,0.0,0.0,-0.017740869894623756,-1.0,-0.0,0.0,0.0,0.013503451831638813,-0.0037700000684708357,-0.014087309129536152,-0.9914448857307434,-0.0,0.13052619993686676,0.0,0.0048975334502756596,-3.847479547403054e-06,-0.05743739381432533,-0.6765674948692322,0.7343704700469971,-0.042795270681381226,-0.03354250267148018,4.76837147544984e-09,-2.98023217215615e-10,-0.03276757150888443,-0.7071068286895752,0.7071068286895752,0.0,0.0,2.38418573772492e-09,0.0,-0.016709718853235245,-0.8419820070266724,0.5395057201385498,0.0,0.0,0.0,0.0,-0.01388302817940712,-1.0,-0.0,0.0,0.0
1782948363.0110164,2026-07-01 19:26:03.011,16726.0,16726,left,0,1,fist,3,0.0,0.003969999961555004,-0.04999999701976776,-1.0,-0.0,0.0,0.0,0.0,0.0,0.0,-1.0,-0.0,0.0,0.0,0.025476500391960144,-0.012044699862599373,-0.022234899923205376,-0.7414661645889282,0.06944508850574493,0.3814726173877716,0.547616720199585,-5.7220457705398076e-08,-4.3511388270189855e-08,-0.027230437844991684,-0.9260033965110779,0.37751516699790955,0.0,0.0,3.5762786065873797e-09,6.318092005130893e-08,-0.031859491020441055,-0.8348710536956787,0.5504456162452698,0.0,0.0,2.384185648907078e-08,0.0,-0.023122519254684448,-1.0,-0.0,0.0,0.0,0.012359999120235443,0.0032300001475960016,-0.017000000923871994,-0.9990482330322266,-0.0,0.04361938685178757,0.0,0.0021501504816114902,-3.890097104886081e-06,-0.06502876430749893,-0.7173539996147156,0.6967089772224426,9.470057557336986e-05,9.197514737024903e-05,-9.53674295089968e-09,-9.53674295089968e-09,-0.036917347460985184,-0.7071068286895752,0.7071068286895752,0.0,0.0,-2.8610228852699038e-08,-2.98023217215615e-10,-0.0216355137526989,-0.9304175972938538,0.36650118231773376,0.0,0.0,1.2636184010261786e-07,2.98023217215615e-10,-0.018689393997192383,-1.0,-0.0,0.0,0.0,0.0,0.003969999961555004,-0.01750910095870495,-1.0,-0.0,0.0,0.0,0.0,4.610121322912164e-06,-0.06379090249538422,-0.8055271506309509,0.5925589203834534,0.0,0.0,0.0,2.98023217215615e-10,-0.044606998562812805,-0.647906482219696,0.7617198824882507,0.0,0.0,0.0,0.0,-0.023475991562008858,-0.9399557113647461,0.3412964344024658,0.0,0.0,0.0,0.0,-0.019651994109153748,-1.0,-0.0,0.0,0.0,-0.00711638992652297,0.0018999999156221747,-0.016959700733423233,-0.9961947202682495,-0.0,-0.08715574443340302,0.0,0.0005882433033548295,0.0,-0.060253534466028214,-0.8248456716537476,0.5645571351051331,0.02482512593269348,0.016991302371025085,-1.1086464013487785e-07,-1.490116086078075e-10,-0.04255366697907448,-0.6545441746711731,0.7560238242149353,0.0,0.0,4.5299529460862686e-08,0.0,-0.022088106721639633,-0.908352255821228,0.41820594668388367,0.0,0.0,-1.4305114426349519e-08,0.0,-0.017740696668624878,-1.0,-0.0,0.0,0.0,-0.013503500260412693,-0.0037700000684708357,-0.014087299816310406,-0.9914448857307434,-0.0,-0.13052619993686676,0.0,-0.004897483624517918,-3.8501621020259336e-06,-0.05743739381432533,-0.7438346147537231,0.6668369174003601,0.025697387754917145,0.03712524473667145,5.4836270635405526e-08,-2.98023217215615e-10,-0.03276759013533592,-0.7071073055267334,0.7071062922477722,0.0,0.0,-9.298324243900424e-08,0.0,-0.01670967973768711,-0.8419821858406067,0.5395053625106812,0.0,0.0,6.19888282926695e-08,0.0,-0.013883084990084171,-1.0,-0.0,0.0,0.0
1782948363.031847,2026-07-01 19:26:03.031,5385.0,5385,right,0,2,fist,3,0.0,0.003969999961555004,-0.04999999701976776,-1.0,-0.0,0.0,0.0,0.0,0.0,0.0,-1.0,-0.0,0.0,0.0,-0.025476505979895592,-0.012044684961438179,-0.022234933450818062,-0.7382166981697083,0.09777171909809113,-0.38033372163772583,-0.5484734177589417,0.0,1.19209286886246e-09,-0.02723044343292713,-0.9098348617553711,0.4149704873561859,0.0,0.0,2.38418573772492e-09,-1.19209286886246e-09,-0.031859468668699265,-0.812966525554657,0.5823104977607727,0.0,0.0,0.0,-3.5762786065873797e-09,-0.023122519254684448,-1.0,-0.0,0.0,0.0,-0.012360505759716034,0.0032300001475960016,-0.016998957842588425,-0.9990482330322266,-0.0,-0.04361938685178757,0.0,-0.002149570034816861,-3.8927792047616094e-06,-0.06502974033355713,-0.7098405957221985,0.7043623924255371,-4.20190735894721e-05,-4.166218059253879e-05,0.0,0.0,-0.03691747412085533,-0.7071068286895752,0.7071068286895752,0.0,0.0,-2.38418573772492e-09,-2.98023217215615e-10,-0.02163529396057129,-0.9304175972938538,0.36650118231773376,0.0,0.0,0.0,2.98023217215615e-10,-0.01868978515267372,-1.0,-0.0,0.0,0.0,0.0,0.003969999961555004,-0.017509059980511665,-1.0,-0.0,0.0,0.0,0.0,4.611611075233668e-06,-0.0637909397482872,-0.7112206816673279,0.7029688358306885,0.0,0.0,0.0,2.98023217215615e-10,-0.04460655897855759,-0.6427876353263855,0.7660444974899292,0.0,0.0,0.0,-2.98023217215615e-10,-0.02347646653652191,-0.9396926760673523,0.34202009439468384,0.0,0.0,0.0,0.0,-0.019652195274829865,-1.0,-0.0,0.0,0.0,0.00711638480424881,0.0018999999156221747,-0.016959700733423233,-0.9961947202682495,-0.0,0.08715574443340302,0.0,-0.0005882382392883301,0.0,-0.060253534466028214,-0.7133238315582275,0.6995487809181213,-0.03029705584049225,-0.02971198782324791,1.19209286886246e-09,-1.490116086078075e-10,-0.04255415499210358,-0.6427876353263855,0.7660444974899292,0.0,0.0,-2.38418573772492e-09,0.0,-0.02208789810538292,-0.9063078761100769,0.4226182699203491,0.0,0.0,0.0,0.0,-0.017740869894623756,-1.0,-0.0,0.0,0.0,0.013503451831638813,-0.0037700000684708357,-0.014087309129536152,-0.9914448857307434,-0.0,0.13052619993686676,0.0,0.0048975334502756596,-3.847479547403054e-06,-0.05743739381432533,-0.6765674948692322,0.7343704700469971,-0.042795270681381226,-0.03354250267148018,4.76837147544984e-09,-2.98023217215615e-10,-0.03276757150888443,-0.7071068286895752,0.7071068286895752,0.0,0.0,2.38418573772492e-09,0.0,-0.016709718853235245,-0.8419820070266724,0.5395057201385498,0.0,0.0,0.0,0.0,-0.01388302817940712,-1.0,-0.0,0.0,0.0
1782948363.2174563,2026-07-01 19:26:03.217,16727.0,16727,left,0,1,fist,3,0.0,0.003969999961555004,-0.04999999701976776,-1.0,-0.0,0.0,0.0,0.0,0.0,0.0,-1.0,-0.0,0.0,0.0,0.025476500391960144,-0.012044699862599373,-0.022234899923205376,-0.7424786686897278,0.06551222503185272,0.3806712031364441,0.5472869277000427,-5.7220457705398076e-08,-4.3511388270189855e-08,-0.027230437844991684,-0.9283993244171143,0.3715840280056,0.0,0.0,3.5762786065873797e-09,6.318092005130893e-08,-0.031859491020441055,-0.838576078414917,0.5447846055030823,0.0,0.0,2.384185648907078e-08,0.0,-0.023122519254684448,-1.0,-0.0,0.0,0.0,0.012359999120235443,0.0032300001475960016,-0.017000000923871994,-0.9990482330322266,-0.0,0.04361938685178757,0.0,0.0021501504816114902,-3.890097104886081e-06,-0.06502876430749893,-0.7173539996147156,0.6967089772224426,9.470057557336986e-05,9.197514737024903e-05,-9.53674295089968e-09,-9.53674295089968e-09,-0.036917347460985184,-0.7071068286895752,0.7071068286895752,0.0,0.0,-2.8610228852699038e-08,-2.98023217215615e-10,-0.0216355137526989,-0.9304175972938538,0.36650118231773376,0.0,0.0,1.2636184010261786e-07,2.98023217215615e-10,-0.018689393997192383,-1.0,-0.0,0.0,0.0,0.0,0.003969999961555004,-0.01750910095870495,-1.0,-0.0,0.0,0.0,0.0,4.610121322912164e-06,-0.06379090249538422,-0.8055271506309509,0.5925589203834534,0.0,0.0,0.0,2.98023217215615e-10,-0.044606998562812805,-0.647906482219696,0.7617198824882507,0.0,0.0,0.0,0.0,-0.023475991562008858,-0.9399557113647461,0.3412964344024658,0.0,0.0,0.0,0.0,-0.019651994109153748,-1.0,-0.0,0.0,0.0,-0.00711638992652297,0.0018999999156221747,-0.016959700733423233,-0.9961947202682495,-0.0,-0.08715574443340302,0.0,0.0005882433033548295,0.0,-0.060253534466028214,-0.8248456716537476,0.5645571351051331,0.02482512593269348,0.016991302371025085,-1.1086464013487785e-07,-1.490116086078075e-10,-0.04255366697907448,-0.6545441746711731,0.7560238242149353,0.0,0.0,4.5299529460862686e-08,0.0,-0.022088106721639633,-0.908352255821228,0.41820594668388367,0.0,0.0,-1.4305114426349519e-08,0.0,-0.017740696668624878,-1.0,-0.0,0.0,0.0,-0.013503500260412693,-0.0037700000684708357,-0.014087299816310406,-0.9914448857307434,-0.0,-0.13052619993686676,0.0,-0.004897483624517918,-3.8501621020259336e-06,-0.05743739381432533,-0.746613621711731,0.6637455821037292,0.024975724518299103,0.03723221272230148,5.4836270635405526e-08,-2.98023217215615e-10,-0.03276759013533592,-0.7071341872215271,0.7070794105529785,0.0,0.0,-9.298324243900424e-08,0.0,-0.01670967973768711,-0.8419994711875916,0.5394784212112427,0.0,0.0,6.19888282926695e-08,0.0,-0.013883084990084171,-1.0,-0.0,0.0,0.0
1782948363.2505484,2026-07-01 19:26:03.250,5398.0,5398,right,0,2,fist,3,0.0,0.003969999961555004,-0.04999999701976776,-1.0,-0.0,0.0,0.0,0.0,0.0,0.0,-1.0,-0.0,0.0,0.0,-0.025476505979895592,-0.012044684961438179,-0.022234933450818062,-0.7382166981697083,0.09777171909809113,-0.38033372163772583,-0.5484734177589417,0.0,1.19209286886246e-09,-0.02723044343292713,-0.9098348617553711,0.4149704873561859,0.0,0.0,2.38418573772492e-09,-1.19209286886246e-09,-0.031859468668699265,-0.812966525554657,0.5823104977607727,0.0,0.0,0.0,-3.5762786065873797e-09,-0.023122519254684448,-1.0,-0.0,0.0,0.0,-0.012360505759716034,0.0032300001475960016,-0.016998957842588425,-0.9990482330322266,-0.0,-0.04361938685178757,0.0,-0.002149570034816861,-3.8927792047616094e-06,-0.06502974033355713,-0.7086129784584045,0.7055973410606384,-2.3088105081114918e-05,-2.2989850549492985e-05,0.0,0.0,-0.03691747412085533,-0.7071068286895752,0.7071068286895752,0.0,0.0,-2.38418573772492e-09,-2.98023217215615e-10,-0.02163529396057129,-0.9304175972938538,0.36650118231773376,0.0,0.0,0.0,2.98023217215615e-10,-0.01868978515267372,-1.0,-0.0,0.0,0.0,0.0,0.003969999961555004,-0.017509059980511665,-1.0,-0.0,0.0,0.0,0.0,4.611611075233668e-06,-0.0637909397482872,-0.7112206816673279,0.7029688358306885,0.0,0.0,0.0,2.98023217215615e-10,-0.04460655897855759,-0.6427876353263855,0.7660444974899292,0.0,0.0,0.0,-2.98023217215615e-10,-0.02347646653652191,-0.9396926760673523,0.34202009439468384,0.0,0.0,0.0,0.0,-0.019652195274829865,-1.0,-0.0,0.0,0.0,0.00711638480424881,0.0018999999156221747,-0.016959700733423233,-0.9961947202682495,-0.0,0.08715574443340302,0.0,-0.0005882382392883301,0.0,-0.060253534466028214,-0.7133238315582275,0.6995487809181213,-0.03029705584049225,-0.02971198782324791,1.19209286886246e-09,-1.490116086078075e-10,-0.04255415499210358,-0.6427876353263855,0.7660444974899292,0.0,0.0,-2.38418573772492e-09,0.0,-0.02208789810538292,-0.9063078761100769,0.4226182699203491,0.0,0.0,0.0,0.0,-0.017740869894623756,-1.0,-0.0,0.0,0.0,0.013503451831638813,-0.0037700000684708357,-0.014087309129536152,-0.9914448857307434,-0.0,0.13052619993686676,0.0,0.0048975334502756596,-3.847479547403054e-06,-0.05743739381432533,-0.6765674948692322,0.7343704700469971,-0.042795270681381226,-0.03354250267148018,4.76837147544984e-09,-2.98023217215615e-10,-0.03276757150888443,-0.7071068286895752,0.7071068286895752,0.0,0.0,2.38418573772492e-09,0.0,-0.016709718853235245,-0.8419820070266724,0.5395057201385498,0.0,0.0,0.0,0.0,-0.01388302817940712,-1.0,-0.0,0.0,0.0
1782948363.4325924,2026-07-01 19:26:03.432,16729.0,16729,left,0,1,fist,3,0.0,0.003969999961555004,-0.04999999701976776,-1.0,-0.0,0.0,0.0,0.0,0.0,0.0,-1.0,-0.0,0.0,0.0,0.025476500391960144,-0.012044699862599373,-0.022234899923205376,-0.7424786686897278,0.06551222503185272,0.3806712031364441,0.5472869277000427,-5.7220457705398076e-08,-4.3511388270189855e-08,-0.027230437844991684,-0.9283993244171143,0.3715840280056,0.0,0.0,3.5762786065873797e-09,6.318092005130893e-08,-0.031859491020441055,-0.838576078414917,0.5447846055030823,0.0,0.0,2.384185648907078e-08,0.0,-0.023122519254684448,-1.0,-0.0,0.0,0.0,0.012359999120235443,0.0032300001475960016,-0.017000000923871994,-0.9990482330322266,-0.0,0.04361938685178757,0.0,0.0021501504816114902,-3.890097104886081e-06,-0.06502876430749893,-0.7173539996147156,0.6967089772224426,9.470057557336986e-05,9.197514737024903e-05,-9.53674295089968e-09,-9.53674295089968e-09,-0.036917347460985184,-0.7071068286895752,0.7071068286895752,0.0,0.0,-2.8610228852699038e-08,-2.98023217215615e-10,-0.0216355137526989,-0.9304175972938538,0.36650118231773376,0.0,0.0,1.2636184010261786e-07,2.98023217215615e-10,-0.018689393997192383,-1.0,-0.0,0.0,0.0,0.0,0.003969999961555004,-0.01750910095870495,-1.0,-0.0,0.0,0.0,0.0,4.610121322912164e-06,-0.06379090249538422,-0.8064649701118469,0.5912818908691406,0.0,0.0,0.0,2.98023217215615e-10,-0.044606998562812805,-0.6481790542602539,0.7614880204200745,0.0,0.0,0.0,0.0,-0.023475991562008858,-0.9399701356887817,0.34125667810440063,0.0,0.0,0.0,0.0,-0.019651994109153748,-1.0,-0.0,0.0,0.0,-0.00711638992652297,0.0018999999156221747,-0.016959700733423233,-0.9961947202682495,-0.0,-0.08715574443340302,0.0,0.0005882433033548295,0.0,-0.060253534466028214,-0.8248456716537476,0.5645571351051331,0.02482512593269348,0.016991302371025085,-1.1086464013487785e-07,-1.490116086078075e-10,-0.04255366697907448,-0.6545441746711731,0.7560238242149353,0.0,0.0,4.5299529460862686e-08,0.0,-0.022088106721639633,-0.908352255821228,0.41820594668388367,0.0,0.0,-1.4305114426349519e-08,0.0,-0.017740696668624878,-1.0,-0.0,0.0,0.0,-0.013503500260412693,-0.0037700000684708357,-0.014087299816310406,-0.9914448857307434,-0.0,-0.13052619993686676,0.0,-0.004897483624517918,-3.8501621020259336e-06,-0.05743739381432533,-0.750886082649231,0.6589404940605164,0.023868205025792122,0.03738691657781601,5.4836270635405526e-08,-2.98023217215615e-10,-0.03276759013533592,-0.7072996497154236,0.706913948059082,0.0,0.0,-9.298324243900424e-08,0.0,-0.01670967973768711,-0.8421049118041992,0.5393139123916626,0.0,0.0,6.19888282926695e-08,0.0,-0.013883084990084171,-1.0,-0.0,0.0,0.0
1782948363.4551306,2026-07-01 19:26:03.455,5411.0,5411,right,0,2,fist,3,0.0,0.003969999961555004,-0.04999999701976776,-1.0,-0.0,0.0,0.0,0.0,0.0,0.0,-1.0,-0.0,0.0,0.0,-0.025476505979895592,-0.012044684961438179,-0.022234933450818062,-0.7382166981697083,0.09777171909809113,-0.38033372163772583,-0.5484734177589417,0.0,1.19209286886246e-09,-0.02723044343292713,-0.9098348617553711,0.4149704873561859,0.0,0.0,2.38418573772492e-09,-1.19209286886246e-09,-0.031859468668699265,-0.812966525554657,0.5823104977607727,0.0,0.0,0.0,-3.5762786065873797e-09,-0.023122519254684448,-1.0,-0.0,0.0,0.0,-0.012360505759716034,0.0032300001475960016,-0.016998957842588425,-0.9990482330322266,-0.0,-0.04361938685178757,0.0,-0.002149570034816861,-3.8927792047616094e-06,-0.06502974033355713,-0.7086129784584045,0.7055973410606384,-2.3088105081114918e-05,-2.2989850549492985e-05,0.0,0.0,-0.03691747412085533,-0.7071068286895752,0.7071068286895752,0.0,0.0,-2.38418573772492e-09,-2.98023217215615e-10,-0.02163529396057129,-0.9304175972938538,0.36650118231773376,0.0,0.0,0.0,2.98023217215615e-10,-0.01868978515267372,-1.0,-0.0,0.0,0.0,0.0,0.003969999961555004,-0.017509059980511665,-1.0,-0.0,0.0,0.0,0.0,4.611611075233668e-06,-0.0637909397482872,-0.7112206816673279,0.7029688358306885,0.0,0.0,0.0,2.98023217215615e-10,-0.04460655897855759,-0.6427876353263855,0.7660444974899292,0.0,0.0,0.0,-2.98023217215615e-10,-0.02347646653652191,-0.9396926760673523,0.34202009439468384,0.0,0.0,0.0,0.0,-0.019652195274829865,-1.0,-0.0,0.0,0.0,0.00711638480424881,0.0018999999156221747,-0.016959700733423233,-0.9961947202682495,-0.0,0.08715574443340302,0.0,-0.0005882382392883301,0.0,-0.060253534466028214,-0.7133238315582275,0.6995487809181213,-0.03029705584049225,-0.02971198782324791,1.19209286886246e-09,-1.490116086078075e-10,-0.04255415499210358,-0.6427876353263855,0.7660444974899292,0.0,0.0,-2.38418573772492e-09,0.0,-0.02208789810538292,-0.9063078761100769,0.4226182699203491,0.0,0.0,0.0,0.0,-0.017740869894623756,-1.0,-0.0,0.0,0.0,0.013503451831638813,-0.0037700000684708357,-0.014087309129536152,-0.9914448857307434,-0.0,0.13052619993686676,0.0,0.0048975334502756596,-3.847479547403054e-06,-0.05743739381432533,-0.6765674948692322,0.7343704700469971,-0.042795270681381226,-0.03354250267148018,4.76837147544984e-09,-2.98023217215615e-10,-0.03276757150888443,-0.7071068286895752,0.7071068286895752,0.0,0.0,2.38418573772492e-09,0.0,-0.016709718853235245,-0.8419820070266724,0.5395057201385498,0.0,0.0,0.0,0.0,-0.01388302817940712,-1.0,-0.0,0.0,0.0
1782948363.6480389,2026-07-01 19:26:03.648,16731.0,16731,left,0,1,fist,3,0.0,0.003969999961555004,-0.04999999701976776,-1.0,-0.0,0.0,0.0,0.0,0.0,0.0,-1.0,-0.0,0.0,0.0,0.025476500391960144,-0.012044699862599373,-0.022234899923205376,-0.7432722449302673,0.0625389963388443,0.38000741600990295,0.5470189452171326,-5.7220457705398076e-08,-4.3511388270189855e-08,-0.027230437844991684,-0.93019038438797,0.36707744002342224,0.0,0.0,3.5762786065873797e-09,6.318092005130893e-08,-0.031859491020441055,-0.841414749622345,0.540389895439148,0.0,0.0,2.384185648907078e-08,0.0,-0.023122519254684448,-1.0,-0.0,0.0,0.0,0.012359999120235443,0.0032300001475960016,-0.017000000923871994,-0.9990482330322266,-0.0,0.04361938685178757,0.0,0.0021501504816114902,-3.890097104886081e-06,-0.06502876430749893,-0.7173539996147156,0.6967089772224426,9.470057557336986e-05,9.197514737024903e-05,-9.53674295089968e-09,-9.53674295089968e-09,-0.036917347460985184,-0.7071068286895752,0.7071068286895752,0.0,0.0,-2.8610228852699038e-08,-2.98023217215615e-10,-0.0216355137526989,-0.9304175972938538,0.36650118231773376,0.0,0.0,1.2636184010261786e-07,2.98023217215615e-10,-0.018689393997192383,-1.0,-0.0,0.0,0.0,0.0,0.003969999961555004,-0.01750910095870495,-1.0,-0.0,0.0,0.0,0.0,4.610121322912164e-06,-0.06379090249538422,-0.811123788356781,0.5848745107650757,0.0,0.0,0.0,2.98023217215615e-10,-0.044606998562812805,-0.6495407223701477,0.7603268623352051,0.0,0.0,0.0,0.0,-0.023475991562008858,-0.9400423169136047,0.34105798602104187,0.0,0.0,0.0,0.0,-0.019651994109153748,-1.0,-0.0,0.0,0.0,-0.00711638992652297,0.0018999999156221747,-0.016959700733423233,-0.9961947202682495,-0.0,-0.08715574443340302,0.0,0.0005882433033548295,0.0,-0.060253534466028214,-0.8248456716537476,0.5645571351051331,0.02482512593269348,0.016991302371025085,-1.1086464013487785e-07,-1.490116086078075e-10,-0.04255366697907448,-0.6545441746711731,0.7560238242149353,0.0,0.0,4.5299529460862686e-08,0.0,-0.022088106721639633,-0.908352255821228,0.41820594668388367,0.0,0.0,-1.4305114426349519e-08,0.0,-0.017740696668624878,-1.0,-0.0,0.0,0.0,-0.013503500260412693,-0.0037700000684708357,-0.014087299816310406,-0.9914448857307434,-0.0,-0.13052619993686676,0.0,-0.004897483624517918,-3.8501621020259336e-06,-0.05743739381432533,-0.7551266551017761,0.6541074514389038,0.022759657353162766,0.03754002973437309,5.4836270635405526e-08,-2.98023217215615e-10,-0.03276759013533592,-0.7074650526046753,0.7067484259605408,0.0,0.0,-9.298324243900424e-08,0.0,-0.01670967973768711,-0.8422102928161621,0.539149284362793,0.0,0.0,6.19888282926695e-08,0.0,-0.013883084990084171,-1.0,-0.0,0.0,0.0
1782948363.681887,2026-07-01 19:26:03.681,5424.0,5424,right,0,2,fist,3,0.0,0.003969999961555004,-0.04999999701976776,-1.0,-0.0,0.0,0.0,0.0,0.0,0.0,-1.0,-0.0,0.0,0.0,-0.025476505979895592,-0.012044684961438179,-0.022234933450818062,-0.7382166981697083,0.09777171909809113,-0.38033372163772583,-0.5484734177589417,0.0,1.19209286886246e-09,-0.02723044343292713,-0.9098348617553711,0.4149704873561859,0.0,0.0,2.38418573772492e-09,-1.19209286886246e-09,-0.031859468668699265,-0.812966525554657,0.5823104977607727,0.0,0.0,0.0,-3.5762786065873797e-09,-0.023122519254684448,-1.0,-0.0,0.0,0.0,-0.012360505759716034,0.0032300001475960016,-0.016998957842588425,-0.9990482330322266,-0.0,-0.04361938685178757,0.0,-0.002149570034816861,-3.8927792047616094e-06,-0.06502974033355713,-0.7086129784584045,0.7055973410606384,-2.3088105081114918e-05,-2.2989850549492985e-05,0.0,0.0,-0.03691747412085533,-0.7071068286895752,0.7071068286895752,0.0,0.0,-2.38418573772492e-09,-2.98023217215615e-10,-0.02163529396057129,-0.9304175972938538,0.36650118231773376,0.0,0.0,0.0,2.98023217215615e-10,-0.01868978515267372,-1.0,-0.0,0.0,0.0,0.0,0.003969999961555004,-0.017509059980511665,-1.0,-0.0,0.0,0.0,0.0,4.611611075233668e-06,-0.0637909397482872,-0.7112206816673279,0.7029688358306885,0.0,0.0,0.0,2.98023217215615e-10,-0.04460655897855759,-0.6427876353263855,0.7660444974899292,0.0,0.0,0.0,-2.98023217215615e-10,-0.02347646653652191,-0.9396926760673523,0.34202009439468384,0.0,0.0,0.0,0.0,-0.019652195274829865,-1.0,-0.0,0.0,0.0,0.00711638480424881,0.0018999999156221747,-0.016959700733423233,-0.9961947202682495,-0.0,0.08715574443340302,0.0,-0.0005882382392883301,0.0,-0.060253534466028214,-0.7133238315582275,0.6995487809181213,-0.03029705584049225,-0.02971198782324791,1.19209286886246e-09,-1.490116086078075e-10,-0.04255415499210358,-0.6427876353263855,0.7660444974899292,0.0,0.0,-2.38418573772492e-09,0.0,-0.02208789810538292,-0.9063078761100769,0.4226182699203491,0.0,0.0,0.0,0.0,-0.017740869894623756,-1.0,-0.0,0.0,0.0,0.013503451831638813,-0.0037700000684708357,-0.014087309129536152,-0.9914448857307434,-0.0,0.13052619993686676,0.0,0.0048975334502756596,-3.847479547403054e-06,-0.05743739381432533,-0.6765674948692322,0.7343704700469971,-0.042795270681381226,-0.03354250267148018,4.76837147544984e-09,-2.98023217215615e-10,-0.03276757150888443,-0.7071068286895752,0.7071068286895752,0.0,0.0,2.38418573772492e-09,0.0,-0.016709718853235245,-0.8419820070266724,0.5395057201385498,0.0,0.0,0.0,0.0,-0.01388302817940712,-1.0,-0.0,0.0,0.0
1782948363.8689888,2026-07-01 19:26:03.868,16733.0,16733,left,0,1,fist,3,0.0,0.003969999961555004,-0.04999999701976776,-1.0,-0.0,0.0,0.0,0.0,0.0,0.0,-1.0,-0.0,0.0,0.0,0.025476500391960144,-0.012044699862599373,-0.022234899923205376,-0.7432722449302673,0.0625389963388443,0.38000741600990295,0.5470189452171326,-5.7220457705398076e-08,-4.3511388270189855e-08,-0.027230437844991684,-0.93019038438797,0.36707744002342224,0.0,0.0,3.5762786065873797e-09,6.318092005130893e-08,-0.031859491020441055,-0.841414749622345,0.540389895439148,0.0,0.0,2.384185648907078e-08,0.0,-0.023122519254684448,-1.0,-0.0,0.0,0.0,0.012359999120235443,0.0032300001475960016,-0.017000000923871994,-0.9990482330322266,-0.0,0.04361938685178757,0.0,0.0021501504816114902,-3.890097104886081e-06,-0.06502876430749893,-0.7173539996147156,0.6967089772224426,9.470057557336986e-05,9.197514737024903e-05,-9.53674295089968e-09,-9.53674295089968e-09,-0.036917347460985184,-0.7071068286895752,0.7071068286895752,0.0,0.0,-2.8610228852699038e-08,-2.98023217215615e-10,-0.0216355137526989,-0.9304175972938538,0.36650118231773376,0.0,0.0,1.2636184010261786e-07,2.98023217215615e-10,-0.018689393997192383,-1.0,-0.0,0.0,0.0,0.0,0.003969999961555004,-0.01750910095870495,-1.0,-0.0,0.0,0.0,0.0,4.610121322912164e-06,-0.06379090249538422,-0.811123788356781,0.5848745107650757,0.0,0.0,0.0,2.98023217215615e-10,-0.044606998562812805,-0.6495407223701477,0.7603268623352051,0.0,0.0,0.0,0.0,-0.023475991562008858,-0.9400423169136047,0.34105798602104187,0.0,0.0,0.0,0.0,-0.019651994109153748,-1.0,-0.0,0.0,0.0,-0.00711638992652297,0.0018999999156221747,-0.016959700733423233,-0.9961947202682495,-0.0,-0.08715574443340302,0.0,0.0005882433033548295,0.0,-0.060253534466028214,-0.8286334872245789,0.5590091347694397,0.024526486173272133,0.01654796674847603,-1.1086464013487785e-07,-1.490116086078075e-10,-0.04255366697907448,-0.6561148166656494,0.7546611428260803,0.0,0.0,4.5299529460862686e-08,0.0,-0.022088106721639633,-0.9086271524429321,0.4176083505153656,0.0,0.0,-1.4305114426349519e-08,0.0,-0.017740696668624878,-1.0,-0.0,0.0,0.0,-0.013503500260412693,-0.0037700000684708357,-0.014087299816310406,-0.9914448857307434,-0.0,-0.13052619993686676,0.0,-0.004897483624517918,-3.8501621020259336e-06,-0.05743739381432533,-0.7551266551017761,0.6541074514389038,0.022759657353162766,0.03754002973437309,5.4836270635405526e-08,-2.98023217215615e-10,-0.03276759013533592,-0.7074650526046753,0.7067484259605408,0.0,0.0,-9.298324243900424e-08,0.0,-0.01670967973768711,-0.8422102928161621,0.539149284362793,0.0,0.0,6.19888282926695e-08,0.0,-0.013883084990084171,-1.0,-0.0,0.0,0.0
1782948363.8907783,2026-07-01 19:26:03.890,5438.0,5438,right,0,2,fist,3,0.0,0.003969999961555004,-0.04999999701976776,-1.0,-0.0,0.0,0.0,0.0,0.0,0.0,-1.0,-0.0,0.0,0.0,-0.025476505979895592,-0.012044684961438179,-0.022234933450818062,-0.7382166981697083,0.09777171909809113,-0.38033372163772583,-0.5484734177589417,0.0,1.19209286886246e-09,-0.02723044343292713,-0.9098348617553711,0.4149704873561859,0.0,0.0,2.38418573772492e-09,-1.19209286886246e-09,-0.031859468668699265,-0.812966525554657,0.5823104977607727,0.0,0.0,0.0,-3.5762786065873797e-09,-0.023122519254684448,-1.0,-0.0,0.0,0.0,-0.012360505759716034,0.0032300001475960016,-0.016998957842588425,-0.9990482330322266,-0.0,-0.04361938685178757,0.0,-0.002149570034816861,-3.8927792047616094e-06,-0.06502974033355713,-0.7086129784584045,0.7055973410606384,-2.3088105081114918e-05,-2.2989850549492985e-05,0.0,0.0,-0.03691747412085533,-0.7071068286895752,0.7071068286895752,0.0,0.0,-2.38418573772492e-09,-2.98023217215615e-10,-0.02163529396057129,-0.9304175972938538,0.36650118231773376,0.0,0.0,0.0,2.98023217215615e-10,-0.01868978515267372,-1.0,-0.0,0.0,0.0,0.0,0.003969999961555004,-0.017509059980511665,-1.0,-0.0,0.0,0.0,0.0,4.611611075233668e-06,-0.0637909397482872,-0.7112206816673279,0.7029688358306885,0.0,0.0,0.0,2.98023217215615e-10,-0.04460655897855759,-0.6427876353263855,0.7660444974899292,0.0,0.0,0.0,-2.98023217215615e-10,-0.02347646653652191,-0.9396926760673523,0.34202009439468384,0.0,0.0,0.0,0.0,-0.019652195274829865,-1.0,-0.0,0.0,0.0,0.00711638480424881,0.0018999999156221747,-0.016959700733423233,-0.9961947202682495,-0.0,0.08715574443340302,0.0,-0.0005882382392883301,0.0,-0.060253534466028214,-0.7133238315582275,0.6995487809181213,-0.03029705584049225,-0.02971198782324791,1.19209286886246e-09,-1.490116086078075e-10,-0.04255415499210358,-0.6427876353263855,0.7660444974899292,0.0,0.0,-2.38418573772492e-09,0.0,-0.02208789810538292,-0.9063078761100769,0.4226182699203491,0.0,0.0,0.0,0.0,-0.017740869894623756,-1.0,-0.0,0.0,0.0,0.013503451831638813,-0.0037700000684708357,-0.014087309129536152,-0.9914448857307434,-0.0,0.13052619993686676,0.0,0.0048975334502756596,-3.847479547403054e-06,-0.05743739381432533,-0.6765674948692322,0.7343704700469971,-0.042795270681381226,-0.03354250267148018,4.76837147544984e-09,-2.98023217215615e-10,-0.03276757150888443,-0.7071068286895752,0.7071068286895752,0.0,0.0,2.38418573772492e-09,0.0,-0.016709718853235245,-0.8419820070266724,0.5395057201385498,0.0,0.0,0.0,0.0,-0.01388302817940712,-1.0,-0.0,0.0,0.0
1782948364.0757186,2026-07-01 19:26:04.075,16734.0,16734,left,0,1,fist,3,0.0,0.003969999961555004,-0.04999999701976776,-1.0,-0.0,0.0,0.0,0.0,0.0,0.0,-1.0,-0.0,0.0,0.0,0.025476500391960144,-0.012044699862599373,-0.022234899923205376,-0.7440933585166931,0.05954650044441223,0.37929120659828186,0.5467334985733032,-5.7220457705398076e-08,-4.3511388270189855e-08,-0.027230437844991684,-0.9319748878479004,0.3625229299068451,0.0,0.0,3.5762786065873797e-09,6.318092005130893e-08,-0.031859491020441055,-0.8443001508712769,0.5358706116676331,0.0,0.0,2.384185648907078e-08,0.0,-0.023122519254684448,-1.0,-0.0,0.0,0.0,0.012359999120235443,0.0032300001475960016,-0.017000000923871994,-0.9990482330322266,-0.0,0.04361938685178757,0.0,0.0021501504816114902,-3.890097104886081e-06,-0.06502876430749893,-0.7173539996147156,0.6967089772224426,9.470057557336986e-05,9.197514737024903e-05,-9.53674295089968e-09,-9.53674295089968e-09,-0.036917347460985184,-0.7071068286895752,0.7071068286895752,0.0,0.0,-2.8610228852699038e-08,-2.98023217215615e-10,-0.0216355137526989,-0.9304175972938538,0.36650118231773376,0.0,0.0,1.2636184010261786e-07,2.98023217215615e-10,-0.018689393997192383,-1.0,-0.0,0.0,0.0,0.0,0.003969999961555004,-0.01750910095870495,-1.0,-0.0,0.0,0.0,0.0,4.610121322912164e-06,-0.06379090249538422,-0.8139336705207825,0.58095782995224,0.0,0.0,0.0,2.98023217215615e-10,-0.044606998562812805,-0.6504377126693726,0.7595595717430115,0.0,0.0,0.0,0.0,-0.023475991562008858,-0.9400902986526489,0.3409256041049957,0.0,0.0,0.0,0.0,-0.019651994109153748,-1.0,-0.0,0.0,0.0,-0.00711638992652297,0.0018999999156221747,-0.016959700733423233,-0.9961947202682495,-0.0,-0.08715574443340302,0.0,0.0005882433033548295,0.0,-0.060253534466028214,-0.8305132985115051,0.5562256574630737,0.024376748129725456,0.016326015815138817,-1.1086464013487785e-07,-1.490116086078075e-10,-0.04255366697907448,-0.6568990349769592,0.7539785504341125,0.0,0.0,4.5299529460862686e-08,0.0,-0.022088106721639633,-0.9087644815444946,0.4173094928264618,0.0,0.0,-1.4305114426349519e-08,0.0,-0.017740696668624878,-1.0,-0.0,0.0,0.0,-0.013503500260412693,-0.0037700000684708357,-0.014087299816310406,-0.9914448857307434,-0.0,-0.13052619993686676,0.0,-0.004897483624517918,-3.8501621020259336e-06,-0.05743739381432533,-0.7551266551017761,0.6541074514389038,0.022759657353162766,0.03754002973437309,5.4836270635405526e-08,-2.98023217215615e-10,-0.03276759013533592,-0.7074650526046753,0.7067484259605408,0.0,0.0,-9.298324243900424e-08,0.0,-0.01670967973768711,-0.8422102928161621,0.539149284362793,0.0,0.0,6.19888282926695e-08,0.0,-0.013883084990084171,-1.0,-0.0,0.0,0.0
1782948364.097432,2026-07-01 19:26:04.097,5449.0,5449,right,0,2,fist,3,0.0,0.003969999961555004,-0.04999999701976776,-1.0,-0.0,0.0,0.0,0.0,0.0,0.0,-1.0,-0.0,0.0,0.0,-0.025476505979895592,-0.012044684961438179,-0.022234933450818062,-0.7382166981697083,0.09777171909809113,-0.38033372163772583,-0.5484734177589417,0.0,1.19209286886246e-09,-0.02723044343292713,-0.9098348617553711,0.4149704873561859,0.0,0.0,2.38418573772492e-09,-1.19209286886246e-09,-0.031859468668699265,-0.812966525554657,0.5823104977607727,0.0,0.0,0.0,-3.5762786065873797e-09,-0.023122519254684448,-1.0,-0.0,0.0,0.0,-0.012360505759716034,0.0032300001475960016,-0.016998957842588425,-0.9990482330322266,-0.0,-0.04361938685178757,0.0,-0.002149570034816861,-3.8927792047616094e-06,-0.06502974033355713,-0.7086129784584045,0.7055973410606384,-2.3088105081114918e-05,-2.2989850549492985e-05,0.0,0.0,-0.03691747412085533,-0.7071068286895752,0.7071068286895752,0.0,0.0,-2.38418573772492e-09,-2.98023217215615e-10,-0.02163529396057129,-0.9304175972938538,0.36650118231773376,0.0,0.0,0.0,2.98023217215615e-10,-0.01868978515267372,-1.0,-0.0,0.0,0.0,0.0,0.003969999961555004,-0.017509059980511665,-1.0,-0.0,0.0,0.0,0.0,4.611611075233668e-06,-0.0637909397482872,-0.7112206816673279,0.7029688358306885,0.0,0.0,0.0,2.98023217215615e-10,-0.04460655897855759,-0.6427876353263855,0.7660444974899292,0.0,0.0,0.0,-2.98023217215615e-10,-0.02347646653652191,-0.9396926760673523,0.34202009439468384,0.0,0.0,0.0,0.0,-0.019652195274829865,-1.0,-0.0,0.0,0.0,0.00711638480424881,0.0018999999156221747,-0.016959700733423233,-0.9961947202682495,-0.0,0.08715574443340302,0.0,-0.0005882382392883301,0.0,-0.060253534466028214,-0.7133238315582275,0.6995487809181213,-0.03029705584049225,-0.02971198782324791,1.19209286886246e-09,-1.490116086078075e-10,-0.04255415499210358,-0.6427876353263855,0.7660444974899292,0.0,0.0,-2.38418573772492e-09,0.0,-0.02208789810538292,-0.9063078761100769,0.4226182699203491,0.0,0.0,0.0,0.0,-0.017740869894623756,-1.0,-0.0,0.0,0.0,0.013503451831638813,-0.0037700000684708357,-0.014087309129536152,-0.9914448857307434,-0.0,0.13052619993686676,0.0,0.0048975334502756596,-3.847479547403054e-06,-0.05743739381432533,-0.6765674948692322,0.7343704700469971,-0.042795270681381226,-0.03354250267148018,4.76837147544984e-09,-2.98023217215615e-10,-0.03276757150888443,-0.7071068286895752,0.7071068286895752,0.0,0.0,2.38418573772492e-09,0.0,-0.016709718853235245,-0.8419820070266724,0.5395057201385498,0.0,0.0,0.0,0.0,-0.01388302817940712,-1.0,-0.0,0.0,0.0
1782948364.2948253,2026-07-01 19:26:04.294,16736.0,16736,left,0,1,fist,3,0.0,0.003969999961555004,-0.04999999701976776,-1.0,-0.0,0.0,0.0,0.0,0.0,0.0,-1.0,-0.0,0.0,0.0,0.025476500391960144,-0.012044699862599373,-0.022234899923205376,-0.7440933585166931,0.05954650044441223,0.37929120659828186,0.5467334985733032,-5.7220457705398076e-08,-4.3511388270189855e-08,-0.027230437844991684,-0.9319748878479004,0.3625229299068451,0.0,0.0,3.5762786065873797e-09,6.318092005130893e-08,-0.031859491020441055,-0.8443001508712769,0.5358706116676331,0.0,0.0,2.384185648907078e-08,0.0,-0.023122519254684448,-1.0,-0.0,0.0,0.0,0.012359999120235443,0.0032300001475960016,-0.017000000923871994,-0.9990482330322266,-0.0,0.04361938685178757,0.0,0.0021501504816114902,-3.890097104886081e-06,-0.06502876430749893,-0.7173539996147156,0.6967089772224426,9.470057557336986e-05,9.197514737024903e-05,-9.53674295089968e-09,-9.53674295089968e-09,-0.036917347460985184,-0.7071068286895752,0.7071068286895752,0.0,0.0,-2.8610228852699038e-08,-2.98023217215615e-10,-0.0216355137526989,-0.9304175972938538,0.36650118231773376,0.0,0.0,1.2636184010261786e-07,2.98023217215615e-10,-0.018689393997192383,-1.0,-0.0,0.0,0.0,0.0,0.003969999961555004,-0.01750910095870495,-1.0,-0.0,0.0,0.0,0.0,4.610121322912164e-06,-0.06379090249538422,-0.8139336705207825,0.58095782995224,0.0,0.0,0.0,2.98023217215615e-10,-0.044606998562812805,-0.6504377126693726,0.7595595717430115,0.0,0.0,0.0,0.0,-0.023475991562008858,-0.9400902986526489,0.3409256041049957,0.0,0.0,0.0,0.0,-0.019651994109153748,-1.0,-0.0,0.0,0.0,-0.00711638992652297,0.0018999999156221747,-0.016959700733423233,-0.9961947202682495,-0.0,-0.08715574443340302,0.0,0.0005882433033548295,0.0,-0.060253534466028214,-0.8305132985115051,0.5562256574630737,0.024376748129725456,0.016326015815138817,-1.1086464013487785e-07,-1.490116086078075e-10,-0.04255366697907448,-0.6568990349769592,0.7539785504341125,0.0,0.0,4.5299529460862686e-08,0.0,-0.022088106721639633,-0.9087644815444946,0.4173094928264618,0.0,0.0,-1.4305114426349519e-08,0.0,-0.017740696668624878,-1.0,-0.0,0.0,0.0,-0.013503500260412693,-0.0037700000684708357,-0.014087299816310406,-0.9914448857307434,-0.0,-0.13052619993686676,0.0,-0.004897483624517918,-3.8501621020259336e-06,-0.05743739381432533,-0.7551266551017761,0.6541074514389038,0.022759657353162766,0.03754002973437309,5.4836270635405526e-08,-2.98023217215615e-10,-0.03276759013533592,-0.7074650526046753,0.7067484259605408,0.0,0.0,-9.298324243900424e-08,0.0,-0.01670967973768711,-0.8422102928161621,0.539149284362793,0.0,0.0,6.19888282926695e-08,0.0,-0.013883084990084171,-1.0,-0.0,0.0,0.0
1782948364.3161705,2026-07-01 19:26:04.316,5463.0,5463,right,0,2,fist,3,0.0,0.003969999961555004,-0.04999999701976776,-1.0,-0.0,0.0,0.0,0.0,0.0,0.0,-1.0,-0.0,0.0,0.0,-0.025476505979895592,-0.012044684961438179,-0.022234933450818062,-0.7382166981697083,0.09777171909809113,-0.38033372163772583,-0.5484734177589417,0.0,1.19209286886246e-09,-0.02723044343292713,-0.9098348617553711,0.4149704873561859,0.0,0.0,2.38418573772492e-09,-1.19209286886246e-09,-0.031859468668699265,-0.812966525554657,0.5823104977607727,0.0,0.0,0.0,-3.5762786065873797e-09,-0.023122519254684448,-1.0,-0.0,0.0,0.0,-0.012360505759716034,0.0032300001475960016,-0.016998957842588425,-0.9990482330322266,-0.0,-0.04361938685178757,0.0,-0.002149570034816861,-3.8927792047616094e-06,-0.06502974033355713,-0.7086129784584045,0.7055973410606384,-2.3088105081114918e-05,-2.2989850549492985e-05,0.0,0.0,-0.03691747412085533,-0.7071068286895752,0.7071068286895752,0.0,0.0,-2.38418573772492e-09,-2.98023217215615e-10,-0.02163529396057129,-0.9304175972938538,0.36650118231773376,0.0,0.0,0.0,2.98023217215615e-10,-0.01868978515267372,-1.0,-0.0,0.0,0.0,0.0,0.003969999961555004,-0.017509059980511665,-1.0,-0.0,0.0,0.0,0.0,4.611611075233668e-06,-0.0637909397482872,-0.7112206816673279,0.7029688358306885,0.0,0.0,0.0,2.98023217215615e-10,-0.04460655897855759,-0.6427876353263855,0.7660444974899292,0.0,0.0,0.0,-2.98023217215615e-10,-0.02347646653652191,-0.9396926760673523,0.34202009439468384,0.0,0.0,0.0,0.0,-0.019652195274829865,-1.0,-0.0,0.0,0.0,0.00711638480424881,0.0018999999156221747,-0.016959700733423233,-0.9961947202682495,-0.0,0.08715574443340302,0.0,-0.0005882382392883301,0.0,-0.060253534466028214,-0.7133238315582275,0.6995487809181213,-0.03029705584049225,-0.02971198782324791,1.19209286886246e-09,-1.490116086078075e-10,-0.04255415499210358,-0.6427876353263855,0.7660444974899292,0.0,0.0,-2.38418573772492e-09,0.0,-0.02208789810538292,-0.9063078761100769,0.4226182699203491,0.0,0.0,0.0,0.0,-0.017740869894623756,-1.0,-0.0,0.0,0.0,0.013503451831638813,-0.0037700000684708357,-0.014087309129536152,-0.9914448857307434,-0.0,0.13052619993686676,0.0,0.0048975334502756596,-3.847479547403054e-06,-0.05743739381432533,-0.6765674948692322,0.7343704700469971,-0.042795270681381226,-0.03354250267148018,4.76837147544984e-09,-2.98023217215615e-10,-0.03276757150888443,-0.7071068286895752,0.7071068286895752,0.0,0.0,2.38418573772492e-09,0.0,-0.016709718853235245,-0.8419820070266724,0.5395057201385498,0.0,0.0,0.0,0.0,-0.01388302817940712,-1.0,-0.0,0.0,0.0
1782948364.496187,2026-07-01 19:26:04.496,16738.0,16738,left,0,1,fist,3,0.0,0.003969999961555004,-0.04999999701976776,-1.0,-0.0,0.0,0.0,0.0,0.0,0.0,-1.0,-0.0,0.0,0.0,0.025476500391960144,-0.012044699862599373,-0.022234899923205376,-0.7440933585166931,0.05954650044441223,0.37929120659828186,0.5467334985733032,-5.7220457705398076e-08,-4.3511388270189855e-08,-0.027230437844991684,-0.9319748878479004,0.3625229299068451,0.0,0.0,3.5762786065873797e-09,6.318092005130893e-08,-0.031859491020441055,-0.8443001508712769,0.5358706116676331,0.0,0.0,2.384185648907078e-08,0.0,-0.023122519254684448,-1.0,-0.0,0.0,0.0,0.012359999120235443,0.0032300001475960016,-0.017000000923871994,-0.9990482330322266,-0.0,0.04361938685178757,0.0,0.0021501504816114902,-3.890097104886081e-06,-0.06502876430749893,-0.7173539996147156,0.6967089772224426,9.470057557336986e-05,9.197514737024903e-05,-9.53674295089968e-09,-9.53674295089968e-09,-0.036917347460985184,-0.7071068286895752,0.7071068286895752,0.0,0.0,-2.8610228852699038e-08,-2.98023217215615e-10,-0.0216355137526989,-0.9304175972938538,0.36650118231773376,0.0,0.0,1.2636184010261786e-07,2.98023217215615e-10,-0.018689393997192383,-1.0,-0.0,0.0,0.0,0.0,0.003969999961555004,-0.01750910095870495,-1.0,-0.0,0.0,0.0,0.0,4.610121322912164e-06,-0.06379090249538422,-0.8139336705207825,0.58095782995224,0.0,0.0,0.0,2.98023217215615e-10,-0.044606998562812805,-0.6504377126693726,0.7595595717430115,0.0,0.0,0.0,0.0,-0.023475991562008858,-0.9400902986526489,0.3409256041049957,0.0,0.0,0.0,0.0,-0.019651994109153748,-1.0,-0.0,0.0,0.0,-0.00711638992652297,0.0018999999156221747,-0.016959700733423233,-0.9961947202682495,-0.0,-0.08715574443340302,0.0,0.0005882433033548295,0.0,-0.060253534466028214,-0.8305132985115051,0.5562256574630737,0.024376748129725456,0.016326015815138817,-1.1086464013487785e-07,-1.490116086078075e-10,-0.04255366697907448,-0.6568990349769592,0.7539785504341125,0.0,0.0,4.5299529460862686e-08,0.0,-0.022088106721639633,-0.9087644815444946,0.4173094928264618,0.0,0.0,-1.4305114426349519e-08,0.0,-0.017740696668624878,-1.0,-0.0,0.0,0.0,-0.013503500260412693,-0.0037700000684708357,-0.014087299816310406,-0.9914448857307434,-0.0,-0.13052619993686676,0.0,-0.004897483624517918,-3.8501621020259336e-06,-0.05743739381432533,-0.7551266551017761,0.6541074514389038,0.022759657353162766,0.03754002973437309,5.4836270635405526e-08,-2.98023217215615e-10,-0.03276759013533592,-0.7074650526046753,0.7067484259605408,0.0,0.0,-9.298324243900424e-08,0.0,-0.01670967973768711,-0.8422102928161621,0.539149284362793,0.0,0.0,6.19888282926695e-08,0.0,-0.013883084990084171,-1.0,-0.0,0.0,0.0
1782948364.5273354,2026-07-01 19:26:04.527,5475.0,5475,right,0,2,fist,3,0.0,0.003969999961555004,-0.04999999701976776,-1.0,-0.0,0.0,0.0,0.0,0.0,0.0,-1.0,-0.0,0.0,0.0,-0.025476505979895592,-0.012044684961438179,-0.022234933450818062,-0.7382166981697083,0.09777171909809113,-0.38033372163772583,-0.5484734177589417,0.0,1.19209286886246e-09,-0.02723044343292713,-0.9098348617553711,0.4149704873561859,0.0,0.0,2.38418573772492e-09,-1.19209286886246e-09,-0.031859468668699265,-0.812966525554657,0.5823104977607727,0.0,0.0,0.0,-3.5762786065873797e-09,-0.023122519254684448,-1.0,-0.0,0.0,0.0,-0.012360505759716034,0.0032300001475960016,-0.016998957842588425,-0.9990482330322266,-0.0,-0.04361938685178757,0.0,-0.002149570034816861,-3.8927792047616094e-06,-0.06502974033355713,-0.7086129784584045,0.7055973410606384,-2.3088105081114918e-05,-2.2989850549492985e-05,0.0,0.0,-0.03691747412085533,-0.7071068286895752,0.7071068286895752,0.0,0.0,-2.38418573772492e-09,-2.98023217215615e-10,-0.02163529396057129,-0.9304175972938538,0.36650118231773376,0.0,0.0,0.0,2.98023217215615e-10,-0.01868978515267372,-1.0,-0.0,0.0,0.0,0.0,0.003969999961555004,-0.017509059980511665,-1.0,-0.0,0.0,0.0,0.0,4.611611075233668e-06,-0.0637909397482872,-0.7112206816673279,0.7029688358306885,0.0,0.0,0.0,2.98023217215615e-10,-0.04460655897855759,-0.6427876353263855,0.7660444974899292,0.0,0.0,0.0,-2.98023217215615e-10,-0.02347646653652191,-0.9396926760673523,0.34202009439468384,0.0,0.0,0.0,0.0,-0.019652195274829865,-1.0,-0.0,0.0,0.0,0.00711638480424881,0.0018999999156221747,-0.016959700733423233,-0.9961947202682495,-0.0,0.08715574443340302,0.0,-0.0005882382392883301,0.0,-0.060253534466028214,-0.7133238315582275,0.6995487809181213,-0.03029705584049225,-0.02971198782324791,1.19209286886246e-09,-1.490116086078075e-10,-0.04255415499210358,-0.6427876353263855,0.7660444974899292,0.0,0.0,-2.38418573772492e-09,0.0,-0.02208789810538292,-0.9063078761100769,0.4226182699203491,0.0,0.0,0.0,0.0,-0.017740869894623756,-1.0,-0.0,0.0,0.0,0.013503451831638813,-0.0037700000684708357,-0.014087309129536152,-0.9914448857307434,-0.0,0.13052619993686676,0.0,0.0048975334502756596,-3.847479547403054e-06,-0.05743739381432533,-0.6765674948692322,0.7343704700469971,-0.042795270681381226,-0.03354250267148018,4.76837147544984e-09,-2.98023217215615e-10,-0.03276757150888443,-0.7071068286895752,0.7071068286895752,0.0,0.0,2.38418573772492e-09,0.0,-0.016709718853235245,-0.8419820070266724,0.5395057201385498,0.0,0.0,0.0,0.0,-0.01388302817940712,-1.0,-0.0,0.0,0.0
1782948364.7012658,2026-07-01 19:26:04.701,16739.0,16739,left,0,1,fist,3,0.0,0.003969999961555004,-0.04999999701976776,-1.0,-0.0,0.0,0.0,0.0,0.0,0.0,-1.0,-0.0,0.0,0.0,0.025476500391960144,-0.012044699862599373,-0.022234899923205376,-0.7440933585166931,0.05954650044441223,0.37929120659828186,0.5467334985733032,-5.7220457705398076e-08,-4.3511388270189855e-08,-0.027230437844991684,-0.9319748878479004,0.3625229299068451,0.0,0.0,3.5762786065873797e-09,6.318092005130893e-08,-0.031859491020441055,-0.8443001508712769,0.5358706116676331,0.0,0.0,2.384185648907078e-08,0.0,-0.023122519254684448,-1.0,-0.0,0.0,0.0,0.012359999120235443,0.0032300001475960016,-0.017000000923871994,-0.9990482330322266,-0.0,0.04361938685178757,0.0,0.0021501504816114902,-3.890097104886081e-06,-0.06502876430749893,-0.7173539996147156,0.6967089772224426,9.470057557336986e-05,9.197514737024903e-05,-9.53674295089968e-09,-9.53674295089968e-09,-0.036917347460985184,-0.7071068286895752,0.7071068286895752,0.0,0.0,-2.8610228852699038e-08,-2.98023217215615e-10,-0.0216355137526989,-0.9304175972938538,0.36650118231773376,0.0,0.0,1.2636184010261786e-07,2.98023217215615e-10,-0.018689393997192383,-1.0,-0.0,0.0,0.0,0.0,0.003969999961555004,-0.01750910095870495,-1.0,-0.0,0.0,0.0,0.0,4.610121322912164e-06,-0.06379090249538422,-0.8139336705207825,0.58095782995224,0.0,0.0,0.0,2.98023217215615e-10,-0.044606998562812805,-0.6504377126693726,0.7595595717430115,0.0,0.0,0.0,0.0,-0.023475991562008858,-0.9400902986526489,0.3409256041049957,0.0,0.0,0.0,0.0,-0.019651994109153748,-1.0,-0.0,0.0,0.0,-0.00711638992652297,0.0018999999156221747,-0.016959700733423233,-0.9961947202682495,-0.0,-0.08715574443340302,0.0,0.0005882433033548295,0.0,-0.060253534466028214,-0.8305132985115051,0.5562256574630737,0.024376748129725456,0.016326015815138817,-1.1086464013487785e-07,-1.490116086078075e-10,-0.04255366697907448,-0.6568990349769592,0.7539785504341125,0.0,0.0,4.5299529460862686e-08,0.0,-0.022088106721639633,-0.9087644815444946,0.4173094928264618,0.0,0.0,-1.4305114426349519e-08,0.0,-0.017740696668624878,-1.0,-0.0,0.0,0.0,-0.013503500260412693,-0.0037700000684708357,-0.014087299816310406,-0.9914448857307434,-0.0,-0.13052619993686676,0.0,-0.004897483624517918,-3.8501621020259336e-06,-0.05743739381432533,-0.7551266551017761,0.6541074514389038,0.022759657353162766,0.03754002973437309,5.4836270635405526e-08,-2.98023217215615e-10,-0.03276759013533592,-0.7074650526046753,0.7067484259605408,0.0,0.0,-9.298324243900424e-08,0.0,-0.01670967973768711,-0.8422102928161621,0.539149284362793,0.0,0.0,6.19888282926695e-08,0.0,-0.013883084990084171,-1.0,-0.0,0.0,0.0
1782948364.733015,2026-07-01 19:26:04.733,5487.0,5487,right,0,2,fist,3,0.0,0.003969999961555004,-0.04999999701976776,-1.0,-0.0,0.0,0.0,0.0,0.0,0.0,-1.0,-0.0,0.0,0.0,-0.025476505979895592,-0.012044684961438179,-0.022234933450818062,-0.7382166981697083,0.09777171909809113,-0.38033372163772583,-0.5484734177589417,0.0,1.19209286886246e-09,-0.02723044343292713,-0.9098348617553711,0.4149704873561859,0.0,0.0,2.38418573772492e-09,-1.19209286886246e-09,-0.031859468668699265,-0.812966525554657,0.5823104977607727,0.0,0.0,0.0,-3.5762786065873797e-09,-0.023122519254684448,-1.0,-0.0,0.0,0.0,-0.012360505759716034,0.0032300001475960016,-0.016998957842588425,-0.9990482330322266,-0.0,-0.04361938685178757,0.0,-0.002149570034816861,-3.8927792047616094e-06,-0.06502974033355713,-0.7086129784584045,0.7055973410606384,-2.3088105081114918e-05,-2.2989850549492985e-05,0.0,0.0,-0.03691747412085533,-0.7071068286895752,0.7071068286895752,0.0,0.0,-2.38418573772492e-09,-2.98023217215615e-10,-0.02163529396057129,-0.9304175972938538,0.36650118231773376,0.0,0.0,0.0,2.98023217215615e-10,-0.01868978515267372,-1.0,-0.0,0.0,0.0,0.0,0.003969999961555004,-0.017509059980511665,-1.0,-0.0,0.0,0.0,0.0,4.611611075233668e-06,-0.0637909397482872,-0.7112206816673279,0.7029688358306885,0.0,0.0,0.0,2.98023217215615e-10,-0.04460655897855759,-0.6427876353263855,0.7660444974899292,0.0,0.0,0.0,-2.98023217215615e-10,-0.02347646653652191,-0.9396926760673523,0.34202009439468384,0.0,0.0,0.0,0.0,-0.019652195274829865,-1.0,-0.0,0.0,0.0,0.00711638480424881,0.0018999999156221747,-0.016959700733423233,-0.9961947202682495,-0.0,0.08715574443340302,0.0,-0.0005882382392883301,0.0,-0.060253534466028214,-0.7155221700668335,0.6973228454589844,-0.030119962990283966,-0.029353858903050423,1.19209286886246e-09,-1.490116086078075e-10,-0.04255415499210358,-0.6427876353263855,0.7660444974899292,0.0,0.0,-2.38418573772492e-09,0.0,-0.02208789810538292,-0.9063078761100769,0.4226182699203491,0.0,0.0,0.0,0.0,-0.017740869894623756,-1.0,-0.0,0.0,0.0,0.013503451831638813,-0.0037700000684708357,-0.014087309129536152,-0.9914448857307434,-0.0,0.13052619993686676,0.0,0.0048975334502756596,-3.847479547403054e-06,-0.05743739381432533,-0.6765674948692322,0.7343704700469971,-0.042795270681381226,-0.03354250267148018,4.76837147544984e-09,-2.98023217215615e-10,-0.03276757150888443,-0.7071068286895752,0.7071068286895752,0.0,0.0,2.38418573772492e-09,0.0,-0.016709718853235245,-0.8419820070266724,0.5395057201385498,0.0,0.0,0.0,0.0,-0.01388302817940712,-1.0,-0.0,0.0,0.0
1782948364.9088857,2026-07-01 19:26:04.908,16741.0,16741,left,0,1,fist,3,0.0,0.003969999961555004,-0.04999999701976776,-1.0,-0.0,0.0,0.0,0.0,0.0,0.0,-1.0,-0.0,0.0,0.0,0.025476500391960144,-0.012044699862599373,-0.022234899923205376,-0.7440933585166931,0.05954650044441223,0.37929120659828186,0.5467334985733032,-5.7220457705398076e-08,-4.3511388270189855e-08,-0.027230437844991684,-0.9319748878479004,0.3625229299068451,0.0,0.0,3.5762786065873797e-09,6.318092005130893e-08,-0.031859491020441055,-0.8443001508712769,0.5358706116676331,0.0,0.0,2.384185648907078e-08,0.0,-0.023122519254684448,-1.0,-0.0,0.0,0.0,0.012359999120235443,0.0032300001475960016,-0.017000000923871994,-0.9990482330322266,-0.0,0.04361938685178757,0.0,0.0021501504816114902,-3.890097104886081e-06,-0.06502876430749893,-0.7173539996147156,0.6967089772224426,9.470057557336986e-05,9.197514737024903e-05,-9.53674295089968e-09,-9.53674295089968e-09,-0.036917347460985184,-0.7071068286895752,0.7071068286895752,0.0,0.0,-2.8610228852699038e-08,-2.98023217215615e-10,-0.0216355137526989,-0.9304175972938538,0.36650118231773376,0.0,0.0,1.2636184010261786e-07,2.98023217215615e-10,-0.018689393997192383,-1.0,-0.0,0.0,0.0,0.0,0.003969999961555004,-0.01750910095870495,-1.0,-0.0,0.0,0.0,0.0,4.610121322912164e-06,-0.06379090249538422,-0.8167495131492615,0.5769924521446228,0.0,0.0,0.0,2.98023217215615e-10,-0.044606998562812805,-0.6513873338699341,0.7587454319000244,0.0,0.0,0.0,0.0,-0.023475991562008858,-0.9401413202285767,0.3407849371433258,0.0,0.0,0.0,0.0,-0.019651994109153748,-1.0,-0.0,0.0,0.0,-0.00711638992652297,0.0018999999156221747,-0.016959700733423233,-0.9961947202682495,-0.0,-0.08715574443340302,0.0,0.0005882433033548295,0.0,-0.060253534466028214,-0.8305132985115051,0.5562256574630737,0.024376748129725456,0.016326015815138817,-1.1086464013487785e-07,-1.490116086078075e-10,-0.04255366697907448,-0.6568990349769592,0.7539785504341125,0.0,0.0,4.5299529460862686e-08,0.0,-0.022088106721639633,-0.9087644815444946,0.4173094928264618,0.0,0.0,-1.4305114426349519e-08,0.0,-0.017740696668624878,-1.0,-0.0,0.0,0.0,-0.013503500260412693,-0.0037700000684708357,-0.014087299816310406,-0.9914448857307434,-0.0,-0.13052619993686676,0.0,-0.004897483624517918,-3.8501621020259336e-06,-0.05743739381432533,-0.7551266551017761,0.6541074514389038,0.022759657353162766,0.03754002973437309,5.4836270635405526e-08,-2.98023217215615e-10,-0.03276759013533592,-0.7074650526046753,0.7067484259605408,0.0,0.0,-9.298324243900424e-08,0.0,-0.01670967973768711,-0.8422102928161621,0.539149284362793,0.0,0.0,6.19888282926695e-08,0.0,-0.013883084990084171,-1.0,-0.0,0.0,0.0
1782948364.9413948,2026-07-01 19:26:04.941,5501.0,5501,right,0,2,fist,3,0.0,0.003969999961555004,-0.04999999701976776,-1.0,-0.0,0.0,0.0,0.0,0.0,0.0,-1.0,-0.0,0.0,0.0,-0.025476505979895592,-0.012044684961438179,-0.022234933450818062,-0.7382166981697083,0.09777171909809113,-0.38033372163772583,-0.5484734177589417,0.0,1.19209286886246e-09,-0.02723044343292713,-0.9098348617553711,0.4149704873561859,0.0,0.0,2.38418573772492e-09,-1.19209286886246e-09,-0.031859468668699265,-0.812966525554657,0.5823104977607727,0.0,0.0,0.0,-3.5762786065873797e-09,-0.023122519254684448,-1.0,-0.0,0.0,0.0,-0.012360505759716034,0.0032300001475960016,-0.016998957842588425,-0.9990482330322266,-0.0,-0.04361938685178757,0.0,-0.002149570034816861,-3.8927792047616094e-06,-0.06502974033355713,-0.7086129784584045,0.7055973410606384,-2.3088105081114918e-05,-2.2989850549492985e-05,0.0,0.0,-0.03691747412085533,-0.7071068286895752,0.7071068286895752,0.0,0.0,-2.38418573772492e-09,-2.98023217215615e-10,-0.02163529396057129,-0.9304175972938538,0.36650118231773376,0.0,0.0,0.0,2.98023217215615e-10,-0.01868978515267372,-1.0,-0.0,0.0,0.0,0.0,0.003969999961555004,-0.017509059980511665,-1.0,-0.0,0.0,0.0,0.0,4.611611075233668e-06,-0.0637909397482872,-0.7112206816673279,0.7029688358306885,0.0,0.0,0.0,2.98023217215615e-10,-0.04460655897855759,-0.6427876353263855,0.7660444974899292,0.0,0.0,0.0,-2.98023217215615e-10,-0.02347646653652191,-0.9396926760673523,0.34202009439468384,0.0,0.0,0.0,0.0,-0.019652195274829865,-1.0,-0.0,0.0,0.0,0.00711638480424881,0.0018999999156221747,-0.016959700733423233,-0.9961947202682495,-0.0,0.08715574443340302,0.0,-0.0005882382392883301,0.0,-0.060253534466028214,-0.7155221700668335,0.6973228454589844,-0.030119962990283966,-0.029353858903050423,1.19209286886246e-09,-1.490116086078075e-10,-0.04255415499210358,-0.6427876353263855,0.7660444974899292,0.0,0.0,-2.38418573772492e-09,0.0,-0.02208789810538292,-0.9063078761100769,0.4226182699203491,0.0,0.0,0.0,0.0,-0.017740869894623756,-1.0,-0.0,0.0,0.0,0.013503451831638813,-0.0037700000684708357,-0.014087309129536152,-0.9914448857307434,-0.0,0.13052619993686676,0.0,0.0048975334502756596,-3.847479547403054e-06,-0.05743739381432533,-0.6765674948692322,0.7343704700469971,-0.042795270681381226,-0.03354250267148018,4.76837147544984e-09,-2.98023217215615e-10,-0.03276757150888443,-0.7071068286895752,0.7071068286895752,0.0,0.0,2.38418573772492e-09,0.0,-0.016709718853235245,-0.8419820070266724,0.5395057201385498,0.0,0.0,0.0,0.0,-0.01388302817940712,-1.0,-0.0,0.0,0.0
1782948365.116818,2026-07-01 19:26:05.116,16743.0,16743,left,0,1,fist,3,0.0,0.003969999961555004,-0.04999999701976776,-1.0,-0.0,0.0,0.0,0.0,0.0,0.0,-1.0,-0.0,0.0,0.0,0.025476500391960144,-0.012044699862599373,-0.022234899923205376,-0.7443748712539673,0.058544013649225235,0.3790382742881775,0.5466339588165283,-5.7220457705398076e-08,-4.3511388270189855e-08,-0.027230437844991684,-0.9325688481330872,0.3609922528266907,0.0,0.0,3.5762786065873797e-09,6.318092005130893e-08,-0.031859491020441055,-0.8452754020690918,0.5343309044837952,0.0,0.0,2.384185648907078e-08,0.0,-0.023122519254684448,-1.0,-0.0,0.0,0.0,0.012359999120235443,0.0032300001475960016,-0.017000000923871994,-0.9990482330322266,-0.0,0.04361938685178757,0.0,0.0021501504816114902,-3.890097104886081e-06,-0.06502876430749893,-0.7173539996147156,0.6967089772224426,9.470057557336986e-05,9.197514737024903e-05,-9.53674295089968e-09,-9.53674295089968e-09,-0.036917347460985184,-0.7071068286895752,0.7071068286895752,0.0,0.0,-2.8610228852699038e-08,-2.98023217215615e-10,-0.0216355137526989,-0.9304175972938538,0.36650118231773376,0.0,0.0,1.2636184010261786e-07,2.98023217215615e-10,-0.018689393997192383,-1.0,-0.0,0.0,0.0,0.0,0.003969999961555004,-0.01750910095870495,-1.0,-0.0,0.0,0.0,0.0,4.610121322912164e-06,-0.06379090249538422,-0.8167495131492615,0.5769924521446228,0.0,0.0,0.0,2.98023217215615e-10,-0.044606998562812805,-0.6513873338699341,0.7587454319000244,0.0,0.0,0.0,0.0,-0.023475991562008858,-0.9401413202285767,0.3407849371433258,0.0,0.0,0.0,0.0,-0.019651994109153748,-1.0,-0.0,0.0,0.0,-0.00711638992652297,0.0018999999156221747,-0.016959700733423233,-0.9961947202682495,-0.0,-0.08715574443340302,0.0,0.0005882433033548295,0.0,-0.060253534466028214,-0.8305132985115051,0.5562256574630737,0.024376748129725456,0.016326015815138817,-1.1086464013487785e-07,-1.490116086078075e-10,-0.04255366697907448,-0.6568990349769592,0.7539785504341125,0.0,0.0,4.5299529460862686e-08,0.0,-0.022088106721639633,-0.9087644815444946,0.4173094928264618,0.0,0.0,-1.4305114426349519e-08,0.0,-0.017740696668624878,-1.0,-0.0,0.0,0.0,-0.013503500260412693,-0.0037700000684708357,-0.014087299816310406,-0.9914448857307434,-0.0,-0.13052619993686676,0.0,-0.004897483624517918,-3.8501621020259336e-06,-0.05743739381432533,-0.7575368285179138,0.6513316035270691,0.0221311766654253,0.03762153908610344,5.4836270635405526e-08,-2.98023217215615e-10,-0.03276759013533592,-0.7076255679130554,0.7065876722335815,0.0,0.0,-9.298324243900424e-08,0.0,-0.01670967973768711,-0.842312216758728,0.5389899611473083,0.0,0.0,6.19888282926695e-08,0.0,-0.013883084990084171,-1.0,-0.0,0.0,0.0
1782948365.163014,2026-07-01 19:26:05.163,5512.0,5512,right,0,2,fist,3,0.0,0.003969999961555004,-0.04999999701976776,-1.0,-0.0,0.0,0.0,0.0,0.0,0.0,-1.0,-0.0,0.0,0.0,-0.025476505979895592,-0.012044684961438179,-0.022234933450818062,-0.7382166981697083,0.09777171909809113,-0.38033372163772583,-0.5484734177589417,0.0,1.19209286886246e-09,-0.02723044343292713,-0.9098348617553711,0.4149704873561859,0.0,0.0,2.38418573772492e-09,-1.19209286886246e-09,-0.031859468668699265,-0.812966525554657,0.5823104977607727,0.0,0.0,0.0,-3.5762786065873797e-09,-0.023122519254684448,-1.0,-0.0,0.0,0.0,-0.012360505759716034,0.0032300001475960016,-0.016998957842588425,-0.9990482330322266,-0.0,-0.04361938685178757,0.0,-0.002149570034816861,-3.8927792047616094e-06,-0.06502974033355713,-0.7086129784584045,0.7055973410606384,-2.3088105081114918e-05,-2.2989850549492985e-05,0.0,0.0,-0.03691747412085533,-0.7071068286895752,0.7071068286895752,0.0,0.0,-2.38418573772492e-09,-2.98023217215615e-10,-0.02163529396057129,-0.9304175972938538,0.36650118231773376,0.0,0.0,0.0,2.98023217215615e-10,-0.01868978515267372,-1.0,-0.0,0.0,0.0,0.0,0.003969999961555004,-0.017509059980511665,-1.0,-0.0,0.0,0.0,0.0,4.611611075233668e-06,-0.0637909397482872,-0.7112206816673279,0.7029688358306885,0.0,0.0,0.0,2.98023217215615e-10,-0.04460655897855759,-0.6427876353263855,0.7660444974899292,0.0,0.0,0.0,-2.98023217215615e-10,-0.02347646653652191,-0.9396926760673523,0.34202009439468384,0.0,0.0,0.0,0.0,-0.019652195274829865,-1.0,-0.0,0.0,0.0,0.00711638480424881,0.0018999999156221747,-0.016959700733423233,-0.9961947202682495,-0.0,0.08715574443340302,0.0,-0.0005882382392883301,0.0,-0.060253534466028214,-0.7155221700668335,0.6973228454589844,-0.030119962990283966,-0.029353858903050423,1.19209286886246e-09,-1.490116086078075e-10,-0.04255415499210358,-0.6427876353263855,0.7660444974899292,0.0,0.0,-2.38418573772492e-09,0.0,-0.02208789810538292,-0.9063078761100769,0.4226182699203491,0.0,0.0,0.0,0.0,-0.017740869894623756,-1.0,-0.0,0.0,0.0,0.013503451831638813,-0.0037700000684708357,-0.014087309129536152,-0.9914448857307434,-0.0,0.13052619993686676,0.0,0.0048975334502756596,-3.847479547403054e-06,-0.05743739381432533,-0.6765674948692322,0.7343704700469971,-0.042795270681381226,-0.03354250267148018,4.76837147544984e-09,-2.98023217215615e-10,-0.03276757150888443,-0.7071068286895752,0.7071068286895752,0.0,0.0,2.38418573772492e-09,0.0,-0.016709718853235245,-0.8419820070266724,0.5395057201385498,0.0,0.0,0.0,0.0,-0.01388302817940712,-1.0,-0.0,0.0,0.0
1782948365.3262112,2026-07-01 19:26:05.326,16744.0,16744,left,0,1,fist,3,0.0,0.003969999961555004,-0.04999999701976776,-1.0,-0.0,0.0,0.0,0.0,0.0,0.0,-1.0,-0.0,0.0,0.0,0.025476500391960144,-0.012044699862599373,-0.022234899923205376,-0.7446556091308594,0.05754144862294197,0.37878498435020447,0.5465336441993713,-5.7220457705398076e-08,-4.3511388270189855e-08,-0.027230437844991684,-0.9331603050231934,0.3594605028629303,0.0,0.0,3.5762786065873797e-09,6.318092005130893e-08,-0.031859491020441055,-0.8462478518486023,0.5327895283699036,0.0,0.0,2.384185648907078e-08,0.0,-0.023122519254684448,-1.0,-0.0,0.0,0.0,0.012359999120235443,0.0032300001475960016,-0.017000000923871994,-0.9990482330322266,-0.0,0.04361938685178757,0.0,0.0021501504816114902,-3.890097104886081e-06,-0.06502876430749893,-0.7173539996147156,0.6967089772224426,9.470057557336986e-05,9.197514737024903e-05,-9.53674295089968e-09,-9.53674295089968e-09,-0.036917347460985184,-0.7071068286895752,0.7071068286895752,0.0,0.0,-2.8610228852699038e-08,-2.98023217215615e-10,-0.0216355137526989,-0.9304175972938538,0.36650118231773376,0.0,0.0,1.2636184010261786e-07,2.98023217215615e-10,-0.018689393997192383,-1.0,-0.0,0.0,0.0,0.0,0.003969999961555004,-0.01750910095870495,-1.0,-0.0,0.0,0.0,0.0,4.610121322912164e-06,-0.06379090249538422,-0.8191012144088745,0.5736491084098816,0.0,0.0,0.0,2.98023217215615e-10,-0.044606998562812805,-0.6522219181060791,0.7580280900001526,0.0,0.0,0.0,0.0,-0.023475991562008858,-0.9401864409446716,0.34066036343574524,0.0,0.0,0.0,0.0,-0.019651994109153748,-1.0,-0.0,0.0,0.0,-0.00711638992652297,0.0018999999156221747,-0.016959700733423233,-0.9961947202682495,-0.0,-0.08715574443340302,0.0,0.0005882433033548295,0.0,-0.060253534466028214,-0.8305132985115051,0.5562256574630737,0.024376748129725456,0.016326015815138817,-1.1086464013487785e-07,-1.490116086078075e-10,-0.04255366697907448,-0.6568990349769592,0.7539785504341125,0.0,0.0,4.5299529460862686e-08,0.0,-0.022088106721639633,-0.9087644815444946,0.4173094928264618,0.0,0.0,-1.4305114426349519e-08,0.0,-0.017740696668624878,-1.0,-0.0,0.0,0.0,-0.013503500260412693,-0.0037700000684708357,-0.014087299816310406,-0.9914448857307434,-0.0,-0.13052619993686676,0.0,-0.004897483624517918,-3.8501621020259336e-06,-0.05743739381432533,-0.7580176591873169,0.6507753133773804,0.022005444392561913,0.03763778135180473,5.4836270635405526e-08,-2.98023217215615e-10,-0.03276759013533592,-0.7076576352119446,0.7065555453300476,0.0,0.0,-9.298324243900424e-08,0.0,-0.01670967973768711,-0.8423326015472412,0.5389580726623535,0.0,0.0,6.19888282926695e-08,0.0,-0.013883084990084171,-1.0,-0.0,0.0,0.0
1782948365.3707228,2026-07-01 19:26:05.370,5526.0,5526,right,0,2,fist,3,0.0,0.003969999961555004,-0.04999999701976776,-1.0,-0.0,0.0,0.0,0.0,0.0,0.0,-1.0,-0.0,0.0,0.0,-0.025476505979895592,-0.012044684961438179,-0.022234933450818062,-0.7382166981697083,0.09777171909809113,-0.38033372163772583,-0.5484734177589417,0.0,1.19209286886246e-09,-0.02723044343292713,-0.9098348617553711,0.4149704873561859,0.0,0.0,2.38418573772492e-09,-1.19209286886246e-09,-0.031859468668699265,-0.812966525554657,0.5823104977607727,0.0,0.0,0.0,-3.5762786065873797e-09,-0.023122519254684448,-1.0,-0.0,0.0,0.0,-0.012360505759716034,0.0032300001475960016,-0.016998957842588425,-0.9990482330322266,-0.0,-0.04361938685178757,0.0,-0.002149570034816861,-3.8927792047616094e-06,-0.06502974033355713,-0.7086129784584045,0.7055973410606384,-2.3088105081114918e-05,-2.2989850549492985e-05,0.0,0.0,-0.03691747412085533,-0.7071068286895752,0.7071068286895752,0.0,0.0,-2.38418573772492e-09,-2.98023217215615e-10,-0.02163529396057129,-0.9304175972938538,0.36650118231773376,0.0,0.0,0.0,2.98023217215615e-10,-0.01868978515267372,-1.0,-0.0,0.0,0.0,0.0,0.003969999961555004,-0.017509059980511665,-1.0,-0.0,0.0,0.0,0.0,4.611611075233668e-06,-0.0637909397482872,-0.7112206816673279,0.7029688358306885,0.0,0.0,0.0,2.98023217215615e-10,-0.04460655897855759,-0.6427876353263855,0.7660444974899292,0.0,0.0,0.0,-2.98023217215615e-10,-0.02347646653652191,-0.9396926760673523,0.34202009439468384,0.0,0.0,0.0,0.0,-0.019652195274829865,-1.0,-0.0,0.0,0.0,0.00711638480424881,0.0018999999156221747,-0.016959700733423233,-0.9961947202682495,-0.0,0.08715574443340302,0.0,-0.0005882382392883301,0.0,-0.060253534466028214,-0.7155221700668335,0.6973228454589844,-0.030119962990283966,-0.029353858903050423,1.19209286886246e-09,-1.490116086078075e-10,-0.04255415499210358,-0.6427876353263855,0.7660444974899292,0.0,0.0,-2.38418573772492e-09,0.0,-0.02208789810538292,-0.9063078761100769,0.4226182699203491,0.0,0.0,0.0,0.0,-0.017740869894623756,-1.0,-0.0,0.0,0.0,0.013503451831638813,-0.0037700000684708357,-0.014087309129536152,-0.9914448857307434,-0.0,0.13052619993686676,0.0,0.0048975334502756596,-3.847479547403054e-06,-0.05743739381432533,-0.6765674948692322,0.7343704700469971,-0.042795270681381226,-0.03354250267148018,4.76837147544984e-09,-2.98023217215615e-10,-0.03276757150888443,-0.7071068286895752,0.7071068286895752,0.0,0.0,2.38418573772492e-09,0.0,-0.016709718853235245,-0.8419820070266724,0.5395057201385498,0.0,0.0,0.0,0.0,-0.01388302817940712,-1.0,-0.0,0.0,0.0
1782948365.5411212,2026-07-01 19:26:05.541,16746.0,16746,left,0,1,fist,3,0.0,0.003969999961555004,-0.04999999701976776,-1.0,-0.0,0.0,0.0,0.0,0.0,0.0,-1.0,-0.0,0.0,0.0,0.025476500391960144,-0.012044699862599373,-0.022234899923205376,-0.7446556091308594,0.05754144862294197,0.37878498435020447,0.5465336441993713,-5.7220457705398076e-08,-4.3511388270189855e-08,-0.027230437844991684,-0.9331603050231934,0.3594605028629303,0.0,0.0,3.5762786065873797e-09,6.318092005130893e-08,-0.031859491020441055,-0.8462478518486023,0.5327895283699036,0.0,0.0,2.384185648907078e-08,0.0,-0.023122519254684448,-1.0,-0.0,0.0,0.0,0.012359999120235443,0.0032300001475960016,-0.017000000923871994,-0.9990482330322266,-0.0,0.04361938685178757,0.0,0.0021501504816114902,-3.890097104886081e-06,-0.06502876430749893,-0.7173539996147156,0.6967089772224426,9.470057557336986e-05,9.197514737024903e-05,-9.53674295089968e-09,-9.53674295089968e-09,-0.036917347460985184,-0.7071068286895752,0.7071068286895752,0.0,0.0,-2.8610228852699038e-08,-2.98023217215615e-10,-0.0216355137526989,-0.9304175972938538,0.36650118231773376,0.0,0.0,1.2636184010261786e-07,2.98023217215615e-10,-0.018689393997192383,-1.0,-0.0,0.0,0.0,0.0,0.003969999961555004,-0.01750910095870495,-1.0,-0.0,0.0,0.0,0.0,4.610121322912164e-06,-0.06379090249538422,-0.8195698857307434,0.5729792714118958,0.0,0.0,0.0,2.98023217215615e-10,-0.044606998562812805,-0.6523886919021606,0.7578845620155334,0.0,0.0,0.0,0.0,-0.023475991562008858,-0.9401955008506775,0.3406354486942291,0.0,0.0,0.0,0.0,-0.019651994109153748,-1.0,-0.0,0.0,0.0,-0.00711638992652297,0.0018999999156221747,-0.016959700733423233,-0.9961947202682495,-0.0,-0.08715574443340302,0.0,0.0005882433033548295,0.0,-0.060253534466028214,-0.8324097394943237,0.5533968210220337,0.02422158420085907,0.016104886308312416,-1.1086464013487785e-07,-1.490116086078075e-10,-0.04255366697907448,-0.6577495336532593,0.753236711025238,0.0,0.0,4.5299529460862686e-08,0.0,-0.022088106721639633,-0.9089136123657227,0.41698455810546875,0.0,0.0,-1.4305114426349519e-08,0.0,-0.017740696668624878,-1.0,-0.0,0.0,0.0,-0.013503500260412693,-0.0037700000684708357,-0.014087299816310406,-0.9914448857307434,-0.0,-0.13052619993686676,0.0,-0.004897483624517918,-3.8501621020259336e-06,-0.05743739381432533,-0.7580176591873169,0.6507753133773804,0.022005444392561913,0.03763778135180473,5.4836270635405526e-08,-2.98023217215615e-10,-0.03276759013533592,-0.7076576352119446,0.7065555453300476,0.0,0.0,-9.298324243900424e-08,0.0,-0.01670967973768711,-0.8423326015472412,0.5389580726623535,0.0,0.0,6.19888282926695e-08,0.0,-0.013883084990084171,-1.0,-0.0,0.0,0.0
1782948365.5742116,2026-07-01 19:26:05.574,5538.0,5538,right,0,2,fist,3,0.0,0.003969999961555004,-0.04999999701976776,-1.0,-0.0,0.0,0.0,0.0,0.0,0.0,-1.0,-0.0,0.0,0.0,-0.025476505979895592,-0.012044684961438179,-0.022234933450818062,-0.7382166981697083,0.09777171909809113,-0.38033372163772583,-0.5484734177589417,0.0,1.19209286886246e-09,-0.02723044343292713,-0.9098348617553711,0.4149704873561859,0.0,0.0,2.38418573772492e-09,-1.19209286886246e-09,-0.031859468668699265,-0.812966525554657,0.5823104977607727,0.0,0.0,0.0,-3.5762786065873797e-09,-0.023122519254684448,-1.0,-0.0,0.0,0.0,-0.012360505759716034,0.0032300001475960016,-0.016998957842588425,-0.9990482330322266,-0.0,-0.04361938685178757,0.0,-0.002149570034816861,-3.8927792047616094e-06,-0.06502974033355713,-0.7086129784584045,0.7055973410606384,-2.3088105081114918e-05,-2.2989850549492985e-05,0.0,0.0,-0.03691747412085533,-0.7071068286895752,0.7071068286895752,0.0,0.0,-2.38418573772492e-09,-2.98023217215615e-10,-0.02163529396057129,-0.9304175972938538,0.36650118231773376,0.0,0.0,0.0,2.98023217215615e-10,-0.01868978515267372,-1.0,-0.0,0.0,0.0,0.0,0.003969999961555004,-0.017509059980511665,-1.0,-0.0,0.0,0.0,0.0,4.611611075233668e-06,-0.0637909397482872,-0.7112206816673279,0.7029688358306885,0.0,0.0,0.0,2.98023217215615e-10,-0.04460655897855759,-0.6427876353263855,0.7660444974899292,0.0,0.0,0.0,-2.98023217215615e-10,-0.02347646653652191,-0.9396926760673523,0.34202009439468384,0.0,0.0,0.0,0.0,-0.019652195274829865,-1.0,-0.0,0.0,0.0,0.00711638480424881,0.0018999999156221747,-0.016959700733423233,-0.9961947202682495,-0.0,0.08715574443340302,0.0,-0.0005882382392883301,0.0,-0.060253534466028214,-0.7155221700668335,0.6973228454589844,-0.030119962990283966,-0.029353858903050423,1.19209286886246e-09,-1.490116086078075e-10,-0.04255415499210358,-0.6427876353263855,0.7660444974899292,0.0,0.0,-2.38418573772492e-09,0.0,-0.02208789810538292,-0.9063078761100769,0.4226182699203491,0.0,0.0,0.0,0.0,-0.017740869894623756,-1.0,-0.0,0.0,0.0,0.013503451831638813,-0.0037700000684708357,-0.014087309129536152,-0.9914448857307434,-0.0,0.13052619993686676,0.0,0.0048975334502756596,-3.847479547403054e-06,-0.05743739381432533,-0.6765674948692322,0.7343704700469971,-0.042795270681381226,-0.03354250267148018,4.76837147544984e-09,-2.98023217215615e-10,-0.03276757150888443,-0.7071068286895752,0.7071068286895752,0.0,0.0,2.38418573772492e-09,0.0,-0.016709718853235245,-0.8419820070266724,0.5395057201385498,0.0,0.0,0.0,0.0,-0.01388302817940712,-1.0,-0.0,0.0,0.0
