wall_time,iso_time,timestamp,packet_counter,hand_side,frame_id,status,pose,take,PALM_x,PALM_y,PALM_z,PALM_qw,PALM_qx,PALM_qy,PALM_qz,WRIST_x,WRIST_y,WRIST_z,WRIST_qw,WRIST_qx,WRIST_qy,WRIST_qz,THUMB_METACARPAL_x,THUMB_METACARPAL_y,THUMB_METACARPAL_z,THUMB_METACARPAL_qw,THUMB_METACARPAL_qx,THUMB_METACARPAL_qy,THUMB_METACARPAL_qz,THUMB_PROXIMAL_x,THUMB_PROXIMAL_y,THUMB_PROXIMAL_z,THUMB_PROXIMAL_qw,THUMB_PROXIMAL_qx,THUMB_PROXIMAL_qy,THUMB_PROXIMAL_qz,THUMB_DISTAL_x,THUMB_DISTAL_y,THUMB_DISTAL_z,THUMB_DISTAL_qw,THUMB_DISTAL_qx,THUMB_DISTAL_qy,THUMB_DISTAL_qz,THUMB_TIP_x,THUMB_TIP_y,THUMB_TIP_z,THUMB_TIP_qw,THUMB_TIP_qx,THUMB_TIP_qy,THUMB_TIP_qz,INDEX_METACARPAL_x,INDEX_METACARPAL_y,INDEX_METACARPAL_z,INDEX_METACARPAL_qw,INDEX_METACARPAL_qx,INDEX_METACARPAL_qy,INDEX_METACARPAL_qz,INDEX_PROXIMAL_x,INDEX_PROXIMAL_y,INDEX_PROXIMAL_z,INDEX_PROXIMAL_qw,INDEX_PROXIMAL_qx,INDEX_PROXIMAL_qy,INDEX_PROXIMAL_qz,INDEX_INTERMEDIATE_x,INDEX_INTERMEDIATE_y,INDEX_INTERMEDIATE_z,INDEX_INTERMEDIATE_qw,INDEX_INTERMEDIATE_qx,INDEX_INTERMEDIATE_qy,INDEX_INTERMEDIATE_qz,INDEX_DISTAL_x,INDEX_DISTAL_y,INDEX_DISTAL_z,INDEX_DISTAL_qw,INDEX_DISTAL_qx,INDEX_DISTAL_qy,INDEX_DISTAL_qz,INDEX_TIP_x,INDEX_TIP_y,INDEX_TIP_z,INDEX_TIP_qw,INDEX_TIP_qx,INDEX_TIP_qy,INDEX_TIP_qz,MIDDLE_METACARPAL_x,MIDDLE_METACARPAL_y,MIDDLE_METACARPAL_z,MIDDLE_METACARPAL_qw,MIDDLE_METACARPAL_qx,MIDDLE_METACARPAL_qy,MIDDLE_METACARPAL_qz,MIDDLE_PROXIMAL_x,MIDDLE_PROXIMAL_y,MIDDLE_PROXIMAL_z,MIDDLE_PROXIMAL_qw,MIDDLE_PROXIMAL_qx,MIDDLE_PROXIMAL_qy,MIDDLE_PROXIMAL_qz,MIDDLE_INTERMEDIATE_x,MIDDLE_INTERMEDIATE_y,MIDDLE_INTERMEDIATE_z,MIDDLE_INTERMEDIATE_qw,MIDDLE_INTERMEDIATE_qx,MIDDLE_INTERMEDIATE_qy,MIDDLE_INTERMEDIATE_qz,MIDDLE_DISTAL_x,MIDDLE_DISTAL_y,MIDDLE_DISTAL_z,MIDDLE_DISTAL_qw,MIDDLE_DISTAL_qx,MIDDLE_DISTAL_qy,MIDDLE_DISTAL_qz,MIDDLE_TIP_x,MIDDLE_TIP_y,MIDDLE_TIP_z,MIDDLE_TIP_qw,MIDDLE_TIP_qx,MIDDLE_TIP_qy,MIDDLE_TIP_qz,RING_METACARPAL_x,RING_METACARPAL_y,RING_METACARPAL_z,RING_METACARPAL_qw,RING_METACARPAL_qx,RING_METACARPAL_qy,RING_METACARPAL_qz,RING_PROXIMAL_x,RING_PROXIMAL_y,RING_PROXIMAL_z,RING_PROXIMAL_qw,RING_PROXIMAL_qx,RING_PROXIMAL_qy,RING_PROXIMAL_qz,RING_INTERMEDIATE_x,RING_INTERMEDIATE_y,RING_INTERMEDIATE_z,RING_INTERMEDIATE_qw,RING_INTERMEDIATE_qx,RING_INTERMEDIATE_qy,RING_INTERMEDIATE_qz,RING_DISTAL_x,RING_DISTAL_y,RING_DISTAL_z,RING_DISTAL_qw,RING_DISTAL_qx,RING_DISTAL_qy,RING_DISTAL_qz,RING_TIP_x,RING_TIP_y,RING_TIP_z,RING_TIP_qw,RING_TIP_qx,RING_TIP_qy,RING_TIP_qz,LITTLE_METACARPAL_x,LITTLE_METACARPAL_y,LITTLE_METACARPAL_z,LITTLE_METACARPAL_qw,LITTLE_METACARPAL_qx,LITTLE_METACARPAL_qy,LITTLE_METACARPAL_qz,LITTLE_PROXIMAL_x,LITTLE_PROXIMAL_y,LITTLE_PROXIMAL_z,LITTLE_PROXIMAL_qw,LITTLE_PROXIMAL_qx,LITTLE_PROXIMAL_qy,LITTLE_PROXIMAL_qz,LITTLE_INTERMEDIATE_x,LITTLE_INTERMEDIATE_y,LITTLE_INTERMEDIATE_z,LITTLE_INTERMEDIATE_qw,LITTLE_INTERMEDIATE_qx,LITTLE_INTERMEDIATE_qy,LITTLE_INTERMEDIATE_qz,LITTLE_DISTAL_x,LITTLE_DISTAL_y,LITTLE_DISTAL_z,LITTLE_DISTAL_qw,LITTLE_DISTAL_qx,LITTLE_DISTAL_qy,LITTLE_DISTAL_qz,LITTLE_TIP_x,LITTLE_TIP_y,LITTLE_TIP_z,LITTLE_TIP_qw,LITTLE_TIP_qx,LITTLE_TIP_qy,LITTLE_TIP_qz
1782948371.7161913,2026-07-01 19:26:11.716,16795.0,16795,left,0,1,index_point,1,0.0,0.003969999961555004,-0.04999999701976776,-1.0,-0.0,0.0,0.0,0.0,0.0,0.0,-1.0,-0.0,0.0,0.0,0.025476500391960144,-0.012044699862599373,-0.022234899923205376,-0.7362073063850403,0.0948873907327652,0.3842087984085083,0.5489797592163086,-5.7220457705398076e-08,-4.3511388270189855e-08,-0.027230437844991684,-0.9098349213600159,0.41497036814689636,0.0,0.0,3.5762786065873797e-09,6.318092005130893e-08,-0.031859491020441055,-0.812966525554657,0.5823104977607727,0.0,0.0,2.384185648907078e-08,0.0,-0.023122519254684448,-1.0,-0.0,0.0,0.0,0.012359999120235443,0.0032300001475960016,-0.017000000923871994,-0.9990482330322266,-0.0,0.04361938685178757,0.0,0.0021501504816114902,-3.890097104886081e-06,-0.06502876430749893,-0.9999619722366333,-0.0,0.008726557716727257,0.0,-9.53674295089968e-09,-9.53674295089968e-09,-0.036917347460985184,-0.9969900250434875,0.0775301530957222,0.0,0.0,-2.8610228852699038e-08,-2.98023217215615e-10,-0.0216355137526989,-0.9959312081336975,0.090117447078228,0.0,0.0,1.2636184010261786e-07,2.98023217215615e-10,-0.018689393997192383,-1.0,-0.0,0.0,0.0,0.0,0.003969999961555004,-0.01750910095870495,-1.0,-0.0,0.0,0.0,0.0,4.610121322912164e-06,-0.06379090249538422,-0.752600371837616,0.6584775447845459,0.0,0.0,0.0,2.98023217215615e-10,-0.044606998562812805,-0.6427876353263855,0.7660444974899292,0.0,0.0,0.0,0.0,-0.023475991562008858,-0.9396926760673523,0.34202009439468384,0.0,0.0,0.0,0.0,-0.019651994109153748,-1.0,-0.0,0.0,0.0,-0.00711638992652297,0.0018999999156221747,-0.016959700733423233,-0.9961947202682495,-0.0,-0.08715574443340302,0.0,0.0005882433033548295,0.0,-0.060253534466028214,-0.7614136934280396,0.6471670866012573,0.02875225804746151,0.024439865723252296,-1.1086464013487785e-07,-1.490116086078075e-10,-0.04255366697907448,-0.6427876353263855,0.7660444974899292,0.0,0.0,4.5299529460862686e-08,0.0,-0.022088106721639633,-0.9063078761100769,0.4226182699203491,0.0,0.0,-1.4305114426349519e-08,0.0,-0.017740696668624878,-1.0,-0.0,0.0,0.0,-0.013503500260412693,-0.0037700000684708357,-0.014087299816310406,-0.9914448857307434,-0.0,-0.13052619993686676,0.0,-0.004897483624517918,-3.8501621020259336e-06,-0.05743739381432533,-0.6873873472213745,0.7243662476539612,0.04017788916826248,0.03431997075676918,5.4836270635405526e-08,-2.98023217215615e-10,-0.03276759013533592,-0.7071068286895752,0.7071068286895752,0.0,0.0,-9.298324243900424e-08,0.0,-0.01670967973768711,-0.8419820070266724,0.5395057201385498,0.0,0.0,6.19888282926695e-08,0.0,-0.013883084990084171,-1.0,-0.0,0.0,0.0
1782948371.7175279,2026-07-01 19:26:11.717,5890.0,5890,right,0,2,index_point,1,0.0,0.003969999961555004,-0.04999999701976776,-1.0,-0.0,0.0,0.0,0.0,0.0,0.0,-1.0,-0.0,0.0,0.0,-0.025476505979895592,-0.012044684961438179,-0.022234933450818062,-0.7382166981697083,0.09777171909809113,-0.38033372163772583,-0.5484734177589417,0.0,1.19209286886246e-09,-0.02723044343292713,-0.9098348617553711,0.4149704873561859,0.0,0.0,2.38418573772492e-09,-1.19209286886246e-09,-0.031859468668699265,-0.812966525554657,0.5823104977607727,0.0,0.0,0.0,-3.5762786065873797e-09,-0.023122519254684448,-1.0,-0.0,0.0,0.0,-0.012360505759716034,0.0032300001475960016,-0.016998957842588425,-0.9990482330322266,-0.0,-0.04361938685178757,0.0,-0.002149570034816861,-3.8927792047616094e-06,-0.06502974033355713,-0.9949048161506653,0.1006317138671875,-0.00611070217564702,-0.0006180276395753026,0.0,0.0,-0.03691747412085533,-0.9246501922607422,0.38081756234169006,0.0,0.0,-2.38418573772492e-09,-2.98023217215615e-10,-0.02163529396057129,-0.9740662574768066,0.22626306116580963,0.0,0.0,0.0,2.98023217215615e-10,-0.01868978515267372,-1.0,-0.0,0.0,0.0,0.0,0.003969999961555004,-0.017509059980511665,-1.0,-0.0,0.0,0.0,0.0,4.611611075233668e-06,-0.0637909397482872,-0.7112206816673279,0.7029688358306885,0.0,0.0,0.0,2.98023217215615e-10,-0.04460655897855759,-0.6427876353263855,0.7660444974899292,0.0,0.0,0.0,-2.98023217215615e-10,-0.02347646653652191,-0.9396926760673523,0.34202009439468384,0.0,0.0,0.0,0.0,-0.019652195274829865,-1.0,-0.0,0.0,0.0,0.00711638480424881,0.0018999999156221747,-0.016959700733423233,-0.9961947202682495,-0.0,0.08715574443340302,0.0,-0.0005882382392883301,0.0,-0.060253534466028214,-0.7133238315582275,0.6995487809181213,-0.03029705584049225,-0.02971198782324791,1.19209286886246e-09,-1.490116086078075e-10,-0.04255415499210358,-0.6427876353263855,0.7660444974899292,0.0,0.0,-2.38418573772492e-09,0.0,-0.02208789810538292,-0.9063078761100769,0.4226182699203491,0.0,0.0,0.0,0.0,-0.017740869894623756,-1.0,-0.0,0.0,0.0,0.013503451831638813,-0.0037700000684708357,-0.014087309129536152,-0.9914448857307434,-0.0,0.13052619993686676,0.0,0.0048975334502756596,-3.847479547403054e-06,-0.05743739381432533,-0.6765674948692322,0.7343704700469971,-0.042795270681381226,-0.03354250267148018,4.76837147544984e-09,-2.98023217215615e-10,-0.03276757150888443,-0.7071068286895752,0.7071068286895752,0.0,0.0,2.38418573772492e-09,0.0,-0.016709718853235245,-0.8419820070266724,0.5395057201385498,0.0,0.0,0.0,0.0,-0.01388302817940712,-1.0,-0.0,0.0,0.0
1782948371.930831,2026-07-01 19:26:11.930,16799.0,16799,left,0,1,index_point,1,0.0,0.003969999961555004,-0.04999999701976776,-1.0,-0.0,0.0,0.0,0.0,0.0,0.0,-1.0,-0.0,0.0,0.0,0.025476500391960144,-0.012044699862599373,-0.022234899923205376,-0.7362073063850403,0.0948873907327652,0.3842087984085083,0.5489797592163086,-5.7220457705398076e-08,-4.3511388270189855e-08,-0.027230437844991684,-0.9098349213600159,0.41497036814689636,0.0,0.0,3.5762786065873797e-09,6.318092005130893e-08,-0.031859491020441055,-0.812966525554657,0.5823104977607727,0.0,0.0,2.384185648907078e-08,0.0,-0.023122519254684448,-1.0,-0.0,0.0,0.0,0.012359999120235443,0.0032300001475960016,-0.017000000923871994,-0.9990482330322266,-0.0,0.04361938685178757,0.0,0.0021501504816114902,-3.890097104886081e-06,-0.06502876430749893,-0.9999619722366333,-0.0,0.008726557716727257,0.0,-9.53674295089968e-09,-9.53674295089968e-09,-0.036917347460985184,-0.9993493556976318,0.0360686257481575,0.0,0.0,-2.8610228852699038e-08,-2.98023217215615e-10,-0.0216355137526989,-0.999281644821167,0.037897396832704544,0.0,0.0,1.2636184010261786e-07,2.98023217215615e-10,-0.018689393997192383,-1.0,-0.0,0.0,0.0,0.0,0.003969999961555004,-0.01750910095870495,-1.0,-0.0,0.0,0.0,0.0,4.610121322912164e-06,-0.06379090249538422,-0.7836884260177612,0.6211541295051575,0.0,0.0,0.0,2.98023217215615e-10,-0.044606998562812805,-0.6436488032341003,0.7653210759162903,0.0,0.0,0.0,0.0,-0.023475991562008858,-0.9397357702255249,0.34190160036087036,0.0,0.0,0.0,0.0,-0.019651994109153748,-1.0,-0.0,0.0,0.0,-0.00711638992652297,0.0018999999156221747,-0.016959700733423233,-0.9961947202682495,-0.0,-0.08715574443340302,0.0,0.0005882433033548295,0.0,-0.060253534466028214,-0.7675780057907104,0.6398845911026001,0.028449395671486855,0.023716585710644722,-1.1086464013487785e-07,-1.490116086078075e-10,-0.04255366697907448,-0.6427876353263855,0.7660444974899292,0.0,0.0,4.5299529460862686e-08,0.0,-0.022088106721639633,-0.9063078761100769,0.4226182699203491,0.0,0.0,-1.4305114426349519e-08,0.0,-0.017740696668624878,-1.0,-0.0,0.0,0.0,-0.013503500260412693,-0.0037700000684708357,-0.014087299816310406,-0.9914448857307434,-0.0,-0.13052619993686676,0.0,-0.004897483624517918,-3.8501621020259336e-06,-0.05743739381432533,-0.7035491466522217,0.7088553309440613,0.03606942296028137,0.035238441079854965,5.4836270635405526e-08,-2.98023217215615e-10,-0.03276759013533592,-0.7071068286895752,0.7071068286895752,0.0,0.0,-9.298324243900424e-08,0.0,-0.01670967973768711,-0.8419820070266724,0.5395057201385498,0.0,0.0,6.19888282926695e-08,0.0,-0.013883084990084171,-1.0,-0.0,0.0,0.0
1782948371.9311032,2026-07-01 19:26:11.931,5919.0,5919,right,0,2,index_point,1,0.0,0.003969999961555004,-0.04999999701976776,-1.0,-0.0,0.0,0.0,0.0,0.0,0.0,-1.0,-0.0,0.0,0.0,-0.025476505979895592,-0.012044684961438179,-0.022234933450818062,-0.7600932121276855,0.06409543007612228,-0.3504733145236969,-0.5434322357177734,0.0,1.19209286886246e-09,-0.02723044343292713,-0.9397972226142883,0.34173262119293213,0.0,0.0,2.38418573772492e-09,-1.19209286886246e-09,-0.031859468668699265,-0.8575978875160217,0.5143207311630249,0.0,0.0,0.0,-3.5762786065873797e-09,-0.023122519254684448,-1.0,-0.0,0.0,0.0,-0.012360505759716034,0.0032300001475960016,-0.016998957842588425,-0.9990482330322266,-0.0,-0.04361938685178757,0.0,-0.002149570034816861,-3.8927792047616094e-06,-0.06502974033355713,-0.9999619722366333,-0.0,-0.008726464584469795,0.0,0.0,0.0,-0.03691747412085533,-0.9982379674911499,0.059337589889764786,0.0,0.0,-2.38418573772492e-09,-2.98023217215615e-10,-0.02163529396057129,-0.9976596832275391,0.0683755949139595,0.0,0.0,0.0,2.98023217215615e-10,-0.01868978515267372,-1.0,-0.0,0.0,0.0,0.0,0.003969999961555004,-0.017509059980511665,-1.0,-0.0,0.0,0.0,0.0,4.611611075233668e-06,-0.0637909397482872,-0.7112206816673279,0.7029688358306885,0.0,0.0,0.0,2.98023217215615e-10,-0.04460655897855759,-0.6427876353263855,0.7660444974899292,0.0,0.0,0.0,-2.98023217215615e-10,-0.02347646653652191,-0.9396926760673523,0.34202009439468384,0.0,0.0,0.0,0.0,-0.019652195274829865,-1.0,-0.0,0.0,0.0,0.00711638480424881,0.0018999999156221747,-0.016959700733423233,-0.9961947202682495,-0.0,0.08715574443340302,0.0,-0.0005882382392883301,0.0,-0.060253534466028214,-0.7133238315582275,0.6995487809181213,-0.03029705584049225,-0.02971198782324791,1.19209286886246e-09,-1.490116086078075e-10,-0.04255415499210358,-0.6427876353263855,0.7660444974899292,0.0,0.0,-2.38418573772492e-09,0.0,-0.02208789810538292,-0.9063078761100769,0.4226182699203491,0.0,0.0,0.0,0.0,-0.017740869894623756,-1.0,-0.0,0.0,0.0,0.013503451831638813,-0.0037700000684708357,-0.014087309129536152,-0.9914448857307434,-0.0,0.13052619993686676,0.0,0.0048975334502756596,-3.847479547403054e-06,-0.05743739381432533,-0.6783884763717651,0.732722818851471,-0.04221328720450401,-0.03353366628289223,4.76837147544984e-09,-2.98023217215615e-10,-0.03276757150888443,-0.7071068286895752,0.7071068286895752,0.0,0.0,2.38418573772492e-09,0.0,-0.016709718853235245,-0.8419820070266724,0.5395057201385498,0.0,0.0,0.0,0.0,-0.01388302817940712,-1.0,-0.0,0.0,0.0
1782948372.145861,2026-07-01 19:26:12.145,16800.0,16800,left,0,1,index_point,1,0.0,0.003969999961555004,-0.04999999701976776,-1.0,-0.0,0.0,0.0,0.0,0.0,0.0,-1.0,-0.0,0.0,0.0,0.025476500391960144,-0.012044699862599373,-0.022234899923205376,-0.7362073063850403,0.0948873907327652,0.3842087984085083,0.5489797592163086,-5.7220457705398076e-08,-4.3511388270189855e-08,-0.027230437844991684,-0.9098349213600159,0.41497036814689636,0.0,0.0,3.5762786065873797e-09,6.318092005130893e-08,-0.031859491020441055,-0.812966525554657,0.5823104977607727,0.0,0.0,2.384185648907078e-08,0.0,-0.023122519254684448,-1.0,-0.0,0.0,0.0,0.012359999120235443,0.0032300001475960016,-0.017000000923871994,-0.9990482330322266,-0.0,0.04361938685178757,0.0,0.0021501504816114902,-3.890097104886081e-06,-0.06502876430749893,-0.9999619722366333,-0.0,0.008726557716727257,0.0,-9.53674295089968e-09,-9.53674295089968e-09,-0.036917347460985184,-0.9993493556976318,0.0360686257481575,0.0,0.0,-2.8610228852699038e-08,-2.98023217215615e-10,-0.0216355137526989,-0.999281644821167,0.037897396832704544,0.0,0.0,1.2636184010261786e-07,2.98023217215615e-10,-0.018689393997192383,-1.0,-0.0,0.0,0.0,0.0,0.003969999961555004,-0.01750910095870495,-1.0,-0.0,0.0,0.0,0.0,4.610121322912164e-06,-0.06379090249538422,-0.8018304705619812,0.5975516438484192,0.0,0.0,0.0,2.98023217215615e-10,-0.044606998562812805,-0.6469621062278748,0.7625221610069275,0.0,0.0,0.0,0.0,-0.023475991562008858,-0.9399062395095825,0.34143269062042236,0.0,0.0,0.0,0.0,-0.019651994109153748,-1.0,-0.0,0.0,0.0,-0.00711638992652297,0.0018999999156221747,-0.016959700733423233,-0.9961947202682495,-0.0,-0.08715574443340302,0.0,0.0005882433033548295,0.0,-0.060253534466028214,-0.7752559185028076,0.6306115984916687,0.028049521148204803,0.022816145792603493,-1.1086464013487785e-07,-1.490116086078075e-10,-0.04255366697907448,-0.6429281234741211,0.7659265398979187,0.0,0.0,4.5299529460862686e-08,0.0,-0.022088106721639633,-0.9063320159912109,0.42256635427474976,0.0,0.0,-1.4305114426349519e-08,0.0,-0.017740696668624878,-1.0,-0.0,0.0,0.0,-0.013503500260412693,-0.0037700000684708357,-0.014087299816310406,-0.9914448857307434,-0.0,-0.13052619993686676,0.0,-0.004897483624517918,-3.8501621020259336e-06,-0.05743739381432533,-0.7192870378494263,0.6930370330810547,0.032037749886512756,0.03604802116751671,5.4836270635405526e-08,-2.98023217215615e-10,-0.03276759013533592,-0.7071068286895752,0.7071068286895752,0.0,0.0,-9.298324243900424e-08,0.0,-0.01670967973768711,-0.8419820070266724,0.5395057201385498,0.0,0.0,6.19888282926695e-08,0.0,-0.013883084990084171,-1.0,-0.0,0.0,0.0
1782948372.1460755,2026-07-01 19:26:12.146,5933.0,5933,right,0,2,index_point,1,0.0,0.003969999961555004,-0.04999999701976776,-1.0,-0.0,0.0,0.0,0.0,0.0,0.0,-1.0,-0.0,0.0,0.0,-0.025476505979895592,-0.012044684961438179,-0.022234933450818062,-0.7634443640708923,0.05667748302221298,-0.34586289525032043,-0.5425119400024414,0.0,1.19209286886246e-09,-0.02723044343292713,-0.9445580840110779,0.3283444344997406,0.0,0.0,2.38418573772492e-09,-1.19209286886246e-09,-0.031859468668699265,-0.8661654591560364,0.49975743889808655,0.0,0.0,0.0,-3.5762786065873797e-09,-0.023122519254684448,-1.0,-0.0,0.0,0.0,-0.012360505759716034,0.0032300001475960016,-0.016998957842588425,-0.9990482330322266,-0.0,-0.04361938685178757,0.0,-0.002149570034816861,-3.8927792047616094e-06,-0.06502974033355713,-0.9999619722366333,-0.0,-0.008726464584469795,0.0,0.0,0.0,-0.03691747412085533,-0.9991405606269836,0.04145072400569916,0.0,0.0,-2.38418573772492e-09,-2.98023217215615e-10,-0.02163529396057129,-0.9989849328994751,0.045045435428619385,0.0,0.0,0.0,2.98023217215615e-10,-0.01868978515267372,-1.0,-0.0,0.0,0.0,0.0,0.003969999961555004,-0.017509059980511665,-1.0,-0.0,0.0,0.0,0.0,4.611611075233668e-06,-0.0637909397482872,-0.7112206816673279,0.7029688358306885,0.0,0.0,0.0,2.98023217215615e-10,-0.04460655897855759,-0.6427876353263855,0.7660444974899292,0.0,0.0,0.0,-2.98023217215615e-10,-0.02347646653652191,-0.9396926760673523,0.34202009439468384,0.0,0.0,0.0,0.0,-0.019652195274829865,-1.0,-0.0,0.0,0.0,0.00711638480424881,0.0018999999156221747,-0.016959700733423233,-0.9961947202682495,-0.0,0.08715574443340302,0.0,-0.0005882382392883301,0.0,-0.060253534466028214,-0.7133238315582275,0.6995487809181213,-0.03029705584049225,-0.02971198782324791,1.19209286886246e-09,-1.490116086078075e-10,-0.04255415499210358,-0.6427876353263855,0.7660444974899292,0.0,0.0,-2.38418573772492e-09,0.0,-0.02208789810538292,-0.9063078761100769,0.4226182699203491,0.0,0.0,0.0,0.0,-0.017740869894623756,-1.0,-0.0,0.0,0.0,0.013503451831638813,-0.0037700000684708357,-0.014087309129536152,-0.9914448857307434,-0.0,0.13052619993686676,0.0,0.0048975334502756596,-3.847479547403054e-06,-0.05743739381432533,-0.6874284744262695,0.7244144678115845,-0.03929932788014412,-0.0334862619638443,4.76837147544984e-09,-2.98023217215615e-10,-0.03276757150888443,-0.7071068286895752,0.7071068286895752,0.0,0.0,2.38418573772492e-09,0.0,-0.016709718853235245,-0.8419820070266724,0.5395057201385498,0.0,0.0,0.0,0.0,-0.01388302817940712,-1.0,-0.0,0.0,0.0
1782948372.3472826,2026-07-01 19:26:12.347,5943.0,5943,right,0,2,index_point,1,0.0,0.003969999961555004,-0.04999999701976776,-1.0,-0.0,0.0,0.0,0.0,0.0,0.0,-1.0,-0.0,0.0,0.0,-0.025476505979895592,-0.012044684961438179,-0.022234933450818062,-0.7651495337486267,0.05265016481280327,-0.34350284934043884,-0.5420147776603699,0.0,1.19209286886246e-09,-0.02723044343292713,-0.9469868540763855,0.3212723135948181,0.0,0.0,2.38418573772492e-09,-1.19209286886246e-09,-0.031859468668699265,-0.8706738948822021,0.4918608069419861,0.0,0.0,0.0,-3.5762786065873797e-09,-0.023122519254684448,-1.0,-0.0,0.0,0.0,-0.012360505759716034,0.0032300001475960016,-0.016998957842588425,-0.9990482330322266,-0.0,-0.04361938685178757,0.0,-0.002149570034816861,-3.8927792047616094e-06,-0.06502974033355713,-0.9999619722366333,-0.0,-0.008726464584469795,0.0,0.0,0.0,-0.03691747412085533,-0.9991405606269836,0.04145072400569916,0.0,0.0,-2.38418573772492e-09,-2.98023217215615e-10,-0.02163529396057129,-0.9989849328994751,0.045045435428619385,0.0,0.0,0.0,2.98023217215615e-10,-0.01868978515267372,-1.0,-0.0,0.0,0.0,0.0,0.003969999961555004,-0.017509059980511665,-1.0,-0.0,0.0,0.0,0.0,4.611611075233668e-06,-0.0637909397482872,-0.7112206816673279,0.7029688358306885,0.0,0.0,0.0,2.98023217215615e-10,-0.04460655897855759,-0.6427876353263855,0.7660444974899292,0.0,0.0,0.0,-2.98023217215615e-10,-0.02347646653652191,-0.9396926760673523,0.34202009439468384,0.0,0.0,0.0,0.0,-0.019652195274829865,-1.0,-0.0,0.0,0.0,0.00711638480424881,0.0018999999156221747,-0.016959700733423233,-0.9961947202682495,-0.0,0.08715574443340302,0.0,-0.0005882382392883301,0.0,-0.060253534466028214,-0.7133238315582275,0.6995487809181213,-0.03029705584049225,-0.02971198782324791,1.19209286886246e-09,-1.490116086078075e-10,-0.04255415499210358,-0.6427876353263855,0.7660444974899292,0.0,0.0,-2.38418573772492e-09,0.0,-0.02208789810538292,-0.9063078761100769,0.4226182699203491,0.0,0.0,0.0,0.0,-0.017740869894623756,-1.0,-0.0,0.0,0.0,0.013503451831638813,-0.0037700000684708357,-0.014087309129536152,-0.9914448857307434,-0.0,0.13052619993686676,0.0,0.0048975334502756596,-3.847479547403054e-06,-0.05743739381432533,-0.6874284744262695,0.7244144678115845,-0.03929932788014412,-0.0334862619638443,4.76837147544984e-09,-2.98023217215615e-10,-0.03276757150888443,-0.7071068286895752,0.7071068286895752,0.0,0.0,2.38418573772492e-09,0.0,-0.016709718853235245,-0.8419820070266724,0.5395057201385498,0.0,0.0,0.0,0.0,-0.01388302817940712,-1.0,-0.0,0.0,0.0
1782948372.3485951,2026-07-01 19:26:12.348,16802.0,16802,left,0,1,index_point,1,0.0,0.003969999961555004,-0.04999999701976776,-1.0,-0.0,0.0,0.0,0.0,0.0,0.0,-1.0,-0.0,0.0,0.0,0.025476500391960144,-0.012044699862599373,-0.022234899923205376,-0.7370384931564331,0.08987507224082947,0.3840407431125641,0.5488255023956299,-5.7220457705398076e-08,-4.3511388270189855e-08,-0.027230437844991684,-0.9131045341491699,0.4077254831790924,0.0,0.0,3.5762786065873797e-09,6.318092005130893e-08,-0.031859491020441055,-0.8169263005256653,0.5767421126365662,0.0,0.0,2.384185648907078e-08,0.0,-0.023122519254684448,-1.0,-0.0,0.0,0.0,0.012359999120235443,0.0032300001475960016,-0.017000000923871994,-0.9990482330322266,-0.0,0.04361938685178757,0.0,0.0021501504816114902,-3.890097104886081e-06,-0.06502876430749893,-0.9999619722366333,-0.0,0.008726557716727257,0.0,-9.53674295089968e-09,-9.53674295089968e-09,-0.036917347460985184,-0.9993493556976318,0.0360686257481575,0.0,0.0,-2.8610228852699038e-08,-2.98023217215615e-10,-0.0216355137526989,-0.999281644821167,0.037897396832704544,0.0,0.0,1.2636184010261786e-07,2.98023217215615e-10,-0.018689393997192383,-1.0,-0.0,0.0,0.0,0.0,0.003969999961555004,-0.01750910095870495,-1.0,-0.0,0.0,0.0,0.0,4.610121322912164e-06,-0.06379090249538422,-0.811123788356781,0.5848745107650757,0.0,0.0,0.0,2.98023217215615e-10,-0.044606998562812805,-0.6495407223701477,0.7603268623352051,0.0,0.0,0.0,0.0,-0.023475991562008858,-0.9400423169136047,0.34105798602104187,0.0,0.0,0.0,0.0,-0.019651994109153748,-1.0,-0.0,0.0,0.0,-0.00711638992652297,0.0018999999156221747,-0.016959700733423233,-0.9961947202682495,-0.0,-0.08715574443340302,0.0,0.0005882433033548295,0.0,-0.060253534466028214,-0.7845090627670288,0.6191245317459106,0.02753450907766819,0.021730320528149605,-1.1086464013487785e-07,-1.490116086078075e-10,-0.04255366697907448,-0.6437596082687378,0.7652278542518616,0.0,0.0,4.5299529460862686e-08,0.0,-0.022088106721639633,-0.9064756631851196,0.4222581386566162,0.0,0.0,-1.4305114426349519e-08,0.0,-0.017740696668624878,-1.0,-0.0,0.0,0.0,-0.013503500260412693,-0.0037700000684708357,-0.014087299816310406,-0.9914448857307434,-0.0,-0.13052619993686676,0.0,-0.004897483624517918,-3.8501621020259336e-06,-0.05743739381432533,-0.7279393672943115,0.6840225458145142,0.02981180138885975,0.036452505737543106,5.4836270635405526e-08,-2.98023217215615e-10,-0.03276759013533592,-0.7071068286895752,0.7071068286895752,0.0,0.0,-9.298324243900424e-08,0.0,-0.01670967973768711,-0.8419820070266724,0.5395057201385498,0.0,0.0,6.19888282926695e-08,0.0,-0.013883084990084171,-1.0,-0.0,0.0,0.0
1782948372.554611,2026-07-01 19:26:12.554,5957.0,5957,right,0,2,index_point,1,0.0,0.003969999961555004,-0.04999999701976776,-1.0,-0.0,0.0,0.0,0.0,0.0,0.0,-1.0,-0.0,0.0,0.0,-0.025476505979895592,-0.012044684961438179,-0.022234933450818062,-0.7659274339675903,0.050754614174366,-0.34242233633995056,-0.5417804718017578,0.0,1.19209286886246e-09,-0.02723044343292713,-0.9480957984924316,0.3179848790168762,0.0,0.0,2.38418573772492e-09,-1.19209286886246e-09,-0.031859468668699265,-0.8727625012397766,0.4881451427936554,0.0,0.0,0.0,-3.5762786065873797e-09,-0.023122519254684448,-1.0,-0.0,0.0,0.0,-0.012360505759716034,0.0032300001475960016,-0.016998957842588425,-0.9990482330322266,-0.0,-0.04361938685178757,0.0,-0.002149570034816861,-3.8927792047616094e-06,-0.06502974033355713,-0.9999619722366333,-0.0,-0.008726464584469795,0.0,0.0,0.0,-0.03691747412085533,-0.9991405606269836,0.04145072400569916,0.0,0.0,-2.38418573772492e-09,-2.98023217215615e-10,-0.02163529396057129,-0.9989849328994751,0.045045435428619385,0.0,0.0,0.0,2.98023217215615e-10,-0.01868978515267372,-1.0,-0.0,0.0,0.0,0.0,0.003969999961555004,-0.017509059980511665,-1.0,-0.0,0.0,0.0,0.0,4.611611075233668e-06,-0.0637909397482872,-0.7112206816673279,0.7029688358306885,0.0,0.0,0.0,2.98023217215615e-10,-0.04460655897855759,-0.6427876353263855,0.7660444974899292,0.0,0.0,0.0,-2.98023217215615e-10,-0.02347646653652191,-0.9396926760673523,0.34202009439468384,0.0,0.0,0.0,0.0,-0.019652195274829865,-1.0,-0.0,0.0,0.0,0.00711638480424881,0.0018999999156221747,-0.016959700733423233,-0.9961947202682495,-0.0,0.08715574443340302,0.0,-0.0005882382392883301,0.0,-0.060253534466028214,-0.7133238315582275,0.6995487809181213,-0.03029705584049225,-0.02971198782324791,1.19209286886246e-09,-1.490116086078075e-10,-0.04255415499210358,-0.6427876353263855,0.7660444974899292,0.0,0.0,-2.38418573772492e-09,0.0,-0.02208789810538292,-0.9063078761100769,0.4226182699203491,0.0,0.0,0.0,0.0,-0.017740869894623756,-1.0,-0.0,0.0,0.0,0.013503451831638813,-0.0037700000684708357,-0.014087309129536152,-0.9914448857307434,-0.0,0.13052619993686676,0.0,0.0048975334502756596,-3.847479547403054e-06,-0.05743739381432533,-0.6874284744262695,0.7244144678115845,-0.03929932788014412,-0.0334862619638443,4.76837147544984e-09,-2.98023217215615e-10,-0.03276757150888443,-0.7071068286895752,0.7071068286895752,0.0,0.0,2.38418573772492e-09,0.0,-0.016709718853235245,-0.8419820070266724,0.5395057201385498,0.0,0.0,0.0,0.0,-0.01388302817940712,-1.0,-0.0,0.0,0.0
1782948372.5671282,2026-07-01 19:26:12.567,16804.0,16804,left,0,1,index_point,1,0.0,0.003969999961555004,-0.04999999701976776,-1.0,-0.0,0.0,0.0,0.0,0.0,0.0,-1.0,-0.0,0.0,0.0,0.025476500391960144,-0.012044699862599373,-0.022234899923205376,-0.7375426888465881,0.0871042013168335,0.383868008852005,0.5487158298492432,-5.7220457705398076e-08,-4.3511388270189855e-08,-0.027230437844991684,-0.9148949384689331,0.40369197726249695,0.0,0.0,3.5762786065873797e-09,6.318092005130893e-08,-0.031859491020441055,-0.8191965818405151,0.573512852191925,0.0,0.0,2.384185648907078e-08,0.0,-0.023122519254684448,-1.0,-0.0,0.0,0.0,0.012359999120235443,0.0032300001475960016,-0.017000000923871994,-0.9990482330322266,-0.0,0.04361938685178757,0.0,0.0021501504816114902,-3.890097104886081e-06,-0.06502876430749893,-0.9999619722366333,-0.0,0.008726557716727257,0.0,-9.53674295089968e-09,-9.53674295089968e-09,-0.036917347460985184,-0.9993493556976318,0.0360686257481575,0.0,0.0,-2.8610228852699038e-08,-2.98023217215615e-10,-0.0216355137526989,-0.999281644821167,0.037897396832704544,0.0,0.0,1.2636184010261786e-07,2.98023217215615e-10,-0.018689393997192383,-1.0,-0.0,0.0,0.0,0.0,0.003969999961555004,-0.01750910095870495,-1.0,-0.0,0.0,0.0,0.0,4.610121322912164e-06,-0.06379090249538422,-0.8148744702339172,0.5796375274658203,0.0,0.0,0.0,2.98023217215615e-10,-0.044606998562812805,-0.6507543921470642,0.7592883706092834,0.0,0.0,0.0,0.0,-0.023475991562008858,-0.9401072859764099,0.3408787250518799,0.0,0.0,0.0,0.0,-0.019651994109153748,-1.0,-0.0,0.0,0.0,-0.00711638992652297,0.0018999999156221747,-0.016959700733423233,-0.9961947202682495,-0.0,-0.08715574443340302,0.0,0.0005882433033548295,0.0,-0.060253534466028214,-0.7885667681694031,0.6139753460884094,0.027296317741274834,0.02125461772084236,-1.1086464013487785e-07,-1.490116086078075e-10,-0.04255366697907448,-0.6443557143211365,0.764725923538208,0.0,0.0,4.5299529460862686e-08,0.0,-0.022088106721639633,-0.9065788388252258,0.42203661799430847,0.0,0.0,-1.4305114426349519e-08,0.0,-0.017740696668624878,-1.0,-0.0,0.0,0.0,-0.013503500260412693,-0.0037700000684708357,-0.014087299816310406,-0.9914448857307434,-0.0,-0.13052619993686676,0.0,-0.004897483624517918,-3.8501621020259336e-06,-0.05743739381432533,-0.7356958389282227,0.6757400631904602,0.027806270867586136,0.03679434955120087,5.4836270635405526e-08,-2.98023217215615e-10,-0.03276759013533592,-0.7071068286895752,0.7071068286895752,0.0,0.0,-9.298324243900424e-08,0.0,-0.01670967973768711,-0.8419820070266724,0.5395057201385498,0.0,0.0,6.19888282926695e-08,0.0,-0.013883084990084171,-1.0,-0.0,0.0,0.0
1782948372.76701,2026-07-01 19:26:12.767,5969.0,5969,right,0,2,index_point,1,0.0,0.003969999961555004,-0.04999999701976776,-1.0,-0.0,0.0,0.0,0.0,0.0,0.0,-1.0,-0.0,0.0,0.0,-0.025476505979895592,-0.012044684961438179,-0.022234933450818062,-0.7670837640762329,0.04787028208374977,-0.34081128239631653,-0.5414228439331055,0.0,1.19209286886246e-09,-0.02723044343292713,-0.9497439861297607,0.3130277097225189,0.0,0.0,2.38418573772492e-09,-1.19209286886246e-09,-0.031859468668699265,-0.8759008049964905,0.48249131441116333,0.0,0.0,0.0,-3.5762786065873797e-09,-0.023122519254684448,-1.0,-0.0,0.0,0.0,-0.012360505759716034,0.0032300001475960016,-0.016998957842588425,-0.9990482330322266,-0.0,-0.04361938685178757,0.0,-0.002149570034816861,-3.8927792047616094e-06,-0.06502974033355713,-0.9999619722366333,-0.0,-0.008726464584469795,0.0,0.0,0.0,-0.03691747412085533,-0.9991405606269836,0.04145072400569916,0.0,0.0,-2.38418573772492e-09,-2.98023217215615e-10,-0.02163529396057129,-0.9989849328994751,0.045045435428619385,0.0,0.0,0.0,2.98023217215615e-10,-0.01868978515267372,-1.0,-0.0,0.0,0.0,0.0,0.003969999961555004,-0.017509059980511665,-1.0,-0.0,0.0,0.0,0.0,4.611611075233668e-06,-0.0637909397482872,-0.7112206816673279,0.7029688358306885,0.0,0.0,0.0,2.98023217215615e-10,-0.04460655897855759,-0.6427876353263855,0.7660444974899292,0.0,0.0,0.0,-2.98023217215615e-10,-0.02347646653652191,-0.9396926760673523,0.34202009439468384,0.0,0.0,0.0,0.0,-0.019652195274829865,-1.0,-0.0,0.0,0.0,0.00711638480424881,0.0018999999156221747,-0.016959700733423233,-0.9961947202682495,-0.0,0.08715574443340302,0.0,-0.0005882382392883301,0.0,-0.060253534466028214,-0.7133238315582275,0.6995487809181213,-0.03029705584049225,-0.02971198782324791,1.19209286886246e-09,-1.490116086078075e-10,-0.04255415499210358,-0.6427876353263855,0.7660444974899292,0.0,0.0,-2.38418573772492e-09,0.0,-0.02208789810538292,-0.9063078761100769,0.4226182699203491,0.0,0.0,0.0,0.0,-0.017740869894623756,-1.0,-0.0,0.0,0.0,0.013503451831638813,-0.0037700000684708357,-0.014087309129536152,-0.9914448857307434,-0.0,0.13052619993686676,0.0,0.0048975334502756596,-3.847479547403054e-06,-0.05743739381432533,-0.6922974586486816,0.7198476195335388,-0.03775104135274887,-0.033444445580244064,4.76837147544984e-09,-2.98023217215615e-10,-0.03276757150888443,-0.7071068286895752,0.7071068286895752,0.0,0.0,2.38418573772492e-09,0.0,-0.016709718853235245,-0.8419820070266724,0.5395057201385498,0.0,0.0,0.0,0.0,-0.01388302817940712,-1.0,-0.0,0.0,0.0
1782948372.7678125,2026-07-01 19:26:12.767,16806.0,16806,left,0,1,index_point,1,0.0,0.003969999961555004,-0.04999999701976776,-1.0,-0.0,0.0,0.0,0.0,0.0,0.0,-1.0,-0.0,0.0,0.0,0.025476500391960144,-0.012044699862599373,-0.022234899923205376,-0.7379913330078125,0.08477500081062317,0.3836784362792969,0.5486100316047668,-5.7220457705398076e-08,-4.3511388270189855e-08,-0.027230437844991684,-0.916390597820282,0.4002853333950043,0.0,0.0,3.5762786065873797e-09,6.318092005130893e-08,-0.031859491020441055,-0.8211490511894226,0.5707137584686279,0.0,0.0,2.384185648907078e-08,0.0,-0.023122519254684448,-1.0,-0.0,0.0,0.0,0.012359999120235443,0.0032300001475960016,-0.017000000923871994,-0.9990482330322266,-0.0,0.04361938685178757,0.0,0.0021501504816114902,-3.890097104886081e-06,-0.06502876430749893,-0.9999619722366333,-0.0,0.008726557716727257,0.0,-9.53674295089968e-09,-9.53674295089968e-09,-0.036917347460985184,-0.9993493556976318,0.0360686257481575,0.0,0.0,-2.8610228852699038e-08,-2.98023217215615e-10,-0.0216355137526989,-0.999281644821167,0.037897396832704544,0.0,0.0,1.2636184010261786e-07,2.98023217215615e-10,-0.018689393997192383,-1.0,-0.0,0.0,0.0,0.0,0.003969999961555004,-0.01750910095870495,-1.0,-0.0,0.0,0.0,0.0,4.610121322912164e-06,-0.06379090249538422,-0.8167495131492615,0.5769924521446228,0.0,0.0,0.0,2.98023217215615e-10,-0.044606998562812805,-0.6513873338699341,0.7587454319000244,0.0,0.0,0.0,0.0,-0.023475991562008858,-0.9401413202285767,0.3407849371433258,0.0,0.0,0.0,0.0,-0.019651994109153748,-1.0,-0.0,0.0,0.0,-0.00711638992652297,0.0018999999156221747,-0.016959700733423233,-0.9961947202682495,-0.0,-0.08715574443340302,0.0,0.0005882433033548295,0.0,-0.060253534466028214,-0.7912700176239014,0.6105057001113892,0.02713494375348091,0.020936010405421257,-1.1086464013487785e-07,-1.490116086078075e-10,-0.04255366697907448,-0.6447821259498596,0.7643664479255676,0.0,0.0,4.5299529460862686e-08,0.0,-0.022088106721639633,-0.9066526293754578,0.42187803983688354,0.0,0.0,-1.4305114426349519e-08,0.0,-0.017740696668624878,-1.0,-0.0,0.0,0.0,-0.013503500260412693,-0.0037700000684708357,-0.014087299816310406,-0.9914448857307434,-0.0,-0.13052619993686676,0.0,-0.004897483624517918,-3.8501621020259336e-06,-0.05743739381432533,-0.7356958389282227,0.6757400631904602,0.027806270867586136,0.03679434955120087,5.4836270635405526e-08,-2.98023217215615e-10,-0.03276759013533592,-0.7071068286895752,0.7071068286895752,0.0,0.0,-9.298324243900424e-08,0.0,-0.01670967973768711,-0.8419820070266724,0.5395057201385498,0.0,0.0,6.19888282926695e-08,0.0,-0.013883084990084171,-1.0,-0.0,0.0,0.0
1782948372.9743264,2026-07-01 19:26:12.974,16807.0,16807,left,0,1,index_point,1,0.0,0.003969999961555004,-0.04999999701976776,-1.0,-0.0,0.0,0.0,0.0,0.0,0.0,-1.0,-0.0,0.0,0.0,0.025476500391960144,-0.012044699862599373,-0.022234899923205376,-0.7379913330078125,0.08477500081062317,0.3836784362792969,0.5486100316047668,-5.7220457705398076e-08,-4.3511388270189855e-08,-0.027230437844991684,-0.916390597820282,0.4002853333950043,0.0,0.0,3.5762786065873797e-09,6.318092005130893e-08,-0.031859491020441055,-0.8211490511894226,0.5707137584686279,0.0,0.0,2.384185648907078e-08,0.0,-0.023122519254684448,-1.0,-0.0,0.0,0.0,0.012359999120235443,0.0032300001475960016,-0.017000000923871994,-0.9990482330322266,-0.0,0.04361938685178757,0.0,0.0021501504816114902,-3.890097104886081e-06,-0.06502876430749893,-0.9999619722366333,-0.0,0.008726557716727257,0.0,-9.53674295089968e-09,-9.53674295089968e-09,-0.036917347460985184,-0.9993493556976318,0.0360686257481575,0.0,0.0,-2.8610228852699038e-08,-2.98023217215615e-10,-0.0216355137526989,-0.999281644821167,0.037897396832704544,0.0,0.0,1.2636184010261786e-07,2.98023217215615e-10,-0.018689393997192383,-1.0,-0.0,0.0,0.0,0.0,0.003969999961555004,-0.01750910095870495,-1.0,-0.0,0.0,0.0,0.0,4.610121322912164e-06,-0.06379090249538422,-0.8195698857307434,0.5729792714118958,0.0,0.0,0.0,2.98023217215615e-10,-0.044606998562812805,-0.6523886919021606,0.7578845620155334,0.0,0.0,0.0,0.0,-0.023475991562008858,-0.9401955008506775,0.3406354486942291,0.0,0.0,0.0,0.0,-0.019651994109153748,-1.0,-0.0,0.0,0.0,-0.00711638992652297,0.0018999999156221747,-0.016959700733423233,-0.9961947202682495,-0.0,-0.08715574443340302,0.0,0.0005882433033548295,0.0,-0.060253534466028214,-0.7995275855064392,0.5997070670127869,0.026618411764502525,0.019965851679444313,-1.1086464013487785e-07,-1.490116086078075e-10,-0.04255366697907448,-0.6464895606040955,0.7629228830337524,0.0,0.0,4.5299529460862686e-08,0.0,-0.022088106721639633,-0.9069486260414124,0.42124125361442566,0.0,0.0,-1.4305114426349519e-08,0.0,-0.017740696668624878,-1.0,-0.0,0.0,0.0,-0.013503500260412693,-0.0037700000684708357,-0.014087299816310406,-0.9914448857307434,-0.0,-0.13052619993686676,0.0,-0.004897483624517918,-3.8501621020259336e-06,-0.05743739381432533,-0.7438346147537231,0.6668369174003601,0.025697387754917145,0.03712524473667145,5.4836270635405526e-08,-2.98023217215615e-10,-0.03276759013533592,-0.7071073055267334,0.7071062922477722,0.0,0.0,-9.298324243900424e-08,0.0,-0.01670967973768711,-0.8419821858406067,0.5395053625106812,0.0,0.0,6.19888282926695e-08,0.0,-0.013883084990084171,-1.0,-0.0,0.0,0.0
1782948372.974545,2026-07-01 19:26:12.974,5982.0,5982,right,0,2,index_point,1,0.0,0.003969999961555004,-0.04999999701976776,-1.0,-0.0,0.0,0.0,0.0,0.0,0.0,-1.0,-0.0,0.0,0.0,-0.025476505979895592,-0.012044684961438179,-0.022234933450818062,-0.7670837640762329,0.04787028208374977,-0.34081128239631653,-0.5414228439331055,0.0,1.19209286886246e-09,-0.02723044343292713,-0.9497439861297607,0.3130277097225189,0.0,0.0,2.38418573772492e-09,-1.19209286886246e-09,-0.031859468668699265,-0.8759008049964905,0.48249131441116333,0.0,0.0,0.0,-3.5762786065873797e-09,-0.023122519254684448,-1.0,-0.0,0.0,0.0,-0.012360505759716034,0.0032300001475960016,-0.016998957842588425,-0.9990482330322266,-0.0,-0.04361938685178757,0.0,-0.002149570034816861,-3.8927792047616094e-06,-0.06502974033355713,-0.9999619722366333,-0.0,-0.008726464584469795,0.0,0.0,0.0,-0.03691747412085533,-0.9991405606269836,0.04145072400569916,0.0,0.0,-2.38418573772492e-09,-2.98023217215615e-10,-0.02163529396057129,-0.9989849328994751,0.045045435428619385,0.0,0.0,0.0,2.98023217215615e-10,-0.01868978515267372,-1.0,-0.0,0.0,0.0,0.0,0.003969999961555004,-0.017509059980511665,-1.0,-0.0,0.0,0.0,0.0,4.611611075233668e-06,-0.0637909397482872,-0.7112206816673279,0.7029688358306885,0.0,0.0,0.0,2.98023217215615e-10,-0.04460655897855759,-0.6427876353263855,0.7660444974899292,0.0,0.0,0.0,-2.98023217215615e-10,-0.02347646653652191,-0.9396926760673523,0.34202009439468384,0.0,0.0,0.0,0.0,-0.019652195274829865,-1.0,-0.0,0.0,0.0,0.00711638480424881,0.0018999999156221747,-0.016959700733423233,-0.9961947202682495,-0.0,0.08715574443340302,0.0,-0.0005882382392883301,0.0,-0.060253534466028214,-0.7133238315582275,0.6995487809181213,-0.03029705584049225,-0.02971198782324791,1.19209286886246e-09,-1.490116086078075e-10,-0.04255415499210358,-0.6427876353263855,0.7660444974899292,0.0,0.0,-2.38418573772492e-09,0.0,-0.02208789810538292,-0.9063078761100769,0.4226182699203491,0.0,0.0,0.0,0.0,-0.017740869894623756,-1.0,-0.0,0.0,0.0,0.013503451831638813,-0.0037700000684708357,-0.014087309129536152,-0.9914448857307434,-0.0,0.13052619993686676,0.0,0.0048975334502756596,-3.847479547403054e-06,-0.05743739381432533,-0.6971338987350464,0.7152469158172607,-0.036200955510139465,-0.033401064574718475,4.76837147544984e-09,-2.98023217215615e-10,-0.03276757150888443,-0.7071068286895752,0.7071068286895752,0.0,0.0,2.38418573772492e-09,0.0,-0.016709718853235245,-0.8419820070266724,0.5395057201385498,0.0,0.0,0.0,0.0,-0.01388302817940712,-1.0,-0.0,0.0,0.0
1782948373.1838987,2026-07-01 19:26:13.183,5995.0,5995,right,0,2,index_point,1,0.0,0.003969999961555004,-0.04999999701976776,-1.0,-0.0,0.0,0.0,0.0,0.0,0.0,-1.0,-0.0,0.0,0.0,-0.025476505979895592,-0.012044684961438179,-0.022234933450818062,-0.7675933837890625,0.04657167196273804,-0.34009939432144165,-0.5412614345550537,0.0,1.19209286886246e-09,-0.02723044343292713,-0.9504706263542175,0.3108145296573639,0.0,0.0,2.38418573772492e-09,-1.19209286886246e-09,-0.031859468668699265,-0.8772979378700256,0.47994616627693176,0.0,0.0,0.0,-3.5762786065873797e-09,-0.023122519254684448,-1.0,-0.0,0.0,0.0,-0.012360505759716034,0.0032300001475960016,-0.016998957842588425,-0.9990482330322266,-0.0,-0.04361938685178757,0.0,-0.002149570034816861,-3.8927792047616094e-06,-0.06502974033355713,-0.9999619722366333,-0.0,-0.008726464584469795,0.0,0.0,0.0,-0.03691747412085533,-0.9991405606269836,0.04145072400569916,0.0,0.0,-2.38418573772492e-09,-2.98023217215615e-10,-0.02163529396057129,-0.9989849328994751,0.045045435428619385,0.0,0.0,0.0,2.98023217215615e-10,-0.01868978515267372,-1.0,-0.0,0.0,0.0,0.0,0.003969999961555004,-0.017509059980511665,-1.0,-0.0,0.0,0.0,0.0,4.611611075233668e-06,-0.0637909397482872,-0.7112206816673279,0.7029688358306885,0.0,0.0,0.0,2.98023217215615e-10,-0.04460655897855759,-0.6427876353263855,0.7660444974899292,0.0,0.0,0.0,-2.98023217215615e-10,-0.02347646653652191,-0.9396926760673523,0.34202009439468384,0.0,0.0,0.0,0.0,-0.019652195274829865,-1.0,-0.0,0.0,0.0,0.00711638480424881,0.0018999999156221747,-0.016959700733423233,-0.9961947202682495,-0.0,0.08715574443340302,0.0,-0.0005882382392883301,0.0,-0.060253534466028214,-0.7133238315582275,0.6995487809181213,-0.03029705584049225,-0.02971198782324791,1.19209286886246e-09,-1.490116086078075e-10,-0.04255415499210358,-0.6427876353263855,0.7660444974899292,0.0,0.0,-2.38418573772492e-09,0.0,-0.02208789810538292,-0.9063078761100769,0.4226182699203491,0.0,0.0,0.0,0.0,-0.017740869894623756,-1.0,-0.0,0.0,0.0,0.013503451831638813,-0.0037700000684708357,-0.014087309129536152,-0.9914448857307434,-0.0,0.13052619993686676,0.0,0.0048975334502756596,-3.847479547403054e-06,-0.05743739381432533,-0.6971338987350464,0.7152469158172607,-0.036200955510139465,-0.033401064574718475,4.76837147544984e-09,-2.98023217215615e-10,-0.03276757150888443,-0.7071068286895752,0.7071068286895752,0.0,0.0,2.38418573772492e-09,0.0,-0.016709718853235245,-0.8419820070266724,0.5395057201385498,0.0,0.0,0.0,0.0,-0.01388302817940712,-1.0,-0.0,0.0,0.0
1782948373.1945775,2026-07-01 19:26:13.194,16809.0,16809,left,0,1,index_point,1,0.0,0.003969999961555004,-0.04999999701976776,-1.0,-0.0,0.0,0.0,0.0,0.0,0.0,-1.0,-0.0,0.0,0.0,0.025476500391960144,-0.012044699862599373,-0.022234899923205376,-0.7382513284683228,0.08351925760507584,0.3835468590259552,0.5485448241233826,-5.7220457705398076e-08,-4.3511388270189855e-08,-0.027230437844991684,-0.917194664478302,0.3984394967556,0.0,0.0,3.5762786065873797e-09,6.318092005130893e-08,-0.031859491020441055,-0.8222341537475586,0.569149374961853,0.0,0.0,2.384185648907078e-08,0.0,-0.023122519254684448,-1.0,-0.0,0.0,0.0,0.012359999120235443,0.0032300001475960016,-0.017000000923871994,-0.9990482330322266,-0.0,0.04361938685178757,0.0,0.0021501504816114902,-3.890097104886081e-06,-0.06502876430749893,-0.9999619722366333,-0.0,0.008726557716727257,0.0,-9.53674295089968e-09,-9.53674295089968e-09,-0.036917347460985184,-0.9993493556976318,0.0360686257481575,0.0,0.0,-2.8610228852699038e-08,-2.98023217215615e-10,-0.0216355137526989,-0.999281644821167,0.037897396832704544,0.0,0.0,1.2636184010261786e-07,2.98023217215615e-10,-0.018689393997192383,-1.0,-0.0,0.0,0.0,0.0,0.003969999961555004,-0.01750910095870495,-1.0,-0.0,0.0,0.0,0.0,4.610121322912164e-06,-0.06379090249538422,-0.8280453085899353,0.5606613159179688,0.0,0.0,0.0,2.98023217215615e-10,-0.044606998562812805,-0.6556970477104187,0.7550241351127625,0.0,0.0,0.0,0.0,-0.023475991562008858,-0.9403766989707947,0.340134859085083,0.0,0.0,0.0,0.0,-0.019651994109153748,-1.0,-0.0,0.0,0.0,-0.00711638992652297,0.0018999999156221747,-0.016959700733423233,-0.9961947202682495,-0.0,-0.08715574443340302,0.0,0.0005882433033548295,0.0,-0.060253534466028214,-0.7995275855064392,0.5997070670127869,0.026618411764502525,0.019965851679444313,-1.1086464013487785e-07,-1.490116086078075e-10,-0.04255366697907448,-0.6464895606040955,0.7629228830337524,0.0,0.0,4.5299529460862686e-08,0.0,-0.022088106721639633,-0.9069486260414124,0.42124125361442566,0.0,0.0,-1.4305114426349519e-08,0.0,-0.017740696668624878,-1.0,-0.0,0.0,0.0,-0.013503500260412693,-0.0037700000684708357,-0.014087299816310406,-0.9914448857307434,-0.0,-0.13052619993686676,0.0,-0.004897483624517918,-3.8501621020259336e-06,-0.05743739381432533,-0.7438346147537231,0.6668369174003601,0.025697387754917145,0.03712524473667145,5.4836270635405526e-08,-2.98023217215615e-10,-0.03276759013533592,-0.7071073055267334,0.7071062922477722,0.0,0.0,-9.298324243900424e-08,0.0,-0.01670967973768711,-0.8419821858406067,0.5395053625106812,0.0,0.0,6.19888282926695e-08,0.0,-0.013883084990084171,-1.0,-0.0,0.0,0.0
1782948373.3952467,2026-07-01 19:26:13.395,16811.0,16811,left,0,1,index_point,1,0.0,0.003969999961555004,-0.04999999701976776,-1.0,-0.0,0.0,0.0,0.0,0.0,0.0,-1.0,-0.0,0.0,0.0,0.025476500391960144,-0.012044699862599373,-0.022234899923205376,-0.738767683506012,0.08100733906030655,0.38328173756599426,0.5484116077423096,-5.7220457705398076e-08,-4.3511388270189855e-08,-0.027230437844991684,-0.9187915921211243,0.3947429656982422,0.0,0.0,3.5762786065873797e-09,6.318092005130893e-08,-0.031859491020441055,-0.824395477771759,0.5660143494606018,0.0,0.0,2.384185648907078e-08,0.0,-0.023122519254684448,-1.0,-0.0,0.0,0.0,0.012359999120235443,0.0032300001475960016,-0.017000000923871994,-0.9990482330322266,-0.0,0.04361938685178757,0.0,0.0021501504816114902,-3.890097104886081e-06,-0.06502876430749893,-0.9999619722366333,-0.0,0.008726557716727257,0.0,-9.53674295089968e-09,-9.53674295089968e-09,-0.036917347460985184,-0.9993493556976318,0.0360686257481575,0.0,0.0,-2.8610228852699038e-08,-2.98023217215615e-10,-0.0216355137526989,-0.999281644821167,0.037897396832704544,0.0,0.0,1.2636184010261786e-07,2.98023217215615e-10,-0.018689393997192383,-1.0,-0.0,0.0,0.0,0.0,0.003969999961555004,-0.01750910095870495,-1.0,-0.0,0.0,0.0,0.0,4.610121322912164e-06,-0.06379090249538422,-0.8280453085899353,0.5606613159179688,0.0,0.0,0.0,2.98023217215615e-10,-0.044606998562812805,-0.6556970477104187,0.7550241351127625,0.0,0.0,0.0,0.0,-0.023475991562008858,-0.9403766989707947,0.340134859085083,0.0,0.0,0.0,0.0,-0.019651994109153748,-1.0,-0.0,0.0,0.0,-0.00711638992652297,0.0018999999156221747,-0.016959700733423233,-0.9961947202682495,-0.0,-0.08715574443340302,0.0,0.0005882433033548295,0.0,-0.060253534466028214,-0.8013925552368164,0.5972252488136292,0.0264964010566473,0.019747795537114143,-1.1086464013487785e-07,-1.490116086078075e-10,-0.04255366697907448,-0.6469621062278748,0.7625221610069275,0.0,0.0,4.5299529460862686e-08,0.0,-0.022088106721639633,-0.9070307612419128,0.42106449604034424,0.0,0.0,-1.4305114426349519e-08,0.0,-0.017740696668624878,-1.0,-0.0,0.0,0.0,-0.013503500260412693,-0.0037700000684708357,-0.014087299816310406,-0.9914448857307434,-0.0,-0.13052619993686676,0.0,-0.004897483624517918,-3.8501621020259336e-06,-0.05743739381432533,-0.7438346147537231,0.6668369174003601,0.025697387754917145,0.03712524473667145,5.4836270635405526e-08,-2.98023217215615e-10,-0.03276759013533592,-0.7071073055267334,0.7071062922477722,0.0,0.0,-9.298324243900424e-08,0.0,-0.01670967973768711,-0.8419821858406067,0.5395053625106812,0.0,0.0,6.19888282926695e-08,0.0,-0.013883084990084171,-1.0,-0.0,0.0,0.0
1782948373.4090955,2026-07-01 19:26:13.409,6008.0,6008,right,0,2,index_point,1,0.0,0.003969999961555004,-0.04999999701976776,-1.0,-0.0,0.0,0.0,0.0,0.0,0.0,-1.0,-0.0,0.0,0.0,-0.025476505979895592,-0.012044684961438179,-0.022234933450818062,-0.7697920203208923,0.04079057276248932,-0.3370107114315033,-0.5405369400978088,0.0,1.19209286886246e-09,-0.02723044343292713,-0.9536021947860718,0.3010694980621338,0.0,0.0,2.38418573772492e-09,-1.19209286886246e-09,-0.031859468668699265,-0.8834054470062256,0.46860945224761963,0.0,0.0,0.0,-3.5762786065873797e-09,-0.023122519254684448,-1.0,-0.0,0.0,0.0,-0.012360505759716034,0.0032300001475960016,-0.016998957842588425,-0.9990482330322266,-0.0,-0.04361938685178757,0.0,-0.002149570034816861,-3.8927792047616094e-06,-0.06502974033355713,-0.9999619722366333,-0.0,-0.008726464584469795,0.0,0.0,0.0,-0.03691747412085533,-0.9991405606269836,0.04145072400569916,0.0,0.0,-2.38418573772492e-09,-2.98023217215615e-10,-0.02163529396057129,-0.9989849328994751,0.045045435428619385,0.0,0.0,0.0,2.98023217215615e-10,-0.01868978515267372,-1.0,-0.0,0.0,0.0,0.0,0.003969999961555004,-0.017509059980511665,-1.0,-0.0,0.0,0.0,0.0,4.611611075233668e-06,-0.0637909397482872,-0.7112206816673279,0.7029688358306885,0.0,0.0,0.0,2.98023217215615e-10,-0.04460655897855759,-0.6427876353263855,0.7660444974899292,0.0,0.0,0.0,-2.98023217215615e-10,-0.02347646653652191,-0.9396926760673523,0.34202009439468384,0.0,0.0,0.0,0.0,-0.019652195274829865,-1.0,-0.0,0.0,0.0,0.00711638480424881,0.0018999999156221747,-0.016959700733423233,-0.9961947202682495,-0.0,0.08715574443340302,0.0,-0.0005882382392883301,0.0,-0.060253534466028214,-0.7133238315582275,0.6995487809181213,-0.03029705584049225,-0.02971198782324791,1.19209286886246e-09,-1.490116086078075e-10,-0.04255415499210358,-0.6427876353263855,0.7660444974899292,0.0,0.0,-2.38418573772492e-09,0.0,-0.02208789810538292,-0.9063078761100769,0.4226182699203491,0.0,0.0,0.0,0.0,-0.017740869894623756,-1.0,-0.0,0.0,0.0,0.013503451831638813,-0.0037700000684708357,-0.014087309129536152,-0.9914448857307434,-0.0,0.13052619993686676,0.0,0.0048975334502756596,-3.847479547403054e-06,-0.05743739381432533,-0.7077504992485046,0.7049145698547363,-0.032837264239788055,-0.033262625336647034,4.76837147544984e-09,-2.98023217215615e-10,-0.03276757150888443,-0.7071068286895752,0.7071068286895752,0.0,0.0,2.38418573772492e-09,0.0,-0.016709718853235245,-0.8419820070266724,0.5395057201385498,0.0,0.0,0.0,0.0,-0.01388302817940712,-1.0,-0.0,0.0,0.0
1782948373.5964668,2026-07-01 19:26:13.596,16813.0,16813,left,0,1,index_point,1,0.0,0.003969999961555004,-0.04999999701976776,-1.0,-0.0,0.0,0.0,0.0,0.0,0.0,-1.0,-0.0,0.0,0.0,0.025476500391960144,-0.012044699862599373,-0.022234899923205376,-0.7388721108436584,0.08053149282932281,0.383220911026001,0.5483834147453308,-5.7220457705398076e-08,-4.3511388270189855e-08,-0.027230437844991684,-0.9190934896469116,0.394039511680603,0.0,0.0,3.5762786065873797e-09,6.318092005130893e-08,-0.031859491020441055,-0.8248165845870972,0.5654003620147705,0.0,0.0,2.384185648907078e-08,0.0,-0.023122519254684448,-1.0,-0.0,0.0,0.0,0.012359999120235443,0.0032300001475960016,-0.017000000923871994,-0.9990482330322266,-0.0,0.04361938685178757,0.0,0.0021501504816114902,-3.890097104886081e-06,-0.06502876430749893,-0.9999619722366333,-0.0,0.008726557716727257,0.0,-9.53674295089968e-09,-9.53674295089968e-09,-0.036917347460985184,-0.9993493556976318,0.0360686257481575,0.0,0.0,-2.8610228852699038e-08,-2.98023217215615e-10,-0.0216355137526989,-0.999281644821167,0.037897396832704544,0.0,0.0,1.2636184010261786e-07,2.98023217215615e-10,-0.018689393997192383,-1.0,-0.0,0.0,0.0,0.0,0.003969999961555004,-0.01750910095870495,-1.0,-0.0,0.0,0.0,0.0,4.610121322912164e-06,-0.06379090249538422,-0.8289927840232849,0.5592593550682068,0.0,0.0,0.0,2.98023217215615e-10,-0.044606998562812805,-0.6561062335968018,0.7546684741973877,0.0,0.0,0.0,0.0,-0.023475991562008858,-0.9403994083404541,0.34007197618484497,0.0,0.0,0.0,0.0,-0.019651994109153748,-1.0,-0.0,0.0,0.0,-0.00711638992652297,0.0018999999156221747,-0.016959700733423233,-0.9961947202682495,-0.0,-0.08715574443340302,0.0,0.0005882433033548295,0.0,-0.060253534466028214,-0.8079008460044861,0.5884358882904053,0.02606142871081829,0.01898188516497612,-1.1086464013487785e-07,-1.490116086078075e-10,-0.04255366697907448,-0.6486966609954834,0.7610470652580261,0.0,0.0,4.5299529460862686e-08,0.0,-0.022088106721639633,-0.9073323011398315,0.42041438817977905,0.0,0.0,-1.4305114426349519e-08,0.0,-0.017740696668624878,-1.0,-0.0,0.0,0.0,-0.013503500260412693,-0.0037700000684708357,-0.014087299816310406,-0.9914448857307434,-0.0,-0.13052619993686676,0.0,-0.004897483624517918,-3.8501621020259336e-06,-0.05743739381432533,-0.7551266551017761,0.6541074514389038,0.022759657353162766,0.03754002973437309,5.4836270635405526e-08,-2.98023217215615e-10,-0.03276759013533592,-0.7074650526046753,0.7067484259605408,0.0,0.0,-9.298324243900424e-08,0.0,-0.01670967973768711,-0.8422102928161621,0.539149284362793,0.0,0.0,6.19888282926695e-08,0.0,-0.013883084990084171,-1.0,-0.0,0.0,0.0
1782948373.6193628,2026-07-01 19:26:13.619,6019.0,6019,right,0,2,index_point,1,0.0,0.003969999961555004,-0.04999999701976776,-1.0,-0.0,0.0,0.0,0.0,0.0,0.0,-1.0,-0.0,0.0,0.0,-0.025476505979895592,-0.012044684961438179,-0.022234933450818062,-0.7713918089866638,0.036390747874975204,-0.3347451090812683,-0.5399779081344604,0.0,1.19209286886246e-09,-0.02723044343292713,-0.9558767676353455,0.293768048286438,0.0,0.0,2.38418573772492e-09,-1.19209286886246e-09,-0.031859468668699265,-0.8879315853118896,0.45997560024261475,0.0,0.0,0.0,-3.5762786065873797e-09,-0.023122519254684448,-1.0,-0.0,0.0,0.0,-0.012360505759716034,0.0032300001475960016,-0.016998957842588425,-0.9990482330322266,-0.0,-0.04361938685178757,0.0,-0.002149570034816861,-3.8927792047616094e-06,-0.06502974033355713,-0.9999619722366333,-0.0,-0.008726464584469795,0.0,0.0,0.0,-0.03691747412085533,-0.9991405606269836,0.04145072400569916,0.0,0.0,-2.38418573772492e-09,-2.98023217215615e-10,-0.02163529396057129,-0.9989849328994751,0.045045435428619385,0.0,0.0,0.0,2.98023217215615e-10,-0.01868978515267372,-1.0,-0.0,0.0,0.0,0.0,0.003969999961555004,-0.017509059980511665,-1.0,-0.0,0.0,0.0,0.0,4.611611075233668e-06,-0.0637909397482872,-0.7120627760887146,0.7021158933639526,0.0,0.0,0.0,2.98023217215615e-10,-0.04460655897855759,-0.6427876353263855,0.7660444974899292,0.0,0.0,0.0,-2.98023217215615e-10,-0.02347646653652191,-0.9396926760673523,0.34202009439468384,0.0,0.0,0.0,0.0,-0.019652195274829865,-1.0,-0.0,0.0,0.0,0.00711638480424881,0.0018999999156221747,-0.016959700733423233,-0.9961947202682495,-0.0,0.08715574443340302,0.0,-0.0005882382392883301,0.0,-0.060253534466028214,-0.7133238315582275,0.6995487809181213,-0.03029705584049225,-0.02971198782324791,1.19209286886246e-09,-1.490116086078075e-10,-0.04255415499210358,-0.6427876353263855,0.7660444974899292,0.0,0.0,-2.38418573772492e-09,0.0,-0.02208789810538292,-0.9063078761100769,0.4226182699203491,0.0,0.0,0.0,0.0,-0.017740869894623756,-1.0,-0.0,0.0,0.0,0.013503451831638813,-0.0037700000684708357,-0.014087309129536152,-0.9914448857307434,-0.0,0.13052619993686676,0.0,0.0048975334502756596,-3.847479547403054e-06,-0.05743739381432533,-0.7182601690292358,0.6943603157997131,-0.029526187106966972,-0.0330796018242836,4.76837147544984e-09,-2.98023217215615e-10,-0.03276757150888443,-0.7071068286895752,0.7071068286895752,0.0,0.0,2.38418573772492e-09,0.0,-0.016709718853235245,-0.8419820070266724,0.5395057201385498,0.0,0.0,0.0,0.0,-0.01388302817940712,-1.0,-0.0,0.0,0.0
1782948373.8178809,2026-07-01 19:26:13.817,16814.0,16814,left,0,1,index_point,1,0.0,0.003969999961555004,-0.04999999701976776,-1.0,-0.0,0.0,0.0,0.0,0.0,0.0,-1.0,-0.0,0.0,0.0,0.025476500391960144,-0.012044699862599373,-0.022234899923205376,-0.7414745092391968,0.06944054365158081,0.3814612329006195,0.547613799571991,-5.7220457705398076e-08,-4.3511388270189855e-08,-0.027230437844991684,-0.9260073304176331,0.3775056302547455,0.0,0.0,3.5762786065873797e-09,6.318092005130893e-08,-0.031859491020441055,-0.8348879814147949,0.5504198670387268,0.0,0.0,2.384185648907078e-08,0.0,-0.023122519254684448,-1.0,-0.0,0.0,0.0,0.012359999120235443,0.0032300001475960016,-0.017000000923871994,-0.9990482330322266,-0.0,0.04361938685178757,0.0,0.0021501504816114902,-3.890097104886081e-06,-0.06502876430749893,-0.9999619722366333,-0.0,0.008726557716727257,0.0,-9.53674295089968e-09,-9.53674295089968e-09,-0.036917347460985184,-0.9993493556976318,0.0360686257481575,0.0,0.0,-2.8610228852699038e-08,-2.98023217215615e-10,-0.0216355137526989,-0.999281644821167,0.037897396832704544,0.0,0.0,1.2636184010261786e-07,2.98023217215615e-10,-0.018689393997192383,-1.0,-0.0,0.0,0.0,0.0,0.003969999961555004,-0.01750910095870495,-1.0,-0.0,0.0,0.0,0.0,4.610121322912164e-06,-0.06379090249538422,-0.8365241885185242,0.5479300022125244,0.0,0.0,0.0,2.98023217215615e-10,-0.044606998562812805,-0.6594725847244263,0.7517286539077759,0.0,0.0,0.0,0.0,-0.023475991562008858,-0.9405875205993652,0.33955150842666626,0.0,0.0,0.0,0.0,-0.019651994109153748,-1.0,-0.0,0.0,0.0,-0.00711638992652297,0.0018999999156221747,-0.016959700733423233,-0.9961947202682495,-0.0,-0.08715574443340302,0.0,0.0005882433033548295,0.0,-0.060253534466028214,-0.8220233917236328,0.5686391592025757,0.02504054456949234,0.01732414774596691,-1.1086464013487785e-07,-1.490116086078075e-10,-0.04255366697907448,-0.6534671187400818,0.7569549679756165,0.0,0.0,4.5299529460862686e-08,0.0,-0.022088106721639633,-0.9081640243530273,0.4186145067214966,0.0,0.0,-1.4305114426349519e-08,0.0,-0.017740696668624878,-1.0,-0.0,0.0,0.0,-0.013503500260412693,-0.0037700000684708357,-0.014087299816310406,-0.9914448857307434,-0.0,-0.13052619993686676,0.0,-0.004897483624517918,-3.8501621020259336e-06,-0.05743739381432533,-0.7698313593864441,0.6368345022201538,0.018916316330432892,0.03799720108509064,5.4836270635405526e-08,-2.98023217215615e-10,-0.03276759013533592,-0.7088602185249329,0.7053489685058594,0.0,0.0,-9.298324243900424e-08,0.0,-0.01670967973768711,-0.8430919647216797,0.5377694368362427,0.0,0.0,6.19888282926695e-08,0.0,-0.013883084990084171,-1.0,-0.0,0.0,0.0
1782948373.8300824,2026-07-01 19:26:13.830,6033.0,6033,right,0,2,index_point,1,0.0,0.003969999961555004,-0.04999999701976776,-1.0,-0.0,0.0,0.0,0.0,0.0,0.0,-1.0,-0.0,0.0,0.0,-0.025476505979895592,-0.012044684961438179,-0.022234933450818062,-0.7723619341850281,0.0336444191634655,-0.33336177468299866,-0.5396249890327454,0.0,1.19209286886246e-09,-0.02723044343292713,-0.9572530388832092,0.28925198316574097,0.0,0.0,2.38418573772492e-09,-1.19209286886246e-09,-0.031859468668699265,-0.8907049298286438,0.4545818269252777,0.0,0.0,0.0,-3.5762786065873797e-09,-0.023122519254684448,-1.0,-0.0,0.0,0.0,-0.012360505759716034,0.0032300001475960016,-0.016998957842588425,-0.9990482330322266,-0.0,-0.04361938685178757,0.0,-0.002149570034816861,-3.8927792047616094e-06,-0.06502974033355713,-0.9999619722366333,-0.0,-0.008726464584469795,0.0,0.0,0.0,-0.03691747412085533,-0.9991405606269836,0.04145072400569916,0.0,0.0,-2.38418573772492e-09,-2.98023217215615e-10,-0.02163529396057129,-0.9989849328994751,0.045045435428619385,0.0,0.0,0.0,2.98023217215615e-10,-0.01868978515267372,-1.0,-0.0,0.0,0.0,0.0,0.003969999961555004,-0.017509059980511665,-1.0,-0.0,0.0,0.0,0.0,4.611611075233668e-06,-0.0637909397482872,-0.7164408564567566,0.6976478099822998,0.0,0.0,0.0,2.98023217215615e-10,-0.04460655897855759,-0.6427876353263855,0.7660444974899292,0.0,0.0,0.0,-2.98023217215615e-10,-0.02347646653652191,-0.9396926760673523,0.34202009439468384,0.0,0.0,0.0,0.0,-0.019652195274829865,-1.0,-0.0,0.0,0.0,0.00711638480424881,0.0018999999156221747,-0.016959700733423233,-0.9961947202682495,-0.0,0.08715574443340302,0.0,-0.0005882382392883301,0.0,-0.060253534466028214,-0.7133238315582275,0.6995487809181213,-0.03029705584049225,-0.02971198782324791,1.19209286886246e-09,-1.490116086078075e-10,-0.04255415499210358,-0.6427876353263855,0.7660444974899292,0.0,0.0,-2.38418573772492e-09,0.0,-0.02208789810538292,-0.9063078761100769,0.4226182699203491,0.0,0.0,0.0,0.0,-0.017740869894623756,-1.0,-0.0,0.0,0.0,0.013503451831638813,-0.0037700000684708357,-0.014087309129536152,-0.9914448857307434,-0.0,0.13052619993686676,0.0,0.0048975334502756596,-3.847479547403054e-06,-0.05743739381432533,-0.730629563331604,0.6815030574798584,-0.025651108473539352,-0.03280390053987503,4.76837147544984e-09,-2.98023217215615e-10,-0.03276757150888443,-0.7071068286895752,0.7071068286895752,0.0,0.0,2.38418573772492e-09,0.0,-0.016709718853235245,-0.8419820070266724,0.5395057201385498,0.0,0.0,0.0,0.0,-0.01388302817940712,-1.0,-0.0,0.0,0.0
1782948374.0261579,2026-07-01 19:26:14.026,16816.0,16816,left,0,1,index_point,1,0.0,0.003969999961555004,-0.04999999701976776,-1.0,-0.0,0.0,0.0,0.0,0.0,0.0,-1.0,-0.0,0.0,0.0,0.025476500391960144,-0.012044699862599373,-0.022234899923205376,-0.743140459060669,0.06303457915782928,0.38011834025382996,0.547063946723938,-5.7220457705398076e-08,-4.3511388270189855e-08,-0.027230437844991684,-0.9298933744430542,0.3678291440010071,0.0,0.0,3.5762786065873797e-09,6.318092005130893e-08,-0.031859491020441055,-0.8409431576728821,0.5411234498023987,0.0,0.0,2.384185648907078e-08,0.0,-0.023122519254684448,-1.0,-0.0,0.0,0.0,0.012359999120235443,0.0032300001475960016,-0.017000000923871994,-0.9990482330322266,-0.0,0.04361938685178757,0.0,0.0021501504816114902,-3.890097104886081e-06,-0.06502876430749893,-0.9999619722366333,-0.0,0.008726557716727257,0.0,-9.53674295089968e-09,-9.53674295089968e-09,-0.036917347460985184,-0.9993493556976318,0.0360686257481575,0.0,0.0,-2.8610228852699038e-08,-2.98023217215615e-10,-0.0216355137526989,-0.999281644821167,0.037897396832704544,0.0,0.0,1.2636184010261786e-07,2.98023217215615e-10,-0.018689393997192383,-1.0,-0.0,0.0,0.0,0.0,0.003969999961555004,-0.01750910095870495,-1.0,-0.0,0.0,0.0,0.0,4.610121322912164e-06,-0.06379090249538422,-0.8449461460113525,0.5348513722419739,0.0,0.0,0.0,2.98023217215615e-10,-0.044606998562812805,-0.6636229753494263,0.7480672597885132,0.0,0.0,0.0,0.0,-0.023475991562008858,-0.9408233165740967,0.33889758586883545,0.0,0.0,0.0,0.0,-0.019651994109153748,-1.0,-0.0,0.0,0.0,-0.00711638992652297,0.0018999999156221747,-0.016959700733423233,-0.9961947202682495,-0.0,-0.08715574443340302,0.0,0.0005882433033548295,0.0,-0.060253534466028214,-0.8248456716537476,0.5645571351051331,0.02482512593269348,0.016991302371025085,-1.1086464013487785e-07,-1.490116086078075e-10,-0.04255366697907448,-0.6545441746711731,0.7560238242149353,0.0,0.0,4.5299529460862686e-08,0.0,-0.022088106721639633,-0.908352255821228,0.41820594668388367,0.0,0.0,-1.4305114426349519e-08,0.0,-0.017740696668624878,-1.0,-0.0,0.0,0.0,-0.013503500260412693,-0.0037700000684708357,-0.014087299816310406,-0.9914448857307434,-0.0,-0.13052619993686676,0.0,-0.004897483624517918,-3.8501621020259336e-06,-0.05743739381432533,-0.7768279910087585,0.6283221244812012,0.01707582361996174,0.03818424791097641,5.4836270635405526e-08,-2.98023217215615e-10,-0.03276759013533592,-0.709818422794342,0.7043847441673279,0.0,0.0,-9.298324243900424e-08,0.0,-0.01670967973768711,-0.8436937928199768,0.5368247628211975,0.0,0.0,6.19888282926695e-08,0.0,-0.013883084990084171,-1.0,-0.0,0.0,0.0
1782948374.0398107,2026-07-01 19:26:14.039,6045.0,6045,right,0,2,index_point,1,0.0,0.003969999961555004,-0.04999999701976776,-1.0,-0.0,0.0,0.0,0.0,0.0,0.0,-1.0,-0.0,0.0,0.0,-0.025476505979895592,-0.012044684961438179,-0.022234933450818062,-0.7730221152305603,0.03173556178808212,-0.3324173390865326,-0.5393778085708618,0.0,1.19209286886246e-09,-0.02723044343292713,-0.9581889510154724,0.28613629937171936,0.0,0.0,2.38418573772492e-09,-1.19209286886246e-09,-0.031859468668699265,-0.8926085829734802,0.45083239674568176,0.0,0.0,0.0,-3.5762786065873797e-09,-0.023122519254684448,-1.0,-0.0,0.0,0.0,-0.012360505759716034,0.0032300001475960016,-0.016998957842588425,-0.9990482330322266,-0.0,-0.04361938685178757,0.0,-0.002149570034816861,-3.8927792047616094e-06,-0.06502974033355713,-0.9999619722366333,-0.0,-0.008726464584469795,0.0,0.0,0.0,-0.03691747412085533,-0.9991405606269836,0.04145072400569916,0.0,0.0,-2.38418573772492e-09,-2.98023217215615e-10,-0.02163529396057129,-0.9989849328994751,0.045045435428619385,0.0,0.0,0.0,2.98023217215615e-10,-0.01868978515267372,-1.0,-0.0,0.0,0.0,0.0,0.003969999961555004,-0.017509059980511665,-1.0,-0.0,0.0,0.0,0.0,4.611611075233668e-06,-0.0637909397482872,-0.7186194658279419,0.695403516292572,0.0,0.0,0.0,2.98023217215615e-10,-0.04460655897855759,-0.6427876353263855,0.7660444974899292,0.0,0.0,0.0,-2.98023217215615e-10,-0.02347646653652191,-0.9396926760673523,0.34202009439468384,0.0,0.0,0.0,0.0,-0.019652195274829865,-1.0,-0.0,0.0,0.0,0.00711638480424881,0.0018999999156221747,-0.016959700733423233,-0.9961947202682495,-0.0,0.08715574443340302,0.0,-0.0005882382392883301,0.0,-0.060253534466028214,-0.7133238315582275,0.6995487809181213,-0.03029705584049225,-0.02971198782324791,1.19209286886246e-09,-1.490116086078075e-10,-0.04255415499210358,-0.6427876353263855,0.7660444974899292,0.0,0.0,-2.38418573772492e-09,0.0,-0.02208789810538292,-0.9063078761100769,0.4226182699203491,0.0,0.0,0.0,0.0,-0.017740869894623756,-1.0,-0.0,0.0,0.0,0.013503451831638813,-0.0037700000684708357,-0.014087309129536152,-0.9914448857307434,-0.0,0.13052619993686676,0.0,0.0048975334502756596,-3.847479547403054e-06,-0.05743739381432533,-0.7358907461166382,0.6758854985237122,-0.024013422429561615,-0.03266487643122673,4.76837147544984e-09,-2.98023217215615e-10,-0.03276757150888443,-0.7071068286895752,0.7071068286895752,0.0,0.0,2.38418573772492e-09,0.0,-0.016709718853235245,-0.8419820070266724,0.5395057201385498,0.0,0.0,0.0,0.0,-0.01388302817940712,-1.0,-0.0,0.0,0.0
1782948374.2261913,2026-07-01 19:26:14.226,16818.0,16818,left,0,1,index_point,1,0.0,0.003969999961555004,-0.04999999701976776,-1.0,-0.0,0.0,0.0,0.0,0.0,0.0,-1.0,-0.0,0.0,0.0,0.025476500391960144,-0.012044699862599373,-0.022234899923205376,-0.7440933585166931,0.05954650044441223,0.37929120659828186,0.5467334985733032,-5.7220457705398076e-08,-4.3511388270189855e-08,-0.027230437844991684,-0.9319748878479004,0.3625229299068451,0.0,0.0,3.5762786065873797e-09,6.318092005130893e-08,-0.031859491020441055,-0.8443001508712769,0.5358706116676331,0.0,0.0,2.384185648907078e-08,0.0,-0.023122519254684448,-1.0,-0.0,0.0,0.0,0.012359999120235443,0.0032300001475960016,-0.017000000923871994,-0.9990482330322266,-0.0,0.04361938685178757,0.0,0.0021501504816114902,-3.890097104886081e-06,-0.06502876430749893,-0.9999619722366333,-0.0,0.008726557716727257,0.0,-9.53674295089968e-09,-9.53674295089968e-09,-0.036917347460985184,-0.9993493556976318,0.0360686257481575,0.0,0.0,-2.8610228852699038e-08,-2.98023217215615e-10,-0.0216355137526989,-0.999281644821167,0.037897396832704544,0.0,0.0,1.2636184010261786e-07,2.98023217215615e-10,-0.018689393997192383,-1.0,-0.0,0.0,0.0,0.0,0.003969999961555004,-0.01750910095870495,-1.0,-0.0,0.0,0.0,0.0,4.610121322912164e-06,-0.06379090249538422,-0.8449461460113525,0.5348513722419739,0.0,0.0,0.0,2.98023217215615e-10,-0.044606998562812805,-0.6636229753494263,0.7480672597885132,0.0,0.0,0.0,0.0,-0.023475991562008858,-0.9408233165740967,0.33889758586883545,0.0,0.0,0.0,0.0,-0.019651994109153748,-1.0,-0.0,0.0,0.0,-0.00711638992652297,0.0018999999156221747,-0.016959700733423233,-0.9961947202682495,-0.0,-0.08715574443340302,0.0,0.0005882433033548295,0.0,-0.060253534466028214,-0.8305132985115051,0.5562256574630737,0.024376748129725456,0.016326015815138817,-1.1086464013487785e-07,-1.490116086078075e-10,-0.04255366697907448,-0.6568990349769592,0.7539785504341125,0.0,0.0,4.5299529460862686e-08,0.0,-0.022088106721639633,-0.9087644815444946,0.4173094928264618,0.0,0.0,-1.4305114426349519e-08,0.0,-0.017740696668624878,-1.0,-0.0,0.0,0.0,-0.013503500260412693,-0.0037700000684708357,-0.014087299816310406,-0.9914448857307434,-0.0,-0.13052619993686676,0.0,-0.004897483624517918,-3.8501621020259336e-06,-0.05743739381432533,-0.7788442969322205,0.6258322596549988,0.016544535756111145,0.03823380544781685,5.4836270635405526e-08,-2.98023217215615e-10,-0.03276759013533592,-0.7101333737373352,0.7040672302246094,0.0,0.0,-9.298324243900424e-08,0.0,-0.01670967973768711,-0.843890905380249,0.5365148782730103,0.0,0.0,6.19888282926695e-08,0.0,-0.013883084990084171,-1.0,-0.0,0.0,0.0
1782948374.2406316,2026-07-01 19:26:14.240,6056.0,6056,right,0,2,index_point,1,0.0,0.003969999961555004,-0.04999999701976776,-1.0,-0.0,0.0,0.0,0.0,0.0,0.0,-1.0,-0.0,0.0,0.0,-0.025476505979895592,-0.012044684961438179,-0.022234933450818062,-0.773913562297821,0.029110826551914215,-0.3311367332935333,-0.5390351414680481,0.0,1.19209286886246e-09,-0.02723044343292713,-0.959450900554657,0.2818758487701416,0.0,0.0,2.38418573772492e-09,-1.19209286886246e-09,-0.031859468668699265,-0.8951953053474426,0.4456741213798523,0.0,0.0,0.0,-3.5762786065873797e-09,-0.023122519254684448,-1.0,-0.0,0.0,0.0,-0.012360505759716034,0.0032300001475960016,-0.016998957842588425,-0.9990482330322266,-0.0,-0.04361938685178757,0.0,-0.002149570034816861,-3.8927792047616094e-06,-0.06502974033355713,-0.9999619722366333,-0.0,-0.008726464584469795,0.0,0.0,0.0,-0.03691747412085533,-0.9991405606269836,0.04145072400569916,0.0,0.0,-2.38418573772492e-09,-2.98023217215615e-10,-0.02163529396057129,-0.9989849328994751,0.045045435428619385,0.0,0.0,0.0,2.98023217215615e-10,-0.01868978515267372,-1.0,-0.0,0.0,0.0,0.0,0.003969999961555004,-0.017509059980511665,-1.0,-0.0,0.0,0.0,0.0,4.611611075233668e-06,-0.0637909397482872,-0.7186194658279419,0.695403516292572,0.0,0.0,0.0,2.98023217215615e-10,-0.04460655897855759,-0.6427876353263855,0.7660444974899292,0.0,0.0,0.0,-2.98023217215615e-10,-0.02347646653652191,-0.9396926760673523,0.34202009439468384,0.0,0.0,0.0,0.0,-0.019652195274829865,-1.0,-0.0,0.0,0.0,0.00711638480424881,0.0018999999156221747,-0.016959700733423233,-0.9961947202682495,-0.0,0.08715574443340302,0.0,-0.0005882382392883301,0.0,-0.060253534466028214,-0.7133238315582275,0.6995487809181213,-0.03029705584049225,-0.02971198782324791,1.19209286886246e-09,-1.490116086078075e-10,-0.04255415499210358,-0.6427876353263855,0.7660444974899292,0.0,0.0,-2.38418573772492e-09,0.0,-0.02208789810538292,-0.9063078761100769,0.4226182699203491,0.0,0.0,0.0,0.0,-0.017740869894623756,-1.0,-0.0,0.0,0.0,0.013503451831638813,-0.0037700000684708357,-0.014087309129536152,-0.9914448857307434,-0.0,0.13052619993686676,0.0,0.0048975334502756596,-3.847479547403054e-06,-0.05743739381432533,-0.7385773658752441,0.6729816198348999,-0.02317911386489868,-0.0325888991355896,4.76837147544984e-09,-2.98023217215615e-10,-0.03276757150888443,-0.7071068286895752,0.7071068286895752,0.0,0.0,2.38418573772492e-09,0.0,-0.016709718853235245,-0.8419820070266724,0.5395057201385498,0.0,0.0,0.0,0.0,-0.01388302817940712,-1.0,-0.0,0.0,0.0
1782948374.447433,2026-07-01 19:26:14.447,16820.0,16820,left,0,1,index_point,1,0.0,0.003969999961555004,-0.04999999701976776,-1.0,-0.0,0.0,0.0,0.0,0.0,0.0,-1.0,-0.0,0.0,0.0,0.025476500391960144,-0.012044699862599373,-0.022234899923205376,-0.7442811727523804,0.058878183364868164,0.37912267446517944,0.5466670989990234,-5.7220457705398076e-08,-4.3511388270189855e-08,-0.027230437844991684,-0.9323711395263672,0.3615025579929352,0.0,0.0,3.5762786065873797e-09,6.318092005130893e-08,-0.031859491020441055,-0.8449505567550659,0.5348443984985352,0.0,0.0,2.384185648907078e-08,0.0,-0.023122519254684448,-1.0,-0.0,0.0,0.0,0.012359999120235443,0.0032300001475960016,-0.017000000923871994,-0.9990482330322266,-0.0,0.04361938685178757,0.0,0.0021501504816114902,-3.890097104886081e-06,-0.06502876430749893,-0.9999619722366333,-0.0,0.008726557716727257,0.0,-9.53674295089968e-09,-9.53674295089968e-09,-0.036917347460985184,-0.9993493556976318,0.0360686257481575,0.0,0.0,-2.8610228852699038e-08,-2.98023217215615e-10,-0.0216355137526989,-0.999281644821167,0.037897396832704544,0.0,0.0,1.2636184010261786e-07,2.98023217215615e-10,-0.018689393997192383,-1.0,-0.0,0.0,0.0,0.0,0.003969999961555004,-0.01750910095870495,-1.0,-0.0,0.0,0.0,0.0,4.610121322912164e-06,-0.06379090249538422,-0.8477421402931213,0.5304085612297058,0.0,0.0,0.0,2.98023217215615e-10,-0.044606998562812805,-0.6651054620742798,0.7467495203018188,0.0,0.0,0.0,0.0,-0.023475991562008858,-0.940908670425415,0.33866044878959656,0.0,0.0,0.0,0.0,-0.019651994109153748,-1.0,-0.0,0.0,0.0,-0.00711638992652297,0.0018999999156221747,-0.016959700733423233,-0.9961947202682495,-0.0,-0.08715574443340302,0.0,0.0005882433033548295,0.0,-0.060253534466028214,-0.8361735343933105,0.5477196574211121,0.023910408839583397,0.01566206105053425,-1.1086464013487785e-07,-1.490116086078075e-10,-0.04255366697907448,-0.659447968006134,0.7517502307891846,0.0,0.0,4.5299529460862686e-08,0.0,-0.022088106721639633,-0.9092115759849548,0.4163345396518707,0.0,0.0,-1.4305114426349519e-08,0.0,-0.017740696668624878,-1.0,-0.0,0.0,0.0,-0.013503500260412693,-0.0037700000684708357,-0.014087299816310406,-0.9914448857307434,-0.0,-0.13052619993686676,0.0,-0.004897483624517918,-3.8501621020259336e-06,-0.05743739381432533,-0.7849382162094116,0.6182042956352234,0.014937721192836761,0.03837093710899353,5.4836270635405526e-08,-2.98023217215615e-10,-0.03276759013533592,-0.7111942172050476,0.7029955983161926,0.0,0.0,-9.298324243900424e-08,0.0,-0.01670967973768711,-0.8445530533790588,0.5354719758033752,0.0,0.0,6.19888282926695e-08,0.0,-0.013883084990084171,-1.0,-0.0,0.0,0.0
1782948374.4476945,2026-07-01 19:26:14.447,6070.0,6070,right,0,2,index_point,1,0.0,0.003969999961555004,-0.04999999701976776,-1.0,-0.0,0.0,0.0,0.0,0.0,0.0,-1.0,-0.0,0.0,0.0,-0.025476505979895592,-0.012044684961438179,-0.022234933450818062,-0.7744441628456116,0.027529999613761902,-0.3303695321083069,-0.5388267636299133,0.0,1.19209286886246e-09,-0.02723044343292713,-0.9601995348930359,0.2793150246143341,0.0,0.0,2.38418573772492e-09,-1.19209286886246e-09,-0.031859468668699265,-0.8967373967170715,0.4425630271434784,0.0,0.0,0.0,-3.5762786065873797e-09,-0.023122519254684448,-1.0,-0.0,0.0,0.0,-0.012360505759716034,0.0032300001475960016,-0.016998957842588425,-0.9990482330322266,-0.0,-0.04361938685178757,0.0,-0.002149570034816861,-3.8927792047616094e-06,-0.06502974033355713,-0.9999619722366333,-0.0,-0.008726464584469795,0.0,0.0,0.0,-0.03691747412085533,-0.9991405606269836,0.04145072400569916,0.0,0.0,-2.38418573772492e-09,-2.98023217215615e-10,-0.02163529396057129,-0.9989849328994751,0.045045435428619385,0.0,0.0,0.0,2.98023217215615e-10,-0.01868978515267372,-1.0,-0.0,0.0,0.0,0.0,0.003969999961555004,-0.017509059980511665,-1.0,-0.0,0.0,0.0,0.0,4.611611075233668e-06,-0.0637909397482872,-0.7186194658279419,0.695403516292572,0.0,0.0,0.0,2.98023217215615e-10,-0.04460655897855759,-0.6427876353263855,0.7660444974899292,0.0,0.0,0.0,-2.98023217215615e-10,-0.02347646653652191,-0.9396926760673523,0.34202009439468384,0.0,0.0,0.0,0.0,-0.019652195274829865,-1.0,-0.0,0.0,0.0,0.00711638480424881,0.0018999999156221747,-0.016959700733423233,-0.9961947202682495,-0.0,0.08715574443340302,0.0,-0.0005882382392883301,0.0,-0.060253534466028214,-0.7133238315582275,0.6995487809181213,-0.03029705584049225,-0.02971198782324791,1.19209286886246e-09,-1.490116086078075e-10,-0.04255415499210358,-0.6427876353263855,0.7660444974899292,0.0,0.0,-2.38418573772492e-09,0.0,-0.02208789810538292,-0.9063078761100769,0.4226182699203491,0.0,0.0,0.0,0.0,-0.017740869894623756,-1.0,-0.0,0.0,0.0,0.013503451831638813,-0.0037700000684708357,-0.014087309129536152,-0.9914448857307434,-0.0,0.13052619993686676,0.0,0.0048975334502756596,-3.847479547403054e-06,-0.05743739381432533,-0.7468417286872864,0.6638951301574707,-0.02062162570655346,-0.03233431652188301,4.76837147544984e-09,-2.98023217215615e-10,-0.03276757150888443,-0.7071341872215271,0.7070794105529785,0.0,0.0,2.38418573772492e-09,0.0,-0.016709718853235245,-0.8419994711875916,0.5394784212112427,0.0,0.0,0.0,0.0,-0.01388302817940712,-1.0,-0.0,0.0,0.0
1782948374.6574154,2026-07-01 19:26:14.657,6082.0,6082,right,0,2,index_point,1,0.0,0.003969999961555004,-0.04999999701976776,-1.0,-0.0,0.0,0.0,0.0,0.0,0.0,-1.0,-0.0,0.0,0.0,-0.025476505979895592,-0.012044684961438179,-0.022234933450818062,-0.7754936814308167,0.024334626272320747,-0.3288477063179016,-0.5384019613265991,0.0,1.19209286886246e-09,-0.02723044343292713,-0.9616789817810059,0.2741781175136566,0.0,0.0,2.38418573772492e-09,-1.19209286886246e-09,-0.031859468668699265,-0.8998135924339294,0.4362746775150299,0.0,0.0,0.0,-3.5762786065873797e-09,-0.023122519254684448,-1.0,-0.0,0.0,0.0,-0.012360505759716034,0.0032300001475960016,-0.016998957842588425,-0.9990482330322266,-0.0,-0.04361938685178757,0.0,-0.002149570034816861,-3.8927792047616094e-06,-0.06502974033355713,-0.9999619722366333,-0.0,-0.008726464584469795,0.0,0.0,0.0,-0.03691747412085533,-0.9991405606269836,0.04145072400569916,0.0,0.0,-2.38418573772492e-09,-2.98023217215615e-10,-0.02163529396057129,-0.9989849328994751,0.045045435428619385,0.0,0.0,0.0,2.98023217215615e-10,-0.01868978515267372,-1.0,-0.0,0.0,0.0,0.0,0.003969999961555004,-0.017509059980511665,-1.0,-0.0,0.0,0.0,0.0,4.611611075233668e-06,-0.0637909397482872,-0.7186194658279419,0.695403516292572,0.0,0.0,0.0,2.98023217215615e-10,-0.04460655897855759,-0.6427876353263855,0.7660444974899292,0.0,0.0,0.0,-2.98023217215615e-10,-0.02347646653652191,-0.9396926760673523,0.34202009439468384,0.0,0.0,0.0,0.0,-0.019652195274829865,-1.0,-0.0,0.0,0.0,0.00711638480424881,0.0018999999156221747,-0.016959700733423233,-0.9961947202682495,-0.0,0.08715574443340302,0.0,-0.0005882382392883301,0.0,-0.060253534466028214,-0.7133238315582275,0.6995487809181213,-0.03029705584049225,-0.02971198782324791,1.19209286886246e-09,-1.490116086078075e-10,-0.04255415499210358,-0.6427876353263855,0.7660444974899292,0.0,0.0,-2.38418573772492e-09,0.0,-0.02208789810538292,-0.9063078761100769,0.4226182699203491,0.0,0.0,0.0,0.0,-0.017740869894623756,-1.0,-0.0,0.0,0.0,0.013503451831638813,-0.0037700000684708357,-0.014087309129536152,-0.9914448857307434,-0.0,0.13052619993686676,0.0,0.0048975334502756596,-3.847479547403054e-06,-0.05743739381432533,-0.7511271238327026,0.6590896844863892,-0.01930808089673519,-0.03218669444322586,4.76837147544984e-09,-2.98023217215615e-10,-0.03276757150888443,-0.7072996497154236,0.706913948059082,0.0,0.0,2.38418573772492e-09,0.0,-0.016709718853235245,-0.8421049118041992,0.5393139123916626,0.0,0.0,0.0,0.0,-0.01388302817940712,-1.0,-0.0,0.0,0.0
1782948374.6586418,2026-07-01 19:26:14.658,16821.0,16821,left,0,1,index_point,1,0.0,0.003969999961555004,-0.04999999701976776,-1.0,-0.0,0.0,0.0,0.0,0.0,0.0,-1.0,-0.0,0.0,0.0,0.025476500391960144,-0.012044699862599373,-0.022234899923205376,-0.7449427843093872,0.0565350204706192,0.37852081656455994,0.546430230140686,-5.7220457705398076e-08,-4.3511388270189855e-08,-0.027230437844991684,-0.9337523579597473,0.35791969299316406,0.0,0.0,3.5762786065873797e-09,6.318092005130893e-08,-0.031859491020441055,-0.8472319841384888,0.5312231183052063,0.0,0.0,2.384185648907078e-08,0.0,-0.023122519254684448,-1.0,-0.0,0.0,0.0,0.012359999120235443,0.0032300001475960016,-0.017000000923871994,-0.9990482330322266,-0.0,0.04361938685178757,0.0,0.0021501504816114902,-3.890097104886081e-06,-0.06502876430749893,-0.9999619722366333,-0.0,0.008726557716727257,0.0,-9.53674295089968e-09,-9.53674295089968e-09,-0.036917347460985184,-0.9993493556976318,0.0360686257481575,0.0,0.0,-2.8610228852699038e-08,-2.98023217215615e-10,-0.0216355137526989,-0.999281644821167,0.037897396832704544,0.0,0.0,1.2636184010261786e-07,2.98023217215615e-10,-0.018689393997192383,-1.0,-0.0,0.0,0.0,0.0,0.003969999961555004,-0.01750910095870495,-1.0,-0.0,0.0,0.0,0.0,4.610121322912164e-06,-0.06379090249538422,-0.8477421402931213,0.5304085612297058,0.0,0.0,0.0,2.98023217215615e-10,-0.044606998562812805,-0.6651054620742798,0.7467495203018188,0.0,0.0,0.0,0.0,-0.023475991562008858,-0.940908670425415,0.33866044878959656,0.0,0.0,0.0,0.0,-0.019651994109153748,-1.0,-0.0,0.0,0.0,-0.00711638992652297,0.0018999999156221747,-0.016959700733423233,-0.9961947202682495,-0.0,-0.08715574443340302,0.0,0.0005882433033548295,0.0,-0.060253534466028214,-0.8361735343933105,0.5477196574211121,0.023910408839583397,0.01566206105053425,-1.1086464013487785e-07,-1.490116086078075e-10,-0.04255366697907448,-0.659447968006134,0.7517502307891846,0.0,0.0,4.5299529460862686e-08,0.0,-0.022088106721639633,-0.9092115759849548,0.4163345396518707,0.0,0.0,-1.4305114426349519e-08,0.0,-0.017740696668624878,-1.0,-0.0,0.0,0.0,-0.013503500260412693,-0.0037700000684708357,-0.014087299816310406,-0.9914448857307434,-0.0,-0.13052619993686676,0.0,-0.004897483624517918,-3.8501621020259336e-06,-0.05743739381432533,-0.7849382162094116,0.6182042956352234,0.014937721192836761,0.03837093710899353,5.4836270635405526e-08,-2.98023217215615e-10,-0.03276759013533592,-0.7111942172050476,0.7029955983161926,0.0,0.0,-9.298324243900424e-08,0.0,-0.01670967973768711,-0.8445530533790588,0.5354719758033752,0.0,0.0,6.19888282926695e-08,0.0,-0.013883084990084171,-1.0,-0.0,0.0,0.0
1782948374.8631926,2026-07-01 19:26:14.863,16823.0,16823,left,0,1,index_point,1,0.0,0.003969999961555004,-0.04999999701976776,-1.0,-0.0,0.0,0.0,0.0,0.0,0.0,-1.0,-0.0,0.0,0.0,0.025476500391960144,-0.012044699862599373,-0.022234899923205376,-0.7461102604866028,0.052495233714580536,0.3774212598800659,0.5460008382797241,-5.7220457705398076e-08,-4.3511388270189855e-08,-0.027230437844991684,-0.9361063241958618,0.35171714425086975,0.0,0.0,3.5762786065873797e-09,6.318092005130893e-08,-0.031859491020441055,-0.8511922359466553,0.5248540639877319,0.0,0.0,2.384185648907078e-08,0.0,-0.023122519254684448,-1.0,-0.0,0.0,0.0,0.012359999120235443,0.0032300001475960016,-0.017000000923871994,-0.9990482330322266,-0.0,0.04361938685178757,0.0,0.0021501504816114902,-3.890097104886081e-06,-0.06502876430749893,-0.9999619722366333,-0.0,0.008726557716727257,0.0,-9.53674295089968e-09,-9.53674295089968e-09,-0.036917347460985184,-0.9993493556976318,0.0360686257481575,0.0,0.0,-2.8610228852699038e-08,-2.98023217215615e-10,-0.0216355137526989,-0.999281644821167,0.037897396832704544,0.0,0.0,1.2636184010261786e-07,2.98023217215615e-10,-0.018689393997192383,-1.0,-0.0,0.0,0.0,0.0,0.003969999961555004,-0.01750910095870495,-1.0,-0.0,0.0,0.0,0.0,4.610121322912164e-06,-0.06379090249538422,-0.8505358695983887,0.525917112827301,0.0,0.0,0.0,2.98023217215615e-10,-0.044606998562812805,-0.6666556000709534,0.7453659176826477,0.0,0.0,0.0,0.0,-0.023475991562008858,-0.9409987926483154,0.338409960269928,0.0,0.0,0.0,0.0,-0.019651994109153748,-1.0,-0.0,0.0,0.0,-0.00711638992652297,0.0018999999156221747,-0.016959700733423233,-0.9961947202682495,-0.0,-0.08715574443340302,0.0,0.0005882433033548295,0.0,-0.060253534466028214,-0.8361735343933105,0.5477196574211121,0.023910408839583397,0.01566206105053425,-1.1086464013487785e-07,-1.490116086078075e-10,-0.04255366697907448,-0.659447968006134,0.7517502307891846,0.0,0.0,4.5299529460862686e-08,0.0,-0.022088106721639633,-0.9092115759849548,0.4163345396518707,0.0,0.0,-1.4305114426349519e-08,0.0,-0.017740696668624878,-1.0,-0.0,0.0,0.0,-0.013503500260412693,-0.0037700000684708357,-0.014087299816310406,-0.9914448857307434,-0.0,-0.13052619993686676,0.0,-0.004897483624517918,-3.8501621020259336e-06,-0.05743739381432533,-0.7849382162094116,0.6182042956352234,0.014937721192836761,0.03837093710899353,5.4836270635405526e-08,-2.98023217215615e-10,-0.03276759013533592,-0.7111942172050476,0.7029955983161926,0.0,0.0,-9.298324243900424e-08,0.0,-0.01670967973768711,-0.8445530533790588,0.5354719758033752,0.0,0.0,6.19888282926695e-08,0.0,-0.013883084990084171,-1.0,-0.0,0.0,0.0
1782948374.8635747,2026-07-01 19:26:14.863,6094.0,6094,right,0,2,index_point,1,0.0,0.003969999961555004,-0.04999999701976776,-1.0,-0.0,0.0,0.0,0.0,0.0,0.0,-1.0,-0.0,0.0,0.0,-0.025476505979895592,-0.012044684961438179,-0.022234933450818062,-0.7754936814308167,0.024334626272320747,-0.3288477063179016,-0.5384019613265991,0.0,1.19209286886246e-09,-0.02723044343292713,-0.9616789817810059,0.2741781175136566,0.0,0.0,2.38418573772492e-09,-1.19209286886246e-09,-0.031859468668699265,-0.8998135924339294,0.4362746775150299,0.0,0.0,0.0,-3.5762786065873797e-09,-0.023122519254684448,-1.0,-0.0,0.0,0.0,-0.012360505759716034,0.0032300001475960016,-0.016998957842588425,-0.9990482330322266,-0.0,-0.04361938685178757,0.0,-0.002149570034816861,-3.8927792047616094e-06,-0.06502974033355713,-0.9999619722366333,-0.0,-0.008726464584469795,0.0,0.0,0.0,-0.03691747412085533,-0.9991405606269836,0.04145072400569916,0.0,0.0,-2.38418573772492e-09,-2.98023217215615e-10,-0.02163529396057129,-0.9989849328994751,0.045045435428619385,0.0,0.0,0.0,2.98023217215615e-10,-0.01868978515267372,-1.0,-0.0,0.0,0.0,0.0,0.003969999961555004,-0.017509059980511665,-1.0,-0.0,0.0,0.0,0.0,4.611611075233668e-06,-0.0637909397482872,-0.7186194658279419,0.695403516292572,0.0,0.0,0.0,2.98023217215615e-10,-0.04460655897855759,-0.6427876353263855,0.7660444974899292,0.0,0.0,0.0,-2.98023217215615e-10,-0.02347646653652191,-0.9396926760673523,0.34202009439468384,0.0,0.0,0.0,0.0,-0.019652195274829865,-1.0,-0.0,0.0,0.0,0.00711638480424881,0.0018999999156221747,-0.016959700733423233,-0.9961947202682495,-0.0,0.08715574443340302,0.0,-0.0005882382392883301,0.0,-0.060253534466028214,-0.7133238315582275,0.6995487809181213,-0.03029705584049225,-0.02971198782324791,1.19209286886246e-09,-1.490116086078075e-10,-0.04255415499210358,-0.6427876353263855,0.7660444974899292,0.0,0.0,-2.38418573772492e-09,0.0,-0.02208789810538292,-0.9063078761100769,0.4226182699203491,0.0,0.0,0.0,0.0,-0.017740869894623756,-1.0,-0.0,0.0,0.0,0.013503451831638813,-0.0037700000684708357,-0.014087309129536152,-0.9914448857307434,-0.0,0.13052619993686676,0.0,0.0048975334502756596,-3.847479547403054e-06,-0.05743739381432533,-0.756831705570221,0.6525908708572388,-0.017549142241477966,-0.03198337182402611,4.76837147544984e-09,-2.98023217215615e-10,-0.03276757150888443,-0.7075613737106323,0.7066519856452942,0.0,0.0,2.38418573772492e-09,0.0,-0.016709718853235245,-0.8422714471817017,0.5390536785125732,0.0,0.0,0.0,0.0,-0.01388302817940712,-1.0,-0.0,0.0,0.0
1782948375.082308,2026-07-01 19:26:15.082,16825.0,16825,left,0,1,index_point,1,0.0,0.003969999961555004,-0.04999999701976776,-1.0,-0.0,0.0,0.0,0.0,0.0,0.0,-1.0,-0.0,0.0,0.0,0.025476500391960144,-0.012044699862599373,-0.022234899923205376,-0.7464126944541931,0.05147886276245117,0.3771270513534546,0.5458875894546509,-5.7220457705398076e-08,-4.3511388270189855e-08,-0.027230437844991684,-0.936693549156189,0.35015028715133667,0.0,0.0,3.5762786065873797e-09,6.318092005130893e-08,-0.031859491020441055,-0.8521994948387146,0.5232170224189758,0.0,0.0,2.384185648907078e-08,0.0,-0.023122519254684448,-1.0,-0.0,0.0,0.0,0.012359999120235443,0.0032300001475960016,-0.017000000923871994,-0.9990482330322266,-0.0,0.04361938685178757,0.0,0.0021501504816114902,-3.890097104886081e-06,-0.06502876430749893,-0.9999619722366333,-0.0,0.008726557716727257,0.0,-9.53674295089968e-09,-9.53674295089968e-09,-0.036917347460985184,-0.9993493556976318,0.0360686257481575,0.0,0.0,-2.8610228852699038e-08,-2.98023217215615e-10,-0.0216355137526989,-0.999281644821167,0.037897396832704544,0.0,0.0,1.2636184010261786e-07,2.98023217215615e-10,-0.018689393997192383,-1.0,-0.0,0.0,0.0,0.0,0.003969999961555004,-0.01750910095870495,-1.0,-0.0,0.0,0.0,0.0,4.610121322912164e-06,-0.06379090249538422,-0.8533058166503906,0.5214108824729919,0.0,0.0,0.0,2.98023217215615e-10,-0.044606998562812805,-0.668202817440033,0.7439792156219482,0.0,0.0,0.0,0.0,-0.023475991562008858,-0.941088855266571,0.338159441947937,0.0,0.0,0.0,0.0,-0.019651994109153748,-1.0,-0.0,0.0,0.0,-0.00711638992652297,0.0018999999156221747,-0.016959700733423233,-0.9961947202682495,-0.0,-0.08715574443340302,0.0,0.0005882433033548295,0.0,-0.060253534466028214,-0.8418164253234863,0.5390467047691345,0.023426298052072525,0.015000740066170692,-1.1086464013487785e-07,-1.490116086078075e-10,-0.04255366697907448,-0.6621853709220886,0.7493401169776917,0.0,0.0,4.5299529460862686e-08,0.0,-0.022088106721639633,-0.9096925258636475,0.4152824878692627,0.0,0.0,-1.4305114426349519e-08,0.0,-0.017740696668624878,-1.0,-0.0,0.0,0.0,-0.013503500260412693,-0.0037700000684708357,-0.014087299816310406,-0.9914448857307434,-0.0,-0.13052619993686676,0.0,-0.004897483624517918,-3.8501621020259336e-06,-0.05743739381432533,-0.7941535711288452,0.6063648462295532,0.012500160373747349,0.038544464856386185,5.4836270635405526e-08,-2.98023217215615e-10,-0.03276759013533592,-0.7130712270736694,0.7010916471481323,0.0,0.0,-9.298324243900424e-08,0.0,-0.01670967973768711,-0.8457174897193909,0.5336308479309082,0.0,0.0,6.19888282926695e-08,0.0,-0.013883084990084171,-1.0,-0.0,0.0,0.0
1782948375.0836954,2026-07-01 19:26:15.083,6108.0,6108,right,0,2,index_point,1,0.0,0.003969999961555004,-0.04999999701976776,-1.0,-0.0,0.0,0.0,0.0,0.0,0.0,-1.0,-0.0,0.0,0.0,-0.025476505979895592,-0.012044684961438179,-0.022234933450818062,-0.7754936814308167,0.024334626272320747,-0.3288477063179016,-0.5384019613265991,0.0,1.19209286886246e-09,-0.02723044343292713,-0.9616789817810059,0.2741781175136566,0.0,0.0,2.38418573772492e-09,-1.19209286886246e-09,-0.031859468668699265,-0.8998135924339294,0.4362746775150299,0.0,0.0,0.0,-3.5762786065873797e-09,-0.023122519254684448,-1.0,-0.0,0.0,0.0,-0.012360505759716034,0.0032300001475960016,-0.016998957842588425,-0.9990482330322266,-0.0,-0.04361938685178757,0.0,-0.002149570034816861,-3.8927792047616094e-06,-0.06502974033355713,-0.9999619722366333,-0.0,-0.008726464584469795,0.0,0.0,0.0,-0.03691747412085533,-0.9991405606269836,0.04145072400569916,0.0,0.0,-2.38418573772492e-09,-2.98023217215615e-10,-0.02163529396057129,-0.9989849328994751,0.045045435428619385,0.0,0.0,0.0,2.98023217215615e-10,-0.01868978515267372,-1.0,-0.0,0.0,0.0,0.0,0.003969999961555004,-0.017509059980511665,-1.0,-0.0,0.0,0.0,0.0,4.611611075233668e-06,-0.0637909397482872,-0.7259112596511841,0.6877884268760681,0.0,0.0,0.0,2.98023217215615e-10,-0.04460655897855759,-0.6427876353263855,0.7660444974899292,0.0,0.0,0.0,-2.98023217215615e-10,-0.02347646653652191,-0.9396926760673523,0.34202009439468384,0.0,0.0,0.0,0.0,-0.019652195274829865,-1.0,-0.0,0.0,0.0,0.00711638480424881,0.0018999999156221747,-0.016959700733423233,-0.9961947202682495,-0.0,0.08715574443340302,0.0,-0.0005882382392883301,0.0,-0.060253534466028214,-0.7133238315582275,0.6995487809181213,-0.03029705584049225,-0.02971198782324791,1.19209286886246e-09,-1.490116086078075e-10,-0.04255415499210358,-0.6427876353263855,0.7660444974899292,0.0,0.0,-2.38418573772492e-09,0.0,-0.02208789810538292,-0.9063078761100769,0.4226182699203491,0.0,0.0,0.0,0.0,-0.017740869894623756,-1.0,-0.0,0.0,0.0,0.013503451831638813,-0.0037700000684708357,-0.014087309129536152,-0.9914448857307434,-0.0,0.13052619993686676,0.0,0.0048975334502756596,-3.847479547403054e-06,-0.05743739381432533,-0.7641494870185852,0.6440780162811279,-0.015310163609683514,-0.031696777790784836,4.76837147544984e-09,-2.98023217215615e-10,-0.03276757150888443,-0.7081651091575623,0.7060469388961792,0.0,0.0,2.38418573772492e-09,0.0,-0.016709718853235245,-0.8426539301872253,0.5384554862976074,0.0,0.0,0.0,0.0,-0.01388302817940712,-1.0,-0.0,0.0,0.0
1782948375.2938867,2026-07-01 19:26:15.293,16827.0,16827,left,0,1,index_point,1,0.0,0.003969999961555004,-0.04999999701976776,-1.0,-0.0,0.0,0.0,0.0,0.0,0.0,-1.0,-0.0,0.0,0.0,0.025476500391960144,-0.012044699862599373,-0.022234899923205376,-0.7470147609710693,0.049445927143096924,0.3765372335910797,0.5456590056419373,-5.7220457705398076e-08,-4.3511388270189855e-08,-0.027230437844991684,-0.9378601312637329,0.3470136225223541,0.0,0.0,3.5762786065873797e-09,6.318092005130893e-08,-0.031859491020441055,-0.8542045950889587,0.5199370980262756,0.0,0.0,2.384185648907078e-08,0.0,-0.023122519254684448,-1.0,-0.0,0.0,0.0,0.012359999120235443,0.0032300001475960016,-0.017000000923871994,-0.9990482330322266,-0.0,0.04361938685178757,0.0,0.0021501504816114902,-3.890097104886081e-06,-0.06502876430749893,-0.9999619722366333,-0.0,0.008726557716727257,0.0,-9.53674295089968e-09,-9.53674295089968e-09,-0.036917347460985184,-0.9993493556976318,0.0360686257481575,0.0,0.0,-2.8610228852699038e-08,-2.98023217215615e-10,-0.0216355137526989,-0.999281644821167,0.037897396832704544,0.0,0.0,1.2636184010261786e-07,2.98023217215615e-10,-0.018689393997192383,-1.0,-0.0,0.0,0.0,0.0,0.003969999961555004,-0.01750910095870495,-1.0,-0.0,0.0,0.0,0.0,4.610121322912164e-06,-0.06379090249538422,-0.8533058166503906,0.5214108824729919,0.0,0.0,0.0,2.98023217215615e-10,-0.044606998562812805,-0.668202817440033,0.7439792156219482,0.0,0.0,0.0,0.0,-0.023475991562008858,-0.941088855266571,0.338159441947937,0.0,0.0,0.0,0.0,-0.019651994109153748,-1.0,-0.0,0.0,0.0,-0.00711638992652297,0.0018999999156221747,-0.016959700733423233,-0.9961947202682495,-0.0,-0.08715574443340302,0.0,0.0005882433033548295,0.0,-0.060253534466028214,-0.8474321365356445,0.5302146077156067,0.022924572229385376,0.014343264512717724,-1.1086464013487785e-07,-1.490116086078075e-10,-0.04255366697907448,-0.6651054620742798,0.7467495203018188,0.0,0.0,4.5299529460862686e-08,0.0,-0.022088106721639633,-0.9102067351341248,0.4141542911529541,0.0,0.0,-1.4305114426349519e-08,0.0,-0.017740696668624878,-1.0,-0.0,0.0,0.0,-0.013503500260412693,-0.0037700000684708357,-0.014087299816310406,-0.9914448857307434,-0.0,-0.13052619993686676,0.0,-0.004897483624517918,-3.8501621020259336e-06,-0.05743739381432533,-0.7941535711288452,0.6063648462295532,0.012500160373747349,0.038544464856386185,5.4836270635405526e-08,-2.98023217215615e-10,-0.03276759013533592,-0.7130712270736694,0.7010916471481323,0.0,0.0,-9.298324243900424e-08,0.0,-0.01670967973768711,-0.8457174897193909,0.5336308479309082,0.0,0.0,6.19888282926695e-08,0.0,-0.013883084990084171,-1.0,-0.0,0.0,0.0
1782948375.294105,2026-07-01 19:26:15.294,6122.0,6122,right,0,2,index_point,1,0.0,0.003969999961555004,-0.04999999701976776,-1.0,-0.0,0.0,0.0,0.0,0.0,0.0,-1.0,-0.0,0.0,0.0,-0.025476505979895592,-0.012044684961438179,-0.022234933450818062,-0.7761850953102112,0.0221865177154541,-0.3278394341468811,-0.5381131768226624,0.0,1.19209286886246e-09,-0.02723044343292713,-0.962651252746582,0.270744651556015,0.0,0.0,2.38418573772492e-09,-1.19209286886246e-09,-0.031859468668699265,-0.9018523693084717,0.4320443868637085,0.0,0.0,0.0,-3.5762786065873797e-09,-0.023122519254684448,-1.0,-0.0,0.0,0.0,-0.012360505759716034,0.0032300001475960016,-0.016998957842588425,-0.9990482330322266,-0.0,-0.04361938685178757,0.0,-0.002149570034816861,-3.8927792047616094e-06,-0.06502974033355713,-0.9999619722366333,-0.0,-0.008726464584469795,0.0,0.0,0.0,-0.03691747412085533,-0.9991405606269836,0.04145072400569916,0.0,0.0,-2.38418573772492e-09,-2.98023217215615e-10,-0.02163529396057129,-0.9989849328994751,0.045045435428619385,0.0,0.0,0.0,2.98023217215615e-10,-0.01868978515267372,-1.0,-0.0,0.0,0.0,0.0,0.003969999961555004,-0.017509059980511665,-1.0,-0.0,0.0,0.0,0.0,4.611611075233668e-06,-0.0637909397482872,-0.7259112596511841,0.6877884268760681,0.0,0.0,0.0,2.98023217215615e-10,-0.04460655897855759,-0.6427876353263855,0.7660444974899292,0.0,0.0,0.0,-2.98023217215615e-10,-0.02347646653652191,-0.9396926760673523,0.34202009439468384,0.0,0.0,0.0,0.0,-0.019652195274829865,-1.0,-0.0,0.0,0.0,0.00711638480424881,0.0018999999156221747,-0.016959700733423233,-0.9961947202682495,-0.0,0.08715574443340302,0.0,-0.0005882382392883301,0.0,-0.060253534466028214,-0.7144238352775574,0.6984366774559021,-0.030208546668291092,-0.029532961547374725,1.19209286886246e-09,-1.490116086078075e-10,-0.04255415499210358,-0.6427876353263855,0.7660444974899292,0.0,0.0,-2.38418573772492e-09,0.0,-0.02208789810538292,-0.9063078761100769,0.4226182699203491,0.0,0.0,0.0,0.0,-0.017740869894623756,-1.0,-0.0,0.0,0.0,0.013503451831638813,-0.0037700000684708357,-0.014087309129536152,-0.9914448857307434,-0.0,0.13052619993686676,0.0,0.0048975334502756596,-3.847479547403054e-06,-0.05743739381432533,-0.7641494870185852,0.6440780162811279,-0.015310163609683514,-0.031696777790784836,4.76837147544984e-09,-2.98023217215615e-10,-0.03276757150888443,-0.7081651091575623,0.7060469388961792,0.0,0.0,2.38418573772492e-09,0.0,-0.016709718853235245,-0.8426539301872253,0.5384554862976074,0.0,0.0,0.0,0.0,-0.01388302817940712,-1.0,-0.0,0.0,0.0
1782948375.498637,2026-07-01 19:26:15.498,16828.0,16828,left,0,1,index_point,1,0.0,0.003969999961555004,-0.04999999701976776,-1.0,-0.0,0.0,0.0,0.0,0.0,0.0,-1.0,-0.0,0.0,0.0,0.025476500391960144,-0.012044699862599373,-0.022234899923205376,-0.7470147609710693,0.049445927143096924,0.3765372335910797,0.5456590056419373,-5.7220457705398076e-08,-4.3511388270189855e-08,-0.027230437844991684,-0.9378601312637329,0.3470136225223541,0.0,0.0,3.5762786065873797e-09,6.318092005130893e-08,-0.031859491020441055,-0.8542045950889587,0.5199370980262756,0.0,0.0,2.384185648907078e-08,0.0,-0.023122519254684448,-1.0,-0.0,0.0,0.0,0.012359999120235443,0.0032300001475960016,-0.017000000923871994,-0.9990482330322266,-0.0,0.04361938685178757,0.0,0.0021501504816114902,-3.890097104886081e-06,-0.06502876430749893,-0.9999619722366333,-0.0,0.008726557716727257,0.0,-9.53674295089968e-09,-9.53674295089968e-09,-0.036917347460985184,-0.9993493556976318,0.0360686257481575,0.0,0.0,-2.8610228852699038e-08,-2.98023217215615e-10,-0.0216355137526989,-0.999281644821167,0.037897396832704544,0.0,0.0,1.2636184010261786e-07,2.98023217215615e-10,-0.018689393997192383,-1.0,-0.0,0.0,0.0,0.0,0.003969999961555004,-0.01750910095870495,-1.0,-0.0,0.0,0.0,0.0,4.610121322912164e-06,-0.06379090249538422,-0.8533058166503906,0.5214108824729919,0.0,0.0,0.0,2.98023217215615e-10,-0.044606998562812805,-0.668202817440033,0.7439792156219482,0.0,0.0,0.0,0.0,-0.023475991562008858,-0.941088855266571,0.338159441947937,0.0,0.0,0.0,0.0,-0.019651994109153748,-1.0,-0.0,0.0,0.0,-0.00711638992652297,0.0018999999156221747,-0.016959700733423233,-0.9961947202682495,-0.0,-0.08715574443340302,0.0,0.0005882433033548295,0.0,-0.060253534466028214,-0.8474321365356445,0.5302146077156067,0.022924572229385376,0.014343264512717724,-1.1086464013487785e-07,-1.490116086078075e-10,-0.04255366697907448,-0.6651054620742798,0.7467495203018188,0.0,0.0,4.5299529460862686e-08,0.0,-0.022088106721639633,-0.9102067351341248,0.4141542911529541,0.0,0.0,-1.4305114426349519e-08,0.0,-0.017740696668624878,-1.0,-0.0,0.0,0.0,-0.013503500260412693,-0.0037700000684708357,-0.014087299816310406,-0.9914448857307434,-0.0,-0.13052619993686676,0.0,-0.004897483624517918,-3.8501621020259336e-06,-0.05743739381432533,-0.7941535711288452,0.6063648462295532,0.012500160373747349,0.038544464856386185,5.4836270635405526e-08,-2.98023217215615e-10,-0.03276759013533592,-0.7130712270736694,0.7010916471481323,0.0,0.0,-9.298324243900424e-08,0.0,-0.01670967973768711,-0.8457174897193909,0.5336308479309082,0.0,0.0,6.19888282926695e-08,0.0,-0.013883084990084171,-1.0,-0.0,0.0,0.0
1782948375.4988842,2026-07-01 19:26:15.498,6132.0,6132,right,0,2,index_point,1,0.0,0.003969999961555004,-0.04999999701976776,-1.0,-0.0,0.0,0.0,0.0,0.0,0.0,-1.0,-0.0,0.0,0.0,-0.025476505979895592,-0.012044684961438179,-0.022234933450818062,-0.7766988277435303,0.02056284248828888,-0.32708868384361267,-0.5378932356834412,0.0,1.19209286886246e-09,-0.02723044343292713,-0.9633731245994568,0.26816460490226746,0.0,0.0,2.38418573772492e-09,-1.19209286886246e-09,-0.031859468668699265,-0.903377115726471,0.428847074508667,0.0,0.0,0.0,-3.5762786065873797e-09,-0.023122519254684448,-1.0,-0.0,0.0,0.0,-0.012360505759716034,0.0032300001475960016,-0.016998957842588425,-0.9990482330322266,-0.0,-0.04361938685178757,0.0,-0.002149570034816861,-3.8927792047616094e-06,-0.06502974033355713,-0.9999619722366333,-0.0,-0.008726464584469795,0.0,0.0,0.0,-0.03691747412085533,-0.9991405606269836,0.04145072400569916,0.0,0.0,-2.38418573772492e-09,-2.98023217215615e-10,-0.02163529396057129,-0.9989849328994751,0.045045435428619385,0.0,0.0,0.0,2.98023217215615e-10,-0.01868978515267372,-1.0,-0.0,0.0,0.0,0.0,0.003969999961555004,-0.017509059980511665,-1.0,-0.0,0.0,0.0,0.0,4.611611075233668e-06,-0.0637909397482872,-0.7259112596511841,0.6877884268760681,0.0,0.0,0.0,2.98023217215615e-10,-0.04460655897855759,-0.6427876353263855,0.7660444974899292,0.0,0.0,0.0,-2.98023217215615e-10,-0.02347646653652191,-0.9396926760673523,0.34202009439468384,0.0,0.0,0.0,0.0,-0.019652195274829865,-1.0,-0.0,0.0,0.0,0.00711638480424881,0.0018999999156221747,-0.016959700733423233,-0.9961947202682495,-0.0,0.08715574443340302,0.0,-0.0005882382392883301,0.0,-0.060253534466028214,-0.7155221700668335,0.6973228454589844,-0.030119962990283966,-0.029353858903050423,1.19209286886246e-09,-1.490116086078075e-10,-0.04255415499210358,-0.6427876353263855,0.7660444974899292,0.0,0.0,-2.38418573772492e-09,0.0,-0.02208789810538292,-0.9063078761100769,0.4226182699203491,0.0,0.0,0.0,0.0,-0.017740869894623756,-1.0,-0.0,0.0,0.0,0.013503451831638813,-0.0037700000684708357,-0.014087309129536152,-0.9914448857307434,-0.0,0.13052619993686676,0.0,0.0048975334502756596,-3.847479547403054e-06,-0.05743739381432533,-0.7671167850494385,0.6405681371688843,-0.014405675232410431,-0.03157288581132889,4.76837147544984e-09,-2.98023217215615e-10,-0.03276757150888443,-0.7084792852401733,0.7057316303253174,0.0,0.0,2.38418573772492e-09,0.0,-0.016709718853235245,-0.8428523540496826,0.5381449460983276,0.0,0.0,0.0,0.0,-0.01388302817940712,-1.0,-0.0,0.0,0.0
1782948375.716824,2026-07-01 19:26:15.716,16830.0,16830,left,0,1,index_point,1,0.0,0.003969999961555004,-0.04999999701976776,-1.0,-0.0,0.0,0.0,0.0,0.0,0.0,-1.0,-0.0,0.0,0.0,0.025476500391960144,-0.012044699862599373,-0.022234899923205376,-0.7470147609710693,0.049445927143096924,0.3765372335910797,0.5456590056419373,-5.7220457705398076e-08,-4.3511388270189855e-08,-0.027230437844991684,-0.9378601312637329,0.3470136225223541,0.0,0.0,3.5762786065873797e-09,6.318092005130893e-08,-0.031859491020441055,-0.8542045950889587,0.5199370980262756,0.0,0.0,2.384185648907078e-08,0.0,-0.023122519254684448,-1.0,-0.0,0.0,0.0,0.012359999120235443,0.0032300001475960016,-0.017000000923871994,-0.9990482330322266,-0.0,0.04361938685178757,0.0,0.0021501504816114902,-3.890097104886081e-06,-0.06502876430749893,-0.9999619722366333,-0.0,0.008726557716727257,0.0,-9.53674295089968e-09,-9.53674295089968e-09,-0.036917347460985184,-0.9993493556976318,0.0360686257481575,0.0,0.0,-2.8610228852699038e-08,-2.98023217215615e-10,-0.0216355137526989,-0.999281644821167,0.037897396832704544,0.0,0.0,1.2636184010261786e-07,2.98023217215615e-10,-0.018689393997192383,-1.0,-0.0,0.0,0.0,0.0,0.003969999961555004,-0.01750910095870495,-1.0,-0.0,0.0,0.0,0.0,4.610121322912164e-06,-0.06379090249538422,-0.8533058166503906,0.5214108824729919,0.0,0.0,0.0,2.98023217215615e-10,-0.044606998562812805,-0.668202817440033,0.7439792156219482,0.0,0.0,0.0,0.0,-0.023475991562008858,-0.941088855266571,0.338159441947937,0.0,0.0,0.0,0.0,-0.019651994109153748,-1.0,-0.0,0.0,0.0,-0.00711638992652297,0.0018999999156221747,-0.016959700733423233,-0.9961947202682495,-0.0,-0.08715574443340302,0.0,0.0005882433033548295,0.0,-0.060253534466028214,-0.8474321365356445,0.5302146077156067,0.022924572229385376,0.014343264512717724,-1.1086464013487785e-07,-1.490116086078075e-10,-0.04255366697907448,-0.6651054620742798,0.7467495203018188,0.0,0.0,4.5299529460862686e-08,0.0,-0.022088106721639633,-0.9102067351341248,0.4141542911529541,0.0,0.0,-1.4305114426349519e-08,0.0,-0.017740696668624878,-1.0,-0.0,0.0,0.0,-0.013503500260412693,-0.0037700000684708357,-0.014087299816310406,-0.9914448857307434,-0.0,-0.13052619993686676,0.0,-0.004897483624517918,-3.8501621020259336e-06,-0.05743739381432533,-0.7941535711288452,0.6063648462295532,0.012500160373747349,0.038544464856386185,5.4836270635405526e-08,-2.98023217215615e-10,-0.03276759013533592,-0.7130712270736694,0.7010916471481323,0.0,0.0,-9.298324243900424e-08,0.0,-0.01670967973768711,-0.8457174897193909,0.5336308479309082,0.0,0.0,6.19888282926695e-08,0.0,-0.013883084990084171,-1.0,-0.0,0.0,0.0
1782948375.7170887,2026-07-01 19:26:15.717,6146.0,6146,right,0,2,index_point,1,0.0,0.003969999961555004,-0.04999999701976776,-1.0,-0.0,0.0,0.0,0.0,0.0,0.0,-1.0,-0.0,0.0,0.0,-0.025476505979895592,-0.012044684961438179,-0.022234933450818062,-0.7773789763450623,0.018394649028778076,-0.32608774304389954,-0.5375968217849731,0.0,1.19209286886246e-09,-0.02723044343292713,-0.9643250703811646,0.26472094655036926,0.0,0.0,2.38418573772492e-09,-1.19209286886246e-09,-0.031859468668699265,-0.9053946733474731,0.4245709776878357,0.0,0.0,0.0,-3.5762786065873797e-09,-0.023122519254684448,-1.0,-0.0,0.0,0.0,-0.012360505759716034,0.0032300001475960016,-0.016998957842588425,-0.9990482330322266,-0.0,-0.04361938685178757,0.0,-0.002149570034816861,-3.8927792047616094e-06,-0.06502974033355713,-0.9999619722366333,-0.0,-0.008726464584469795,0.0,0.0,0.0,-0.03691747412085533,-0.9991405606269836,0.04145072400569916,0.0,0.0,-2.38418573772492e-09,-2.98023217215615e-10,-0.02163529396057129,-0.9989849328994751,0.045045435428619385,0.0,0.0,0.0,2.98023217215615e-10,-0.01868978515267372,-1.0,-0.0,0.0,0.0,0.0,0.003969999961555004,-0.017509059980511665,-1.0,-0.0,0.0,0.0,0.0,4.611611075233668e-06,-0.0637909397482872,-0.7259112596511841,0.6877884268760681,0.0,0.0,0.0,2.98023217215615e-10,-0.04460655897855759,-0.6427876353263855,0.7660444974899292,0.0,0.0,0.0,-2.98023217215615e-10,-0.02347646653652191,-0.9396926760673523,0.34202009439468384,0.0,0.0,0.0,0.0,-0.019652195274829865,-1.0,-0.0,0.0,0.0,0.00711638480424881,0.0018999999156221747,-0.016959700733423233,-0.9961947202682495,-0.0,0.08715574443340302,0.0,-0.0005882382392883301,0.0,-0.060253534466028214,-0.7155221700668335,0.6973228454589844,-0.030119962990283966,-0.029353858903050423,1.19209286886246e-09,-1.490116086078075e-10,-0.04255415499210358,-0.6427876353263855,0.7660444974899292,0.0,0.0,-2.38418573772492e-09,0.0,-0.02208789810538292,-0.9063078761100769,0.4226182699203491,0.0,0.0,0.0,0.0,-0.017740869894623756,-1.0,-0.0,0.0,0.0,0.013503451831638813,-0.0037700000684708357,-0.014087309129536152,-0.9914448857307434,-0.0,0.13052619993686676,0.0,0.0048975334502756596,-3.847479547403054e-06,-0.05743739381432533,-0.7671167850494385,0.6405681371688843,-0.014405675232410431,-0.03157288581132889,4.76837147544984e-09,-2.98023217215615e-10,-0.03276757150888443,-0.7084792852401733,0.7057316303253174,0.0,0.0,2.38418573772492e-09,0.0,-0.016709718853235245,-0.8428523540496826,0.5381449460983276,0.0,0.0,0.0,0.0,-0.01388302817940712,-1.0,-0.0,0.0,0.0
1782948375.9257298,2026-07-01 19:26:15.925,16832.0,16832,left,0,1,index_point,1,0.0,0.003969999961555004,-0.04999999701976776,-1.0,-0.0,0.0,0.0,0.0,0.0,0.0,-1.0,-0.0,0.0,0.0,0.025476500391960144,-0.012044699862599373,-0.022234899923205376,-0.7488893270492554,0.04330332577228546,0.3746258020401001,0.5449267029762268,-5.7220457705398076e-08,-4.3511388270189855e-08,-0.027230437844991684,-0.9413310885429382,0.3374845087528229,0.0,0.0,3.5762786065873797e-09,6.318092005130893e-08,-0.031859491020441055,-0.8603138327598572,0.5097648501396179,0.0,0.0,2.384185648907078e-08,0.0,-0.023122519254684448,-1.0,-0.0,0.0,0.0,0.012359999120235443,0.0032300001475960016,-0.017000000923871994,-0.9990482330322266,-0.0,0.04361938685178757,0.0,0.0021501504816114902,-3.890097104886081e-06,-0.06502876430749893,-0.9999619722366333,-0.0,0.008726557716727257,0.0,-9.53674295089968e-09,-9.53674295089968e-09,-0.036917347460985184,-0.9993493556976318,0.0360686257481575,0.0,0.0,-2.8610228852699038e-08,-2.98023217215615e-10,-0.0216355137526989,-0.999281644821167,0.037897396832704544,0.0,0.0,1.2636184010261786e-07,2.98023217215615e-10,-0.018689393997192383,-1.0,-0.0,0.0,0.0,0.0,0.003969999961555004,-0.01750910095870495,-1.0,-0.0,0.0,0.0,0.0,4.610121322912164e-06,-0.06379090249538422,-0.8533058166503906,0.5214108824729919,0.0,0.0,0.0,2.98023217215615e-10,-0.044606998562812805,-0.668202817440033,0.7439792156219482,0.0,0.0,0.0,0.0,-0.023475991562008858,-0.941088855266571,0.338159441947937,0.0,0.0,0.0,0.0,-0.019651994109153748,-1.0,-0.0,0.0,0.0,-0.00711638992652297,0.0018999999156221747,-0.016959700733423233,-0.9961947202682495,-0.0,-0.08715574443340302,0.0,0.0005882433033548295,0.0,-0.060253534466028214,-0.8474321365356445,0.5302146077156067,0.022924572229385376,0.014343264512717724,-1.1086464013487785e-07,-1.490116086078075e-10,-0.04255366697907448,-0.6651054620742798,0.7467495203018188,0.0,0.0,4.5299529460862686e-08,0.0,-0.022088106721639633,-0.9102067351341248,0.4141542911529541,0.0,0.0,-1.4305114426349519e-08,0.0,-0.017740696668624878,-1.0,-0.0,0.0,0.0,-0.013503500260412693,-0.0037700000684708357,-0.014087299816310406,-0.9914448857307434,-0.0,-0.13052619993686676,0.0,-0.004897483624517918,-3.8501621020259336e-06,-0.05743739381432533,-0.7972393035888672,0.6023152470588684,0.011681746691465378,0.038593120872974396,5.4836270635405526e-08,-2.98023217215615e-10,-0.03276759013533592,-0.713771641254425,0.7003785371780396,0.0,0.0,-9.298324243900424e-08,0.0,-0.01670967973768711,-0.8461501598358154,0.5329446792602539,0.0,0.0,6.19888282926695e-08,0.0,-0.013883084990084171,-1.0,-0.0,0.0,0.0
1782948375.9381006,2026-07-01 19:26:15.938,6160.0,6160,right,0,2,index_point,1,0.0,0.003969999961555004,-0.04999999701976776,-1.0,-0.0,0.0,0.0,0.0,0.0,0.0,-1.0,-0.0,0.0,0.0,-0.025476505979895592,-0.012044684961438179,-0.022234933450818062,-0.7786630988121033,0.01419839821755886,-0.324186772108078,-0.5370150804519653,0.0,1.19209286886246e-09,-0.02723044343292713,-0.9661169648170471,0.25810477137565613,0.0,0.0,2.38418573772492e-09,-1.19209286886246e-09,-0.031859468668699265,-0.9092314839363098,0.4162909686565399,0.0,0.0,0.0,-3.5762786065873797e-09,-0.023122519254684448,-1.0,-0.0,0.0,0.0,-0.012360505759716034,0.0032300001475960016,-0.016998957842588425,-0.9990482330322266,-0.0,-0.04361938685178757,0.0,-0.002149570034816861,-3.8927792047616094e-06,-0.06502974033355713,-0.9999619722366333,-0.0,-0.008726464584469795,0.0,0.0,0.0,-0.03691747412085533,-0.9991405606269836,0.04145072400569916,0.0,0.0,-2.38418573772492e-09,-2.98023217215615e-10,-0.02163529396057129,-0.9989849328994751,0.045045435428619385,0.0,0.0,0.0,2.98023217215615e-10,-0.01868978515267372,-1.0,-0.0,0.0,0.0,0.0,0.003969999961555004,-0.017509059980511665,-1.0,-0.0,0.0,0.0,0.0,4.611611075233668e-06,-0.0637909397482872,-0.7259112596511841,0.6877884268760681,0.0,0.0,0.0,2.98023217215615e-10,-0.04460655897855759,-0.6427876353263855,0.7660444974899292,0.0,0.0,0.0,-2.98023217215615e-10,-0.02347646653652191,-0.9396926760673523,0.34202009439468384,0.0,0.0,0.0,0.0,-0.019652195274829865,-1.0,-0.0,0.0,0.0,0.00711638480424881,0.0018999999156221747,-0.016959700733423233,-0.9961947202682495,-0.0,0.08715574443340302,0.0,-0.0005882382392883301,0.0,-0.060253534466028214,-0.720736026763916,0.6919863820075989,-0.02969389036297798,-0.028509419411420822,1.19209286886246e-09,-1.490116086078075e-10,-0.04255415499210358,-0.6427876353263855,0.7660444974899292,0.0,0.0,-2.38418573772492e-09,0.0,-0.02208789810538292,-0.9063078761100769,0.4226182699203491,0.0,0.0,0.0,0.0,-0.017740869894623756,-1.0,-0.0,0.0,0.0,0.013503451831638813,-0.0037700000684708357,-0.014087309129536152,-0.9914448857307434,-0.0,0.13052619993686676,0.0,0.0048975334502756596,-3.847479547403054e-06,-0.05743739381432533,-0.7761289477348328,0.6296951770782471,-0.011670813895761967,-0.031170770525932312,4.76837147544984e-09,-2.98023217215615e-10,-0.03276757150888443,-0.7096608877182007,0.70454341173172,0.0,0.0,2.38418573772492e-09,0.0,-0.016709718853235245,-0.8435952067375183,0.5369796752929688,0.0,0.0,0.0,0.0,-0.01388302817940712,-1.0,-0.0,0.0,0.0
1782948376.1341405,2026-07-01 19:26:16.134,16834.0,16834,left,0,1,index_point,1,0.0,0.003969999961555004,-0.04999999701976776,-1.0,-0.0,0.0,0.0,0.0,0.0,0.0,-1.0,-0.0,0.0,0.0,0.025476500391960144,-0.012044699862599373,-0.022234899923205376,-0.7488893270492554,0.04330332577228546,0.3746258020401001,0.5449267029762268,-5.7220457705398076e-08,-4.3511388270189855e-08,-0.027230437844991684,-0.9413310885429382,0.3374845087528229,0.0,0.0,3.5762786065873797e-09,6.318092005130893e-08,-0.031859491020441055,-0.8603138327598572,0.5097648501396179,0.0,0.0,2.384185648907078e-08,0.0,-0.023122519254684448,-1.0,-0.0,0.0,0.0,0.012359999120235443,0.0032300001475960016,-0.017000000923871994,-0.9990482330322266,-0.0,0.04361938685178757,0.0,0.0021501504816114902,-3.890097104886081e-06,-0.06502876430749893,-0.9999619722366333,-0.0,0.008726557716727257,0.0,-9.53674295089968e-09,-9.53674295089968e-09,-0.036917347460985184,-0.9993493556976318,0.0360686257481575,0.0,0.0,-2.8610228852699038e-08,-2.98023217215615e-10,-0.0216355137526989,-0.999281644821167,0.037897396832704544,0.0,0.0,1.2636184010261786e-07,2.98023217215615e-10,-0.018689393997192383,-1.0,-0.0,0.0,0.0,0.0,0.003969999961555004,-0.01750910095870495,-1.0,-0.0,0.0,0.0,0.0,4.610121322912164e-06,-0.06379090249538422,-0.8588241338729858,0.5122706294059753,0.0,0.0,0.0,2.98023217215615e-10,-0.044606998562812805,-0.6714715361595154,0.7410303950309753,0.0,0.0,0.0,0.0,-0.023475991562008858,-0.9412815570831299,0.33762282133102417,0.0,0.0,0.0,0.0,-0.019651994109153748,-1.0,-0.0,0.0,0.0,-0.00711638992652297,0.0018999999156221747,-0.016959700733423233,-0.9961947202682495,-0.0,-0.08715574443340302,0.0,0.0005882433033548295,0.0,-0.060253534466028214,-0.8474321365356445,0.5302146077156067,0.022924572229385376,0.014343264512717724,-1.1086464013487785e-07,-1.490116086078075e-10,-0.04255366697907448,-0.6651054620742798,0.7467495203018188,0.0,0.0,4.5299529460862686e-08,0.0,-0.022088106721639633,-0.9102067351341248,0.4141542911529541,0.0,0.0,-1.4305114426349519e-08,0.0,-0.017740696668624878,-1.0,-0.0,0.0,0.0,-0.013503500260412693,-0.0037700000684708357,-0.014087299816310406,-0.9914448857307434,-0.0,-0.13052619993686676,0.0,-0.004897483624517918,-3.8501621020259336e-06,-0.05743739381432533,-0.7972393035888672,0.6023152470588684,0.011681746691465378,0.038593120872974396,5.4836270635405526e-08,-2.98023217215615e-10,-0.03276759013533592,-0.713771641254425,0.7003785371780396,0.0,0.0,-9.298324243900424e-08,0.0,-0.01670967973768711,-0.8461501598358154,0.5329446792602539,0.0,0.0,6.19888282926695e-08,0.0,-0.013883084990084171,-1.0,-0.0,0.0,0.0
1782948376.1574707,2026-07-01 19:26:16.157,6171.0,6171,right,0,2,index_point,1,0.0,0.003969999961555004,-0.04999999701976776,-1.0,-0.0,0.0,0.0,0.0,0.0,0.0,-1.0,-0.0,0.0,0.0,-0.025476505979895592,-0.012044684961438179,-0.022234933450818062,-0.7795416712760925,0.011254683136940002,-0.3228752613067627,-0.5366001725196838,0.0,1.19209286886246e-09,-0.02723044343292713,-0.967337429523468,0.2534923553466797,0.0,0.0,2.38418573772492e-09,-1.19209286886246e-09,-0.031859468668699265,-0.9118713736534119,0.41047611832618713,0.0,0.0,0.0,-3.5762786065873797e-09,-0.023122519254684448,-1.0,-0.0,0.0,0.0,-0.012360505759716034,0.0032300001475960016,-0.016998957842588425,-0.9990482330322266,-0.0,-0.04361938685178757,0.0,-0.002149570034816861,-3.8927792047616094e-06,-0.06502974033355713,-0.9999619722366333,-0.0,-0.008726464584469795,0.0,0.0,0.0,-0.03691747412085533,-0.9991405606269836,0.04145072400569916,0.0,0.0,-2.38418573772492e-09,-2.98023217215615e-10,-0.02163529396057129,-0.9989849328994751,0.045045435428619385,0.0,0.0,0.0,2.98023217215615e-10,-0.01868978515267372,-1.0,-0.0,0.0,0.0,0.0,0.003969999961555004,-0.017509059980511665,-1.0,-0.0,0.0,0.0,0.0,4.611611075233668e-06,-0.0637909397482872,-0.7292525768280029,0.6842445731163025,0.0,0.0,0.0,2.98023217215615e-10,-0.04460655897855759,-0.6427876353263855,0.7660444974899292,0.0,0.0,0.0,-2.98023217215615e-10,-0.02347646653652191,-0.9396926760673523,0.34202009439468384,0.0,0.0,0.0,0.0,-0.019652195274829865,-1.0,-0.0,0.0,0.0,0.00711638480424881,0.0018999999156221747,-0.016959700733423233,-0.9961947202682495,-0.0,0.08715574443340302,0.0,-0.0005882382392883301,0.0,-0.060253534466028214,-0.720736026763916,0.6919863820075989,-0.02969389036297798,-0.028509419411420822,1.19209286886246e-09,-1.490116086078075e-10,-0.04255415499210358,-0.6427876353263855,0.7660444974899292,0.0,0.0,-2.38418573772492e-09,0.0,-0.02208789810538292,-0.9063078761100769,0.4226182699203491,0.0,0.0,0.0,0.0,-0.017740869894623756,-1.0,-0.0,0.0,0.0,0.013503451831638813,-0.0037700000684708357,-0.014087309129536152,-0.9914448857307434,-0.0,0.13052619993686676,0.0,0.0048975334502756596,-3.847479547403054e-06,-0.05743739381432533,-0.7761289477348328,0.6296951770782471,-0.011670813895761967,-0.031170770525932312,4.76837147544984e-09,-2.98023217215615e-10,-0.03276757150888443,-0.7096608877182007,0.70454341173172,0.0,0.0,2.38418573772492e-09,0.0,-0.016709718853235245,-0.8435952067375183,0.5369796752929688,0.0,0.0,0.0,0.0,-0.01388302817940712,-1.0,-0.0,0.0,0.0
1782948376.3433816,2026-07-01 19:26:16.343,16835.0,16835,left,0,1,index_point,1,0.0,0.003969999961555004,-0.04999999701976776,-1.0,-0.0,0.0,0.0,0.0,0.0,0.0,-1.0,-0.0,0.0,0.0,0.025476500391960144,-0.012044699862599373,-0.022234899923205376,-0.7488893270492554,0.04330332577228546,0.3746258020401001,0.5449267029762268,-5.7220457705398076e-08,-4.3511388270189855e-08,-0.027230437844991684,-0.9413310885429382,0.3374845087528229,0.0,0.0,3.5762786065873797e-09,6.318092005130893e-08,-0.031859491020441055,-0.8603138327598572,0.5097648501396179,0.0,0.0,2.384185648907078e-08,0.0,-0.023122519254684448,-1.0,-0.0,0.0,0.0,0.012359999120235443,0.0032300001475960016,-0.017000000923871994,-0.9990482330322266,-0.0,0.04361938685178757,0.0,0.0021501504816114902,-3.890097104886081e-06,-0.06502876430749893,-0.9999619722366333,-0.0,0.008726557716727257,0.0,-9.53674295089968e-09,-9.53674295089968e-09,-0.036917347460985184,-0.9993493556976318,0.0360686257481575,0.0,0.0,-2.8610228852699038e-08,-2.98023217215615e-10,-0.0216355137526989,-0.999281644821167,0.037897396832704544,0.0,0.0,1.2636184010261786e-07,2.98023217215615e-10,-0.018689393997192383,-1.0,-0.0,0.0,0.0,0.0,0.003969999961555004,-0.01750910095870495,-1.0,-0.0,0.0,0.0,0.0,4.610121322912164e-06,-0.06379090249538422,-0.8588241338729858,0.5122706294059753,0.0,0.0,0.0,2.98023217215615e-10,-0.044606998562812805,-0.6714715361595154,0.7410303950309753,0.0,0.0,0.0,0.0,-0.023475991562008858,-0.9412815570831299,0.33762282133102417,0.0,0.0,0.0,0.0,-0.019651994109153748,-1.0,-0.0,0.0,0.0,-0.00711638992652297,0.0018999999156221747,-0.016959700733423233,-0.9961947202682495,-0.0,-0.08715574443340302,0.0,0.0005882433033548295,0.0,-0.060253534466028214,-0.8530115485191345,0.5212311148643494,0.022405525669455528,0.01369085256010294,-1.1086464013487785e-07,-1.490116086078075e-10,-0.04255366697907448,-0.668202817440033,0.7439792156219482,0.0,0.0,4.5299529460862686e-08,0.0,-0.022088106721639633,-0.9107533693313599,0.4129508435726166,0.0,0.0,-1.4305114426349519e-08,0.0,-0.017740696668624878,-1.0,-0.0,0.0,0.0,-0.013503500260412693,-0.0037700000684708357,-0.014087299816310406,-0.9914448857307434,-0.0,-0.13052619993686676,0.0,-0.004897483624517918,-3.8501621020259336e-06,-0.05743739381432533,-0.8034233450889587,0.5940660238265991,0.010038421489298344,0.03867600858211517,5.4836270635405526e-08,-2.98023217215615e-10,-0.03276759013533592,-0.715282678604126,0.6988352537155151,0.0,0.0,-9.298324243900424e-08,0.0,-0.01670967973768711,-0.8470801115036011,0.5314651727676392,0.0,0.0,6.19888282926695e-08,0.0,-0.013883084990084171,-1.0,-0.0,0.0,0.0
1782948376.3650753,2026-07-01 19:26:16.365,6186.0,6186,right,0,2,index_point,1,0.0,0.003969999961555004,-0.04999999701976776,-1.0,-0.0,0.0,0.0,0.0,0.0,0.0,-1.0,-0.0,0.0,0.0,-0.025476505979895592,-0.012044684961438179,-0.022234933450818062,-0.7801925539970398,0.009034231305122375,-0.3218977451324463,-0.5362833738327026,0.0,1.19209286886246e-09,-0.02723044343292713,-0.9682384729385376,0.2500288188457489,0.0,0.0,2.38418573772492e-09,-1.19209286886246e-09,-0.031859468668699265,-0.9138345122337341,0.406086802482605,0.0,0.0,0.0,-3.5762786065873797e-09,-0.023122519254684448,-1.0,-0.0,0.0,0.0,-0.012360505759716034,0.0032300001475960016,-0.016998957842588425,-0.9990482330322266,-0.0,-0.04361938685178757,0.0,-0.002149570034816861,-3.8927792047616094e-06,-0.06502974033355713,-0.9999619722366333,-0.0,-0.008726464584469795,0.0,0.0,0.0,-0.03691747412085533,-0.9991405606269836,0.04145072400569916,0.0,0.0,-2.38418573772492e-09,-2.98023217215615e-10,-0.02163529396057129,-0.9989849328994751,0.045045435428619385,0.0,0.0,0.0,2.98023217215615e-10,-0.01868978515267372,-1.0,-0.0,0.0,0.0,0.0,0.003969999961555004,-0.017509059980511665,-1.0,-0.0,0.0,0.0,0.0,4.611611075233668e-06,-0.0637909397482872,-0.7292525768280029,0.6842445731163025,0.0,0.0,0.0,2.98023217215615e-10,-0.04460655897855759,-0.6427876353263855,0.7660444974899292,0.0,0.0,0.0,-2.98023217215615e-10,-0.02347646653652191,-0.9396926760673523,0.34202009439468384,0.0,0.0,0.0,0.0,-0.019652195274829865,-1.0,-0.0,0.0,0.0,0.00711638480424881,0.0018999999156221747,-0.016959700733423233,-0.9961947202682495,-0.0,0.08715574443340302,0.0,-0.0005882382392883301,0.0,-0.060253534466028214,-0.720736026763916,0.6919863820075989,-0.02969389036297798,-0.028509419411420822,1.19209286886246e-09,-1.490116086078075e-10,-0.04255415499210358,-0.6427876353263855,0.7660444974899292,0.0,0.0,-2.38418573772492e-09,0.0,-0.02208789810538292,-0.9063078761100769,0.4226182699203491,0.0,0.0,0.0,0.0,-0.017740869894623756,-1.0,-0.0,0.0,0.0,0.013503451831638813,-0.0037700000684708357,-0.014087309129536152,-0.9914448857307434,-0.0,0.13052619993686676,0.0,0.0048975334502756596,-3.847479547403054e-06,-0.05743739381432533,-0.7791646718978882,0.6259586215019226,-0.010753786191344261,-0.03102646954357624,4.76837147544984e-09,-2.98023217215615e-10,-0.03276757150888443,-0.7101333737373352,0.7040672302246094,0.0,0.0,2.38418573772492e-09,0.0,-0.016709718853235245,-0.843890905380249,0.5365148782730103,0.0,0.0,0.0,0.0,-0.01388302817940712,-1.0,-0.0,0.0,0.0
1782948376.5470433,2026-07-01 19:26:16.547,16837.0,16837,left,0,1,index_point,1,0.0,0.003969999961555004,-0.04999999701976776,-1.0,-0.0,0.0,0.0,0.0,0.0,0.0,-1.0,-0.0,0.0,0.0,0.025476500391960144,-0.012044699862599373,-0.022234899923205376,-0.7508429884910583,0.03710806742310524,0.3725299835205078,0.5441316962242126,-5.7220457705398076e-08,-4.3511388270189855e-08,-0.027230437844991684,-0.9447458982467651,0.32780370116233826,0.0,0.0,3.5762786065873797e-09,6.318092005130893e-08,-0.031859491020441055,-0.8665099143981934,0.49915993213653564,0.0,0.0,2.384185648907078e-08,0.0,-0.023122519254684448,-1.0,-0.0,0.0,0.0,0.012359999120235443,0.0032300001475960016,-0.017000000923871994,-0.9990482330322266,-0.0,0.04361938685178757,0.0,0.0021501504816114902,-3.890097104886081e-06,-0.06502876430749893,-0.9999619722366333,-0.0,0.008726557716727257,0.0,-9.53674295089968e-09,-9.53674295089968e-09,-0.036917347460985184,-0.9993493556976318,0.0360686257481575,0.0,0.0,-2.8610228852699038e-08,-2.98023217215615e-10,-0.0216355137526989,-0.999281644821167,0.037897396832704544,0.0,0.0,1.2636184010261786e-07,2.98023217215615e-10,-0.018689393997192383,-1.0,-0.0,0.0,0.0,0.0,0.003969999961555004,-0.01750910095870495,-1.0,-0.0,0.0,0.0,0.0,4.610121322912164e-06,-0.06379090249538422,-0.8588241338729858,0.5122706294059753,0.0,0.0,0.0,2.98023217215615e-10,-0.044606998562812805,-0.6714715361595154,0.7410303950309753,0.0,0.0,0.0,0.0,-0.023475991562008858,-0.9412815570831299,0.33762282133102417,0.0,0.0,0.0,0.0,-0.019651994109153748,-1.0,-0.0,0.0,0.0,-0.00711638992652297,0.0018999999156221747,-0.016959700733423233,-0.9961947202682495,-0.0,-0.08715574443340302,0.0,0.0005882433033548295,0.0,-0.060253534466028214,-0.8530115485191345,0.5212311148643494,0.022405525669455528,0.01369085256010294,-1.1086464013487785e-07,-1.490116086078075e-10,-0.04255366697907448,-0.668202817440033,0.7439792156219482,0.0,0.0,4.5299529460862686e-08,0.0,-0.022088106721639633,-0.9107533693313599,0.4129508435726166,0.0,0.0,-1.4305114426349519e-08,0.0,-0.017740696668624878,-1.0,-0.0,0.0,0.0,-0.013503500260412693,-0.0037700000684708357,-0.014087299816310406,-0.9914448857307434,-0.0,-0.13052619993686676,0.0,-0.004897483624517918,-3.8501621020259336e-06,-0.05743739381432533,-0.8034233450889587,0.5940660238265991,0.010038421489298344,0.03867600858211517,5.4836270635405526e-08,-2.98023217215615e-10,-0.03276759013533592,-0.715282678604126,0.6988352537155151,0.0,0.0,-9.298324243900424e-08,0.0,-0.01670967973768711,-0.8470801115036011,0.5314651727676392,0.0,0.0,6.19888282926695e-08,0.0,-0.013883084990084171,-1.0,-0.0,0.0,0.0
1782948376.5790727,2026-07-01 19:26:16.579,6198.0,6198,right,0,2,index_point,1,0.0,0.003969999961555004,-0.04999999701976776,-1.0,-0.0,0.0,0.0,0.0,0.0,0.0,-1.0,-0.0,0.0,0.0,-0.025476505979895592,-0.012044684961438179,-0.022234933450818062,-0.7808365225791931,0.0068039437755942345,-0.3209250867366791,-0.5359618663787842,0.0,1.19209286886246e-09,-0.02723044343292713,-0.9691269397735596,0.24656228721141815,0.0,0.0,2.38418573772492e-09,-1.19209286886246e-09,-0.031859468668699265,-0.9157822728157043,0.40167510509490967,0.0,0.0,0.0,-3.5762786065873797e-09,-0.023122519254684448,-1.0,-0.0,0.0,0.0,-0.012360505759716034,0.0032300001475960016,-0.016998957842588425,-0.9990482330322266,-0.0,-0.04361938685178757,0.0,-0.002149570034816861,-3.8927792047616094e-06,-0.06502974033355713,-0.9999619722366333,-0.0,-0.008726464584469795,0.0,0.0,0.0,-0.03691747412085533,-0.9991405606269836,0.04145072400569916,0.0,0.0,-2.38418573772492e-09,-2.98023217215615e-10,-0.02163529396057129,-0.9989849328994751,0.045045435428619385,0.0,0.0,0.0,2.98023217215615e-10,-0.01868978515267372,-1.0,-0.0,0.0,0.0,0.0,0.003969999961555004,-0.017509059980511665,-1.0,-0.0,0.0,0.0,0.0,4.611611075233668e-06,-0.0637909397482872,-0.7292525768280029,0.6842445731163025,0.0,0.0,0.0,2.98023217215615e-10,-0.04460655897855759,-0.6427876353263855,0.7660444974899292,0.0,0.0,0.0,-2.98023217215615e-10,-0.02347646653652191,-0.9396926760673523,0.34202009439468384,0.0,0.0,0.0,0.0,-0.019652195274829865,-1.0,-0.0,0.0,0.0,0.00711638480424881,0.0018999999156221747,-0.016959700733423233,-0.9961947202682495,-0.0,0.08715574443340302,0.0,-0.0005882382392883301,0.0,-0.060253534466028214,-0.720736026763916,0.6919863820075989,-0.02969389036297798,-0.028509419411420822,1.19209286886246e-09,-1.490116086078075e-10,-0.04255415499210358,-0.6427876353263855,0.7660444974899292,0.0,0.0,-2.38418573772492e-09,0.0,-0.02208789810538292,-0.9063078761100769,0.4226182699203491,0.0,0.0,0.0,0.0,-0.017740869894623756,-1.0,-0.0,0.0,0.0,0.013503451831638813,-0.0037700000684708357,-0.014087309129536152,-0.9914448857307434,-0.0,0.13052619993686676,0.0,0.0048975334502756596,-3.847479547403054e-06,-0.05743739381432533,-0.7791646718978882,0.6259586215019226,-0.010753786191344261,-0.03102646954357624,4.76837147544984e-09,-2.98023217215615e-10,-0.03276757150888443,-0.7101333737373352,0.7040672302246094,0.0,0.0,2.38418573772492e-09,0.0,-0.016709718853235245,-0.843890905380249,0.5365148782730103,0.0,0.0,0.0,0.0,-0.01388302817940712,-1.0,-0.0,0.0,0.0
