wall_time,iso_time,timestamp,packet_counter,hand_side,frame_id,status,pose,take,PALM_x,PALM_y,PALM_z,PALM_qw,PALM_qx,PALM_qy,PALM_qz,WRIST_x,WRIST_y,WRIST_z,WRIST_qw,WRIST_qx,WRIST_qy,WRIST_qz,THUMB_METACARPAL_x,THUMB_METACARPAL_y,THUMB_METACARPAL_z,THUMB_METACARPAL_qw,THUMB_METACARPAL_qx,THUMB_METACARPAL_qy,THUMB_METACARPAL_qz,THUMB_PROXIMAL_x,THUMB_PROXIMAL_y,THUMB_PROXIMAL_z,THUMB_PROXIMAL_qw,THUMB_PROXIMAL_qx,THUMB_PROXIMAL_qy,THUMB_PROXIMAL_qz,THUMB_DISTAL_x,THUMB_DISTAL_y,THUMB_DISTAL_z,THUMB_DISTAL_qw,THUMB_DISTAL_qx,THUMB_DISTAL_qy,THUMB_DISTAL_qz,THUMB_TIP_x,THUMB_TIP_y,THUMB_TIP_z,THUMB_TIP_qw,THUMB_TIP_qx,THUMB_TIP_qy,THUMB_TIP_qz,INDEX_METACARPAL_x,INDEX_METACARPAL_y,INDEX_METACARPAL_z,INDEX_METACARPAL_qw,INDEX_METACARPAL_qx,INDEX_METACARPAL_qy,INDEX_METACARPAL_qz,INDEX_PROXIMAL_x,INDEX_PROXIMAL_y,INDEX_PROXIMAL_z,INDEX_PROXIMAL_qw,INDEX_PROXIMAL_qx,INDEX_PROXIMAL_qy,INDEX_PROXIMAL_qz,INDEX_INTERMEDIATE_x,INDEX_INTERMEDIATE_y,INDEX_INTERMEDIATE_z,INDEX_INTERMEDIATE_qw,INDEX_INTERMEDIATE_qx,INDEX_INTERMEDIATE_qy,INDEX_INTERMEDIATE_qz,INDEX_DISTAL_x,INDEX_DISTAL_y,INDEX_DISTAL_z,INDEX_DISTAL_qw,INDEX_DISTAL_qx,INDEX_DISTAL_qy,INDEX_DISTAL_qz,INDEX_TIP_x,INDEX_TIP_y,INDEX_TIP_z,INDEX_TIP_qw,INDEX_TIP_qx,INDEX_TIP_qy,INDEX_TIP_qz,MIDDLE_METACARPAL_x,MIDDLE_METACARPAL_y,MIDDLE_METACARPAL_z,MIDDLE_METACARPAL_qw,MIDDLE_METACARPAL_qx,MIDDLE_METACARPAL_qy,MIDDLE_METACARPAL_qz,MIDDLE_PROXIMAL_x,MIDDLE_PROXIMAL_y,MIDDLE_PROXIMAL_z,MIDDLE_PROXIMAL_qw,MIDDLE_PROXIMAL_qx,MIDDLE_PROXIMAL_qy,MIDDLE_PROXIMAL_qz,MIDDLE_INTERMEDIATE_x,MIDDLE_INTERMEDIATE_y,MIDDLE_INTERMEDIATE_z,MIDDLE_INTERMEDIATE_qw,MIDDLE_INTERMEDIATE_qx,MIDDLE_INTERMEDIATE_qy,MIDDLE_INTERMEDIATE_qz,MIDDLE_DISTAL_x,MIDDLE_DISTAL_y,MIDDLE_DISTAL_z,MIDDLE_DISTAL_qw,MIDDLE_DISTAL_qx,MIDDLE_DISTAL_qy,MIDDLE_DISTAL_qz,MIDDLE_TIP_x,MIDDLE_TIP_y,MIDDLE_TIP_z,MIDDLE_TIP_qw,MIDDLE_TIP_qx,MIDDLE_TIP_qy,MIDDLE_TIP_qz,RING_METACARPAL_x,RING_METACARPAL_y,RING_METACARPAL_z,RING_METACARPAL_qw,RING_METACARPAL_qx,RING_METACARPAL_qy,RING_METACARPAL_qz,RING_PROXIMAL_x,RING_PROXIMAL_y,RING_PROXIMAL_z,RING_PROXIMAL_qw,RING_PROXIMAL_qx,RING_PROXIMAL_qy,RING_PROXIMAL_qz,RING_INTERMEDIATE_x,RING_INTERMEDIATE_y,RING_INTERMEDIATE_z,RING_INTERMEDIATE_qw,RING_INTERMEDIATE_qx,RING_INTERMEDIATE_qy,RING_INTERMEDIATE_qz,RING_DISTAL_x,RING_DISTAL_y,RING_DISTAL_z,RING_DISTAL_qw,RING_DISTAL_qx,RING_DISTAL_qy,RING_DISTAL_qz,RING_TIP_x,RING_TIP_y,RING_TIP_z,RING_TIP_qw,RING_TIP_qx,RING_TIP_qy,RING_TIP_qz,LITTLE_METACARPAL_x,LITTLE_METACARPAL_y,LITTLE_METACARPAL_z,LITTLE_METACARPAL_qw,LITTLE_METACARPAL_qx,LITTLE_METACARPAL_qy,LITTLE_METACARPAL_qz,LITTLE_PROXIMAL_x,LITTLE_PROXIMAL_y,LITTLE_PROXIMAL_z,LITTLE_PROXIMAL_qw,LITTLE_PROXIMAL_qx,LITTLE_PROXIMAL_qy,LITTLE_PROXIMAL_qz,LITTLE_INTERMEDIATE_x,LITTLE_INTERMEDIATE_y,LITTLE_INTERMEDIATE_z,LITTLE_INTERMEDIATE_qw,LITTLE_INTERMEDIATE_qx,LITTLE_INTERMEDIATE_qy,LITTLE_INTERMEDIATE_qz,LITTLE_DISTAL_x,LITTLE_DISTAL_y,LITTLE_DISTAL_z,LITTLE_DISTAL_qw,LITTLE_DISTAL_qx,LITTLE_DISTAL_qy,LITTLE_DISTAL_qz,LITTLE_TIP_x,LITTLE_TIP_y,LITTLE_TIP_z,LITTLE_TIP_qw,LITTLE_TIP_qx,LITTLE_TIP_qy,LITTLE_TIP_qz
1782948393.7356963,2026-07-01 19:26:33.735,16977.0,16977,left,0,1,index_point,3,0.0,0.003969999961555004,-0.04999999701976776,-1.0,-0.0,0.0,0.0,0.0,0.0,0.0,-1.0,-0.0,0.0,0.0,0.025476500391960144,-0.012044699862599373,-0.022234899923205376,-0.738767683506012,0.08100733906030655,0.38328173756599426,0.5484116077423096,-5.7220457705398076e-08,-4.3511388270189855e-08,-0.027230437844991684,-0.9187915921211243,0.3947429656982422,0.0,0.0,3.5762786065873797e-09,6.318092005130893e-08,-0.031859491020441055,-0.824395477771759,0.5660143494606018,0.0,0.0,2.384185648907078e-08,0.0,-0.023122519254684448,-1.0,-0.0,0.0,0.0,0.012359999120235443,0.0032300001475960016,-0.017000000923871994,-0.9990482330322266,-0.0,0.04361938685178757,0.0,0.0021501504816114902,-3.890097104886081e-06,-0.06502876430749893,-0.9999619722366333,-0.0,0.008726557716727257,0.0,-9.53674295089968e-09,-9.53674295089968e-09,-0.036917347460985184,-0.9993493556976318,0.0360686257481575,0.0,0.0,-2.8610228852699038e-08,-2.98023217215615e-10,-0.0216355137526989,-0.999281644821167,0.037897396832704544,0.0,0.0,1.2636184010261786e-07,2.98023217215615e-10,-0.018689393997192383,-1.0,-0.0,0.0,0.0,0.0,0.003969999961555004,-0.01750910095870495,-1.0,-0.0,0.0,0.0,0.0,4.610121322912164e-06,-0.06379090249538422,-0.8533058166503906,0.5214108824729919,0.0,0.0,0.0,2.98023217215615e-10,-0.044606998562812805,-0.668202817440033,0.7439792156219482,0.0,0.0,0.0,0.0,-0.023475991562008858,-0.941088855266571,0.338159441947937,0.0,0.0,0.0,0.0,-0.019651994109153748,-1.0,-0.0,0.0,0.0,-0.00711638992652297,0.0018999999156221747,-0.016959700733423233,-0.9961947202682495,-0.0,-0.08715574443340302,0.0,0.0005882433033548295,0.0,-0.060253534466028214,-0.8248456716537476,0.5645571351051331,0.02482512593269348,0.016991302371025085,-1.1086464013487785e-07,-1.490116086078075e-10,-0.04255366697907448,-0.6545441746711731,0.7560238242149353,0.0,0.0,4.5299529460862686e-08,0.0,-0.022088106721639633,-0.908352255821228,0.41820594668388367,0.0,0.0,-1.4305114426349519e-08,0.0,-0.017740696668624878,-1.0,-0.0,0.0,0.0,-0.013503500260412693,-0.0037700000684708357,-0.014087299816310406,-0.9914448857307434,-0.0,-0.13052619993686676,0.0,-0.004897483624517918,-3.8501621020259336e-06,-0.05743739381432533,-0.7788442969322205,0.6258322596549988,0.016544535756111145,0.03823380544781685,5.4836270635405526e-08,-2.98023217215615e-10,-0.03276759013533592,-0.7101333737373352,0.7040672302246094,0.0,0.0,-9.298324243900424e-08,0.0,-0.01670967973768711,-0.843890905380249,0.5365148782730103,0.0,0.0,6.19888282926695e-08,0.0,-0.013883084990084171,-1.0,-0.0,0.0,0.0
1782948393.7360427,2026-07-01 19:26:33.736,7207.0,7207,right,0,2,index_point,3,0.0,0.003969999961555004,-0.04999999701976776,-1.0,-0.0,0.0,0.0,0.0,0.0,0.0,-1.0,-0.0,0.0,0.0,-0.025476505979895592,-0.012044684961438179,-0.022234933450818062,-0.7754936814308167,0.024334626272320747,-0.3288477063179016,-0.5384019613265991,0.0,1.19209286886246e-09,-0.02723044343292713,-0.9616789817810059,0.2741781175136566,0.0,0.0,2.38418573772492e-09,-1.19209286886246e-09,-0.031859468668699265,-0.8998135924339294,0.4362746775150299,0.0,0.0,0.0,-3.5762786065873797e-09,-0.023122519254684448,-1.0,-0.0,0.0,0.0,-0.012360505759716034,0.0032300001475960016,-0.016998957842588425,-0.9990482330322266,-0.0,-0.04361938685178757,0.0,-0.002149570034816861,-3.8927792047616094e-06,-0.06502974033355713,-0.9999619722366333,-0.0,-0.008726464584469795,0.0,0.0,0.0,-0.03691747412085533,-0.9991405606269836,0.04145072400569916,0.0,0.0,-2.38418573772492e-09,-2.98023217215615e-10,-0.02163529396057129,-0.9989849328994751,0.045045435428619385,0.0,0.0,0.0,2.98023217215615e-10,-0.01868978515267372,-1.0,-0.0,0.0,0.0,0.0,0.003969999961555004,-0.017509059980511665,-1.0,-0.0,0.0,0.0,0.0,4.611611075233668e-06,-0.0637909397482872,-0.8393315672874451,0.5436199307441711,0.0,0.0,0.0,2.98023217215615e-10,-0.04460655897855759,-0.6607934832572937,0.7505677938461304,0.0,0.0,0.0,-2.98023217215615e-10,-0.02347646653652191,-0.9406619071960449,0.3393453359603882,0.0,0.0,0.0,0.0,-0.019652195274829865,-1.0,-0.0,0.0,0.0,0.00711638480424881,0.0018999999156221747,-0.016959700733423233,-0.9961947202682495,-0.0,0.08715574443340302,0.0,-0.0005882382392883301,0.0,-0.060253534466028214,-0.7155221700668335,0.6973228454589844,-0.030119962990283966,-0.029353858903050423,1.19209286886246e-09,-1.490116086078075e-10,-0.04255415499210358,-0.6427876353263855,0.7660444974899292,0.0,0.0,-2.38418573772492e-09,0.0,-0.02208789810538292,-0.9063078761100769,0.4226182699203491,0.0,0.0,0.0,0.0,-0.017740869894623756,-1.0,-0.0,0.0,0.0,0.013503451831638813,-0.0037700000684708357,-0.014087309129536152,-0.9914448857307434,-0.0,0.13052619993686676,0.0,0.0048975334502756596,-3.847479547403054e-06,-0.05743739381432533,-0.8377233147621155,0.545371949672699,0.006471771281212568,-0.02733534574508667,4.76837147544984e-09,-2.98023217215615e-10,-0.03276757150888443,-0.7260994911193848,0.6875896453857422,0.0,0.0,2.38418573772492e-09,0.0,-0.016709718853235245,-0.8536251783370972,0.5208878517150879,0.0,0.0,0.0,0.0,-0.01388302817940712,-1.0,-0.0,0.0,0.0
1782948393.9423318,2026-07-01 19:26:33.942,16981.0,16981,left,0,1,index_point,3,0.0,0.003969999961555004,-0.04999999701976776,-1.0,-0.0,0.0,0.0,0.0,0.0,0.0,-1.0,-0.0,0.0,0.0,0.025476500391960144,-0.012044699862599373,-0.022234899923205376,-0.7396076321601868,0.07719483226537704,0.3827803432941437,0.548179566860199,-5.7220457705398076e-08,-4.3511388270189855e-08,-0.027230437844991684,-0.9211963415145874,0.3890981376171112,0.0,0.0,3.5762786065873797e-09,6.318092005130893e-08,-0.031859491020441055,-0.827771008014679,0.5610660910606384,0.0,0.0,2.384185648907078e-08,0.0,-0.023122519254684448,-1.0,-0.0,0.0,0.0,0.012359999120235443,0.0032300001475960016,-0.017000000923871994,-0.9990482330322266,-0.0,0.04361938685178757,0.0,0.0021501504816114902,-3.890097104886081e-06,-0.06502876430749893,-0.9999619722366333,-0.0,0.008726557716727257,0.0,-9.53674295089968e-09,-9.53674295089968e-09,-0.036917347460985184,-0.9993493556976318,0.0360686257481575,0.0,0.0,-2.8610228852699038e-08,-2.98023217215615e-10,-0.0216355137526989,-0.999281644821167,0.037897396832704544,0.0,0.0,1.2636184010261786e-07,2.98023217215615e-10,-0.018689393997192383,-1.0,-0.0,0.0,0.0,0.0,0.003969999961555004,-0.01750910095870495,-1.0,-0.0,0.0,0.0,0.0,4.610121322912164e-06,-0.06379090249538422,-0.8533058166503906,0.5214108824729919,0.0,0.0,0.0,2.98023217215615e-10,-0.044606998562812805,-0.668202817440033,0.7439792156219482,0.0,0.0,0.0,0.0,-0.023475991562008858,-0.941088855266571,0.338159441947937,0.0,0.0,0.0,0.0,-0.019651994109153748,-1.0,-0.0,0.0,0.0,-0.00711638992652297,0.0018999999156221747,-0.016959700733423233,-0.9961947202682495,-0.0,-0.08715574443340302,0.0,0.0005882433033548295,0.0,-0.060253534466028214,-0.8352362513542175,0.5491412878036499,0.023988306522369385,0.015772836282849312,-1.1086464013487785e-07,-1.490116086078075e-10,-0.04255366697907448,-0.6590237021446228,0.7521222233772278,0.0,0.0,4.5299529460862686e-08,0.0,-0.022088106721639633,-0.9091371297836304,0.41649705171585083,0.0,0.0,-1.4305114426349519e-08,0.0,-0.017740696668624878,-1.0,-0.0,0.0,0.0,-0.013503500260412693,-0.0037700000684708357,-0.014087299816310406,-0.9914448857307434,-0.0,-0.13052619993686676,0.0,-0.004897483624517918,-3.8501621020259336e-06,-0.05743739381432533,-0.7895686626434326,0.6123022437095642,0.013719347305595875,0.03845880925655365,5.4836270635405526e-08,-2.98023217215615e-10,-0.03276759013533592,-0.7121333479881287,0.7020442485809326,0.0,0.0,-9.298324243900424e-08,0.0,-0.01670967973768711,-0.8451357483863831,0.534551739692688,0.0,0.0,6.19888282926695e-08,0.0,-0.013883084990084171,-1.0,-0.0,0.0,0.0
1782948393.9425483,2026-07-01 19:26:33.942,7235.0,7235,right,0,2,index_point,3,0.0,0.003969999961555004,-0.04999999701976776,-1.0,-0.0,0.0,0.0,0.0,0.0,0.0,-1.0,-0.0,0.0,0.0,-0.025476505979895592,-0.012044684961438179,-0.022234933450818062,-0.7768694162368774,0.020021600648760796,-0.3268382251262665,-0.5378195643424988,0.0,1.19209286886246e-09,-0.02723044343292713,-0.9636121988296509,0.2673041820526123,0.0,0.0,2.38418573772492e-09,-1.19209286886246e-09,-0.031859468668699265,-0.9038828611373901,0.4277800917625427,0.0,0.0,0.0,-3.5762786065873797e-09,-0.023122519254684448,-1.0,-0.0,0.0,0.0,-0.012360505759716034,0.0032300001475960016,-0.016998957842588425,-0.9990482330322266,-0.0,-0.04361938685178757,0.0,-0.002149570034816861,-3.8927792047616094e-06,-0.06502974033355713,-0.9999619722366333,-0.0,-0.008726464584469795,0.0,0.0,0.0,-0.03691747412085533,-0.9991405606269836,0.04145072400569916,0.0,0.0,-2.38418573772492e-09,-2.98023217215615e-10,-0.02163529396057129,-0.9989849328994751,0.045045435428619385,0.0,0.0,0.0,2.98023217215615e-10,-0.01868978515267372,-1.0,-0.0,0.0,0.0,0.0,0.003969999961555004,-0.017509059980511665,-1.0,-0.0,0.0,0.0,0.0,4.611611075233668e-06,-0.0637909397482872,-0.8393315672874451,0.5436199307441711,0.0,0.0,0.0,2.98023217215615e-10,-0.04460655897855759,-0.6607934832572937,0.7505677938461304,0.0,0.0,0.0,-2.98023217215615e-10,-0.02347646653652191,-0.9406619071960449,0.3393453359603882,0.0,0.0,0.0,0.0,-0.019652195274829865,-1.0,-0.0,0.0,0.0,0.00711638480424881,0.0018999999156221747,-0.016959700733423233,-0.9961947202682495,-0.0,0.08715574443340302,0.0,-0.0005882382392883301,0.0,-0.060253534466028214,-0.7155221700668335,0.6973228454589844,-0.030119962990283966,-0.029353858903050423,1.19209286886246e-09,-1.490116086078075e-10,-0.04255415499210358,-0.6427876353263855,0.7660444974899292,0.0,0.0,-2.38418573772492e-09,0.0,-0.02208789810538292,-0.9063078761100769,0.4226182699203491,0.0,0.0,0.0,0.0,-0.017740869894623756,-1.0,-0.0,0.0,0.0,0.013503451831638813,-0.0037700000684708357,-0.014087309129536152,-0.9914448857307434,-0.0,0.13052619993686676,0.0,0.0048975334502756596,-3.847479547403054e-06,-0.05743739381432533,-0.8285558223724365,0.5591914057731628,0.003840475343167782,-0.028028136119246483,4.76837147544984e-09,-2.98023217215615e-10,-0.03276757150888443,-0.7227439880371094,0.6911159157752991,0.0,0.0,2.38418573772492e-09,0.0,-0.016709718853235245,-0.8516139388084412,0.5241695642471313,0.0,0.0,0.0,0.0,-0.01388302817940712,-1.0,-0.0,0.0,0.0
1782948394.152459,2026-07-01 19:26:34.152,16983.0,16983,left,0,1,index_point,3,0.0,0.003969999961555004,-0.04999999701976776,-1.0,-0.0,0.0,0.0,0.0,0.0,0.0,-1.0,-0.0,0.0,0.0,0.025476500391960144,-0.012044699862599373,-0.022234899923205376,-0.7400504946708679,0.07527262717485428,0.3824910521507263,0.5480510592460632,-5.7220457705398076e-08,-4.3511388270189855e-08,-0.027230437844991684,-0.9223989844322205,0.3862384855747223,0.0,0.0,3.5762786065873797e-09,6.318092005130893e-08,-0.031859491020441055,-0.8295043110847473,0.5585004091262817,0.0,0.0,2.384185648907078e-08,0.0,-0.023122519254684448,-1.0,-0.0,0.0,0.0,0.012359999120235443,0.0032300001475960016,-0.017000000923871994,-0.9990482330322266,-0.0,0.04361938685178757,0.0,0.0021501504816114902,-3.890097104886081e-06,-0.06502876430749893,-0.9999619722366333,-0.0,0.008726557716727257,0.0,-9.53674295089968e-09,-9.53674295089968e-09,-0.036917347460985184,-0.9993493556976318,0.0360686257481575,0.0,0.0,-2.8610228852699038e-08,-2.98023217215615e-10,-0.0216355137526989,-0.999281644821167,0.037897396832704544,0.0,0.0,1.2636184010261786e-07,2.98023217215615e-10,-0.018689393997192383,-1.0,-0.0,0.0,0.0,0.0,0.003969999961555004,-0.01750910095870495,-1.0,-0.0,0.0,0.0,0.0,4.610121322912164e-06,-0.06379090249538422,-0.8533058166503906,0.5214108824729919,0.0,0.0,0.0,2.98023217215615e-10,-0.044606998562812805,-0.668202817440033,0.7439792156219482,0.0,0.0,0.0,0.0,-0.023475991562008858,-0.941088855266571,0.338159441947937,0.0,0.0,0.0,0.0,-0.019651994109153748,-1.0,-0.0,0.0,0.0,-0.00711638992652297,0.0018999999156221747,-0.016959700733423233,-0.9961947202682495,-0.0,-0.08715574443340302,0.0,0.0005882433033548295,0.0,-0.060253534466028214,-0.8361735343933105,0.5477196574211121,0.023910408839583397,0.01566206105053425,-1.1086464013487785e-07,-1.490116086078075e-10,-0.04255366697907448,-0.659447968006134,0.7517502307891846,0.0,0.0,4.5299529460862686e-08,0.0,-0.022088106721639633,-0.9092115759849548,0.4163345396518707,0.0,0.0,-1.4305114426349519e-08,0.0,-0.017740696668624878,-1.0,-0.0,0.0,0.0,-0.013503500260412693,-0.0037700000684708357,-0.014087299816310406,-0.9914448857307434,-0.0,-0.13052619993686676,0.0,-0.004897483624517918,-3.8501621020259336e-06,-0.05743739381432533,-0.7941535711288452,0.6063648462295532,0.012500160373747349,0.038544464856386185,5.4836270635405526e-08,-2.98023217215615e-10,-0.03276759013533592,-0.7130712270736694,0.7010916471481323,0.0,0.0,-9.298324243900424e-08,0.0,-0.01670967973768711,-0.8457174897193909,0.5336308479309082,0.0,0.0,6.19888282926695e-08,0.0,-0.013883084990084171,-1.0,-0.0,0.0,0.0
1782948394.1526723,2026-07-01 19:26:34.152,7248.0,7248,right,0,2,index_point,3,0.0,0.003969999961555004,-0.04999999701976776,-1.0,-0.0,0.0,0.0,0.0,0.0,0.0,-1.0,-0.0,0.0,0.0,-0.025476505979895592,-0.012044684961438179,-0.022234933450818062,-0.7772097587585449,0.018939096480607986,-0.3263368308544159,-0.5376715064048767,0.0,1.19209286886246e-09,-0.02723044343292713,-0.9640881419181824,0.2655826508998871,0.0,0.0,2.38418573772492e-09,-1.19209286886246e-09,-0.031859468668699265,-0.9048905968666077,0.4256443381309509,0.0,0.0,0.0,-3.5762786065873797e-09,-0.023122519254684448,-1.0,-0.0,0.0,0.0,-0.012360505759716034,0.0032300001475960016,-0.016998957842588425,-0.9990482330322266,-0.0,-0.04361938685178757,0.0,-0.002149570034816861,-3.8927792047616094e-06,-0.06502974033355713,-0.9999619722366333,-0.0,-0.008726464584469795,0.0,0.0,0.0,-0.03691747412085533,-0.9991405606269836,0.04145072400569916,0.0,0.0,-2.38418573772492e-09,-2.98023217215615e-10,-0.02163529396057129,-0.9989849328994751,0.045045435428619385,0.0,0.0,0.0,2.98023217215615e-10,-0.01868978515267372,-1.0,-0.0,0.0,0.0,0.0,0.003969999961555004,-0.017509059980511665,-1.0,-0.0,0.0,0.0,0.0,4.611611075233668e-06,-0.0637909397482872,-0.8393315672874451,0.5436199307441711,0.0,0.0,0.0,2.98023217215615e-10,-0.04460655897855759,-0.6607934832572937,0.7505677938461304,0.0,0.0,0.0,-2.98023217215615e-10,-0.02347646653652191,-0.9406619071960449,0.3393453359603882,0.0,0.0,0.0,0.0,-0.019652195274829865,-1.0,-0.0,0.0,0.0,0.00711638480424881,0.0018999999156221747,-0.016959700733423233,-0.9961947202682495,-0.0,0.08715574443340302,0.0,-0.0005882382392883301,0.0,-0.060253534466028214,-0.7155221700668335,0.6973228454589844,-0.030119962990283966,-0.029353858903050423,1.19209286886246e-09,-1.490116086078075e-10,-0.04255415499210358,-0.6427876353263855,0.7660444974899292,0.0,0.0,-2.38418573772492e-09,0.0,-0.02208789810538292,-0.9063078761100769,0.4226182699203491,0.0,0.0,0.0,0.0,-0.017740869894623756,-1.0,-0.0,0.0,0.0,0.013503451831638813,-0.0037700000684708357,-0.014087309129536152,-0.9914448857307434,-0.0,0.13052619993686676,0.0,0.0048975334502756596,-3.847479547403054e-06,-0.05743739381432533,-0.8285558223724365,0.5591914057731628,0.003840475343167782,-0.028028136119246483,4.76837147544984e-09,-2.98023217215615e-10,-0.03276757150888443,-0.7227439880371094,0.6911159157752991,0.0,0.0,2.38418573772492e-09,0.0,-0.016709718853235245,-0.8516139388084412,0.5241695642471313,0.0,0.0,0.0,0.0,-0.01388302817940712,-1.0,-0.0,0.0,0.0
1782948394.3556283,2026-07-01 19:26:34.355,16985.0,16985,left,0,1,index_point,3,0.0,0.003969999961555004,-0.04999999701976776,-1.0,-0.0,0.0,0.0,0.0,0.0,0.0,-1.0,-0.0,0.0,0.0,0.025476500391960144,-0.012044699862599373,-0.022234899923205376,-0.7408230900764465,0.07204501330852509,0.3819501996040344,0.547818124294281,-5.7220457705398076e-08,-4.3511388270189855e-08,-0.027230437844991684,-0.9244034290313721,0.3814162015914917,0.0,0.0,3.5762786065873797e-09,6.318092005130893e-08,-0.031859491020441055,-0.8324599862098694,0.5540851950645447,0.0,0.0,2.384185648907078e-08,0.0,-0.023122519254684448,-1.0,-0.0,0.0,0.0,0.012359999120235443,0.0032300001475960016,-0.017000000923871994,-0.9990482330322266,-0.0,0.04361938685178757,0.0,0.0021501504816114902,-3.890097104886081e-06,-0.06502876430749893,-0.9999619722366333,-0.0,0.008726557716727257,0.0,-9.53674295089968e-09,-9.53674295089968e-09,-0.036917347460985184,-0.9993493556976318,0.0360686257481575,0.0,0.0,-2.8610228852699038e-08,-2.98023217215615e-10,-0.0216355137526989,-0.999281644821167,0.037897396832704544,0.0,0.0,1.2636184010261786e-07,2.98023217215615e-10,-0.018689393997192383,-1.0,-0.0,0.0,0.0,0.0,0.003969999961555004,-0.01750910095870495,-1.0,-0.0,0.0,0.0,0.0,4.610121322912164e-06,-0.06379090249538422,-0.8533058166503906,0.5214108824729919,0.0,0.0,0.0,2.98023217215615e-10,-0.044606998562812805,-0.668202817440033,0.7439792156219482,0.0,0.0,0.0,0.0,-0.023475991562008858,-0.941088855266571,0.338159441947937,0.0,0.0,0.0,0.0,-0.019651994109153748,-1.0,-0.0,0.0,0.0,-0.00711638992652297,0.0018999999156221747,-0.016959700733423233,-0.9961947202682495,-0.0,-0.08715574443340302,0.0,0.0005882433033548295,0.0,-0.060253534466028214,-0.8361735343933105,0.5477196574211121,0.023910408839583397,0.01566206105053425,-1.1086464013487785e-07,-1.490116086078075e-10,-0.04255366697907448,-0.659447968006134,0.7517502307891846,0.0,0.0,4.5299529460862686e-08,0.0,-0.022088106721639633,-0.9092115759849548,0.4163345396518707,0.0,0.0,-1.4305114426349519e-08,0.0,-0.017740696668624878,-1.0,-0.0,0.0,0.0,-0.013503500260412693,-0.0037700000684708357,-0.014087299816310406,-0.9914448857307434,-0.0,-0.13052619993686676,0.0,-0.004897483624517918,-3.8501621020259336e-06,-0.05743739381432533,-0.7941535711288452,0.6063648462295532,0.012500160373747349,0.038544464856386185,5.4836270635405526e-08,-2.98023217215615e-10,-0.03276759013533592,-0.7130712270736694,0.7010916471481323,0.0,0.0,-9.298324243900424e-08,0.0,-0.01670967973768711,-0.8457174897193909,0.5336308479309082,0.0,0.0,6.19888282926695e-08,0.0,-0.013883084990084171,-1.0,-0.0,0.0,0.0
1782948394.3558424,2026-07-01 19:26:34.355,7260.0,7260,right,0,2,index_point,3,0.0,0.003969999961555004,-0.04999999701976776,-1.0,-0.0,0.0,0.0,0.0,0.0,0.0,-1.0,-0.0,0.0,0.0,-0.025476505979895592,-0.012044684961438179,-0.022234933450818062,-0.7778840661048889,0.016755269840359688,-0.32534322142601013,-0.5373708605766296,0.0,1.19209286886246e-09,-0.02723044343292713,-0.9650315046310425,0.26213380694389343,0.0,0.0,2.38418573772492e-09,-1.19209286886246e-09,-0.031859468668699265,-0.9069033265113831,0.4213387966156006,0.0,0.0,0.0,-3.5762786065873797e-09,-0.023122519254684448,-1.0,-0.0,0.0,0.0,-0.012360505759716034,0.0032300001475960016,-0.016998957842588425,-0.9990482330322266,-0.0,-0.04361938685178757,0.0,-0.002149570034816861,-3.8927792047616094e-06,-0.06502974033355713,-0.9999619722366333,-0.0,-0.008726464584469795,0.0,0.0,0.0,-0.03691747412085533,-0.9991405606269836,0.04145072400569916,0.0,0.0,-2.38418573772492e-09,-2.98023217215615e-10,-0.02163529396057129,-0.9989849328994751,0.045045435428619385,0.0,0.0,0.0,2.98023217215615e-10,-0.01868978515267372,-1.0,-0.0,0.0,0.0,0.0,0.003969999961555004,-0.017509059980511665,-1.0,-0.0,0.0,0.0,0.0,4.611611075233668e-06,-0.0637909397482872,-0.8430847525596619,0.5377807021141052,0.0,0.0,0.0,2.98023217215615e-10,-0.04460655897855759,-0.6626808643341064,0.748901903629303,0.0,0.0,0.0,-2.98023217215615e-10,-0.02347646653652191,-0.9407695531845093,0.339046835899353,0.0,0.0,0.0,0.0,-0.019652195274829865,-1.0,-0.0,0.0,0.0,0.00711638480424881,0.0018999999156221747,-0.016959700733423233,-0.9961947202682495,-0.0,0.08715574443340302,0.0,-0.0005882382392883301,0.0,-0.060253534466028214,-0.7155221700668335,0.6973228454589844,-0.030119962990283966,-0.029353858903050423,1.19209286886246e-09,-1.490116086078075e-10,-0.04255415499210358,-0.6427876353263855,0.7660444974899292,0.0,0.0,-2.38418573772492e-09,0.0,-0.02208789810538292,-0.9063078761100769,0.4226182699203491,0.0,0.0,0.0,0.0,-0.017740869894623756,-1.0,-0.0,0.0,0.0,0.013503451831638813,-0.0037700000684708357,-0.014087309129536152,-0.9914448857307434,-0.0,0.13052619993686676,0.0,0.0048975334502756596,-3.847479547403054e-06,-0.05743739381432533,-0.8377233147621155,0.545371949672699,0.006471771281212568,-0.02733534574508667,4.76837147544984e-09,-2.98023217215615e-10,-0.03276757150888443,-0.7260994911193848,0.6875896453857422,0.0,0.0,2.38418573772492e-09,0.0,-0.016709718853235245,-0.8536251783370972,0.5208878517150879,0.0,0.0,0.0,0.0,-0.01388302817940712,-1.0,-0.0,0.0,0.0
1782948394.5641503,2026-07-01 19:26:34.564,16987.0,16987,left,0,1,index_point,3,0.0,0.003969999961555004,-0.04999999701976776,-1.0,-0.0,0.0,0.0,0.0,0.0,0.0,-1.0,-0.0,0.0,0.0,0.025476500391960144,-0.012044699862599373,-0.022234899923205376,-0.7414661645889282,0.06944508850574493,0.3814726173877716,0.547616720199585,-5.7220457705398076e-08,-4.3511388270189855e-08,-0.027230437844991684,-0.9260033965110779,0.37751516699790955,0.0,0.0,3.5762786065873797e-09,6.318092005130893e-08,-0.031859491020441055,-0.8348710536956787,0.5504456162452698,0.0,0.0,2.384185648907078e-08,0.0,-0.023122519254684448,-1.0,-0.0,0.0,0.0,0.012359999120235443,0.0032300001475960016,-0.017000000923871994,-0.9990482330322266,-0.0,0.04361938685178757,0.0,0.0021501504816114902,-3.890097104886081e-06,-0.06502876430749893,-0.9999619722366333,-0.0,0.008726557716727257,0.0,-9.53674295089968e-09,-9.53674295089968e-09,-0.036917347460985184,-0.9993493556976318,0.0360686257481575,0.0,0.0,-2.8610228852699038e-08,-2.98023217215615e-10,-0.0216355137526989,-0.999281644821167,0.037897396832704544,0.0,0.0,1.2636184010261786e-07,2.98023217215615e-10,-0.018689393997192383,-1.0,-0.0,0.0,0.0,0.0,0.003969999961555004,-0.01750910095870495,-1.0,-0.0,0.0,0.0,0.0,4.610121322912164e-06,-0.06379090249538422,-0.8533058166503906,0.5214108824729919,0.0,0.0,0.0,2.98023217215615e-10,-0.044606998562812805,-0.668202817440033,0.7439792156219482,0.0,0.0,0.0,0.0,-0.023475991562008858,-0.941088855266571,0.338159441947937,0.0,0.0,0.0,0.0,-0.019651994109153748,-1.0,-0.0,0.0,0.0,-0.00711638992652297,0.0018999999156221747,-0.016959700733423233,-0.9961947202682495,-0.0,-0.08715574443340302,0.0,0.0005882433033548295,0.0,-0.060253534466028214,-0.8361735343933105,0.5477196574211121,0.023910408839583397,0.01566206105053425,-1.1086464013487785e-07,-1.490116086078075e-10,-0.04255366697907448,-0.659447968006134,0.7517502307891846,0.0,0.0,4.5299529460862686e-08,0.0,-0.022088106721639633,-0.9092115759849548,0.4163345396518707,0.0,0.0,-1.4305114426349519e-08,0.0,-0.017740696668624878,-1.0,-0.0,0.0,0.0,-0.013503500260412693,-0.0037700000684708357,-0.014087299816310406,-0.9914448857307434,-0.0,-0.13052619993686676,0.0,-0.004897483624517918,-3.8501621020259336e-06,-0.05743739381432533,-0.7941535711288452,0.6063648462295532,0.012500160373747349,0.038544464856386185,5.4836270635405526e-08,-2.98023217215615e-10,-0.03276759013533592,-0.7130712270736694,0.7010916471481323,0.0,0.0,-9.298324243900424e-08,0.0,-0.01670967973768711,-0.8457174897193909,0.5336308479309082,0.0,0.0,6.19888282926695e-08,0.0,-0.013883084990084171,-1.0,-0.0,0.0,0.0
1782948394.5644403,2026-07-01 19:26:34.564,7273.0,7273,right,0,2,index_point,3,0.0,0.003969999961555004,-0.04999999701976776,-1.0,-0.0,0.0,0.0,0.0,0.0,0.0,-1.0,-0.0,0.0,0.0,-0.025476505979895592,-0.012044684961438179,-0.022234933450818062,-0.7787734866142273,0.013831447809934616,-0.32402241230010986,-0.5369636416435242,0.0,1.19209286886246e-09,-0.02723044343292713,-0.9662706851959229,0.2575286328792572,0.0,0.0,2.38418573772492e-09,-1.19209286886246e-09,-0.031859468668699265,-0.909562885761261,0.4155663847923279,0.0,0.0,0.0,-3.5762786065873797e-09,-0.023122519254684448,-1.0,-0.0,0.0,0.0,-0.012360505759716034,0.0032300001475960016,-0.016998957842588425,-0.9990482330322266,-0.0,-0.04361938685178757,0.0,-0.002149570034816861,-3.8927792047616094e-06,-0.06502974033355713,-0.9999619722366333,-0.0,-0.008726464584469795,0.0,0.0,0.0,-0.03691747412085533,-0.9991405606269836,0.04145072400569916,0.0,0.0,-2.38418573772492e-09,-2.98023217215615e-10,-0.02163529396057129,-0.9989849328994751,0.045045435428619385,0.0,0.0,0.0,2.98023217215615e-10,-0.01868978515267372,-1.0,-0.0,0.0,0.0,0.0,0.003969999961555004,-0.017509059980511665,-1.0,-0.0,0.0,0.0,0.0,4.611611075233668e-06,-0.0637909397482872,-0.8449461460113525,0.5348513722419739,0.0,0.0,0.0,2.98023217215615e-10,-0.04460655897855759,-0.6636229753494263,0.7480672597885132,0.0,0.0,0.0,-2.98023217215615e-10,-0.02347646653652191,-0.9408233165740967,0.33889758586883545,0.0,0.0,0.0,0.0,-0.019652195274829865,-1.0,-0.0,0.0,0.0,0.00711638480424881,0.0018999999156221747,-0.016959700733423233,-0.9961947202682495,-0.0,0.08715574443340302,0.0,-0.0005882382392883301,0.0,-0.060253534466028214,-0.720736026763916,0.6919863820075989,-0.02969389036297798,-0.028509419411420822,1.19209286886246e-09,-1.490116086078075e-10,-0.04255415499210358,-0.6427876353263855,0.7660444974899292,0.0,0.0,-2.38418573772492e-09,0.0,-0.02208789810538292,-0.9063078761100769,0.4226182699203491,0.0,0.0,0.0,0.0,-0.017740869894623756,-1.0,-0.0,0.0,0.0,0.013503451831638813,-0.0037700000684708357,-0.014087309129536152,-0.9914448857307434,-0.0,0.13052619993686676,0.0,0.0048975334502756596,-3.847479547403054e-06,-0.05743739381432533,-0.8467764258384705,0.5312061905860901,0.009042209014296532,-0.026609597727656364,4.76837147544984e-09,-2.98023217215615e-10,-0.03276757150888443,-0.7297428846359253,0.6837217211723328,0.0,0.0,2.38418573772492e-09,0.0,-0.016709718853235245,-0.8557910323143005,0.5173216462135315,0.0,0.0,0.0,0.0,-0.01388302817940712,-1.0,-0.0,0.0,0.0
1782948394.7785404,2026-07-01 19:26:34.778,16988.0,16988,left,0,1,index_point,3,0.0,0.003969999961555004,-0.04999999701976776,-1.0,-0.0,0.0,0.0,0.0,0.0,0.0,-1.0,-0.0,0.0,0.0,0.025476500391960144,-0.012044699862599373,-0.022234899923205376,-0.7414661645889282,0.06944508850574493,0.3814726173877716,0.547616720199585,-5.7220457705398076e-08,-4.3511388270189855e-08,-0.027230437844991684,-0.9260033965110779,0.37751516699790955,0.0,0.0,3.5762786065873797e-09,6.318092005130893e-08,-0.031859491020441055,-0.8348710536956787,0.5504456162452698,0.0,0.0,2.384185648907078e-08,0.0,-0.023122519254684448,-1.0,-0.0,0.0,0.0,0.012359999120235443,0.0032300001475960016,-0.017000000923871994,-0.9990482330322266,-0.0,0.04361938685178757,0.0,0.0021501504816114902,-3.890097104886081e-06,-0.06502876430749893,-0.9999619722366333,-0.0,0.008726557716727257,0.0,-9.53674295089968e-09,-9.53674295089968e-09,-0.036917347460985184,-0.9993493556976318,0.0360686257481575,0.0,0.0,-2.8610228852699038e-08,-2.98023217215615e-10,-0.0216355137526989,-0.999281644821167,0.037897396832704544,0.0,0.0,1.2636184010261786e-07,2.98023217215615e-10,-0.018689393997192383,-1.0,-0.0,0.0,0.0,0.0,0.003969999961555004,-0.01750910095870495,-1.0,-0.0,0.0,0.0,0.0,4.610121322912164e-06,-0.06379090249538422,-0.8533058166503906,0.5214108824729919,0.0,0.0,0.0,2.98023217215615e-10,-0.044606998562812805,-0.668202817440033,0.7439792156219482,0.0,0.0,0.0,0.0,-0.023475991562008858,-0.941088855266571,0.338159441947937,0.0,0.0,0.0,0.0,-0.019651994109153748,-1.0,-0.0,0.0,0.0,-0.00711638992652297,0.0018999999156221747,-0.016959700733423233,-0.9961947202682495,-0.0,-0.08715574443340302,0.0,0.0005882433033548295,0.0,-0.060253534466028214,-0.8418164253234863,0.5390467047691345,0.023426298052072525,0.015000740066170692,-1.1086464013487785e-07,-1.490116086078075e-10,-0.04255366697907448,-0.6621853709220886,0.7493401169776917,0.0,0.0,4.5299529460862686e-08,0.0,-0.022088106721639633,-0.9096925258636475,0.4152824878692627,0.0,0.0,-1.4305114426349519e-08,0.0,-0.017740696668624878,-1.0,-0.0,0.0,0.0,-0.013503500260412693,-0.0037700000684708357,-0.014087299816310406,-0.9914448857307434,-0.0,-0.13052619993686676,0.0,-0.004897483624517918,-3.8501621020259336e-06,-0.05743739381432533,-0.7962130904197693,0.6036668419837952,0.011954588815569878,0.038577016443014145,5.4836270635405526e-08,-2.98023217215615e-10,-0.03276759013533592,-0.7135382294654846,0.7006163001060486,0.0,0.0,-9.298324243900424e-08,0.0,-0.01670967973768711,-0.8460060358047485,0.5331734418869019,0.0,0.0,6.19888282926695e-08,0.0,-0.013883084990084171,-1.0,-0.0,0.0,0.0
1782948394.7787876,2026-07-01 19:26:34.778,7285.0,7285,right,0,2,index_point,3,0.0,0.003969999961555004,-0.04999999701976776,-1.0,-0.0,0.0,0.0,0.0,0.0,0.0,-1.0,-0.0,0.0,0.0,-0.025476505979895592,-0.012044684961438179,-0.022234933450818062,-0.7795416712760925,0.011254683136940002,-0.3228752613067627,-0.5366001725196838,0.0,1.19209286886246e-09,-0.02723044343292713,-0.967337429523468,0.2534923553466797,0.0,0.0,2.38418573772492e-09,-1.19209286886246e-09,-0.031859468668699265,-0.9118713736534119,0.41047611832618713,0.0,0.0,0.0,-3.5762786065873797e-09,-0.023122519254684448,-1.0,-0.0,0.0,0.0,-0.012360505759716034,0.0032300001475960016,-0.016998957842588425,-0.9990482330322266,-0.0,-0.04361938685178757,0.0,-0.002149570034816861,-3.8927792047616094e-06,-0.06502974033355713,-0.9999619722366333,-0.0,-0.008726464584469795,0.0,0.0,0.0,-0.03691747412085533,-0.9991405606269836,0.04145072400569916,0.0,0.0,-2.38418573772492e-09,-2.98023217215615e-10,-0.02163529396057129,-0.9989849328994751,0.045045435428619385,0.0,0.0,0.0,2.98023217215615e-10,-0.01868978515267372,-1.0,-0.0,0.0,0.0,0.0,0.003969999961555004,-0.017509059980511665,-1.0,-0.0,0.0,0.0,0.0,4.611611075233668e-06,-0.0637909397482872,-0.8463470935821533,0.5326317548751831,0.0,0.0,0.0,2.98023217215615e-10,-0.04460655897855759,-0.6643645167350769,0.7474086880683899,0.0,0.0,0.0,-2.98023217215615e-10,-0.02347646653652191,-0.9408659934997559,0.3387790024280548,0.0,0.0,0.0,0.0,-0.019652195274829865,-1.0,-0.0,0.0,0.0,0.00711638480424881,0.0018999999156221747,-0.016959700733423233,-0.9961947202682495,-0.0,0.08715574443340302,0.0,-0.0005882382392883301,0.0,-0.060253534466028214,-0.7230315804481506,0.6896107196807861,-0.02950276993215084,-0.028140854090452194,1.19209286886246e-09,-1.490116086078075e-10,-0.04255415499210358,-0.6427876353263855,0.7660444974899292,0.0,0.0,-2.38418573772492e-09,0.0,-0.02208789810538292,-0.9063078761100769,0.4226182699203491,0.0,0.0,0.0,0.0,-0.017740869894623756,-1.0,-0.0,0.0,0.0,0.013503451831638813,-0.0037700000684708357,-0.014087309129536152,-0.9914448857307434,-0.0,0.13052619993686676,0.0,0.0048975334502756596,-3.847479547403054e-06,-0.05743739381432533,-0.8467764258384705,0.5312061905860901,0.009042209014296532,-0.026609597727656364,4.76837147544984e-09,-2.98023217215615e-10,-0.03276757150888443,-0.7297428846359253,0.6837217211723328,0.0,0.0,2.38418573772492e-09,0.0,-0.016709718853235245,-0.8557910323143005,0.5173216462135315,0.0,0.0,0.0,0.0,-0.01388302817940712,-1.0,-0.0,0.0,0.0
1782948394.9816508,2026-07-01 19:26:34.981,16990.0,16990,left,0,1,index_point,3,0.0,0.003969999961555004,-0.04999999701976776,-1.0,-0.0,0.0,0.0,0.0,0.0,0.0,-1.0,-0.0,0.0,0.0,0.025476500391960144,-0.012044699862599373,-0.022234899923205376,-0.7418050765991211,0.06813427060842514,0.381206214427948,0.5475078225135803,-5.7220457705398076e-08,-4.3511388270189855e-08,-0.027230437844991684,-0.9268062710762024,0.3755398392677307,0.0,0.0,3.5762786065873797e-09,6.318092005130893e-08,-0.031859491020441055,-0.8361102342605591,0.5485614538192749,0.0,0.0,2.384185648907078e-08,0.0,-0.023122519254684448,-1.0,-0.0,0.0,0.0,0.012359999120235443,0.0032300001475960016,-0.017000000923871994,-0.9990482330322266,-0.0,0.04361938685178757,0.0,0.0021501504816114902,-3.890097104886081e-06,-0.06502876430749893,-0.9999619722366333,-0.0,0.008726557716727257,0.0,-9.53674295089968e-09,-9.53674295089968e-09,-0.036917347460985184,-0.9993493556976318,0.0360686257481575,0.0,0.0,-2.8610228852699038e-08,-2.98023217215615e-10,-0.0216355137526989,-0.999281644821167,0.037897396832704544,0.0,0.0,1.2636184010261786e-07,2.98023217215615e-10,-0.018689393997192383,-1.0,-0.0,0.0,0.0,0.0,0.003969999961555004,-0.01750910095870495,-1.0,-0.0,0.0,0.0,0.0,4.610121322912164e-06,-0.06379090249538422,-0.8533058166503906,0.5214108824729919,0.0,0.0,0.0,2.98023217215615e-10,-0.044606998562812805,-0.668202817440033,0.7439792156219482,0.0,0.0,0.0,0.0,-0.023475991562008858,-0.941088855266571,0.338159441947937,0.0,0.0,0.0,0.0,-0.019651994109153748,-1.0,-0.0,0.0,0.0,-0.00711638992652297,0.0018999999156221747,-0.016959700733423233,-0.9961947202682495,-0.0,-0.08715574443340302,0.0,0.0005882433033548295,0.0,-0.060253534466028214,-0.8418164253234863,0.5390467047691345,0.023426298052072525,0.015000740066170692,-1.1086464013487785e-07,-1.490116086078075e-10,-0.04255366697907448,-0.6621853709220886,0.7493401169776917,0.0,0.0,4.5299529460862686e-08,0.0,-0.022088106721639633,-0.9096925258636475,0.4152824878692627,0.0,0.0,-1.4305114426349519e-08,0.0,-0.017740696668624878,-1.0,-0.0,0.0,0.0,-0.013503500260412693,-0.0037700000684708357,-0.014087299816310406,-0.9914448857307434,-0.0,-0.13052619993686676,0.0,-0.004897483624517918,-3.8501621020259336e-06,-0.05743739381432533,-0.7972393035888672,0.6023152470588684,0.011681746691465378,0.038593120872974396,5.4836270635405526e-08,-2.98023217215615e-10,-0.03276759013533592,-0.713771641254425,0.7003785371780396,0.0,0.0,-9.298324243900424e-08,0.0,-0.01670967973768711,-0.8461501598358154,0.5329446792602539,0.0,0.0,6.19888282926695e-08,0.0,-0.013883084990084171,-1.0,-0.0,0.0,0.0
1782948394.982097,2026-07-01 19:26:34.982,7297.0,7297,right,0,2,index_point,3,0.0,0.003969999961555004,-0.04999999701976776,-1.0,-0.0,0.0,0.0,0.0,0.0,0.0,-1.0,-0.0,0.0,0.0,-0.025476505979895592,-0.012044684961438179,-0.022234933450818062,-0.7807295322418213,0.007175661623477936,-0.3210873305797577,-0.5360156893730164,0.0,1.19209286886246e-09,-0.02723044343292713,-0.9689797163009644,0.24714027345180511,0.0,0.0,2.38418573772492e-09,-1.19209286886246e-09,-0.031859468668699265,-0.9154590964317322,0.4024110436439514,0.0,0.0,0.0,-3.5762786065873797e-09,-0.023122519254684448,-1.0,-0.0,0.0,0.0,-0.012360505759716034,0.0032300001475960016,-0.016998957842588425,-0.9990482330322266,-0.0,-0.04361938685178757,0.0,-0.002149570034816861,-3.8927792047616094e-06,-0.06502974033355713,-0.9999619722366333,-0.0,-0.008726464584469795,0.0,0.0,0.0,-0.03691747412085533,-0.9991405606269836,0.04145072400569916,0.0,0.0,-2.38418573772492e-09,-2.98023217215615e-10,-0.02163529396057129,-0.9989849328994751,0.045045435428619385,0.0,0.0,0.0,2.98023217215615e-10,-0.01868978515267372,-1.0,-0.0,0.0,0.0,0.0,0.003969999961555004,-0.017509059980511665,-1.0,-0.0,0.0,0.0,0.0,4.611611075233668e-06,-0.0637909397482872,-0.8477421402931213,0.5304085612297058,0.0,0.0,0.0,2.98023217215615e-10,-0.04460655897855759,-0.6651054620742798,0.7467495203018188,0.0,0.0,0.0,-2.98023217215615e-10,-0.02347646653652191,-0.940908670425415,0.33866044878959656,0.0,0.0,0.0,0.0,-0.019652195274829865,-1.0,-0.0,0.0,0.0,0.00711638480424881,0.0018999999156221747,-0.016959700733423233,-0.9961947202682495,-0.0,0.08715574443340302,0.0,-0.0005882382392883301,0.0,-0.060253534466028214,-0.7253192067146301,0.6872274875640869,-0.029311325401067734,-0.027771977707743645,1.19209286886246e-09,-1.490116086078075e-10,-0.04255415499210358,-0.6427876353263855,0.7660444974899292,0.0,0.0,-2.38418573772492e-09,0.0,-0.02208789810538292,-0.9063078761100769,0.4226182699203491,0.0,0.0,0.0,0.0,-0.017740869894623756,-1.0,-0.0,0.0,0.0,0.013503451831638813,-0.0037700000684708357,-0.014087309129536152,-0.9914448857307434,-0.0,0.13052619993686676,0.0,0.0048975334502756596,-3.847479547403054e-06,-0.05743739381432533,-0.8467764258384705,0.5312061905860901,0.009042209014296532,-0.026609597727656364,4.76837147544984e-09,-2.98023217215615e-10,-0.03276757150888443,-0.7297428846359253,0.6837217211723328,0.0,0.0,2.38418573772492e-09,0.0,-0.016709718853235245,-0.8557910323143005,0.5173216462135315,0.0,0.0,0.0,0.0,-0.01388302817940712,-1.0,-0.0,0.0,0.0
1782948395.1895926,2026-07-01 19:26:35.189,16992.0,16992,left,0,1,index_point,3,0.0,0.003969999961555004,-0.04999999701976776,-1.0,-0.0,0.0,0.0,0.0,0.0,0.0,-1.0,-0.0,0.0,0.0,0.025476500391960144,-0.012044699862599373,-0.022234899923205376,-0.7424786686897278,0.06551222503185272,0.3806712031364441,0.5472869277000427,-5.7220457705398076e-08,-4.3511388270189855e-08,-0.027230437844991684,-0.9283993244171143,0.3715840280056,0.0,0.0,3.5762786065873797e-09,6.318092005130893e-08,-0.031859491020441055,-0.838576078414917,0.5447846055030823,0.0,0.0,2.384185648907078e-08,0.0,-0.023122519254684448,-1.0,-0.0,0.0,0.0,0.012359999120235443,0.0032300001475960016,-0.017000000923871994,-0.9990482330322266,-0.0,0.04361938685178757,0.0,0.0021501504816114902,-3.890097104886081e-06,-0.06502876430749893,-0.9999619722366333,-0.0,0.008726557716727257,0.0,-9.53674295089968e-09,-9.53674295089968e-09,-0.036917347460985184,-0.9993493556976318,0.0360686257481575,0.0,0.0,-2.8610228852699038e-08,-2.98023217215615e-10,-0.0216355137526989,-0.999281644821167,0.037897396832704544,0.0,0.0,1.2636184010261786e-07,2.98023217215615e-10,-0.018689393997192383,-1.0,-0.0,0.0,0.0,0.0,0.003969999961555004,-0.01750910095870495,-1.0,-0.0,0.0,0.0,0.0,4.610121322912164e-06,-0.06379090249538422,-0.8533058166503906,0.5214108824729919,0.0,0.0,0.0,2.98023217215615e-10,-0.044606998562812805,-0.668202817440033,0.7439792156219482,0.0,0.0,0.0,0.0,-0.023475991562008858,-0.941088855266571,0.338159441947937,0.0,0.0,0.0,0.0,-0.019651994109153748,-1.0,-0.0,0.0,0.0,-0.00711638992652297,0.0018999999156221747,-0.016959700733423233,-0.9961947202682495,-0.0,-0.08715574443340302,0.0,0.0005882433033548295,0.0,-0.060253534466028214,-0.8474321365356445,0.5302146077156067,0.022924572229385376,0.014343264512717724,-1.1086464013487785e-07,-1.490116086078075e-10,-0.04255366697907448,-0.6651054620742798,0.7467495203018188,0.0,0.0,4.5299529460862686e-08,0.0,-0.022088106721639633,-0.9102067351341248,0.4141542911529541,0.0,0.0,-1.4305114426349519e-08,0.0,-0.017740696668624878,-1.0,-0.0,0.0,0.0,-0.013503500260412693,-0.0037700000684708357,-0.014087299816310406,-0.9914448857307434,-0.0,-0.13052619993686676,0.0,-0.004897483624517918,-3.8501621020259336e-06,-0.05743739381432533,-0.8034233450889587,0.5940660238265991,0.010038421489298344,0.03867600858211517,5.4836270635405526e-08,-2.98023217215615e-10,-0.03276759013533592,-0.715282678604126,0.6988352537155151,0.0,0.0,-9.298324243900424e-08,0.0,-0.01670967973768711,-0.8470801115036011,0.5314651727676392,0.0,0.0,6.19888282926695e-08,0.0,-0.013883084990084171,-1.0,-0.0,0.0,0.0
1782948395.2006047,2026-07-01 19:26:35.200,7311.0,7311,right,0,2,index_point,3,0.0,0.003969999961555004,-0.04999999701976776,-1.0,-0.0,0.0,0.0,0.0,0.0,0.0,-1.0,-0.0,0.0,0.0,-0.025476505979895592,-0.012044684961438179,-0.022234933450818062,-0.7814736366271973,0.004564434289932251,-0.31995779275894165,-0.5356353521347046,0.0,1.19209286886246e-09,-0.02723044343292713,-0.9700030088424683,0.24309314787387848,0.0,0.0,2.38418573772492e-09,-1.19209286886246e-09,-0.031859468668699265,-0.9177140593528748,0.3972417414188385,0.0,0.0,0.0,-3.5762786065873797e-09,-0.023122519254684448,-1.0,-0.0,0.0,0.0,-0.012360505759716034,0.0032300001475960016,-0.016998957842588425,-0.9990482330322266,-0.0,-0.04361938685178757,0.0,-0.002149570034816861,-3.8927792047616094e-06,-0.06502974033355713,-0.9999619722366333,-0.0,-0.008726464584469795,0.0,0.0,0.0,-0.03691747412085533,-0.9991405606269836,0.04145072400569916,0.0,0.0,-2.38418573772492e-09,-2.98023217215615e-10,-0.02163529396057129,-0.9989849328994751,0.045045435428619385,0.0,0.0,0.0,2.98023217215615e-10,-0.01868978515267372,-1.0,-0.0,0.0,0.0,0.0,0.003969999961555004,-0.017509059980511665,-1.0,-0.0,0.0,0.0,0.0,4.611611075233668e-06,-0.0637909397482872,-0.8477421402931213,0.5304085612297058,0.0,0.0,0.0,2.98023217215615e-10,-0.04460655897855759,-0.6651054620742798,0.7467495203018188,0.0,0.0,0.0,-2.98023217215615e-10,-0.02347646653652191,-0.940908670425415,0.33866044878959656,0.0,0.0,0.0,0.0,-0.019652195274829865,-1.0,-0.0,0.0,0.0,0.00711638480424881,0.0018999999156221747,-0.016959700733423233,-0.9961947202682495,-0.0,0.08715574443340302,0.0,-0.0005882382392883301,0.0,-0.060253534466028214,-0.7253192067146301,0.6872274875640869,-0.029311325401067734,-0.027771977707743645,1.19209286886246e-09,-1.490116086078075e-10,-0.04255415499210358,-0.6427876353263855,0.7660444974899292,0.0,0.0,-2.38418573772492e-09,0.0,-0.02208789810538292,-0.9063078761100769,0.4226182699203491,0.0,0.0,0.0,0.0,-0.017740869894623756,-1.0,-0.0,0.0,0.0,0.013503451831638813,-0.0037700000684708357,-0.014087309129536152,-0.9914448857307434,-0.0,0.13052619993686676,0.0,0.0048975334502756596,-3.847479547403054e-06,-0.05743739381432533,-0.8467764258384705,0.5312061905860901,0.009042209014296532,-0.026609597727656364,4.76837147544984e-09,-2.98023217215615e-10,-0.03276757150888443,-0.7297428846359253,0.6837217211723328,0.0,0.0,2.38418573772492e-09,0.0,-0.016709718853235245,-0.8557910323143005,0.5173216462135315,0.0,0.0,0.0,0.0,-0.01388302817940712,-1.0,-0.0,0.0,0.0
1782948395.3968606,2026-07-01 19:26:35.396,16994.0,16994,left,0,1,index_point,3,0.0,0.003969999961555004,-0.04999999701976776,-1.0,-0.0,0.0,0.0,0.0,0.0,0.0,-1.0,-0.0,0.0,0.0,0.025476500391960144,-0.012044699862599373,-0.022234899923205376,-0.7427440285682678,0.06452122330665588,0.38045039772987366,0.5471981763839722,-5.7220457705398076e-08,-4.3511388270189855e-08,-0.027230437844991684,-0.9289988279342651,0.3700827956199646,0.0,0.0,3.5762786065873797e-09,6.318092005130893e-08,-0.031859491020441055,-0.8395248055458069,0.5433213710784912,0.0,0.0,2.384185648907078e-08,0.0,-0.023122519254684448,-1.0,-0.0,0.0,0.0,0.012359999120235443,0.0032300001475960016,-0.017000000923871994,-0.9990482330322266,-0.0,0.04361938685178757,0.0,0.0021501504816114902,-3.890097104886081e-06,-0.06502876430749893,-0.9999619722366333,-0.0,0.008726557716727257,0.0,-9.53674295089968e-09,-9.53674295089968e-09,-0.036917347460985184,-0.9993493556976318,0.0360686257481575,0.0,0.0,-2.8610228852699038e-08,-2.98023217215615e-10,-0.0216355137526989,-0.999281644821167,0.037897396832704544,0.0,0.0,1.2636184010261786e-07,2.98023217215615e-10,-0.018689393997192383,-1.0,-0.0,0.0,0.0,0.0,0.003969999961555004,-0.01750910095870495,-1.0,-0.0,0.0,0.0,0.0,4.610121322912164e-06,-0.06379090249538422,-0.8533058166503906,0.5214108824729919,0.0,0.0,0.0,2.98023217215615e-10,-0.044606998562812805,-0.668202817440033,0.7439792156219482,0.0,0.0,0.0,0.0,-0.023475991562008858,-0.941088855266571,0.338159441947937,0.0,0.0,0.0,0.0,-0.019651994109153748,-1.0,-0.0,0.0,0.0,-0.00711638992652297,0.0018999999156221747,-0.016959700733423233,-0.9961947202682495,-0.0,-0.08715574443340302,0.0,0.0005882433033548295,0.0,-0.060253534466028214,-0.8511623740196228,0.5242322087287903,0.022578826174139977,0.013908500783145428,-1.1086464013487785e-07,-1.490116086078075e-10,-0.04255366697907448,-0.6671715974807739,0.7449040412902832,0.0,0.0,4.5299529460862686e-08,0.0,-0.022088106721639633,-0.910571277141571,0.41335204243659973,0.0,0.0,-1.4305114426349519e-08,0.0,-0.017740696668624878,-1.0,-0.0,0.0,0.0,-0.013503500260412693,-0.0037700000684708357,-0.014087299816310406,-0.9914448857307434,-0.0,-0.13052619993686676,0.0,-0.004897483624517918,-3.8501621020259336e-06,-0.05743739381432533,-0.8034233450889587,0.5940660238265991,0.010038421489298344,0.03867600858211517,5.4836270635405526e-08,-2.98023217215615e-10,-0.03276759013533592,-0.715282678604126,0.6988352537155151,0.0,0.0,-9.298324243900424e-08,0.0,-0.01670967973768711,-0.8470801115036011,0.5314651727676392,0.0,0.0,6.19888282926695e-08,0.0,-0.013883084990084171,-1.0,-0.0,0.0,0.0
1782948395.4101527,2026-07-01 19:26:35.410,7322.0,7322,right,0,2,index_point,3,0.0,0.003969999961555004,-0.04999999701976776,-1.0,-0.0,0.0,0.0,0.0,0.0,0.0,-1.0,-0.0,0.0,0.0,-0.025476505979895592,-0.012044684961438179,-0.022234933450818062,-0.7824163436889648,0.0011888594599440694,-0.31851595640182495,-0.5351362824440002,0.0,1.19209286886246e-09,-0.02723044343292713,-0.971293032169342,0.23788616061210632,0.0,0.0,2.38418573772492e-09,-1.19209286886246e-09,-0.031859468668699265,-0.9205800294876099,0.3905540406703949,0.0,0.0,0.0,-3.5762786065873797e-09,-0.023122519254684448,-1.0,-0.0,0.0,0.0,-0.012360505759716034,0.0032300001475960016,-0.016998957842588425,-0.9990482330322266,-0.0,-0.04361938685178757,0.0,-0.002149570034816861,-3.8927792047616094e-06,-0.06502974033355713,-0.9999619722366333,-0.0,-0.008726464584469795,0.0,0.0,0.0,-0.03691747412085533,-0.9991405606269836,0.04145072400569916,0.0,0.0,-2.38418573772492e-09,-2.98023217215615e-10,-0.02163529396057129,-0.9989849328994751,0.045045435428619385,0.0,0.0,0.0,2.98023217215615e-10,-0.01868978515267372,-1.0,-0.0,0.0,0.0,0.0,0.003969999961555004,-0.017509059980511665,-1.0,-0.0,0.0,0.0,0.0,4.611611075233668e-06,-0.0637909397482872,-0.8477421402931213,0.5304085612297058,0.0,0.0,0.0,2.98023217215615e-10,-0.04460655897855759,-0.6651054620742798,0.7467495203018188,0.0,0.0,0.0,-2.98023217215615e-10,-0.02347646653652191,-0.940908670425415,0.33866044878959656,0.0,0.0,0.0,0.0,-0.019652195274829865,-1.0,-0.0,0.0,0.0,0.00711638480424881,0.0018999999156221747,-0.016959700733423233,-0.9961947202682495,-0.0,0.08715574443340302,0.0,-0.0005882382392883301,0.0,-0.060253534466028214,-0.7253192067146301,0.6872274875640869,-0.029311325401067734,-0.027771977707743645,1.19209286886246e-09,-1.490116086078075e-10,-0.04255415499210358,-0.6427876353263855,0.7660444974899292,0.0,0.0,-2.38418573772492e-09,0.0,-0.02208789810538292,-0.9063078761100769,0.4226182699203491,0.0,0.0,0.0,0.0,-0.017740869894623756,-1.0,-0.0,0.0,0.0,0.013503451831638813,-0.0037700000684708357,-0.014087309129536152,-0.9914448857307434,-0.0,0.13052619993686676,0.0,0.0048975334502756596,-3.847479547403054e-06,-0.05743739381432533,-0.8467764258384705,0.5312061905860901,0.009042209014296532,-0.026609597727656364,4.76837147544984e-09,-2.98023217215615e-10,-0.03276757150888443,-0.7297428846359253,0.6837217211723328,0.0,0.0,2.38418573772492e-09,0.0,-0.016709718853235245,-0.8557910323143005,0.5173216462135315,0.0,0.0,0.0,0.0,-0.01388302817940712,-1.0,-0.0,0.0,0.0
1782948395.597339,2026-07-01 19:26:35.597,16995.0,16995,left,0,1,index_point,3,0.0,0.003969999961555004,-0.04999999701976776,-1.0,-0.0,0.0,0.0,0.0,0.0,0.0,-1.0,-0.0,0.0,0.0,0.025476500391960144,-0.012044699862599373,-0.022234899923205376,-0.7432722449302673,0.0625389963388443,0.38000741600990295,0.5470189452171326,-5.7220457705398076e-08,-4.3511388270189855e-08,-0.027230437844991684,-0.93019038438797,0.36707744002342224,0.0,0.0,3.5762786065873797e-09,6.318092005130893e-08,-0.031859491020441055,-0.841414749622345,0.540389895439148,0.0,0.0,2.384185648907078e-08,0.0,-0.023122519254684448,-1.0,-0.0,0.0,0.0,0.012359999120235443,0.0032300001475960016,-0.017000000923871994,-0.9990482330322266,-0.0,0.04361938685178757,0.0,0.0021501504816114902,-3.890097104886081e-06,-0.06502876430749893,-0.9999619722366333,-0.0,0.008726557716727257,0.0,-9.53674295089968e-09,-9.53674295089968e-09,-0.036917347460985184,-0.9993493556976318,0.0360686257481575,0.0,0.0,-2.8610228852699038e-08,-2.98023217215615e-10,-0.0216355137526989,-0.999281644821167,0.037897396832704544,0.0,0.0,1.2636184010261786e-07,2.98023217215615e-10,-0.018689393997192383,-1.0,-0.0,0.0,0.0,0.0,0.003969999961555004,-0.01750910095870495,-1.0,-0.0,0.0,0.0,0.0,4.610121322912164e-06,-0.06379090249538422,-0.8533058166503906,0.5214108824729919,0.0,0.0,0.0,2.98023217215615e-10,-0.044606998562812805,-0.668202817440033,0.7439792156219482,0.0,0.0,0.0,0.0,-0.023475991562008858,-0.941088855266571,0.338159441947937,0.0,0.0,0.0,0.0,-0.019651994109153748,-1.0,-0.0,0.0,0.0,-0.00711638992652297,0.0018999999156221747,-0.016959700733423233,-0.9961947202682495,-0.0,-0.08715574443340302,0.0,0.0005882433033548295,0.0,-0.060253534466028214,-0.8530115485191345,0.5212311148643494,0.022405525669455528,0.01369085256010294,-1.1086464013487785e-07,-1.490116086078075e-10,-0.04255366697907448,-0.668202817440033,0.7439792156219482,0.0,0.0,4.5299529460862686e-08,0.0,-0.022088106721639633,-0.9107533693313599,0.4129508435726166,0.0,0.0,-1.4305114426349519e-08,0.0,-0.017740696668624878,-1.0,-0.0,0.0,0.0,-0.013503500260412693,-0.0037700000684708357,-0.014087299816310406,-0.9914448857307434,-0.0,-0.13052619993686676,0.0,-0.004897483624517918,-3.8501621020259336e-06,-0.05743739381432533,-0.8034233450889587,0.5940660238265991,0.010038421489298344,0.03867600858211517,5.4836270635405526e-08,-2.98023217215615e-10,-0.03276759013533592,-0.715282678604126,0.6988352537155151,0.0,0.0,-9.298324243900424e-08,0.0,-0.01670967973768711,-0.8470801115036011,0.5314651727676392,0.0,0.0,6.19888282926695e-08,0.0,-0.013883084990084171,-1.0,-0.0,0.0,0.0
1782948395.6202323,2026-07-01 19:26:35.620,7335.0,7335,right,0,2,index_point,3,0.0,0.003969999961555004,-0.04999999701976776,-1.0,-0.0,0.0,0.0,0.0,0.0,0.0,-1.0,-0.0,0.0,0.0,-0.025476505979895592,-0.012044684961438179,-0.022234933450818062,-0.7827267646789551,5.871096072951332e-05,-0.3180388808250427,-0.5349674224853516,0.0,1.19209286886246e-09,-0.02723044343292713,-0.9717166423797607,0.23615004122257233,0.0,0.0,2.38418573772492e-09,-1.19209286886246e-09,-0.031859468668699265,-0.921527087688446,0.3883141279220581,0.0,0.0,0.0,-3.5762786065873797e-09,-0.023122519254684448,-1.0,-0.0,0.0,0.0,-0.012360505759716034,0.0032300001475960016,-0.016998957842588425,-0.9990482330322266,-0.0,-0.04361938685178757,0.0,-0.002149570034816861,-3.8927792047616094e-06,-0.06502974033355713,-0.9999619722366333,-0.0,-0.008726464584469795,0.0,0.0,0.0,-0.03691747412085533,-0.9991405606269836,0.04145072400569916,0.0,0.0,-2.38418573772492e-09,-2.98023217215615e-10,-0.02163529396057129,-0.9989849328994751,0.045045435428619385,0.0,0.0,0.0,2.98023217215615e-10,-0.01868978515267372,-1.0,-0.0,0.0,0.0,0.0,0.003969999961555004,-0.017509059980511665,-1.0,-0.0,0.0,0.0,0.0,4.611611075233668e-06,-0.0637909397482872,-0.8477421402931213,0.5304085612297058,0.0,0.0,0.0,2.98023217215615e-10,-0.04460655897855759,-0.6651054620742798,0.7467495203018188,0.0,0.0,0.0,-2.98023217215615e-10,-0.02347646653652191,-0.940908670425415,0.33866044878959656,0.0,0.0,0.0,0.0,-0.019652195274829865,-1.0,-0.0,0.0,0.0,0.00711638480424881,0.0018999999156221747,-0.016959700733423233,-0.9961947202682495,-0.0,0.08715574443340302,0.0,-0.0005882382392883301,0.0,-0.060253534466028214,-0.7286747097969055,0.6837023496627808,-0.029026400297880173,-0.02723494917154312,1.19209286886246e-09,-1.490116086078075e-10,-0.04255415499210358,-0.6427876353263855,0.7660444974899292,0.0,0.0,-2.38418573772492e-09,0.0,-0.02208789810538292,-0.9063078761100769,0.4226182699203491,0.0,0.0,0.0,0.0,-0.017740869894623756,-1.0,-0.0,0.0,0.0,0.013503451831638813,-0.0037700000684708357,-0.014087309129536152,-0.9914448857307434,-0.0,0.13052619993686676,0.0,0.0048975334502756596,-3.847479547403054e-06,-0.05743739381432533,-0.8467764258384705,0.5312061905860901,0.009042209014296532,-0.026609597727656364,4.76837147544984e-09,-2.98023217215615e-10,-0.03276757150888443,-0.7297428846359253,0.6837217211723328,0.0,0.0,2.38418573772492e-09,0.0,-0.016709718853235245,-0.8557910323143005,0.5173216462135315,0.0,0.0,0.0,0.0,-0.01388302817940712,-1.0,-0.0,0.0,0.0
1782948395.7978876,2026-07-01 19:26:35.797,16997.0,16997,left,0,1,index_point,3,0.0,0.003969999961555004,-0.04999999701976776,-1.0,-0.0,0.0,0.0,0.0,0.0,0.0,-1.0,-0.0,0.0,0.0,0.025476500391960144,-0.012044699862599373,-0.022234899923205376,-0.7432722449302673,0.0625389963388443,0.38000741600990295,0.5470189452171326,-5.7220457705398076e-08,-4.3511388270189855e-08,-0.027230437844991684,-0.93019038438797,0.36707744002342224,0.0,0.0,3.5762786065873797e-09,6.318092005130893e-08,-0.031859491020441055,-0.841414749622345,0.540389895439148,0.0,0.0,2.384185648907078e-08,0.0,-0.023122519254684448,-1.0,-0.0,0.0,0.0,0.012359999120235443,0.0032300001475960016,-0.017000000923871994,-0.9990482330322266,-0.0,0.04361938685178757,0.0,0.0021501504816114902,-3.890097104886081e-06,-0.06502876430749893,-0.9999619722366333,-0.0,0.008726557716727257,0.0,-9.53674295089968e-09,-9.53674295089968e-09,-0.036917347460985184,-0.9993493556976318,0.0360686257481575,0.0,0.0,-2.8610228852699038e-08,-2.98023217215615e-10,-0.0216355137526989,-0.999281644821167,0.037897396832704544,0.0,0.0,1.2636184010261786e-07,2.98023217215615e-10,-0.018689393997192383,-1.0,-0.0,0.0,0.0,0.0,0.003969999961555004,-0.01750910095870495,-1.0,-0.0,0.0,0.0,0.0,4.610121322912164e-06,-0.06379090249538422,-0.8533058166503906,0.5214108824729919,0.0,0.0,0.0,2.98023217215615e-10,-0.044606998562812805,-0.668202817440033,0.7439792156219482,0.0,0.0,0.0,0.0,-0.023475991562008858,-0.941088855266571,0.338159441947937,0.0,0.0,0.0,0.0,-0.019651994109153748,-1.0,-0.0,0.0,0.0,-0.00711638992652297,0.0018999999156221747,-0.016959700733423233,-0.9961947202682495,-0.0,-0.08715574443340302,0.0,0.0005882433033548295,0.0,-0.060253534466028214,-0.8530115485191345,0.5212311148643494,0.022405525669455528,0.01369085256010294,-1.1086464013487785e-07,-1.490116086078075e-10,-0.04255366697907448,-0.668202817440033,0.7439792156219482,0.0,0.0,4.5299529460862686e-08,0.0,-0.022088106721639633,-0.9107533693313599,0.4129508435726166,0.0,0.0,-1.4305114426349519e-08,0.0,-0.017740696668624878,-1.0,-0.0,0.0,0.0,-0.013503500260412693,-0.0037700000684708357,-0.014087299816310406,-0.9914448857307434,-0.0,-0.13052619993686676,0.0,-0.004897483624517918,-3.8501621020259336e-06,-0.05743739381432533,-0.8034233450889587,0.5940660238265991,0.010038421489298344,0.03867600858211517,5.4836270635405526e-08,-2.98023217215615e-10,-0.03276759013533592,-0.715282678604126,0.6988352537155151,0.0,0.0,-9.298324243900424e-08,0.0,-0.01670967973768711,-0.8470801115036011,0.5314651727676392,0.0,0.0,6.19888282926695e-08,0.0,-0.013883084990084171,-1.0,-0.0,0.0,0.0
1782948395.840242,2026-07-01 19:26:35.840,7349.0,7349,right,0,2,index_point,3,0.0,0.003969999961555004,-0.04999999701976776,-1.0,-0.0,0.0,0.0,0.0,0.0,0.0,-1.0,-0.0,0.0,0.0,-0.025476505979895592,-0.012044684961438179,-0.022234933450818062,-0.7830358147621155,-0.001071438193321228,-0.3175613284111023,-0.5347976684570312,0.0,1.19209286886246e-09,-0.02723044343292713,-0.9721370935440063,0.23441314697265625,0.0,0.0,2.38418573772492e-09,-1.19209286886246e-09,-0.031859468668699265,-0.9224686622619629,0.38607195019721985,0.0,0.0,0.0,-3.5762786065873797e-09,-0.023122519254684448,-1.0,-0.0,0.0,0.0,-0.012360505759716034,0.0032300001475960016,-0.016998957842588425,-0.9990482330322266,-0.0,-0.04361938685178757,0.0,-0.002149570034816861,-3.8927792047616094e-06,-0.06502974033355713,-0.9999619722366333,-0.0,-0.008726464584469795,0.0,0.0,0.0,-0.03691747412085533,-0.9991405606269836,0.04145072400569916,0.0,0.0,-2.38418573772492e-09,-2.98023217215615e-10,-0.02163529396057129,-0.9989849328994751,0.045045435428619385,0.0,0.0,0.0,2.98023217215615e-10,-0.01868978515267372,-1.0,-0.0,0.0,0.0,0.0,0.003969999961555004,-0.017509059980511665,-1.0,-0.0,0.0,0.0,0.0,4.611611075233668e-06,-0.0637909397482872,-0.8477421402931213,0.5304085612297058,0.0,0.0,0.0,2.98023217215615e-10,-0.04460655897855759,-0.6651054620742798,0.7467495203018188,0.0,0.0,0.0,-2.98023217215615e-10,-0.02347646653652191,-0.940908670425415,0.33866044878959656,0.0,0.0,0.0,0.0,-0.019652195274829865,-1.0,-0.0,0.0,0.0,0.00711638480424881,0.0018999999156221747,-0.016959700733423233,-0.9961947202682495,-0.0,0.08715574443340302,0.0,-0.0005882382392883301,0.0,-0.060253534466028214,-0.7286747097969055,0.6837023496627808,-0.029026400297880173,-0.02723494917154312,1.19209286886246e-09,-1.490116086078075e-10,-0.04255415499210358,-0.6427876353263855,0.7660444974899292,0.0,0.0,-2.38418573772492e-09,0.0,-0.02208789810538292,-0.9063078761100769,0.4226182699203491,0.0,0.0,0.0,0.0,-0.017740869894623756,-1.0,-0.0,0.0,0.0,0.013503451831638813,-0.0037700000684708357,-0.014087309129536152,-0.9914448857307434,-0.0,0.13052619993686676,0.0,0.0048975334502756596,-3.847479547403054e-06,-0.05743739381432533,-0.8467764258384705,0.5312061905860901,0.009042209014296532,-0.026609597727656364,4.76837147544984e-09,-2.98023217215615e-10,-0.03276757150888443,-0.7297428846359253,0.6837217211723328,0.0,0.0,2.38418573772492e-09,0.0,-0.016709718853235245,-0.8557910323143005,0.5173216462135315,0.0,0.0,0.0,0.0,-0.01388302817940712,-1.0,-0.0,0.0,0.0
1782948396.005685,2026-07-01 19:26:36.005,16999.0,16999,left,0,1,index_point,3,0.0,0.003969999961555004,-0.04999999701976776,-1.0,-0.0,0.0,0.0,0.0,0.0,0.0,-1.0,-0.0,0.0,0.0,0.025476500391960144,-0.012044699862599373,-0.022234899923205376,-0.7440933585166931,0.05954650044441223,0.37929120659828186,0.5467334985733032,-5.7220457705398076e-08,-4.3511388270189855e-08,-0.027230437844991684,-0.9319748878479004,0.3625229299068451,0.0,0.0,3.5762786065873797e-09,6.318092005130893e-08,-0.031859491020441055,-0.8443001508712769,0.5358706116676331,0.0,0.0,2.384185648907078e-08,0.0,-0.023122519254684448,-1.0,-0.0,0.0,0.0,0.012359999120235443,0.0032300001475960016,-0.017000000923871994,-0.9990482330322266,-0.0,0.04361938685178757,0.0,0.0021501504816114902,-3.890097104886081e-06,-0.06502876430749893,-0.9999619722366333,-0.0,0.008726557716727257,0.0,-9.53674295089968e-09,-9.53674295089968e-09,-0.036917347460985184,-0.9993493556976318,0.0360686257481575,0.0,0.0,-2.8610228852699038e-08,-2.98023217215615e-10,-0.0216355137526989,-0.999281644821167,0.037897396832704544,0.0,0.0,1.2636184010261786e-07,2.98023217215615e-10,-0.018689393997192383,-1.0,-0.0,0.0,0.0,0.0,0.003969999961555004,-0.01750910095870495,-1.0,-0.0,0.0,0.0,0.0,4.610121322912164e-06,-0.06379090249538422,-0.8533058166503906,0.5214108824729919,0.0,0.0,0.0,2.98023217215615e-10,-0.044606998562812805,-0.668202817440033,0.7439792156219482,0.0,0.0,0.0,0.0,-0.023475991562008858,-0.941088855266571,0.338159441947937,0.0,0.0,0.0,0.0,-0.019651994109153748,-1.0,-0.0,0.0,0.0,-0.00711638992652297,0.0018999999156221747,-0.016959700733423233,-0.9961947202682495,-0.0,-0.08715574443340302,0.0,0.0005882433033548295,0.0,-0.060253534466028214,-0.8530115485191345,0.5212311148643494,0.022405525669455528,0.01369085256010294,-1.1086464013487785e-07,-1.490116086078075e-10,-0.04255366697907448,-0.668202817440033,0.7439792156219482,0.0,0.0,4.5299529460862686e-08,0.0,-0.022088106721639633,-0.9107533693313599,0.4129508435726166,0.0,0.0,-1.4305114426349519e-08,0.0,-0.017740696668624878,-1.0,-0.0,0.0,0.0,-0.013503500260412693,-0.0037700000684708357,-0.014087299816310406,-0.9914448857307434,-0.0,-0.13052619993686676,0.0,-0.004897483624517918,-3.8501621020259336e-06,-0.05743739381432533,-0.8034233450889587,0.5940660238265991,0.010038421489298344,0.03867600858211517,5.4836270635405526e-08,-2.98023217215615e-10,-0.03276759013533592,-0.715282678604126,0.6988352537155151,0.0,0.0,-9.298324243900424e-08,0.0,-0.01670967973768711,-0.8470801115036011,0.5314651727676392,0.0,0.0,6.19888282926695e-08,0.0,-0.013883084990084171,-1.0,-0.0,0.0,0.0
1782948396.0715728,2026-07-01 19:26:36.071,7362.0,7362,right,0,2,index_point,3,0.0,0.003969999961555004,-0.04999999701976776,-1.0,-0.0,0.0,0.0,0.0,0.0,0.0,-1.0,-0.0,0.0,0.0,-0.025476505979895592,-0.012044684961438179,-0.022234933450818062,-0.7833431959152222,-0.0022043141070753336,-0.31708571314811707,-0.534626305103302,0.0,1.19209286886246e-09,-0.02723044343292713,-0.9725542068481445,0.23267649114131927,0.0,0.0,2.38418573772492e-09,-1.19209286886246e-09,-0.031859468668699265,-0.9234060645103455,0.3838246166706085,0.0,0.0,0.0,-3.5762786065873797e-09,-0.023122519254684448,-1.0,-0.0,0.0,0.0,-0.012360505759716034,0.0032300001475960016,-0.016998957842588425,-0.9990482330322266,-0.0,-0.04361938685178757,0.0,-0.002149570034816861,-3.8927792047616094e-06,-0.06502974033355713,-0.9999619722366333,-0.0,-0.008726464584469795,0.0,0.0,0.0,-0.03691747412085533,-0.9991405606269836,0.04145072400569916,0.0,0.0,-2.38418573772492e-09,-2.98023217215615e-10,-0.02163529396057129,-0.9989849328994751,0.045045435428619385,0.0,0.0,0.0,2.98023217215615e-10,-0.01868978515267372,-1.0,-0.0,0.0,0.0,0.0,0.003969999961555004,-0.017509059980511665,-1.0,-0.0,0.0,0.0,0.0,4.611611075233668e-06,-0.0637909397482872,-0.8533058166503906,0.5214108824729919,0.0,0.0,0.0,2.98023217215615e-10,-0.04460655897855759,-0.668202817440033,0.7439792156219482,0.0,0.0,0.0,-2.98023217215615e-10,-0.02347646653652191,-0.941088855266571,0.338159441947937,0.0,0.0,0.0,0.0,-0.019652195274829865,-1.0,-0.0,0.0,0.0,0.00711638480424881,0.0018999999156221747,-0.016959700733423233,-0.9961947202682495,-0.0,0.08715574443340302,0.0,-0.0005882382392883301,0.0,-0.060253534466028214,-0.7286747097969055,0.6837023496627808,-0.029026400297880173,-0.02723494917154312,1.19209286886246e-09,-1.490116086078075e-10,-0.04255415499210358,-0.6427876353263855,0.7660444974899292,0.0,0.0,-2.38418573772492e-09,0.0,-0.02208789810538292,-0.9063078761100769,0.4226182699203491,0.0,0.0,0.0,0.0,-0.017740869894623756,-1.0,-0.0,0.0,0.0,0.013503451831638813,-0.0037700000684708357,-0.014087309129536152,-0.9914448857307434,-0.0,0.13052619993686676,0.0,0.0048975334502756596,-3.847479547403054e-06,-0.05743739381432533,-0.8467764258384705,0.5312061905860901,0.009042209014296532,-0.026609597727656364,4.76837147544984e-09,-2.98023217215615e-10,-0.03276757150888443,-0.7297428846359253,0.6837217211723328,0.0,0.0,2.38418573772492e-09,0.0,-0.016709718853235245,-0.8557910323143005,0.5173216462135315,0.0,0.0,0.0,0.0,-0.01388302817940712,-1.0,-0.0,0.0,0.0
1782948396.223298,2026-07-01 19:26:36.223,17000.0,17000,left,0,1,index_point,3,0.0,0.003969999961555004,-0.04999999701976776,-1.0,-0.0,0.0,0.0,0.0,0.0,0.0,-1.0,-0.0,0.0,0.0,0.025476500391960144,-0.012044699862599373,-0.022234899923205376,-0.7440933585166931,0.05954650044441223,0.37929120659828186,0.5467334985733032,-5.7220457705398076e-08,-4.3511388270189855e-08,-0.027230437844991684,-0.9319748878479004,0.3625229299068451,0.0,0.0,3.5762786065873797e-09,6.318092005130893e-08,-0.031859491020441055,-0.8443001508712769,0.5358706116676331,0.0,0.0,2.384185648907078e-08,0.0,-0.023122519254684448,-1.0,-0.0,0.0,0.0,0.012359999120235443,0.0032300001475960016,-0.017000000923871994,-0.9990482330322266,-0.0,0.04361938685178757,0.0,0.0021501504816114902,-3.890097104886081e-06,-0.06502876430749893,-0.9999619722366333,-0.0,0.008726557716727257,0.0,-9.53674295089968e-09,-9.53674295089968e-09,-0.036917347460985184,-0.9993493556976318,0.0360686257481575,0.0,0.0,-2.8610228852699038e-08,-2.98023217215615e-10,-0.0216355137526989,-0.999281644821167,0.037897396832704544,0.0,0.0,1.2636184010261786e-07,2.98023217215615e-10,-0.018689393997192383,-1.0,-0.0,0.0,0.0,0.0,0.003969999961555004,-0.01750910095870495,-1.0,-0.0,0.0,0.0,0.0,4.610121322912164e-06,-0.06379090249538422,-0.8533058166503906,0.5214108824729919,0.0,0.0,0.0,2.98023217215615e-10,-0.044606998562812805,-0.668202817440033,0.7439792156219482,0.0,0.0,0.0,0.0,-0.023475991562008858,-0.941088855266571,0.338159441947937,0.0,0.0,0.0,0.0,-0.019651994109153748,-1.0,-0.0,0.0,0.0,-0.00711638992652297,0.0018999999156221747,-0.016959700733423233,-0.9961947202682495,-0.0,-0.08715574443340302,0.0,0.0005882433033548295,0.0,-0.060253534466028214,-0.8530115485191345,0.5212311148643494,0.022405525669455528,0.01369085256010294,-1.1086464013487785e-07,-1.490116086078075e-10,-0.04255366697907448,-0.668202817440033,0.7439792156219482,0.0,0.0,4.5299529460862686e-08,0.0,-0.022088106721639633,-0.9107533693313599,0.4129508435726166,0.0,0.0,-1.4305114426349519e-08,0.0,-0.017740696668624878,-1.0,-0.0,0.0,0.0,-0.013503500260412693,-0.0037700000684708357,-0.014087299816310406,-0.9914448857307434,-0.0,-0.13052619993686676,0.0,-0.004897483624517918,-3.8501621020259336e-06,-0.05743739381432533,-0.8127092123031616,0.5813296437263489,0.0075624845921993256,0.03876242786645889,5.4836270635405526e-08,-2.98023217215615e-10,-0.03276759013533592,-0.7178195714950562,0.6962292790412903,0.0,0.0,-9.298324243900424e-08,0.0,-0.01670967973768711,-0.8486319780349731,0.5289837718009949,0.0,0.0,6.19888282926695e-08,0.0,-0.013883084990084171,-1.0,-0.0,0.0,0.0
1782948396.2764285,2026-07-01 19:26:36.276,7375.0,7375,right,0,2,index_point,3,0.0,0.003969999961555004,-0.04999999701976776,-1.0,-0.0,0.0,0.0,0.0,0.0,0.0,-1.0,-0.0,0.0,0.0,-0.025476505979895592,-0.012044684961438179,-0.022234933450818062,-0.7845543026924133,-0.006752476096153259,-0.31519651412963867,-0.5339290499687195,0.0,1.19209286886246e-09,-0.02723044343292713,-0.9741899371147156,0.22573009133338928,0.0,0.0,2.38418573772492e-09,-1.19209286886246e-09,-0.031859468668699265,-0.9271082282066345,0.37479376792907715,0.0,0.0,0.0,-3.5762786065873797e-09,-0.023122519254684448,-1.0,-0.0,0.0,0.0,-0.012360505759716034,0.0032300001475960016,-0.016998957842588425,-0.9990482330322266,-0.0,-0.04361938685178757,0.0,-0.002149570034816861,-3.8927792047616094e-06,-0.06502974033355713,-0.9999619722366333,-0.0,-0.008726464584469795,0.0,0.0,0.0,-0.03691747412085533,-0.9991405606269836,0.04145072400569916,0.0,0.0,-2.38418573772492e-09,-2.98023217215615e-10,-0.02163529396057129,-0.9989849328994751,0.045045435428619385,0.0,0.0,0.0,2.98023217215615e-10,-0.01868978515267372,-1.0,-0.0,0.0,0.0,0.0,0.003969999961555004,-0.017509059980511665,-1.0,-0.0,0.0,0.0,0.0,4.611611075233668e-06,-0.0637909397482872,-0.8533058166503906,0.5214108824729919,0.0,0.0,0.0,2.98023217215615e-10,-0.04460655897855759,-0.668202817440033,0.7439792156219482,0.0,0.0,0.0,-2.98023217215615e-10,-0.02347646653652191,-0.941088855266571,0.338159441947937,0.0,0.0,0.0,0.0,-0.019652195274829865,-1.0,-0.0,0.0,0.0,0.00711638480424881,0.0018999999156221747,-0.016959700733423233,-0.9961947202682495,-0.0,0.08715574443340302,0.0,-0.0005882382392883301,0.0,-0.060253534466028214,-0.7286747097969055,0.6837023496627808,-0.029026400297880173,-0.02723494917154312,1.19209286886246e-09,-1.490116086078075e-10,-0.04255415499210358,-0.6427876353263855,0.7660444974899292,0.0,0.0,-2.38418573772492e-09,0.0,-0.02208789810538292,-0.9063078761100769,0.4226182699203491,0.0,0.0,0.0,0.0,-0.017740869894623756,-1.0,-0.0,0.0,0.0,0.013503451831638813,-0.0037700000684708357,-0.014087309129536152,-0.9914448857307434,-0.0,0.13052619993686676,0.0,0.0048975334502756596,-3.847479547403054e-06,-0.05743739381432533,-0.8467764258384705,0.5312061905860901,0.009042209014296532,-0.026609597727656364,4.76837147544984e-09,-2.98023217215615e-10,-0.03276757150888443,-0.7297428846359253,0.6837217211723328,0.0,0.0,2.38418573772492e-09,0.0,-0.016709718853235245,-0.8557910323143005,0.5173216462135315,0.0,0.0,0.0,0.0,-0.01388302817940712,-1.0,-0.0,0.0,0.0
1782948396.4281774,2026-07-01 19:26:36.428,17002.0,17002,left,0,1,index_point,3,0.0,0.003969999961555004,-0.04999999701976776,-1.0,-0.0,0.0,0.0,0.0,0.0,0.0,-1.0,-0.0,0.0,0.0,0.025476500391960144,-0.012044699862599373,-0.022234899923205376,-0.7440933585166931,0.05954650044441223,0.37929120659828186,0.5467334985733032,-5.7220457705398076e-08,-4.3511388270189855e-08,-0.027230437844991684,-0.9319748878479004,0.3625229299068451,0.0,0.0,3.5762786065873797e-09,6.318092005130893e-08,-0.031859491020441055,-0.8443001508712769,0.5358706116676331,0.0,0.0,2.384185648907078e-08,0.0,-0.023122519254684448,-1.0,-0.0,0.0,0.0,0.012359999120235443,0.0032300001475960016,-0.017000000923871994,-0.9990482330322266,-0.0,0.04361938685178757,0.0,0.0021501504816114902,-3.890097104886081e-06,-0.06502876430749893,-0.9999619722366333,-0.0,0.008726557716727257,0.0,-9.53674295089968e-09,-9.53674295089968e-09,-0.036917347460985184,-0.9993493556976318,0.0360686257481575,0.0,0.0,-2.8610228852699038e-08,-2.98023217215615e-10,-0.0216355137526989,-0.999281644821167,0.037897396832704544,0.0,0.0,1.2636184010261786e-07,2.98023217215615e-10,-0.018689393997192383,-1.0,-0.0,0.0,0.0,0.0,0.003969999961555004,-0.01750910095870495,-1.0,-0.0,0.0,0.0,0.0,4.610121322912164e-06,-0.06379090249538422,-0.8533058166503906,0.5214108824729919,0.0,0.0,0.0,2.98023217215615e-10,-0.044606998562812805,-0.668202817440033,0.7439792156219482,0.0,0.0,0.0,0.0,-0.023475991562008858,-0.941088855266571,0.338159441947937,0.0,0.0,0.0,0.0,-0.019651994109153748,-1.0,-0.0,0.0,0.0,-0.00711638992652297,0.0018999999156221747,-0.016959700733423233,-0.9961947202682495,-0.0,-0.08715574443340302,0.0,0.0005882433033548295,0.0,-0.060253534466028214,-0.8530115485191345,0.5212311148643494,0.022405525669455528,0.01369085256010294,-1.1086464013487785e-07,-1.490116086078075e-10,-0.04255366697907448,-0.668202817440033,0.7439792156219482,0.0,0.0,4.5299529460862686e-08,0.0,-0.022088106721639633,-0.9107533693313599,0.4129508435726166,0.0,0.0,-1.4305114426349519e-08,0.0,-0.017740696668624878,-1.0,-0.0,0.0,0.0,-0.013503500260412693,-0.0037700000684708357,-0.014087299816310406,-0.9914448857307434,-0.0,-0.13052619993686676,0.0,-0.004897483624517918,-3.8501621020259336e-06,-0.05743739381432533,-0.8127092123031616,0.5813296437263489,0.0075624845921993256,0.03876242786645889,5.4836270635405526e-08,-2.98023217215615e-10,-0.03276759013533592,-0.7178195714950562,0.6962292790412903,0.0,0.0,-9.298324243900424e-08,0.0,-0.01670967973768711,-0.8486319780349731,0.5289837718009949,0.0,0.0,6.19888282926695e-08,0.0,-0.013883084990084171,-1.0,-0.0,0.0,0.0
1782948396.4822977,2026-07-01 19:26:36.482,7387.0,7387,right,0,2,index_point,3,0.0,0.003969999961555004,-0.04999999701976776,-1.0,-0.0,0.0,0.0,0.0,0.0,0.0,-1.0,-0.0,0.0,0.0,-0.025476505979895592,-0.012044684961438179,-0.022234933450818062,-0.7845543026924133,-0.006752476096153259,-0.31519651412963867,-0.5339290499687195,0.0,1.19209286886246e-09,-0.02723044343292713,-0.9741899371147156,0.22573009133338928,0.0,0.0,2.38418573772492e-09,-1.19209286886246e-09,-0.031859468668699265,-0.9271082282066345,0.37479376792907715,0.0,0.0,0.0,-3.5762786065873797e-09,-0.023122519254684448,-1.0,-0.0,0.0,0.0,-0.012360505759716034,0.0032300001475960016,-0.016998957842588425,-0.9990482330322266,-0.0,-0.04361938685178757,0.0,-0.002149570034816861,-3.8927792047616094e-06,-0.06502974033355713,-0.9999619722366333,-0.0,-0.008726464584469795,0.0,0.0,0.0,-0.03691747412085533,-0.9991405606269836,0.04145072400569916,0.0,0.0,-2.38418573772492e-09,-2.98023217215615e-10,-0.02163529396057129,-0.9989849328994751,0.045045435428619385,0.0,0.0,0.0,2.98023217215615e-10,-0.01868978515267372,-1.0,-0.0,0.0,0.0,0.0,0.003969999961555004,-0.017509059980511665,-1.0,-0.0,0.0,0.0,0.0,4.611611075233668e-06,-0.0637909397482872,-0.8533058166503906,0.5214108824729919,0.0,0.0,0.0,2.98023217215615e-10,-0.04460655897855759,-0.668202817440033,0.7439792156219482,0.0,0.0,0.0,-2.98023217215615e-10,-0.02347646653652191,-0.941088855266571,0.338159441947937,0.0,0.0,0.0,0.0,-0.019652195274829865,-1.0,-0.0,0.0,0.0,0.00711638480424881,0.0018999999156221747,-0.016959700733423233,-0.9961947202682495,-0.0,0.08715574443340302,0.0,-0.0005882382392883301,0.0,-0.060253534466028214,-0.7286747097969055,0.6837023496627808,-0.029026400297880173,-0.02723494917154312,1.19209286886246e-09,-1.490116086078075e-10,-0.04255415499210358,-0.6427876353263855,0.7660444974899292,0.0,0.0,-2.38418573772492e-09,0.0,-0.02208789810538292,-0.9063078761100769,0.4226182699203491,0.0,0.0,0.0,0.0,-0.017740869894623756,-1.0,-0.0,0.0,0.0,0.013503451831638813,-0.0037700000684708357,-0.014087309129536152,-0.9914448857307434,-0.0,0.13052619993686676,0.0,0.0048975334502756596,-3.847479547403054e-06,-0.05743739381432533,-0.8467764258384705,0.5312061905860901,0.009042209014296532,-0.026609597727656364,4.76837147544984e-09,-2.98023217215615e-10,-0.03276757150888443,-0.7297428846359253,0.6837217211723328,0.0,0.0,2.38418573772492e-09,0.0,-0.016709718853235245,-0.8557910323143005,0.5173216462135315,0.0,0.0,0.0,0.0,-0.01388302817940712,-1.0,-0.0,0.0,0.0
1782948396.6387372,2026-07-01 19:26:36.638,17004.0,17004,left,0,1,index_point,3,0.0,0.003969999961555004,-0.04999999701976776,-1.0,-0.0,0.0,0.0,0.0,0.0,0.0,-1.0,-0.0,0.0,0.0,0.025476500391960144,-0.012044699862599373,-0.022234899923205376,-0.7440933585166931,0.05954650044441223,0.37929120659828186,0.5467334985733032,-5.7220457705398076e-08,-4.3511388270189855e-08,-0.027230437844991684,-0.9319748878479004,0.3625229299068451,0.0,0.0,3.5762786065873797e-09,6.318092005130893e-08,-0.031859491020441055,-0.8443001508712769,0.5358706116676331,0.0,0.0,2.384185648907078e-08,0.0,-0.023122519254684448,-1.0,-0.0,0.0,0.0,0.012359999120235443,0.0032300001475960016,-0.017000000923871994,-0.9990482330322266,-0.0,0.04361938685178757,0.0,0.0021501504816114902,-3.890097104886081e-06,-0.06502876430749893,-0.9999619722366333,-0.0,0.008726557716727257,0.0,-9.53674295089968e-09,-9.53674295089968e-09,-0.036917347460985184,-0.9993493556976318,0.0360686257481575,0.0,0.0,-2.8610228852699038e-08,-2.98023217215615e-10,-0.0216355137526989,-0.999281644821167,0.037897396832704544,0.0,0.0,1.2636184010261786e-07,2.98023217215615e-10,-0.018689393997192383,-1.0,-0.0,0.0,0.0,0.0,0.003969999961555004,-0.01750910095870495,-1.0,-0.0,0.0,0.0,0.0,4.610121322912164e-06,-0.06379090249538422,-0.8551560640335083,0.5183706283569336,0.0,0.0,0.0,2.98023217215615e-10,-0.044606998562812805,-0.6692938208580017,0.7429978251457214,0.0,0.0,0.0,0.0,-0.023475991562008858,-0.9411531090736389,0.33798056840896606,0.0,0.0,0.0,0.0,-0.019651994109153748,-1.0,-0.0,0.0,0.0,-0.00711638992652297,0.0018999999156221747,-0.016959700733423233,-0.9961947202682495,-0.0,-0.08715574443340302,0.0,0.0005882433033548295,0.0,-0.060253534466028214,-0.8530115485191345,0.5212311148643494,0.022405525669455528,0.01369085256010294,-1.1086464013487785e-07,-1.490116086078075e-10,-0.04255366697907448,-0.668202817440033,0.7439792156219482,0.0,0.0,4.5299529460862686e-08,0.0,-0.022088106721639633,-0.9107533693313599,0.4129508435726166,0.0,0.0,-1.4305114426349519e-08,0.0,-0.017740696668624878,-1.0,-0.0,0.0,0.0,-0.013503500260412693,-0.0037700000684708357,-0.014087299816310406,-0.9914448857307434,-0.0,-0.13052619993686676,0.0,-0.004897483624517918,-3.8501621020259336e-06,-0.05743739381432533,-0.8127092123031616,0.5813296437263489,0.0075624845921993256,0.03876242786645889,5.4836270635405526e-08,-2.98023217215615e-10,-0.03276759013533592,-0.7178195714950562,0.6962292790412903,0.0,0.0,-9.298324243900424e-08,0.0,-0.01670967973768711,-0.8486319780349731,0.5289837718009949,0.0,0.0,6.19888282926695e-08,0.0,-0.013883084990084171,-1.0,-0.0,0.0,0.0
1782948396.6840723,2026-07-01 19:26:36.684,7398.0,7398,right,0,2,index_point,3,0.0,0.003969999961555004,-0.04999999701976776,-1.0,-0.0,0.0,0.0,0.0,0.0,0.0,-1.0,-0.0,0.0,0.0,-0.025476505979895592,-0.012044684961438179,-0.022234933450818062,-0.7847532033920288,-0.007513443939387798,-0.31488436460494995,-0.5338106751441956,0.0,1.19209286886246e-09,-0.02723044343292713,-0.974457323551178,0.22457300126552582,0.0,0.0,2.38418573772492e-09,-1.19209286886246e-09,-0.031859468668699265,-0.9277178645133972,0.3732822835445404,0.0,0.0,0.0,-3.5762786065873797e-09,-0.023122519254684448,-1.0,-0.0,0.0,0.0,-0.012360505759716034,0.0032300001475960016,-0.016998957842588425,-0.9990482330322266,-0.0,-0.04361938685178757,0.0,-0.002149570034816861,-3.8927792047616094e-06,-0.06502974033355713,-0.9999619722366333,-0.0,-0.008726464584469795,0.0,0.0,0.0,-0.03691747412085533,-0.9991405606269836,0.04145072400569916,0.0,0.0,-2.38418573772492e-09,-2.98023217215615e-10,-0.02163529396057129,-0.9989849328994751,0.045045435428619385,0.0,0.0,0.0,2.98023217215615e-10,-0.01868978515267372,-1.0,-0.0,0.0,0.0,0.0,0.003969999961555004,-0.017509059980511665,-1.0,-0.0,0.0,0.0,0.0,4.611611075233668e-06,-0.0637909397482872,-0.8533058166503906,0.5214108824729919,0.0,0.0,0.0,2.98023217215615e-10,-0.04460655897855759,-0.668202817440033,0.7439792156219482,0.0,0.0,0.0,-2.98023217215615e-10,-0.02347646653652191,-0.941088855266571,0.338159441947937,0.0,0.0,0.0,0.0,-0.019652195274829865,-1.0,-0.0,0.0,0.0,0.00711638480424881,0.0018999999156221747,-0.016959700733423233,-0.9961947202682495,-0.0,0.08715574443340302,0.0,-0.0005882382392883301,0.0,-0.060253534466028214,-0.7286747097969055,0.6837023496627808,-0.029026400297880173,-0.02723494917154312,1.19209286886246e-09,-1.490116086078075e-10,-0.04255415499210358,-0.6427876353263855,0.7660444974899292,0.0,0.0,-2.38418573772492e-09,0.0,-0.02208789810538292,-0.9063078761100769,0.4226182699203491,0.0,0.0,0.0,0.0,-0.017740869894623756,-1.0,-0.0,0.0,0.0,0.013503451831638813,-0.0037700000684708357,-0.014087309129536152,-0.9914448857307434,-0.0,0.13052619993686676,0.0,0.0048975334502756596,-3.847479547403054e-06,-0.05743739381432533,-0.8467764258384705,0.5312061905860901,0.009042209014296532,-0.026609597727656364,4.76837147544984e-09,-2.98023217215615e-10,-0.03276757150888443,-0.7297428846359253,0.6837217211723328,0.0,0.0,2.38418573772492e-09,0.0,-0.016709718853235245,-0.8557910323143005,0.5173216462135315,0.0,0.0,0.0,0.0,-0.01388302817940712,-1.0,-0.0,0.0,0.0
1782948396.8594112,2026-07-01 19:26:36.859,17006.0,17006,left,0,1,index_point,3,0.0,0.003969999961555004,-0.04999999701976776,-1.0,-0.0,0.0,0.0,0.0,0.0,0.0,-1.0,-0.0,0.0,0.0,0.025476500391960144,-0.012044699862599373,-0.022234899923205376,-0.7440933585166931,0.05954650044441223,0.37929120659828186,0.5467334985733032,-5.7220457705398076e-08,-4.3511388270189855e-08,-0.027230437844991684,-0.9319748878479004,0.3625229299068451,0.0,0.0,3.5762786065873797e-09,6.318092005130893e-08,-0.031859491020441055,-0.8443001508712769,0.5358706116676331,0.0,0.0,2.384185648907078e-08,0.0,-0.023122519254684448,-1.0,-0.0,0.0,0.0,0.012359999120235443,0.0032300001475960016,-0.017000000923871994,-0.9990482330322266,-0.0,0.04361938685178757,0.0,0.0021501504816114902,-3.890097104886081e-06,-0.06502876430749893,-0.9999619722366333,-0.0,0.008726557716727257,0.0,-9.53674295089968e-09,-9.53674295089968e-09,-0.036917347460985184,-0.9993493556976318,0.0360686257481575,0.0,0.0,-2.8610228852699038e-08,-2.98023217215615e-10,-0.0216355137526989,-0.999281644821167,0.037897396832704544,0.0,0.0,1.2636184010261786e-07,2.98023217215615e-10,-0.018689393997192383,-1.0,-0.0,0.0,0.0,0.0,0.003969999961555004,-0.01750910095870495,-1.0,-0.0,0.0,0.0,0.0,4.610121322912164e-06,-0.06379090249538422,-0.8588241338729858,0.5122706294059753,0.0,0.0,0.0,2.98023217215615e-10,-0.044606998562812805,-0.6714715361595154,0.7410303950309753,0.0,0.0,0.0,0.0,-0.023475991562008858,-0.9412815570831299,0.33762282133102417,0.0,0.0,0.0,0.0,-0.019651994109153748,-1.0,-0.0,0.0,0.0,-0.00711638992652297,0.0018999999156221747,-0.016959700733423233,-0.9961947202682495,-0.0,-0.08715574443340302,0.0,0.0005882433033548295,0.0,-0.060253534466028214,-0.8530115485191345,0.5212311148643494,0.022405525669455528,0.01369085256010294,-1.1086464013487785e-07,-1.490116086078075e-10,-0.04255366697907448,-0.668202817440033,0.7439792156219482,0.0,0.0,4.5299529460862686e-08,0.0,-0.022088106721639633,-0.9107533693313599,0.4129508435726166,0.0,0.0,-1.4305114426349519e-08,0.0,-0.017740696668624878,-1.0,-0.0,0.0,0.0,-0.013503500260412693,-0.0037700000684708357,-0.014087299816310406,-0.9914448857307434,-0.0,-0.13052619993686676,0.0,-0.004897483624517918,-3.8501621020259336e-06,-0.05743739381432533,-0.8127092123031616,0.5813296437263489,0.0075624845921993256,0.03876242786645889,5.4836270635405526e-08,-2.98023217215615e-10,-0.03276759013533592,-0.7178195714950562,0.6962292790412903,0.0,0.0,-9.298324243900424e-08,0.0,-0.01670967973768711,-0.8486319780349731,0.5289837718009949,0.0,0.0,6.19888282926695e-08,0.0,-0.013883084990084171,-1.0,-0.0,0.0,0.0
1782948396.8939967,2026-07-01 19:26:36.893,7412.0,7412,right,0,2,index_point,3,0.0,0.003969999961555004,-0.04999999701976776,-1.0,-0.0,0.0,0.0,0.0,0.0,0.0,-1.0,-0.0,0.0,0.0,-0.025476505979895592,-0.012044684961438179,-0.022234933450818062,-0.7855417728424072,-0.010560665279626846,-0.31363826990127563,-0.5333326458930969,0.0,1.19209286886246e-09,-0.02723044343292713,-0.9755124449729919,0.21994443237781525,0.0,0.0,2.38418573772492e-09,-1.19209286886246e-09,-0.031859468668699265,-0.9301327466964722,0.3672235906124115,0.0,0.0,0.0,-3.5762786065873797e-09,-0.023122519254684448,-1.0,-0.0,0.0,0.0,-0.012360505759716034,0.0032300001475960016,-0.016998957842588425,-0.9990482330322266,-0.0,-0.04361938685178757,0.0,-0.002149570034816861,-3.8927792047616094e-06,-0.06502974033355713,-0.9999619722366333,-0.0,-0.008726464584469795,0.0,0.0,0.0,-0.03691747412085533,-0.9991405606269836,0.04145072400569916,0.0,0.0,-2.38418573772492e-09,-2.98023217215615e-10,-0.02163529396057129,-0.9989849328994751,0.045045435428619385,0.0,0.0,0.0,2.98023217215615e-10,-0.01868978515267372,-1.0,-0.0,0.0,0.0,0.0,0.003969999961555004,-0.017509059980511665,-1.0,-0.0,0.0,0.0,0.0,4.611611075233668e-06,-0.0637909397482872,-0.8588241338729858,0.5122706294059753,0.0,0.0,0.0,2.98023217215615e-10,-0.04460655897855759,-0.6714715361595154,0.7410303950309753,0.0,0.0,0.0,-2.98023217215615e-10,-0.02347646653652191,-0.9412815570831299,0.33762282133102417,0.0,0.0,0.0,0.0,-0.019652195274829865,-1.0,-0.0,0.0,0.0,0.00711638480424881,0.0018999999156221747,-0.016959700733423233,-0.9961947202682495,-0.0,0.08715574443340302,0.0,-0.0005882382392883301,0.0,-0.060253534466028214,-0.7286747097969055,0.6837023496627808,-0.029026400297880173,-0.02723494917154312,1.19209286886246e-09,-1.490116086078075e-10,-0.04255415499210358,-0.6427876353263855,0.7660444974899292,0.0,0.0,-2.38418573772492e-09,0.0,-0.02208789810538292,-0.9063078761100769,0.4226182699203491,0.0,0.0,0.0,0.0,-0.017740869894623756,-1.0,-0.0,0.0,0.0,0.013503451831638813,-0.0037700000684708357,-0.014087309129536152,-0.9914448857307434,-0.0,0.13052619993686676,0.0,0.0048975334502756596,-3.847479547403054e-06,-0.05743739381432533,-0.8467764258384705,0.5312061905860901,0.009042209014296532,-0.026609597727656364,4.76837147544984e-09,-2.98023217215615e-10,-0.03276757150888443,-0.7297428846359253,0.6837217211723328,0.0,0.0,2.38418573772492e-09,0.0,-0.016709718853235245,-0.8557910323143005,0.5173216462135315,0.0,0.0,0.0,0.0,-0.01388302817940712,-1.0,-0.0,0.0,0.0
1782948397.0776777,2026-07-01 19:26:37.077,17007.0,17007,left,0,1,index_point,3,0.0,0.003969999961555004,-0.04999999701976776,-1.0,-0.0,0.0,0.0,0.0,0.0,0.0,-1.0,-0.0,0.0,0.0,0.025476500391960144,-0.012044699862599373,-0.022234899923205376,-0.7445621490478516,0.05787563696503639,0.3788694739341736,0.5465671420097351,-5.7220457705398076e-08,-4.3511388270189855e-08,-0.027230437844991684,-0.9329634308815002,0.35997119545936584,0.0,0.0,3.5762786065873797e-09,6.318092005130893e-08,-0.031859491020441055,-0.8459239602088928,0.5333035588264465,0.0,0.0,2.384185648907078e-08,0.0,-0.023122519254684448,-1.0,-0.0,0.0,0.0,0.012359999120235443,0.0032300001475960016,-0.017000000923871994,-0.9990482330322266,-0.0,0.04361938685178757,0.0,0.0021501504816114902,-3.890097104886081e-06,-0.06502876430749893,-0.9999619722366333,-0.0,0.008726557716727257,0.0,-9.53674295089968e-09,-9.53674295089968e-09,-0.036917347460985184,-0.9993493556976318,0.0360686257481575,0.0,0.0,-2.8610228852699038e-08,-2.98023217215615e-10,-0.0216355137526989,-0.999281644821167,0.037897396832704544,0.0,0.0,1.2636184010261786e-07,2.98023217215615e-10,-0.018689393997192383,-1.0,-0.0,0.0,0.0,0.0,0.003969999961555004,-0.01750910095870495,-1.0,-0.0,0.0,0.0,0.0,4.610121322912164e-06,-0.06379090249538422,-0.8588241338729858,0.5122706294059753,0.0,0.0,0.0,2.98023217215615e-10,-0.044606998562812805,-0.6714715361595154,0.7410303950309753,0.0,0.0,0.0,0.0,-0.023475991562008858,-0.9412815570831299,0.33762282133102417,0.0,0.0,0.0,0.0,-0.019651994109153748,-1.0,-0.0,0.0,0.0,-0.00711638992652297,0.0018999999156221747,-0.016959700733423233,-0.9961947202682495,-0.0,-0.08715574443340302,0.0,0.0005882433033548295,0.0,-0.060253534466028214,-0.8530115485191345,0.5212311148643494,0.022405525669455528,0.01369085256010294,-1.1086464013487785e-07,-1.490116086078075e-10,-0.04255366697907448,-0.668202817440033,0.7439792156219482,0.0,0.0,4.5299529460862686e-08,0.0,-0.022088106721639633,-0.9107533693313599,0.4129508435726166,0.0,0.0,-1.4305114426349519e-08,0.0,-0.017740696668624878,-1.0,-0.0,0.0,0.0,-0.013503500260412693,-0.0037700000684708357,-0.014087299816310406,-0.9914448857307434,-0.0,-0.13052619993686676,0.0,-0.004897483624517918,-3.8501621020259336e-06,-0.05743739381432533,-0.8127092123031616,0.5813296437263489,0.0075624845921993256,0.03876242786645889,5.4836270635405526e-08,-2.98023217215615e-10,-0.03276759013533592,-0.7178195714950562,0.6962292790412903,0.0,0.0,-9.298324243900424e-08,0.0,-0.01670967973768711,-0.8486319780349731,0.5289837718009949,0.0,0.0,6.19888282926695e-08,0.0,-0.013883084990084171,-1.0,-0.0,0.0,0.0
1782948397.1098094,2026-07-01 19:26:37.109,7425.0,7425,right,0,2,index_point,3,0.0,0.003969999961555004,-0.04999999701976776,-1.0,-0.0,0.0,0.0,0.0,0.0,0.0,-1.0,-0.0,0.0,0.0,-0.025476505979895592,-0.012044684961438179,-0.022234933450818062,-0.7863179445266724,-0.01361595094203949,-0.31240037083625793,-0.5328459739685059,0.0,1.19209286886246e-09,-0.02723044343292713,-0.9765439033508301,0.21531853079795837,0.0,0.0,2.38418573772492e-09,-1.19209286886246e-09,-0.031859468668699265,-0.9325104355812073,0.3611431419849396,0.0,0.0,0.0,-3.5762786065873797e-09,-0.023122519254684448,-1.0,-0.0,0.0,0.0,-0.012360505759716034,0.0032300001475960016,-0.016998957842588425,-0.9990482330322266,-0.0,-0.04361938685178757,0.0,-0.002149570034816861,-3.8927792047616094e-06,-0.06502974033355713,-0.9999619722366333,-0.0,-0.008726464584469795,0.0,0.0,0.0,-0.03691747412085533,-0.9991405606269836,0.04145072400569916,0.0,0.0,-2.38418573772492e-09,-2.98023217215615e-10,-0.02163529396057129,-0.9989849328994751,0.045045435428619385,0.0,0.0,0.0,2.98023217215615e-10,-0.01868978515267372,-1.0,-0.0,0.0,0.0,0.0,0.003969999961555004,-0.017509059980511665,-1.0,-0.0,0.0,0.0,0.0,4.611611075233668e-06,-0.0637909397482872,-0.8588241338729858,0.5122706294059753,0.0,0.0,0.0,2.98023217215615e-10,-0.04460655897855759,-0.6714715361595154,0.7410303950309753,0.0,0.0,0.0,-2.98023217215615e-10,-0.02347646653652191,-0.9412815570831299,0.33762282133102417,0.0,0.0,0.0,0.0,-0.019652195274829865,-1.0,-0.0,0.0,0.0,0.00711638480424881,0.0018999999156221747,-0.016959700733423233,-0.9961947202682495,-0.0,0.08715574443340302,0.0,-0.0005882382392883301,0.0,-0.060253534466028214,-0.7286747097969055,0.6837023496627808,-0.029026400297880173,-0.02723494917154312,1.19209286886246e-09,-1.490116086078075e-10,-0.04255415499210358,-0.6427876353263855,0.7660444974899292,0.0,0.0,-2.38418573772492e-09,0.0,-0.02208789810538292,-0.9063078761100769,0.4226182699203491,0.0,0.0,0.0,0.0,-0.017740869894623756,-1.0,-0.0,0.0,0.0,0.013503451831638813,-0.0037700000684708357,-0.014087309129536152,-0.9914448857307434,-0.0,0.13052619993686676,0.0,0.0048975334502756596,-3.847479547403054e-06,-0.05743739381432533,-0.8467764258384705,0.5312061905860901,0.009042209014296532,-0.026609597727656364,4.76837147544984e-09,-2.98023217215615e-10,-0.03276757150888443,-0.7297428846359253,0.6837217211723328,0.0,0.0,2.38418573772492e-09,0.0,-0.016709718853235245,-0.8557910323143005,0.5173216462135315,0.0,0.0,0.0,0.0,-0.01388302817940712,-1.0,-0.0,0.0,0.0
1782948397.2866094,2026-07-01 19:26:37.286,17009.0,17009,left,0,1,index_point,3,0.0,0.003969999961555004,-0.04999999701976776,-1.0,-0.0,0.0,0.0,0.0,0.0,0.0,-1.0,-0.0,0.0,0.0,0.025476500391960144,-0.012044699862599373,-0.022234899923205376,-0.7446556091308594,0.05754144862294197,0.37878498435020447,0.5465336441993713,-5.7220457705398076e-08,-4.3511388270189855e-08,-0.027230437844991684,-0.9331603050231934,0.3594605028629303,0.0,0.0,3.5762786065873797e-09,6.318092005130893e-08,-0.031859491020441055,-0.8462478518486023,0.5327895283699036,0.0,0.0,2.384185648907078e-08,0.0,-0.023122519254684448,-1.0,-0.0,0.0,0.0,0.012359999120235443,0.0032300001475960016,-0.017000000923871994,-0.9990482330322266,-0.0,0.04361938685178757,0.0,0.0021501504816114902,-3.890097104886081e-06,-0.06502876430749893,-0.9999619722366333,-0.0,0.008726557716727257,0.0,-9.53674295089968e-09,-9.53674295089968e-09,-0.036917347460985184,-0.9993493556976318,0.0360686257481575,0.0,0.0,-2.8610228852699038e-08,-2.98023217215615e-10,-0.0216355137526989,-0.999281644821167,0.037897396832704544,0.0,0.0,1.2636184010261786e-07,2.98023217215615e-10,-0.018689393997192383,-1.0,-0.0,0.0,0.0,0.0,0.003969999961555004,-0.01750910095870495,-1.0,-0.0,0.0,0.0,0.0,4.610121322912164e-06,-0.06379090249538422,-0.8588241338729858,0.5122706294059753,0.0,0.0,0.0,2.98023217215615e-10,-0.044606998562812805,-0.6714715361595154,0.7410303950309753,0.0,0.0,0.0,0.0,-0.023475991562008858,-0.9412815570831299,0.33762282133102417,0.0,0.0,0.0,0.0,-0.019651994109153748,-1.0,-0.0,0.0,0.0,-0.00711638992652297,0.0018999999156221747,-0.016959700733423233,-0.9961947202682495,-0.0,-0.08715574443340302,0.0,0.0005882433033548295,0.0,-0.060253534466028214,-0.8530115485191345,0.5212311148643494,0.022405525669455528,0.01369085256010294,-1.1086464013487785e-07,-1.490116086078075e-10,-0.04255366697907448,-0.668202817440033,0.7439792156219482,0.0,0.0,4.5299529460862686e-08,0.0,-0.022088106721639633,-0.9107533693313599,0.4129508435726166,0.0,0.0,-1.4305114426349519e-08,0.0,-0.017740696668624878,-1.0,-0.0,0.0,0.0,-0.013503500260412693,-0.0037700000684708357,-0.014087299816310406,-0.9914448857307434,-0.0,-0.13052619993686676,0.0,-0.004897483624517918,-3.8501621020259336e-06,-0.05743739381432533,-0.8127092123031616,0.5813296437263489,0.0075624845921993256,0.03876242786645889,5.4836270635405526e-08,-2.98023217215615e-10,-0.03276759013533592,-0.7178195714950562,0.6962292790412903,0.0,0.0,-9.298324243900424e-08,0.0,-0.01670967973768711,-0.8486319780349731,0.5289837718009949,0.0,0.0,6.19888282926695e-08,0.0,-0.013883084990084171,-1.0,-0.0,0.0,0.0
1782948397.3186007,2026-07-01 19:26:37.318,7438.0,7438,right,0,2,index_point,3,0.0,0.003969999961555004,-0.04999999701976776,-1.0,-0.0,0.0,0.0,0.0,0.0,0.0,-1.0,-0.0,0.0,0.0,-0.025476505979895592,-0.012044684961438179,-0.022234933450818062,-0.78650963306427,-0.014381464570760727,-0.3120933175086975,-0.5327227711677551,0.0,1.19209286886246e-09,-0.02723044343292713,-0.976797878742218,0.21416351199150085,0.0,0.0,2.38418573772492e-09,-1.19209286886246e-09,-0.031859468668699265,-0.9330989718437195,0.3596196472644806,0.0,0.0,0.0,-3.5762786065873797e-09,-0.023122519254684448,-1.0,-0.0,0.0,0.0,-0.012360505759716034,0.0032300001475960016,-0.016998957842588425,-0.9990482330322266,-0.0,-0.04361938685178757,0.0,-0.002149570034816861,-3.8927792047616094e-06,-0.06502974033355713,-0.9999619722366333,-0.0,-0.008726464584469795,0.0,0.0,0.0,-0.03691747412085533,-0.9991405606269836,0.04145072400569916,0.0,0.0,-2.38418573772492e-09,-2.98023217215615e-10,-0.02163529396057129,-0.9989849328994751,0.045045435428619385,0.0,0.0,0.0,2.98023217215615e-10,-0.01868978515267372,-1.0,-0.0,0.0,0.0,0.0,0.003969999961555004,-0.017509059980511665,-1.0,-0.0,0.0,0.0,0.0,4.611611075233668e-06,-0.0637909397482872,-0.8588241338729858,0.5122706294059753,0.0,0.0,0.0,2.98023217215615e-10,-0.04460655897855759,-0.6714715361595154,0.7410303950309753,0.0,0.0,0.0,-2.98023217215615e-10,-0.02347646653652191,-0.9412815570831299,0.33762282133102417,0.0,0.0,0.0,0.0,-0.019652195274829865,-1.0,-0.0,0.0,0.0,0.00711638480424881,0.0018999999156221747,-0.016959700733423233,-0.9961947202682495,-0.0,0.08715574443340302,0.0,-0.0005882382392883301,0.0,-0.060253534466028214,-0.7286747097969055,0.6837023496627808,-0.029026400297880173,-0.02723494917154312,1.19209286886246e-09,-1.490116086078075e-10,-0.04255415499210358,-0.6427876353263855,0.7660444974899292,0.0,0.0,-2.38418573772492e-09,0.0,-0.02208789810538292,-0.9063078761100769,0.4226182699203491,0.0,0.0,0.0,0.0,-0.017740869894623756,-1.0,-0.0,0.0,0.0,0.013503451831638813,-0.0037700000684708357,-0.014087309129536152,-0.9914448857307434,-0.0,0.13052619993686676,0.0,0.0048975334502756596,-3.847479547403054e-06,-0.05743739381432533,-0.8467764258384705,0.5312061905860901,0.009042209014296532,-0.026609597727656364,4.76837147544984e-09,-2.98023217215615e-10,-0.03276757150888443,-0.7297428846359253,0.6837217211723328,0.0,0.0,2.38418573772492e-09,0.0,-0.016709718853235245,-0.8557910323143005,0.5173216462135315,0.0,0.0,0.0,0.0,-0.01388302817940712,-1.0,-0.0,0.0,0.0
1782948397.4992986,2026-07-01 19:26:37.499,17011.0,17011,left,0,1,index_point,3,0.0,0.003969999961555004,-0.04999999701976776,-1.0,-0.0,0.0,0.0,0.0,0.0,0.0,-1.0,-0.0,0.0,0.0,0.025476500391960144,-0.012044699862599373,-0.022234899923205376,-0.7452292442321777,0.05552852153778076,0.3782562017440796,0.5463261604309082,-5.7220457705398076e-08,-4.3511388270189855e-08,-0.027230437844991684,-0.9343419075012207,0.3563779294490814,0.0,0.0,3.5762786065873797e-09,6.318092005130893e-08,-0.031859491020441055,-0.848213255405426,0.5296549201011658,0.0,0.0,2.384185648907078e-08,0.0,-0.023122519254684448,-1.0,-0.0,0.0,0.0,0.012359999120235443,0.0032300001475960016,-0.017000000923871994,-0.9990482330322266,-0.0,0.04361938685178757,0.0,0.0021501504816114902,-3.890097104886081e-06,-0.06502876430749893,-0.9999619722366333,-0.0,0.008726557716727257,0.0,-9.53674295089968e-09,-9.53674295089968e-09,-0.036917347460985184,-0.9993493556976318,0.0360686257481575,0.0,0.0,-2.8610228852699038e-08,-2.98023217215615e-10,-0.0216355137526989,-0.999281644821167,0.037897396832704544,0.0,0.0,1.2636184010261786e-07,2.98023217215615e-10,-0.018689393997192383,-1.0,-0.0,0.0,0.0,0.0,0.003969999961555004,-0.01750910095870495,-1.0,-0.0,0.0,0.0,0.0,4.610121322912164e-06,-0.06379090249538422,-0.8588241338729858,0.5122706294059753,0.0,0.0,0.0,2.98023217215615e-10,-0.044606998562812805,-0.6714715361595154,0.7410303950309753,0.0,0.0,0.0,0.0,-0.023475991562008858,-0.9412815570831299,0.33762282133102417,0.0,0.0,0.0,0.0,-0.019651994109153748,-1.0,-0.0,0.0,0.0,-0.00711638992652297,0.0018999999156221747,-0.016959700733423233,-0.9961947202682495,-0.0,-0.08715574443340302,0.0,0.0005882433033548295,0.0,-0.060253534466028214,-0.8530115485191345,0.5212311148643494,0.022405525669455528,0.01369085256010294,-1.1086464013487785e-07,-1.490116086078075e-10,-0.04255366697907448,-0.668202817440033,0.7439792156219482,0.0,0.0,4.5299529460862686e-08,0.0,-0.022088106721639633,-0.9107533693313599,0.4129508435726166,0.0,0.0,-1.4305114426349519e-08,0.0,-0.017740696668624878,-1.0,-0.0,0.0,0.0,-0.013503500260412693,-0.0037700000684708357,-0.014087299816310406,-0.9914448857307434,-0.0,-0.13052619993686676,0.0,-0.004897483624517918,-3.8501621020259336e-06,-0.05743739381432533,-0.8127092123031616,0.5813296437263489,0.0075624845921993256,0.03876242786645889,5.4836270635405526e-08,-2.98023217215615e-10,-0.03276759013533592,-0.7178195714950562,0.6962292790412903,0.0,0.0,-9.298324243900424e-08,0.0,-0.01670967973768711,-0.8486319780349731,0.5289837718009949,0.0,0.0,6.19888282926695e-08,0.0,-0.013883084990084171,-1.0,-0.0,0.0,0.0
1782948397.5245824,2026-07-01 19:26:37.524,7450.0,7450,right,0,2,index_point,3,0.0,0.003969999961555004,-0.04999999701976776,-1.0,-0.0,0.0,0.0,0.0,0.0,0.0,-1.0,-0.0,0.0,0.0,-0.025476505979895592,-0.012044684961438179,-0.022234933450818062,-0.7868914604187012,-0.015912460163235664,-0.31147855520248413,-0.5324751734733582,0.0,1.19209286886246e-09,-0.02723044343292713,-0.9773016571998596,0.2118525505065918,0.0,0.0,2.38418573772492e-09,-1.19209286886246e-09,-0.031859468668699265,-0.9342686533927917,0.3565698564052582,0.0,0.0,0.0,-3.5762786065873797e-09,-0.023122519254684448,-1.0,-0.0,0.0,0.0,-0.012360505759716034,0.0032300001475960016,-0.016998957842588425,-0.9990482330322266,-0.0,-0.04361938685178757,0.0,-0.002149570034816861,-3.8927792047616094e-06,-0.06502974033355713,-0.9999619722366333,-0.0,-0.008726464584469795,0.0,0.0,0.0,-0.03691747412085533,-0.9991405606269836,0.04145072400569916,0.0,0.0,-2.38418573772492e-09,-2.98023217215615e-10,-0.02163529396057129,-0.9989849328994751,0.045045435428619385,0.0,0.0,0.0,2.98023217215615e-10,-0.01868978515267372,-1.0,-0.0,0.0,0.0,0.0,0.003969999961555004,-0.017509059980511665,-1.0,-0.0,0.0,0.0,0.0,4.611611075233668e-06,-0.0637909397482872,-0.8642885088920593,0.5029965043067932,0.0,0.0,0.0,2.98023217215615e-10,-0.04460655897855759,-0.67490553855896,0.7379041314125061,0.0,0.0,0.0,-2.98023217215615e-10,-0.02347646653652191,-0.941486656665802,0.33705025911331177,0.0,0.0,0.0,0.0,-0.019652195274829865,-1.0,-0.0,0.0,0.0,0.00711638480424881,0.0018999999156221747,-0.016959700733423233,-0.9961947202682495,-0.0,0.08715574443340302,0.0,-0.0005882382392883301,0.0,-0.060253534466028214,-0.7341295480728149,0.6778962016105652,-0.02855391427874565,-0.026366719976067543,1.19209286886246e-09,-1.490116086078075e-10,-0.04255415499210358,-0.6427876353263855,0.7660444974899292,0.0,0.0,-2.38418573772492e-09,0.0,-0.02208789810538292,-0.9063078761100769,0.4226182699203491,0.0,0.0,0.0,0.0,-0.017740869894623756,-1.0,-0.0,0.0,0.0,0.013503451831638813,-0.0037700000684708357,-0.014087309129536152,-0.9914448857307434,-0.0,0.13052619993686676,0.0,0.0048975334502756596,-3.847479547403054e-06,-0.05743739381432533,-0.8467764258384705,0.5312061905860901,0.009042209014296532,-0.026609597727656364,4.76837147544984e-09,-2.98023217215615e-10,-0.03276757150888443,-0.7297428846359253,0.6837217211723328,0.0,0.0,2.38418573772492e-09,0.0,-0.016709718853235245,-0.8557910323143005,0.5173216462135315,0.0,0.0,0.0,0.0,-0.01388302817940712,-1.0,-0.0,0.0,0.0
1782948397.7099056,2026-07-01 19:26:37.709,17013.0,17013,left,0,1,index_point,3,0.0,0.003969999961555004,-0.04999999701976776,-1.0,-0.0,0.0,0.0,0.0,0.0,0.0,-1.0,-0.0,0.0,0.0,0.025476500391960144,-0.012044699862599373,-0.022234899923205376,-0.7452292442321777,0.05552852153778076,0.3782562017440796,0.5463261604309082,-5.7220457705398076e-08,-4.3511388270189855e-08,-0.027230437844991684,-0.9343419075012207,0.3563779294490814,0.0,0.0,3.5762786065873797e-09,6.318092005130893e-08,-0.031859491020441055,-0.848213255405426,0.5296549201011658,0.0,0.0,2.384185648907078e-08,0.0,-0.023122519254684448,-1.0,-0.0,0.0,0.0,0.012359999120235443,0.0032300001475960016,-0.017000000923871994,-0.9990482330322266,-0.0,0.04361938685178757,0.0,0.0021501504816114902,-3.890097104886081e-06,-0.06502876430749893,-0.9999619722366333,-0.0,0.008726557716727257,0.0,-9.53674295089968e-09,-9.53674295089968e-09,-0.036917347460985184,-0.9993493556976318,0.0360686257481575,0.0,0.0,-2.8610228852699038e-08,-2.98023217215615e-10,-0.0216355137526989,-0.999281644821167,0.037897396832704544,0.0,0.0,1.2636184010261786e-07,2.98023217215615e-10,-0.018689393997192383,-1.0,-0.0,0.0,0.0,0.0,0.003969999961555004,-0.01750910095870495,-1.0,-0.0,0.0,0.0,0.0,4.610121322912164e-06,-0.06379090249538422,-0.8588241338729858,0.5122706294059753,0.0,0.0,0.0,2.98023217215615e-10,-0.044606998562812805,-0.6714715361595154,0.7410303950309753,0.0,0.0,0.0,0.0,-0.023475991562008858,-0.9412815570831299,0.33762282133102417,0.0,0.0,0.0,0.0,-0.019651994109153748,-1.0,-0.0,0.0,0.0,-0.00711638992652297,0.0018999999156221747,-0.016959700733423233,-0.9961947202682495,-0.0,-0.08715574443340302,0.0,0.0005882433033548295,0.0,-0.060253534466028214,-0.8530115485191345,0.5212311148643494,0.022405525669455528,0.01369085256010294,-1.1086464013487785e-07,-1.490116086078075e-10,-0.04255366697907448,-0.668202817440033,0.7439792156219482,0.0,0.0,4.5299529460862686e-08,0.0,-0.022088106721639633,-0.9107533693313599,0.4129508435726166,0.0,0.0,-1.4305114426349519e-08,0.0,-0.017740696668624878,-1.0,-0.0,0.0,0.0,-0.013503500260412693,-0.0037700000684708357,-0.014087299816310406,-0.9914448857307434,-0.0,-0.13052619993686676,0.0,-0.004897483624517918,-3.8501621020259336e-06,-0.05743739381432533,-0.8127092123031616,0.5813296437263489,0.0075624845921993256,0.03876242786645889,5.4836270635405526e-08,-2.98023217215615e-10,-0.03276759013533592,-0.7178195714950562,0.6962292790412903,0.0,0.0,-9.298324243900424e-08,0.0,-0.01670967973768711,-0.8486319780349731,0.5289837718009949,0.0,0.0,6.19888282926695e-08,0.0,-0.013883084990084171,-1.0,-0.0,0.0,0.0
1782948397.734271,2026-07-01 19:26:37.734,7462.0,7462,right,0,2,index_point,3,0.0,0.003969999961555004,-0.04999999701976776,-1.0,-0.0,0.0,0.0,0.0,0.0,0.0,-1.0,-0.0,0.0,0.0,-0.025476505979895592,-0.012044684961438179,-0.022234933450818062,-0.7872697114944458,-0.017445599660277367,-0.3108675181865692,-0.5322250723838806,0.0,1.19209286886246e-09,-0.02723044343292713,-0.9777991771697998,0.20954440534114838,0.0,0.0,2.38418573772492e-09,-1.19209286886246e-09,-0.031859468668699265,-0.9354286193847656,0.3535156548023224,0.0,0.0,0.0,-3.5762786065873797e-09,-0.023122519254684448,-1.0,-0.0,0.0,0.0,-0.012360505759716034,0.0032300001475960016,-0.016998957842588425,-0.9990482330322266,-0.0,-0.04361938685178757,0.0,-0.002149570034816861,-3.8927792047616094e-06,-0.06502974033355713,-0.9999619722366333,-0.0,-0.008726464584469795,0.0,0.0,0.0,-0.03691747412085533,-0.9991405606269836,0.04145072400569916,0.0,0.0,-2.38418573772492e-09,-2.98023217215615e-10,-0.02163529396057129,-0.9989849328994751,0.045045435428619385,0.0,0.0,0.0,2.98023217215615e-10,-0.01868978515267372,-1.0,-0.0,0.0,0.0,0.0,0.003969999961555004,-0.017509059980511665,-1.0,-0.0,0.0,0.0,0.0,4.611611075233668e-06,-0.0637909397482872,-0.8642885088920593,0.5029965043067932,0.0,0.0,0.0,2.98023217215615e-10,-0.04460655897855759,-0.67490553855896,0.7379041314125061,0.0,0.0,0.0,-2.98023217215615e-10,-0.02347646653652191,-0.941486656665802,0.33705025911331177,0.0,0.0,0.0,0.0,-0.019652195274829865,-1.0,-0.0,0.0,0.0,0.00711638480424881,0.0018999999156221747,-0.016959700733423233,-0.9961947202682495,-0.0,0.08715574443340302,0.0,-0.0005882382392883301,0.0,-0.060253534466028214,-0.7341295480728149,0.6778962016105652,-0.02855391427874565,-0.026366719976067543,1.19209286886246e-09,-1.490116086078075e-10,-0.04255415499210358,-0.6427876353263855,0.7660444974899292,0.0,0.0,-2.38418573772492e-09,0.0,-0.02208789810538292,-0.9063078761100769,0.4226182699203491,0.0,0.0,0.0,0.0,-0.017740869894623756,-1.0,-0.0,0.0,0.0,0.013503451831638813,-0.0037700000684708357,-0.014087309129536152,-0.9914448857307434,-0.0,0.13052619993686676,0.0,0.0048975334502756596,-3.847479547403054e-06,-0.05743739381432533,-0.8467764258384705,0.5312061905860901,0.009042209014296532,-0.026609597727656364,4.76837147544984e-09,-2.98023217215615e-10,-0.03276757150888443,-0.7297428846359253,0.6837217211723328,0.0,0.0,2.38418573772492e-09,0.0,-0.016709718853235245,-0.8557910323143005,0.5173216462135315,0.0,0.0,0.0,0.0,-0.01388302817940712,-1.0,-0.0,0.0,0.0
1782948397.9187024,2026-07-01 19:26:37.918,17014.0,17014,left,0,1,index_point,3,0.0,0.003969999961555004,-0.04999999701976776,-1.0,-0.0,0.0,0.0,0.0,0.0,0.0,-1.0,-0.0,0.0,0.0,0.025476500391960144,-0.012044699862599373,-0.022234899923205376,-0.7448471784591675,0.05687050521373749,0.37860897183418274,0.546464741230011,-5.7220457705398076e-08,-4.3511388270189855e-08,-0.027230437844991684,-0.9335553050041199,0.35843339562416077,0.0,0.0,3.5762786065873797e-09,6.318092005130893e-08,-0.031859491020441055,-0.8469042778015137,0.5317454934120178,0.0,0.0,2.384185648907078e-08,0.0,-0.023122519254684448,-1.0,-0.0,0.0,0.0,0.012359999120235443,0.0032300001475960016,-0.017000000923871994,-0.9990482330322266,-0.0,0.04361938685178757,0.0,0.0021501504816114902,-3.890097104886081e-06,-0.06502876430749893,-0.9999619722366333,-0.0,0.008726557716727257,0.0,-9.53674295089968e-09,-9.53674295089968e-09,-0.036917347460985184,-0.9993493556976318,0.0360686257481575,0.0,0.0,-2.8610228852699038e-08,-2.98023217215615e-10,-0.0216355137526989,-0.999281644821167,0.037897396832704544,0.0,0.0,1.2636184010261786e-07,2.98023217215615e-10,-0.018689393997192383,-1.0,-0.0,0.0,0.0,0.0,0.003969999961555004,-0.01750910095870495,-1.0,-0.0,0.0,0.0,0.0,4.610121322912164e-06,-0.06379090249538422,-0.8588241338729858,0.5122706294059753,0.0,0.0,0.0,2.98023217215615e-10,-0.044606998562812805,-0.6714715361595154,0.7410303950309753,0.0,0.0,0.0,0.0,-0.023475991562008858,-0.9412815570831299,0.33762282133102417,0.0,0.0,0.0,0.0,-0.019651994109153748,-1.0,-0.0,0.0,0.0,-0.00711638992652297,0.0018999999156221747,-0.016959700733423233,-0.9961947202682495,-0.0,-0.08715574443340302,0.0,0.0005882433033548295,0.0,-0.060253534466028214,-0.8530115485191345,0.5212311148643494,0.022405525669455528,0.01369085256010294,-1.1086464013487785e-07,-1.490116086078075e-10,-0.04255366697907448,-0.668202817440033,0.7439792156219482,0.0,0.0,4.5299529460862686e-08,0.0,-0.022088106721639633,-0.9107533693313599,0.4129508435726166,0.0,0.0,-1.4305114426349519e-08,0.0,-0.017740696668624878,-1.0,-0.0,0.0,0.0,-0.013503500260412693,-0.0037700000684708357,-0.014087299816310406,-0.9914448857307434,-0.0,-0.13052619993686676,0.0,-0.004897483624517918,-3.8501621020259336e-06,-0.05743739381432533,-0.8127092123031616,0.5813296437263489,0.0075624845921993256,0.03876242786645889,5.4836270635405526e-08,-2.98023217215615e-10,-0.03276759013533592,-0.7178195714950562,0.6962292790412903,0.0,0.0,-9.298324243900424e-08,0.0,-0.01670967973768711,-0.8486319780349731,0.5289837718009949,0.0,0.0,6.19888282926695e-08,0.0,-0.013883084990084171,-1.0,-0.0,0.0,0.0
1782948397.9443676,2026-07-01 19:26:37.944,7476.0,7476,right,0,2,index_point,3,0.0,0.003969999961555004,-0.04999999701976776,-1.0,-0.0,0.0,0.0,0.0,0.0,0.0,-1.0,-0.0,0.0,0.0,-0.025476505979895592,-0.012044684961438179,-0.022234933450818062,-0.7874579429626465,-0.018212152644991875,-0.3105616569519043,-0.5320994257926941,0.0,1.19209286886246e-09,-0.02723044343292713,-0.9780458807945251,0.20838986337184906,0.0,0.0,2.38418573772492e-09,-1.19209286886246e-09,-0.031859468668699265,-0.9360048770904541,0.3519870936870575,0.0,0.0,0.0,-3.5762786065873797e-09,-0.023122519254684448,-1.0,-0.0,0.0,0.0,-0.012360505759716034,0.0032300001475960016,-0.016998957842588425,-0.9990482330322266,-0.0,-0.04361938685178757,0.0,-0.002149570034816861,-3.8927792047616094e-06,-0.06502974033355713,-0.9999619722366333,-0.0,-0.008726464584469795,0.0,0.0,0.0,-0.03691747412085533,-0.9991405606269836,0.04145072400569916,0.0,0.0,-2.38418573772492e-09,-2.98023217215615e-10,-0.02163529396057129,-0.9989849328994751,0.045045435428619385,0.0,0.0,0.0,2.98023217215615e-10,-0.01868978515267372,-1.0,-0.0,0.0,0.0,0.0,0.003969999961555004,-0.017509059980511665,-1.0,-0.0,0.0,0.0,0.0,4.611611075233668e-06,-0.0637909397482872,-0.8642885088920593,0.5029965043067932,0.0,0.0,0.0,2.98023217215615e-10,-0.04460655897855759,-0.67490553855896,0.7379041314125061,0.0,0.0,0.0,-2.98023217215615e-10,-0.02347646653652191,-0.941486656665802,0.33705025911331177,0.0,0.0,0.0,0.0,-0.019652195274829865,-1.0,-0.0,0.0,0.0,0.00711638480424881,0.0018999999156221747,-0.016959700733423233,-0.9961947202682495,-0.0,0.08715574443340302,0.0,-0.0005882382392883301,0.0,-0.060253534466028214,-0.7341295480728149,0.6778962016105652,-0.02855391427874565,-0.026366719976067543,1.19209286886246e-09,-1.490116086078075e-10,-0.04255415499210358,-0.6427876353263855,0.7660444974899292,0.0,0.0,-2.38418573772492e-09,0.0,-0.02208789810538292,-0.9063078761100769,0.4226182699203491,0.0,0.0,0.0,0.0,-0.017740869894623756,-1.0,-0.0,0.0,0.0,0.013503451831638813,-0.0037700000684708357,-0.014087309129536152,-0.9914448857307434,-0.0,0.13052619993686676,0.0,0.0048975334502756596,-3.847479547403054e-06,-0.05743739381432533,-0.8467764258384705,0.5312061905860901,0.009042209014296532,-0.026609597727656364,4.76837147544984e-09,-2.98023217215615e-10,-0.03276757150888443,-0.7297428846359253,0.6837217211723328,0.0,0.0,2.38418573772492e-09,0.0,-0.016709718853235245,-0.8557910323143005,0.5173216462135315,0.0,0.0,0.0,0.0,-0.01388302817940712,-1.0,-0.0,0.0,0.0
1782948398.1241806,2026-07-01 19:26:38.124,17016.0,17016,left,0,1,index_point,3,0.0,0.003969999961555004,-0.04999999701976776,-1.0,-0.0,0.0,0.0,0.0,0.0,0.0,-1.0,-0.0,0.0,0.0,0.025476500391960144,-0.012044699862599373,-0.022234899923205376,-0.7446556091308594,0.05754144862294197,0.37878498435020447,0.5465336441993713,-5.7220457705398076e-08,-4.3511388270189855e-08,-0.027230437844991684,-0.9331603050231934,0.3594605028629303,0.0,0.0,3.5762786065873797e-09,6.318092005130893e-08,-0.031859491020441055,-0.8462478518486023,0.5327895283699036,0.0,0.0,2.384185648907078e-08,0.0,-0.023122519254684448,-1.0,-0.0,0.0,0.0,0.012359999120235443,0.0032300001475960016,-0.017000000923871994,-0.9990482330322266,-0.0,0.04361938685178757,0.0,0.0021501504816114902,-3.890097104886081e-06,-0.06502876430749893,-0.9999619722366333,-0.0,0.008726557716727257,0.0,-9.53674295089968e-09,-9.53674295089968e-09,-0.036917347460985184,-0.9993493556976318,0.0360686257481575,0.0,0.0,-2.8610228852699038e-08,-2.98023217215615e-10,-0.0216355137526989,-0.999281644821167,0.037897396832704544,0.0,0.0,1.2636184010261786e-07,2.98023217215615e-10,-0.018689393997192383,-1.0,-0.0,0.0,0.0,0.0,0.003969999961555004,-0.01750910095870495,-1.0,-0.0,0.0,0.0,0.0,4.610121322912164e-06,-0.06379090249538422,-0.8588241338729858,0.5122706294059753,0.0,0.0,0.0,2.98023217215615e-10,-0.044606998562812805,-0.6714715361595154,0.7410303950309753,0.0,0.0,0.0,0.0,-0.023475991562008858,-0.9412815570831299,0.33762282133102417,0.0,0.0,0.0,0.0,-0.019651994109153748,-1.0,-0.0,0.0,0.0,-0.00711638992652297,0.0018999999156221747,-0.016959700733423233,-0.9961947202682495,-0.0,-0.08715574443340302,0.0,0.0005882433033548295,0.0,-0.060253534466028214,-0.8530115485191345,0.5212311148643494,0.022405525669455528,0.01369085256010294,-1.1086464013487785e-07,-1.490116086078075e-10,-0.04255366697907448,-0.668202817440033,0.7439792156219482,0.0,0.0,4.5299529460862686e-08,0.0,-0.022088106721639633,-0.9107533693313599,0.4129508435726166,0.0,0.0,-1.4305114426349519e-08,0.0,-0.017740696668624878,-1.0,-0.0,0.0,0.0,-0.013503500260412693,-0.0037700000684708357,-0.014087299816310406,-0.9914448857307434,-0.0,-0.13052619993686676,0.0,-0.004897483624517918,-3.8501621020259336e-06,-0.05743739381432533,-0.8127092123031616,0.5813296437263489,0.0075624845921993256,0.03876242786645889,5.4836270635405526e-08,-2.98023217215615e-10,-0.03276759013533592,-0.7178195714950562,0.6962292790412903,0.0,0.0,-9.298324243900424e-08,0.0,-0.01670967973768711,-0.8486319780349731,0.5289837718009949,0.0,0.0,6.19888282926695e-08,0.0,-0.013883084990084171,-1.0,-0.0,0.0,0.0
1782948398.157282,2026-07-01 19:26:38.157,7488.0,7488,right,0,2,index_point,3,0.0,0.003969999961555004,-0.04999999701976776,-1.0,-0.0,0.0,0.0,0.0,0.0,0.0,-1.0,-0.0,0.0,0.0,-0.025476505979895592,-0.012044684961438179,-0.022234933450818062,-0.7880173325538635,-0.020514748990535736,-0.30964985489845276,-0.5317187905311584,0.0,1.19209286886246e-09,-0.02723044343292713,-0.9787765145301819,0.2049308568239212,0.0,0.0,2.38418573772492e-09,-1.19209286886246e-09,-0.031859468668699265,-0.9377184510231018,0.34739622473716736,0.0,0.0,0.0,-3.5762786065873797e-09,-0.023122519254684448,-1.0,-0.0,0.0,0.0,-0.012360505759716034,0.0032300001475960016,-0.016998957842588425,-0.9990482330322266,-0.0,-0.04361938685178757,0.0,-0.002149570034816861,-3.8927792047616094e-06,-0.06502974033355713,-0.9999619722366333,-0.0,-0.008726464584469795,0.0,0.0,0.0,-0.03691747412085533,-0.9991405606269836,0.04145072400569916,0.0,0.0,-2.38418573772492e-09,-2.98023217215615e-10,-0.02163529396057129,-0.9989849328994751,0.045045435428619385,0.0,0.0,0.0,2.98023217215615e-10,-0.01868978515267372,-1.0,-0.0,0.0,0.0,0.0,0.003969999961555004,-0.017509059980511665,-1.0,-0.0,0.0,0.0,0.0,4.611611075233668e-06,-0.0637909397482872,-0.8642885088920593,0.5029965043067932,0.0,0.0,0.0,2.98023217215615e-10,-0.04460655897855759,-0.67490553855896,0.7379041314125061,0.0,0.0,0.0,-2.98023217215615e-10,-0.02347646653652191,-0.941486656665802,0.33705025911331177,0.0,0.0,0.0,0.0,-0.019652195274829865,-1.0,-0.0,0.0,0.0,0.00711638480424881,0.0018999999156221747,-0.016959700733423233,-0.9961947202682495,-0.0,0.08715574443340302,0.0,-0.0005882382392883301,0.0,-0.060253534466028214,-0.7341295480728149,0.6778962016105652,-0.02855391427874565,-0.026366719976067543,1.19209286886246e-09,-1.490116086078075e-10,-0.04255415499210358,-0.6427876353263855,0.7660444974899292,0.0,0.0,-2.38418573772492e-09,0.0,-0.02208789810538292,-0.9063078761100769,0.4226182699203491,0.0,0.0,0.0,0.0,-0.017740869894623756,-1.0,-0.0,0.0,0.0,0.013503451831638813,-0.0037700000684708357,-0.014087309129536152,-0.9914448857307434,-0.0,0.13052619993686676,0.0,0.0048975334502756596,-3.847479547403054e-06,-0.05743739381432533,-0.8517476320266724,0.5231931209564209,0.010438143275678158,-0.02619326114654541,4.76837147544984e-09,-2.98023217215615e-10,-0.03276757150888443,-0.7318963408470154,0.6814159750938416,0.0,0.0,2.38418573772492e-09,0.0,-0.016709718853235245,-0.8570626378059387,0.5152122974395752,0.0,0.0,0.0,0.0,-0.01388302817940712,-1.0,-0.0,0.0,0.0
1782948398.3347902,2026-07-01 19:26:38.334,17018.0,17018,left,0,1,index_point,3,0.0,0.003969999961555004,-0.04999999701976776,-1.0,-0.0,0.0,0.0,0.0,0.0,0.0,-1.0,-0.0,0.0,0.0,0.025476500391960144,-0.012044699862599373,-0.022234899923205376,-0.7446556091308594,0.05754144862294197,0.37878498435020447,0.5465336441993713,-5.7220457705398076e-08,-4.3511388270189855e-08,-0.027230437844991684,-0.9331603050231934,0.3594605028629303,0.0,0.0,3.5762786065873797e-09,6.318092005130893e-08,-0.031859491020441055,-0.8462478518486023,0.5327895283699036,0.0,0.0,2.384185648907078e-08,0.0,-0.023122519254684448,-1.0,-0.0,0.0,0.0,0.012359999120235443,0.0032300001475960016,-0.017000000923871994,-0.9990482330322266,-0.0,0.04361938685178757,0.0,0.0021501504816114902,-3.890097104886081e-06,-0.06502876430749893,-0.9999619722366333,-0.0,0.008726557716727257,0.0,-9.53674295089968e-09,-9.53674295089968e-09,-0.036917347460985184,-0.9993493556976318,0.0360686257481575,0.0,0.0,-2.8610228852699038e-08,-2.98023217215615e-10,-0.0216355137526989,-0.999281644821167,0.037897396832704544,0.0,0.0,1.2636184010261786e-07,2.98023217215615e-10,-0.018689393997192383,-1.0,-0.0,0.0,0.0,0.0,0.003969999961555004,-0.01750910095870495,-1.0,-0.0,0.0,0.0,0.0,4.610121322912164e-06,-0.06379090249538422,-0.8588241338729858,0.5122706294059753,0.0,0.0,0.0,2.98023217215615e-10,-0.044606998562812805,-0.6714715361595154,0.7410303950309753,0.0,0.0,0.0,0.0,-0.023475991562008858,-0.9412815570831299,0.33762282133102417,0.0,0.0,0.0,0.0,-0.019651994109153748,-1.0,-0.0,0.0,0.0,-0.00711638992652297,0.0018999999156221747,-0.016959700733423233,-0.9961947202682495,-0.0,-0.08715574443340302,0.0,0.0005882433033548295,0.0,-0.060253534466028214,-0.8530115485191345,0.5212311148643494,0.022405525669455528,0.01369085256010294,-1.1086464013487785e-07,-1.490116086078075e-10,-0.04255366697907448,-0.668202817440033,0.7439792156219482,0.0,0.0,4.5299529460862686e-08,0.0,-0.022088106721639633,-0.9107533693313599,0.4129508435726166,0.0,0.0,-1.4305114426349519e-08,0.0,-0.017740696668624878,-1.0,-0.0,0.0,0.0,-0.013503500260412693,-0.0037700000684708357,-0.014087299816310406,-0.9914448857307434,-0.0,-0.13052619993686676,0.0,-0.004897483624517918,-3.8501621020259336e-06,-0.05743739381432533,-0.8127092123031616,0.5813296437263489,0.0075624845921993256,0.03876242786645889,5.4836270635405526e-08,-2.98023217215615e-10,-0.03276759013533592,-0.7178195714950562,0.6962292790412903,0.0,0.0,-9.298324243900424e-08,0.0,-0.01670967973768711,-0.8486319780349731,0.5289837718009949,0.0,0.0,6.19888282926695e-08,0.0,-0.013883084990084171,-1.0,-0.0,0.0,0.0
1782948398.358594,2026-07-01 19:26:38.358,7500.0,7500,right,0,2,index_point,3,0.0,0.003969999961555004,-0.04999999701976776,-1.0,-0.0,0.0,0.0,0.0,0.0,0.0,-1.0,-0.0,0.0,0.0,-0.025476505979895592,-0.012044684961438179,-0.022234933450818062,-0.7880173325538635,-0.020514748990535736,-0.30964985489845276,-0.5317187905311584,0.0,1.19209286886246e-09,-0.02723044343292713,-0.9787765145301819,0.2049308568239212,0.0,0.0,2.38418573772492e-09,-1.19209286886246e-09,-0.031859468668699265,-0.9377184510231018,0.34739622473716736,0.0,0.0,0.0,-3.5762786065873797e-09,-0.023122519254684448,-1.0,-0.0,0.0,0.0,-0.012360505759716034,0.0032300001475960016,-0.016998957842588425,-0.9990482330322266,-0.0,-0.04361938685178757,0.0,-0.002149570034816861,-3.8927792047616094e-06,-0.06502974033355713,-0.9999619722366333,-0.0,-0.008726464584469795,0.0,0.0,0.0,-0.03691747412085533,-0.9991405606269836,0.04145072400569916,0.0,0.0,-2.38418573772492e-09,-2.98023217215615e-10,-0.02163529396057129,-0.9989849328994751,0.045045435428619385,0.0,0.0,0.0,2.98023217215615e-10,-0.01868978515267372,-1.0,-0.0,0.0,0.0,0.0,0.003969999961555004,-0.017509059980511665,-1.0,-0.0,0.0,0.0,0.0,4.611611075233668e-06,-0.0637909397482872,-0.8642885088920593,0.5029965043067932,0.0,0.0,0.0,2.98023217215615e-10,-0.04460655897855759,-0.67490553855896,0.7379041314125061,0.0,0.0,0.0,-2.98023217215615e-10,-0.02347646653652191,-0.941486656665802,0.33705025911331177,0.0,0.0,0.0,0.0,-0.019652195274829865,-1.0,-0.0,0.0,0.0,0.00711638480424881,0.0018999999156221747,-0.016959700733423233,-0.9961947202682495,-0.0,0.08715574443340302,0.0,-0.0005882382392883301,0.0,-0.060253534466028214,-0.7341295480728149,0.6778962016105652,-0.02855391427874565,-0.026366719976067543,1.19209286886246e-09,-1.490116086078075e-10,-0.04255415499210358,-0.6427876353263855,0.7660444974899292,0.0,0.0,-2.38418573772492e-09,0.0,-0.02208789810538292,-0.9063078761100769,0.4226182699203491,0.0,0.0,0.0,0.0,-0.017740869894623756,-1.0,-0.0,0.0,0.0,0.013503451831638813,-0.0037700000684708357,-0.014087309129536152,-0.9914448857307434,-0.0,0.13052619993686676,0.0,0.0048975334502756596,-3.847479547403054e-06,-0.05743739381432533,-0.8527325987815857,0.5215847492218018,0.010717220604419708,-0.02610970474779606,4.76837147544984e-09,-2.98023217215615e-10,-0.03276757150888443,-0.7323261499404907,0.6809540390968323,0.0,0.0,2.38418573772492e-09,0.0,-0.016709718853235245,-0.8573163151741028,0.5147899985313416,0.0,0.0,0.0,0.0,-0.01388302817940712,-1.0,-0.0,0.0,0.0
1782948398.5405133,2026-07-01 19:26:38.540,17020.0,17020,left,0,1,index_point,3,0.0,0.003969999961555004,-0.04999999701976776,-1.0,-0.0,0.0,0.0,0.0,0.0,0.0,-1.0,-0.0,0.0,0.0,0.025476500391960144,-0.012044699862599373,-0.022234899923205376,-0.7446556091308594,0.05754144862294197,0.37878498435020447,0.5465336441993713,-5.7220457705398076e-08,-4.3511388270189855e-08,-0.027230437844991684,-0.9331603050231934,0.3594605028629303,0.0,0.0,3.5762786065873797e-09,6.318092005130893e-08,-0.031859491020441055,-0.8462478518486023,0.5327895283699036,0.0,0.0,2.384185648907078e-08,0.0,-0.023122519254684448,-1.0,-0.0,0.0,0.0,0.012359999120235443,0.0032300001475960016,-0.017000000923871994,-0.9990482330322266,-0.0,0.04361938685178757,0.0,0.0021501504816114902,-3.890097104886081e-06,-0.06502876430749893,-0.9999619722366333,-0.0,0.008726557716727257,0.0,-9.53674295089968e-09,-9.53674295089968e-09,-0.036917347460985184,-0.9993493556976318,0.0360686257481575,0.0,0.0,-2.8610228852699038e-08,-2.98023217215615e-10,-0.0216355137526989,-0.999281644821167,0.037897396832704544,0.0,0.0,1.2636184010261786e-07,2.98023217215615e-10,-0.018689393997192383,-1.0,-0.0,0.0,0.0,0.0,0.003969999961555004,-0.01750910095870495,-1.0,-0.0,0.0,0.0,0.0,4.610121322912164e-06,-0.06379090249538422,-0.8588241338729858,0.5122706294059753,0.0,0.0,0.0,2.98023217215615e-10,-0.044606998562812805,-0.6714715361595154,0.7410303950309753,0.0,0.0,0.0,0.0,-0.023475991562008858,-0.9412815570831299,0.33762282133102417,0.0,0.0,0.0,0.0,-0.019651994109153748,-1.0,-0.0,0.0,0.0,-0.00711638992652297,0.0018999999156221747,-0.016959700733423233,-0.9961947202682495,-0.0,-0.08715574443340302,0.0,0.0005882433033548295,0.0,-0.060253534466028214,-0.8530115485191345,0.5212311148643494,0.022405525669455528,0.01369085256010294,-1.1086464013487785e-07,-1.490116086078075e-10,-0.04255366697907448,-0.668202817440033,0.7439792156219482,0.0,0.0,4.5299529460862686e-08,0.0,-0.022088106721639633,-0.9107533693313599,0.4129508435726166,0.0,0.0,-1.4305114426349519e-08,0.0,-0.017740696668624878,-1.0,-0.0,0.0,0.0,-0.013503500260412693,-0.0037700000684708357,-0.014087299816310406,-0.9914448857307434,-0.0,-0.13052619993686676,0.0,-0.004897483624517918,-3.8501621020259336e-06,-0.05743739381432533,-0.8132262229919434,0.5806076526641846,0.00742470333352685,0.038765549659729004,5.4836270635405526e-08,-2.98023217215615e-10,-0.03276759013533592,-0.7179723381996155,0.6960716843605042,0.0,0.0,-9.298324243900424e-08,0.0,-0.01670967973768711,-0.8487250208854675,0.5288345217704773,0.0,0.0,6.19888282926695e-08,0.0,-0.013883084990084171,-1.0,-0.0,0.0,0.0
1782948398.5656757,2026-07-01 19:26:38.565,7511.0,7511,right,0,2,index_point,3,0.0,0.003969999961555004,-0.04999999701976776,-1.0,-0.0,0.0,0.0,0.0,0.0,0.0,-1.0,-0.0,0.0,0.0,-0.025476505979895592,-0.012044684961438179,-0.022234933450818062,-0.788569450378418,-0.02281937561929226,-0.3087432086467743,-0.5313333868980408,0.0,1.19209286886246e-09,-0.02723044343292713,-0.9794934391975403,0.20147642493247986,0.0,0.0,2.38418573772492e-09,-1.19209286886246e-09,-0.031859468668699265,-0.9394090175628662,0.34279826283454895,0.0,0.0,0.0,-3.5762786065873797e-09,-0.023122519254684448,-1.0,-0.0,0.0,0.0,-0.012360505759716034,0.0032300001475960016,-0.016998957842588425,-0.9990482330322266,-0.0,-0.04361938685178757,0.0,-0.002149570034816861,-3.8927792047616094e-06,-0.06502974033355713,-0.9999619722366333,-0.0,-0.008726464584469795,0.0,0.0,0.0,-0.03691747412085533,-0.9991405606269836,0.04145072400569916,0.0,0.0,-2.38418573772492e-09,-2.98023217215615e-10,-0.02163529396057129,-0.9989849328994751,0.045045435428619385,0.0,0.0,0.0,2.98023217215615e-10,-0.01868978515267372,-1.0,-0.0,0.0,0.0,0.0,0.003969999961555004,-0.017509059980511665,-1.0,-0.0,0.0,0.0,0.0,4.611611075233668e-06,-0.0637909397482872,-0.8642885088920593,0.5029965043067932,0.0,0.0,0.0,2.98023217215615e-10,-0.04460655897855759,-0.67490553855896,0.7379041314125061,0.0,0.0,0.0,-2.98023217215615e-10,-0.02347646653652191,-0.941486656665802,0.33705025911331177,0.0,0.0,0.0,0.0,-0.019652195274829865,-1.0,-0.0,0.0,0.0,0.00711638480424881,0.0018999999156221747,-0.016959700733423233,-0.9961947202682495,-0.0,0.08715574443340302,0.0,-0.0005882382392883301,0.0,-0.060253534466028214,-0.7341295480728149,0.6778962016105652,-0.02855391427874565,-0.026366719976067543,1.19209286886246e-09,-1.490116086078075e-10,-0.04255415499210358,-0.6427876353263855,0.7660444974899292,0.0,0.0,-2.38418573772492e-09,0.0,-0.02208789810538292,-0.9063078761100769,0.4226182699203491,0.0,0.0,0.0,0.0,-0.017740869894623756,-1.0,-0.0,0.0,0.0,0.013503451831638813,-0.0037700000684708357,-0.014087309129536152,-0.9914448857307434,-0.0,0.13052619993686676,0.0,0.0048975334502756596,-3.847479547403054e-06,-0.05743739381432533,-0.8527325987815857,0.5215847492218018,0.010717220604419708,-0.02610970474779606,4.76837147544984e-09,-2.98023217215615e-10,-0.03276757150888443,-0.7323261499404907,0.6809540390968323,0.0,0.0,2.38418573772492e-09,0.0,-0.016709718853235245,-0.8573163151741028,0.5147899985313416,0.0,0.0,0.0,0.0,-0.01388302817940712,-1.0,-0.0,0.0,0.0
