wall_time,iso_time,timestamp,packet_counter,hand_side,frame_id,status,pose,take,PALM_x,PALM_y,PALM_z,PALM_qw,PALM_qx,PALM_qy,PALM_qz,WRIST_x,WRIST_y,WRIST_z,WRIST_qw,WRIST_qx,WRIST_qy,WRIST_qz,THUMB_METACARPAL_x,THUMB_METACARPAL_y,THUMB_METACARPAL_z,THUMB_METACARPAL_qw,THUMB_METACARPAL_qx,THUMB_METACARPAL_qy,THUMB_METACARPAL_qz,THUMB_PROXIMAL_x,THUMB_PROXIMAL_y,THUMB_PROXIMAL_z,THUMB_PROXIMAL_qw,THUMB_PROXIMAL_qx,THUMB_PROXIMAL_qy,THUMB_PROXIMAL_qz,THUMB_DISTAL_x,THUMB_DISTAL_y,THUMB_DISTAL_z,THUMB_DISTAL_qw,THUMB_DISTAL_qx,THUMB_DISTAL_qy,THUMB_DISTAL_qz,THUMB_TIP_x,THUMB_TIP_y,THUMB_TIP_z,THUMB_TIP_qw,THUMB_TIP_qx,THUMB_TIP_qy,THUMB_TIP_qz,INDEX_METACARPAL_x,INDEX_METACARPAL_y,INDEX_METACARPAL_z,INDEX_METACARPAL_qw,INDEX_METACARPAL_qx,INDEX_METACARPAL_qy,INDEX_METACARPAL_qz,INDEX_PROXIMAL_x,INDEX_PROXIMAL_y,INDEX_PROXIMAL_z,INDEX_PROXIMAL_qw,INDEX_PROXIMAL_qx,INDEX_PROXIMAL_qy,INDEX_PROXIMAL_qz,INDEX_INTERMEDIATE_x,INDEX_INTERMEDIATE_y,INDEX_INTERMEDIATE_z,INDEX_INTERMEDIATE_qw,INDEX_INTERMEDIATE_qx,INDEX_INTERMEDIATE_qy,INDEX_INTERMEDIATE_qz,INDEX_DISTAL_x,INDEX_DISTAL_y,INDEX_DISTAL_z,INDEX_DISTAL_qw,INDEX_DISTAL_qx,INDEX_DISTAL_qy,INDEX_DISTAL_qz,INDEX_TIP_x,INDEX_TIP_y,INDEX_TIP_z,INDEX_TIP_qw,INDEX_TIP_qx,INDEX_TIP_qy,INDEX_TIP_qz,MIDDLE_METACARPAL_x,MIDDLE_METACARPAL_y,MIDDLE_METACARPAL_z,MIDDLE_METACARPAL_qw,MIDDLE_METACARPAL_qx,MIDDLE_METACARPAL_qy,MIDDLE_METACARPAL_qz,MIDDLE_PROXIMAL_x,MIDDLE_PROXIMAL_y,MIDDLE_PROXIMAL_z,MIDDLE_PROXIMAL_qw,MIDDLE_PROXIMAL_qx,MIDDLE_PROXIMAL_qy,MIDDLE_PROXIMAL_qz,MIDDLE_INTERMEDIATE_x,MIDDLE_INTERMEDIATE_y,MIDDLE_INTERMEDIATE_z,MIDDLE_INTERMEDIATE_qw,MIDDLE_INTERMEDIATE_qx,MIDDLE_INTERMEDIATE_qy,MIDDLE_INTERMEDIATE_qz,MIDDLE_DISTAL_x,MIDDLE_DISTAL_y,MIDDLE_DISTAL_z,MIDDLE_DISTAL_qw,MIDDLE_DISTAL_qx,MIDDLE_DISTAL_qy,MIDDLE_DISTAL_qz,MIDDLE_TIP_x,MIDDLE_TIP_y,MIDDLE_TIP_z,MIDDLE_TIP_qw,MIDDLE_TIP_qx,MIDDLE_TIP_qy,MIDDLE_TIP_qz,RING_METACARPAL_x,RING_METACARPAL_y,RING_METACARPAL_z,RING_METACARPAL_qw,RING_METACARPAL_qx,RING_METACARPAL_qy,RING_METACARPAL_qz,RING_PROXIMAL_x,RING_PROXIMAL_y,RING_PROXIMAL_z,RING_PROXIMAL_qw,RING_PROXIMAL_qx,RING_PROXIMAL_qy,RING_PROXIMAL_qz,RING_INTERMEDIATE_x,RING_INTERMEDIATE_y,RING_INTERMEDIATE_z,RING_INTERMEDIATE_qw,RING_INTERMEDIATE_qx,RING_INTERMEDIATE_qy,RING_INTERMEDIATE_qz,RING_DISTAL_x,RING_DISTAL_y,RING_DISTAL_z,RING_DISTAL_qw,RING_DISTAL_qx,RING_DISTAL_qy,RING_DISTAL_qz,RING_TIP_x,RING_TIP_y,RING_TIP_z,RING_TIP_qw,RING_TIP_qx,RING_TIP_qy,RING_TIP_qz,LITTLE_METACARPAL_x,LITTLE_METACARPAL_y,LITTLE_METACARPAL_z,LITTLE_METACARPAL_qw,LITTLE_METACARPAL_qx,LITTLE_METACARPAL_qy,LITTLE_METACARPAL_qz,LITTLE_PROXIMAL_x,LITTLE_PROXIMAL_y,LITTLE_PROXIMAL_z,LITTLE_PROXIMAL_qw,LITTLE_PROXIMAL_qx,LITTLE_PROXIMAL_qy,LITTLE_PROXIMAL_qz,LITTLE_INTERMEDIATE_x,LITTLE_INTERMEDIATE_y,LITTLE_INTERMEDIATE_z,LITTLE_INTERMEDIATE_qw,LITTLE_INTERMEDIATE_qx,LITTLE_INTERMEDIATE_qy,LITTLE_INTERMEDIATE_qz,LITTLE_DISTAL_x,LITTLE_DISTAL_y,LITTLE_DISTAL_z,LITTLE_DISTAL_qw,LITTLE_DISTAL_qx,LITTLE_DISTAL_qy,LITTLE_DISTAL_qz,LITTLE_TIP_x,LITTLE_TIP_y,LITTLE_TIP_z,LITTLE_TIP_qw,LITTLE_TIP_qx,LITTLE_TIP_qy,LITTLE_TIP_qz
1782948382.7173867,2026-07-01 19:26:22.717,6548.0,6548,right,0,2,index_point,2,0.0,0.003969999961555004,-0.04999999701976776,-1.0,-0.0,0.0,0.0,0.0,0.0,0.0,-1.0,-0.0,0.0,0.0,-0.025476505979895592,-0.012044684961438179,-0.022234933450818062,-0.8037821054458618,-0.10187611728906631,-0.27965039014816284,-0.5151225924491882,0.0,1.19209286886246e-09,-0.02723044343292713,-0.9963411688804626,0.08546510338783264,0.0,0.0,2.38418573772492e-09,-1.19209286886246e-09,-0.031859468668699265,-0.9892261624336243,0.14639565348625183,0.0,0.0,0.0,-3.5762786065873797e-09,-0.023122519254684448,-1.0,-0.0,0.0,0.0,-0.012360505759716034,0.0032300001475960016,-0.016998957842588425,-0.9990482330322266,-0.0,-0.04361938685178757,0.0,-0.002149570034816861,-3.8927792047616094e-06,-0.06502974033355713,-0.9999619722366333,-0.0,-0.008726464584469795,0.0,0.0,0.0,-0.03691747412085533,-0.9991405606269836,0.04145072400569916,0.0,0.0,-2.38418573772492e-09,-2.98023217215615e-10,-0.02163529396057129,-0.9989849328994751,0.045045435428619385,0.0,0.0,0.0,2.98023217215615e-10,-0.01868978515267372,-1.0,-0.0,0.0,0.0,0.0,0.003969999961555004,-0.017509059980511665,-1.0,-0.0,0.0,0.0,0.0,4.611611075233668e-06,-0.0637909397482872,-0.787337601184845,0.6165221333503723,0.0,0.0,0.0,2.98023217215615e-10,-0.04460655897855759,-0.6442471742630005,0.7648173570632935,0.0,0.0,0.0,-2.98023217215615e-10,-0.02347646653652191,-0.9397662878036499,0.34181779623031616,0.0,0.0,0.0,0.0,-0.019652195274829865,-1.0,-0.0,0.0,0.0,0.00711638480424881,0.0018999999156221747,-0.016959700733423233,-0.9961947202682495,-0.0,0.08715574443340302,0.0,-0.0005882382392883301,0.0,-0.060253534466028214,-0.7133238315582275,0.6995487809181213,-0.03029705584049225,-0.02971198782324791,1.19209286886246e-09,-1.490116086078075e-10,-0.04255415499210358,-0.6427876353263855,0.7660444974899292,0.0,0.0,-2.38418573772492e-09,0.0,-0.02208789810538292,-0.9063078761100769,0.4226182699203491,0.0,0.0,0.0,0.0,-0.017740869894623756,-1.0,-0.0,0.0,0.0,0.013503451831638813,-0.0037700000684708357,-0.014087309129536152,-0.9914448857307434,-0.0,0.13052619993686676,0.0,0.0048975334502756596,-3.847479547403054e-06,-0.05743739381432533,-0.8830580711364746,0.46829885244369507,0.01901433616876602,-0.023303862661123276,4.76837147544984e-09,-2.98023217215615e-10,-0.03276757150888443,-0.7480498552322388,0.6636425852775574,0.0,0.0,2.38418573772492e-09,0.0,-0.016709718853235245,-0.8664253950119019,0.4993066191673279,0.0,0.0,0.0,0.0,-0.01388302817940712,-1.0,-0.0,0.0,0.0
1782948382.7186985,2026-07-01 19:26:22.718,16886.0,16886,left,0,1,index_point,2,0.0,0.003969999961555004,-0.04999999701976776,-1.0,-0.0,0.0,0.0,0.0,0.0,0.0,-1.0,-0.0,0.0,0.0,0.025476500391960144,-0.012044699862599373,-0.022234899923205376,-0.7549480199813843,0.024590715765953064,0.3678189814090729,0.5423634052276611,-5.7220457705398076e-08,-4.3511388270189855e-08,-0.027230437844991684,-0.9513729810714722,0.30804136395454407,0.0,0.0,3.5762786065873797e-09,6.318092005130893e-08,-0.031859491020441055,-0.8790421485900879,0.4767440855503082,0.0,0.0,2.384185648907078e-08,0.0,-0.023122519254684448,-1.0,-0.0,0.0,0.0,0.012359999120235443,0.0032300001475960016,-0.017000000923871994,-0.9990482330322266,-0.0,0.04361938685178757,0.0,0.0021501504816114902,-3.890097104886081e-06,-0.06502876430749893,-0.9999619722366333,-0.0,0.008726557716727257,0.0,-9.53674295089968e-09,-9.53674295089968e-09,-0.036917347460985184,-0.9993493556976318,0.0360686257481575,0.0,0.0,-2.8610228852699038e-08,-2.98023217215615e-10,-0.0216355137526989,-0.999281644821167,0.037897396832704544,0.0,0.0,1.2636184010261786e-07,2.98023217215615e-10,-0.018689393997192383,-1.0,-0.0,0.0,0.0,0.0,0.003969999961555004,-0.01750910095870495,-1.0,-0.0,0.0,0.0,0.0,4.610121322912164e-06,-0.06379090249538422,-0.8750227689743042,0.48408180475234985,0.0,0.0,0.0,2.98023217215615e-10,-0.044606998562812805,-0.6822461485862732,0.7311225533485413,0.0,0.0,0.0,0.0,-0.023475991562008858,-0.9419345855712891,0.3357965350151062,0.0,0.0,0.0,0.0,-0.019651994109153748,-1.0,-0.0,0.0,0.0,-0.00711638992652297,0.0018999999156221747,-0.016959700733423233,-0.9961947202682495,-0.0,-0.08715574443340302,0.0,0.0005882433033548295,0.0,-0.060253534466028214,-0.8585456609725952,0.5121045112609863,0.02186950482428074,0.013044701889157295,-1.1086464013487785e-07,-1.490116086078075e-10,-0.04255366697907448,-0.6714715361595154,0.7410303950309753,0.0,0.0,4.5299529460862686e-08,0.0,-0.022088106721639633,-0.9113314747810364,0.4116733968257904,0.0,0.0,-1.4305114426349519e-08,0.0,-0.017740696668624878,-1.0,-0.0,0.0,0.0,-0.013503500260412693,-0.0037700000684708357,-0.014087299816310406,-0.9914448857307434,-0.0,-0.13052619993686676,0.0,-0.004897483624517918,-3.8501621020259336e-06,-0.05743739381432533,-0.8219740390777588,0.5681790113449097,0.0050821565091609955,0.03880106657743454,5.4836270635405526e-08,-2.98023217215615e-10,-0.03276759013533592,-0.7206719517707825,0.6932762265205383,0.0,0.0,-9.298324243900424e-08,0.0,-0.01670967973768711,-0.8503639698028564,0.5261949896812439,0.0,0.0,6.19888282926695e-08,0.0,-0.013883084990084171,-1.0,-0.0,0.0,0.0
1782948382.9262102,2026-07-01 19:26:22.926,16890.0,16890,left,0,1,index_point,2,0.0,0.003969999961555004,-0.04999999701976776,-1.0,-0.0,0.0,0.0,0.0,0.0,0.0,-1.0,-0.0,0.0,0.0,0.025476500391960144,-0.012044699862599373,-0.022234899923205376,-0.7556536793708801,0.022491440176963806,0.36697015166282654,0.5420467257499695,-5.7220457705398076e-08,-4.3511388270189855e-08,-0.027230437844991684,-0.9524478316307068,0.30470165610313416,0.0,0.0,3.5762786065873797e-09,6.318092005130893e-08,-0.031859491020441055,-0.8811365365982056,0.4728620648384094,0.0,0.0,2.384185648907078e-08,0.0,-0.023122519254684448,-1.0,-0.0,0.0,0.0,0.012359999120235443,0.0032300001475960016,-0.017000000923871994,-0.9990482330322266,-0.0,0.04361938685178757,0.0,0.0021501504816114902,-3.890097104886081e-06,-0.06502876430749893,-0.9999619722366333,-0.0,0.008726557716727257,0.0,-9.53674295089968e-09,-9.53674295089968e-09,-0.036917347460985184,-0.9993493556976318,0.0360686257481575,0.0,0.0,-2.8610228852699038e-08,-2.98023217215615e-10,-0.0216355137526989,-0.999281644821167,0.037897396832704544,0.0,0.0,1.2636184010261786e-07,2.98023217215615e-10,-0.018689393997192383,-1.0,-0.0,0.0,0.0,0.0,0.003969999961555004,-0.01750910095870495,-1.0,-0.0,0.0,0.0,0.0,4.610121322912164e-06,-0.06379090249538422,-0.8750227689743042,0.48408180475234985,0.0,0.0,0.0,2.98023217215615e-10,-0.044606998562812805,-0.6822461485862732,0.7311225533485413,0.0,0.0,0.0,0.0,-0.023475991562008858,-0.9419345855712891,0.3357965350151062,0.0,0.0,0.0,0.0,-0.019651994109153748,-1.0,-0.0,0.0,0.0,-0.00711638992652297,0.0018999999156221747,-0.016959700733423233,-0.9961947202682495,-0.0,-0.08715574443340302,0.0,0.0005882433033548295,0.0,-0.060253534466028214,-0.8585456609725952,0.5121045112609863,0.02186950482428074,0.013044701889157295,-1.1086464013487785e-07,-1.490116086078075e-10,-0.04255366697907448,-0.6714715361595154,0.7410303950309753,0.0,0.0,4.5299529460862686e-08,0.0,-0.022088106721639633,-0.9113314747810364,0.4116733968257904,0.0,0.0,-1.4305114426349519e-08,0.0,-0.017740696668624878,-1.0,-0.0,0.0,0.0,-0.013503500260412693,-0.0037700000684708357,-0.014087299816310406,-0.9914448857307434,-0.0,-0.13052619993686676,0.0,-0.004897483624517918,-3.8501621020259336e-06,-0.05743739381432533,-0.8281213045120239,0.559194028377533,0.003430749289691448,0.03879908099770546,5.4836270635405526e-08,-2.98023217215615e-10,-0.03276759013533592,-0.7227439880371094,0.6911159157752991,0.0,0.0,-9.298324243900424e-08,0.0,-0.01670967973768711,-0.8516139388084412,0.5241695642471313,0.0,0.0,6.19888282926695e-08,0.0,-0.013883084990084171,-1.0,-0.0,0.0,0.0
1782948382.9386203,2026-07-01 19:26:22.938,6578.0,6578,right,0,2,index_point,2,0.0,0.003969999961555004,-0.04999999701976776,-1.0,-0.0,0.0,0.0,0.0,0.0,0.0,-1.0,-0.0,0.0,0.0,-0.025476505979895592,-0.012044684961438179,-0.022234933450818062,-0.774965763092041,0.025895820930600166,-0.32962724566459656,-0.538612425327301,0.0,1.19209286886246e-09,-0.02723044343292713,-0.9609454274177551,0.27673792839050293,0.0,0.0,2.38418573772492e-09,-1.19209286886246e-09,-0.031859468668699265,-0.8983076214790344,0.4393671154975891,0.0,0.0,0.0,-3.5762786065873797e-09,-0.023122519254684448,-1.0,-0.0,0.0,0.0,-0.012360505759716034,0.0032300001475960016,-0.016998957842588425,-0.9990482330322266,-0.0,-0.04361938685178757,0.0,-0.002149570034816861,-3.8927792047616094e-06,-0.06502974033355713,-0.9999619722366333,-0.0,-0.008726464584469795,0.0,0.0,0.0,-0.03691747412085533,-0.9991773962974548,0.04055378958582878,0.0,0.0,-2.38418573772492e-09,-2.98023217215615e-10,-0.02163529396057129,-0.9990379214286804,0.0438542477786541,0.0,0.0,0.0,2.98023217215615e-10,-0.01868978515267372,-1.0,-0.0,0.0,0.0,0.0,0.003969999961555004,-0.017509059980511665,-1.0,-0.0,0.0,0.0,0.0,4.611611075233668e-06,-0.0637909397482872,-0.7801306843757629,0.6256165504455566,0.0,0.0,0.0,2.98023217215615e-10,-0.04460655897855759,-0.6432461142539978,0.765659511089325,0.0,0.0,0.0,-2.98023217215615e-10,-0.02347646653652191,-0.9397154450416565,0.3419574201107025,0.0,0.0,0.0,0.0,-0.019652195274829865,-1.0,-0.0,0.0,0.0,0.00711638480424881,0.0018999999156221747,-0.016959700733423233,-0.9961947202682495,-0.0,0.08715574443340302,0.0,-0.0005882382392883301,0.0,-0.060253534466028214,-0.7597826719284058,0.6492648124694824,-0.02616235241293907,-0.022382158786058426,1.19209286886246e-09,-1.490116086078075e-10,-0.04255415499210358,-0.6427876353263855,0.7660444974899292,0.0,0.0,-2.38418573772492e-09,0.0,-0.02208789810538292,-0.9063078761100769,0.4226182699203491,0.0,0.0,0.0,0.0,-0.017740869894623756,-1.0,-0.0,0.0,0.0,0.013503451831638813,-0.0037700000684708357,-0.014087309129536152,-0.9914448857307434,-0.0,0.13052619993686676,0.0,0.0048975334502756596,-3.847479547403054e-06,-0.05743739381432533,-0.8231328129768372,0.5671346187591553,0.0021580075845122337,-0.028391176834702492,4.76837147544984e-09,-2.98023217215615e-10,-0.03276757150888443,-0.7212523221969604,0.6926724314689636,0.0,0.0,2.38418573772492e-09,0.0,-0.016709718853235245,-0.8507007360458374,0.5256502628326416,0.0,0.0,0.0,0.0,-0.01388302817940712,-1.0,-0.0,0.0,0.0
1782948383.14192,2026-07-01 19:26:23.141,16892.0,16892,left,0,1,index_point,2,0.0,0.003969999961555004,-0.04999999701976776,-1.0,-0.0,0.0,0.0,0.0,0.0,0.0,-1.0,-0.0,0.0,0.0,0.025476500391960144,-0.012044699862599373,-0.022234899923205376,-0.7556536793708801,0.022491440176963806,0.36697015166282654,0.5420467257499695,-5.7220457705398076e-08,-4.3511388270189855e-08,-0.027230437844991684,-0.9524478316307068,0.30470165610313416,0.0,0.0,3.5762786065873797e-09,6.318092005130893e-08,-0.031859491020441055,-0.8811365365982056,0.4728620648384094,0.0,0.0,2.384185648907078e-08,0.0,-0.023122519254684448,-1.0,-0.0,0.0,0.0,0.012359999120235443,0.0032300001475960016,-0.017000000923871994,-0.9990482330322266,-0.0,0.04361938685178757,0.0,0.0021501504816114902,-3.890097104886081e-06,-0.06502876430749893,-0.9999619722366333,-0.0,0.008726557716727257,0.0,-9.53674295089968e-09,-9.53674295089968e-09,-0.036917347460985184,-0.9993493556976318,0.0360686257481575,0.0,0.0,-2.8610228852699038e-08,-2.98023217215615e-10,-0.0216355137526989,-0.999281644821167,0.037897396832704544,0.0,0.0,1.2636184010261786e-07,2.98023217215615e-10,-0.018689393997192383,-1.0,-0.0,0.0,0.0,0.0,0.003969999961555004,-0.01750910095870495,-1.0,-0.0,0.0,0.0,0.0,4.610121322912164e-06,-0.06379090249538422,-0.8750227689743042,0.48408180475234985,0.0,0.0,0.0,2.98023217215615e-10,-0.044606998562812805,-0.6822461485862732,0.7311225533485413,0.0,0.0,0.0,0.0,-0.023475991562008858,-0.9419345855712891,0.3357965350151062,0.0,0.0,0.0,0.0,-0.019651994109153748,-1.0,-0.0,0.0,0.0,-0.00711638992652297,0.0018999999156221747,-0.016959700733423233,-0.9961947202682495,-0.0,-0.08715574443340302,0.0,0.0005882433033548295,0.0,-0.060253534466028214,-0.8585456609725952,0.5121045112609863,0.02186950482428074,0.013044701889157295,-1.1086464013487785e-07,-1.490116086078075e-10,-0.04255366697907448,-0.6714715361595154,0.7410303950309753,0.0,0.0,4.5299529460862686e-08,0.0,-0.022088106721639633,-0.9113314747810364,0.4116733968257904,0.0,0.0,-1.4305114426349519e-08,0.0,-0.017740696668624878,-1.0,-0.0,0.0,0.0,-0.013503500260412693,-0.0037700000684708357,-0.014087299816310406,-0.9914448857307434,-0.0,-0.13052619993686676,0.0,-0.004897483624517918,-3.8501621020259336e-06,-0.05743739381432533,-0.8281213045120239,0.559194028377533,0.003430749289691448,0.03879908099770546,5.4836270635405526e-08,-2.98023217215615e-10,-0.03276759013533592,-0.7227439880371094,0.6911159157752991,0.0,0.0,-9.298324243900424e-08,0.0,-0.01670967973768711,-0.8516139388084412,0.5241695642471313,0.0,0.0,6.19888282926695e-08,0.0,-0.013883084990084171,-1.0,-0.0,0.0,0.0
1782948383.1421633,2026-07-01 19:26:23.142,6592.0,6592,right,0,2,index_point,2,0.0,0.003969999961555004,-0.04999999701976776,-1.0,-0.0,0.0,0.0,0.0,0.0,0.0,-1.0,-0.0,0.0,0.0,-0.025476505979895592,-0.012044684961438179,-0.022234933450818062,-0.7587265968322754,0.06691789627075195,-0.35234856605529785,-0.5437889695167542,0.0,1.19209286886246e-09,-0.02723044343292713,-0.937867283821106,0.3469943404197693,0.0,0.0,2.38418573772492e-09,-1.19209286886246e-09,-0.031859468668699265,-0.8542395830154419,0.5198795199394226,0.0,0.0,0.0,-3.5762786065873797e-09,-0.023122519254684448,-1.0,-0.0,0.0,0.0,-0.012360505759716034,0.0032300001475960016,-0.016998957842588425,-0.9990482330322266,-0.0,-0.04361938685178757,0.0,-0.002149570034816861,-3.8927792047616094e-06,-0.06502974033355713,-0.9993270039558411,0.035904884338378906,-0.007506916765123606,-0.00026699568843469024,0.0,0.0,-0.03691747412085533,-0.9703260660171509,0.24180009961128235,0.0,0.0,-2.38418573772492e-09,-2.98023217215615e-10,-0.02163529396057129,-0.9817877411842346,0.18998093903064728,0.0,0.0,0.0,2.98023217215615e-10,-0.01868978515267372,-1.0,-0.0,0.0,0.0,0.0,0.003969999961555004,-0.017509059980511665,-1.0,-0.0,0.0,0.0,0.0,4.611611075233668e-06,-0.0637909397482872,-0.7276248931884766,0.6859752535820007,0.0,0.0,0.0,2.98023217215615e-10,-0.04460655897855759,-0.6427876353263855,0.7660444974899292,0.0,0.0,0.0,-2.98023217215615e-10,-0.02347646653652191,-0.9396926760673523,0.34202009439468384,0.0,0.0,0.0,0.0,-0.019652195274829865,-1.0,-0.0,0.0,0.0,0.00711638480424881,0.0018999999156221747,-0.016959700733423233,-0.9961947202682495,-0.0,0.08715574443340302,0.0,-0.0005882382392883301,0.0,-0.060253534466028214,-0.7133238315582275,0.6995487809181213,-0.03029705584049225,-0.02971198782324791,1.19209286886246e-09,-1.490116086078075e-10,-0.04255415499210358,-0.6427876353263855,0.7660444974899292,0.0,0.0,-2.38418573772492e-09,0.0,-0.02208789810538292,-0.9063078761100769,0.4226182699203491,0.0,0.0,0.0,0.0,-0.017740869894623756,-1.0,-0.0,0.0,0.0,0.013503451831638813,-0.0037700000684708357,-0.014087309129536152,-0.9914448857307434,-0.0,0.13052619993686676,0.0,0.0048975334502756596,-3.847479547403054e-06,-0.05743739381432533,-0.6765674948692322,0.7343704700469971,-0.042795270681381226,-0.03354250267148018,4.76837147544984e-09,-2.98023217215615e-10,-0.03276757150888443,-0.7071068286895752,0.7071068286895752,0.0,0.0,2.38418573772492e-09,0.0,-0.016709718853235245,-0.8419820070266724,0.5395057201385498,0.0,0.0,0.0,0.0,-0.01388302817940712,-1.0,-0.0,0.0,0.0
1782948383.345375,2026-07-01 19:26:23.345,16894.0,16894,left,0,1,index_point,2,0.0,0.003969999961555004,-0.04999999701976776,-1.0,-0.0,0.0,0.0,0.0,0.0,0.0,-1.0,-0.0,0.0,0.0,0.025476500391960144,-0.012044699862599373,-0.022234899923205376,-0.7562462091445923,0.020739443600177765,0.3662484884262085,0.5417781472206116,-5.7220457705398076e-08,-4.3511388270189855e-08,-0.027230437844991684,-0.953336775302887,0.3019089102745056,0.0,0.0,3.5762786065873797e-09,6.318092005130893e-08,-0.031859491020441055,-0.8828819394111633,0.4695950448513031,0.0,0.0,2.384185648907078e-08,0.0,-0.023122519254684448,-1.0,-0.0,0.0,0.0,0.012359999120235443,0.0032300001475960016,-0.017000000923871994,-0.9990482330322266,-0.0,0.04361938685178757,0.0,0.0021501504816114902,-3.890097104886081e-06,-0.06502876430749893,-0.9999619722366333,-0.0,0.008726557716727257,0.0,-9.53674295089968e-09,-9.53674295089968e-09,-0.036917347460985184,-0.9993493556976318,0.0360686257481575,0.0,0.0,-2.8610228852699038e-08,-2.98023217215615e-10,-0.0216355137526989,-0.999281644821167,0.037897396832704544,0.0,0.0,1.2636184010261786e-07,2.98023217215615e-10,-0.018689393997192383,-1.0,-0.0,0.0,0.0,0.0,0.003969999961555004,-0.01750910095870495,-1.0,-0.0,0.0,0.0,0.0,4.610121322912164e-06,-0.06379090249538422,-0.8750227689743042,0.48408180475234985,0.0,0.0,0.0,2.98023217215615e-10,-0.044606998562812805,-0.6822461485862732,0.7311225533485413,0.0,0.0,0.0,0.0,-0.023475991562008858,-0.9419345855712891,0.3357965350151062,0.0,0.0,0.0,0.0,-0.019651994109153748,-1.0,-0.0,0.0,0.0,-0.00711638992652297,0.0018999999156221747,-0.016959700733423233,-0.9961947202682495,-0.0,-0.08715574443340302,0.0,0.0005882433033548295,0.0,-0.060253534466028214,-0.8603833913803101,0.5090240240097046,0.021685587242245674,0.012831956148147583,-1.1086464013487785e-07,-1.490116086078075e-10,-0.04255366697907448,-0.6726178526878357,0.7399900555610657,0.0,0.0,4.5299529460862686e-08,0.0,-0.022088106721639633,-0.9115346074104309,0.4112233817577362,0.0,0.0,-1.4305114426349519e-08,0.0,-0.017740696668624878,-1.0,-0.0,0.0,0.0,-0.013503500260412693,-0.0037700000684708357,-0.014087299816310406,-0.9914448857307434,-0.0,-0.13052619993686676,0.0,-0.004897483624517918,-3.8501621020259336e-06,-0.05743739381432533,-0.8281213045120239,0.559194028377533,0.003430749289691448,0.03879908099770546,5.4836270635405526e-08,-2.98023217215615e-10,-0.03276759013533592,-0.7227439880371094,0.6911159157752991,0.0,0.0,-9.298324243900424e-08,0.0,-0.01670967973768711,-0.8516139388084412,0.5241695642471313,0.0,0.0,6.19888282926695e-08,0.0,-0.013883084990084171,-1.0,-0.0,0.0,0.0
1782948383.3456473,2026-07-01 19:26:23.345,6603.0,6603,right,0,2,index_point,2,0.0,0.003969999961555004,-0.04999999701976776,-1.0,-0.0,0.0,0.0,0.0,0.0,0.0,-1.0,-0.0,0.0,0.0,-0.025476505979895592,-0.012044684961438179,-0.022234933450818062,-0.7562360763549805,0.07188492268323898,-0.3557406961917877,-0.5444154739379883,0.0,1.19209286886246e-09,-0.02723044343292713,-0.9343419075012207,0.3563779294490814,0.0,0.0,2.38418573772492e-09,-1.19209286886246e-09,-0.031859468668699265,-0.848213255405426,0.5296549201011658,0.0,0.0,0.0,-3.5762786065873797e-09,-0.023122519254684448,-1.0,-0.0,0.0,0.0,-0.012360505759716034,0.0032300001475960016,-0.016998957842588425,-0.9990482330322266,-0.0,-0.04361938685178757,0.0,-0.002149570034816861,-3.8927792047616094e-06,-0.06502974033355713,-0.9988309741020203,0.0478055477142334,-0.007158844266086817,-0.00034255030914209783,0.0,0.0,-0.03691747412085533,-0.9626495242118835,0.270750492811203,0.0,0.0,-2.38418573772492e-09,-2.98023217215615e-10,-0.02163529396057129,-0.9802854061126709,0.19758692383766174,0.0,0.0,0.0,2.98023217215615e-10,-0.01868978515267372,-1.0,-0.0,0.0,0.0,0.0,0.003969999961555004,-0.017509059980511665,-1.0,-0.0,0.0,0.0,0.0,4.611611075233668e-06,-0.0637909397482872,-0.7259112596511841,0.6877884268760681,0.0,0.0,0.0,2.98023217215615e-10,-0.04460655897855759,-0.6427876353263855,0.7660444974899292,0.0,0.0,0.0,-2.98023217215615e-10,-0.02347646653652191,-0.9396926760673523,0.34202009439468384,0.0,0.0,0.0,0.0,-0.019652195274829865,-1.0,-0.0,0.0,0.0,0.00711638480424881,0.0018999999156221747,-0.016959700733423233,-0.9961947202682495,-0.0,0.08715574443340302,0.0,-0.0005882382392883301,0.0,-0.060253534466028214,-0.7133238315582275,0.6995487809181213,-0.03029705584049225,-0.02971198782324791,1.19209286886246e-09,-1.490116086078075e-10,-0.04255415499210358,-0.6427876353263855,0.7660444974899292,0.0,0.0,-2.38418573772492e-09,0.0,-0.02208789810538292,-0.9063078761100769,0.4226182699203491,0.0,0.0,0.0,0.0,-0.017740869894623756,-1.0,-0.0,0.0,0.0,0.013503451831638813,-0.0037700000684708357,-0.014087309129536152,-0.9914448857307434,-0.0,0.13052619993686676,0.0,0.0048975334502756596,-3.847479547403054e-06,-0.05743739381432533,-0.6765674948692322,0.7343704700469971,-0.042795270681381226,-0.03354250267148018,4.76837147544984e-09,-2.98023217215615e-10,-0.03276757150888443,-0.7071068286895752,0.7071068286895752,0.0,0.0,2.38418573772492e-09,0.0,-0.016709718853235245,-0.8419820070266724,0.5395057201385498,0.0,0.0,0.0,0.0,-0.01388302817940712,-1.0,-0.0,0.0,0.0
1782948383.553739,2026-07-01 19:26:23.553,6616.0,6616,right,0,2,index_point,2,0.0,0.003969999961555004,-0.04999999701976776,-1.0,-0.0,0.0,0.0,0.0,0.0,0.0,-1.0,-0.0,0.0,0.0,-0.025476505979895592,-0.012044684961438179,-0.022234933450818062,-0.7576256990432739,0.06916916370391846,-0.3538466691970825,-0.5440693497657776,0.0,1.19209286886246e-09,-0.02723044343292713,-0.9363033175468445,0.3511923551559448,0.0,0.0,2.38418573772492e-09,-1.19209286886246e-09,-0.031859468668699265,-0.8515328764915466,0.5243012309074402,0.0,0.0,0.0,-3.5762786065873797e-09,-0.023122519254684448,-1.0,-0.0,0.0,0.0,-0.012360505759716034,0.0032300001475960016,-0.016998957842588425,-0.9990482330322266,-0.0,-0.04361938685178757,0.0,-0.002149570034816861,-3.8927792047616094e-06,-0.06502974033355713,-0.9997257590293884,0.02203330397605896,-0.007932240143418312,-0.00017458596266806126,0.0,0.0,-0.03691747412085533,-0.9784014821052551,0.20671357214450836,0.0,0.0,-2.38418573772492e-09,-2.98023217215615e-10,-0.02163529396057129,-0.9836302995681763,0.18019841611385345,0.0,0.0,0.0,2.98023217215615e-10,-0.01868978515267372,-1.0,-0.0,0.0,0.0,0.0,0.003969999961555004,-0.017509059980511665,-1.0,-0.0,0.0,0.0,0.0,4.611611075233668e-06,-0.0637909397482872,-0.7259112596511841,0.6877884268760681,0.0,0.0,0.0,2.98023217215615e-10,-0.04460655897855759,-0.6427876353263855,0.7660444974899292,0.0,0.0,0.0,-2.98023217215615e-10,-0.02347646653652191,-0.9396926760673523,0.34202009439468384,0.0,0.0,0.0,0.0,-0.019652195274829865,-1.0,-0.0,0.0,0.0,0.00711638480424881,0.0018999999156221747,-0.016959700733423233,-0.9961947202682495,-0.0,0.08715574443340302,0.0,-0.0005882382392883301,0.0,-0.060253534466028214,-0.7133238315582275,0.6995487809181213,-0.03029705584049225,-0.02971198782324791,1.19209286886246e-09,-1.490116086078075e-10,-0.04255415499210358,-0.6427876353263855,0.7660444974899292,0.0,0.0,-2.38418573772492e-09,0.0,-0.02208789810538292,-0.9063078761100769,0.4226182699203491,0.0,0.0,0.0,0.0,-0.017740869894623756,-1.0,-0.0,0.0,0.0,0.013503451831638813,-0.0037700000684708357,-0.014087309129536152,-0.9914448857307434,-0.0,0.13052619993686676,0.0,0.0048975334502756596,-3.847479547403054e-06,-0.05743739381432533,-0.6765674948692322,0.7343704700469971,-0.042795270681381226,-0.03354250267148018,4.76837147544984e-09,-2.98023217215615e-10,-0.03276757150888443,-0.7071068286895752,0.7071068286895752,0.0,0.0,2.38418573772492e-09,0.0,-0.016709718853235245,-0.8419820070266724,0.5395057201385498,0.0,0.0,0.0,0.0,-0.01388302817940712,-1.0,-0.0,0.0,0.0
1782948383.5539973,2026-07-01 19:26:23.553,16895.0,16895,left,0,1,index_point,2,0.0,0.003969999961555004,-0.04999999701976776,-1.0,-0.0,0.0,0.0,0.0,0.0,0.0,-1.0,-0.0,0.0,0.0,0.025476500391960144,-0.012044699862599373,-0.022234899923205376,-0.7563644051551819,0.02038903534412384,0.36610403656959534,0.5417242050170898,-5.7220457705398076e-08,-4.3511388270189855e-08,-0.027230437844991684,-0.9535136222839355,0.30135002732276917,0.0,0.0,3.5762786065873797e-09,6.318092005130893e-08,-0.031859491020441055,-0.8832296133041382,0.4689408838748932,0.0,0.0,2.384185648907078e-08,0.0,-0.023122519254684448,-1.0,-0.0,0.0,0.0,0.012359999120235443,0.0032300001475960016,-0.017000000923871994,-0.9990482330322266,-0.0,0.04361938685178757,0.0,0.0021501504816114902,-3.890097104886081e-06,-0.06502876430749893,-0.9999619722366333,-0.0,0.008726557716727257,0.0,-9.53674295089968e-09,-9.53674295089968e-09,-0.036917347460985184,-0.9993493556976318,0.0360686257481575,0.0,0.0,-2.8610228852699038e-08,-2.98023217215615e-10,-0.0216355137526989,-0.999281644821167,0.037897396832704544,0.0,0.0,1.2636184010261786e-07,2.98023217215615e-10,-0.018689393997192383,-1.0,-0.0,0.0,0.0,0.0,0.003969999961555004,-0.01750910095870495,-1.0,-0.0,0.0,0.0,0.0,4.610121322912164e-06,-0.06379090249538422,-0.8750227689743042,0.48408180475234985,0.0,0.0,0.0,2.98023217215615e-10,-0.044606998562812805,-0.6822461485862732,0.7311225533485413,0.0,0.0,0.0,0.0,-0.023475991562008858,-0.9419345855712891,0.3357965350151062,0.0,0.0,0.0,0.0,-0.019651994109153748,-1.0,-0.0,0.0,0.0,-0.00711638992652297,0.0018999999156221747,-0.016959700733423233,-0.9961947202682495,-0.0,-0.08715574443340302,0.0,0.0005882433033548295,0.0,-0.060253534466028214,-0.8640255928039551,0.50284343957901,0.02131691575050354,0.01240596640855074,-1.1086464013487785e-07,-1.490116086078075e-10,-0.04255366697907448,-0.67490553855896,0.7379041314125061,0.0,0.0,4.5299529460862686e-08,0.0,-0.022088106721639633,-0.9119402170181274,0.4103231132030487,0.0,0.0,-1.4305114426349519e-08,0.0,-0.017740696668624878,-1.0,-0.0,0.0,0.0,-0.013503500260412693,-0.0037700000684708357,-0.014087299816310406,-0.9914448857307434,-0.0,-0.13052619993686676,0.0,-0.004897483624517918,-3.8501621020259336e-06,-0.05743739381432533,-0.8281213045120239,0.559194028377533,0.003430749289691448,0.03879908099770546,5.4836270635405526e-08,-2.98023217215615e-10,-0.03276759013533592,-0.7227439880371094,0.6911159157752991,0.0,0.0,-9.298324243900424e-08,0.0,-0.01670967973768711,-0.8516139388084412,0.5241695642471313,0.0,0.0,6.19888282926695e-08,0.0,-0.013883084990084171,-1.0,-0.0,0.0,0.0
1782948383.7634428,2026-07-01 19:26:23.763,16897.0,16897,left,0,1,index_point,2,0.0,0.003969999961555004,-0.04999999701976776,-1.0,-0.0,0.0,0.0,0.0,0.0,0.0,-1.0,-0.0,0.0,0.0,0.025476500391960144,-0.012044699862599373,-0.022234899923205376,-0.757080078125,0.018283918499946594,0.36522090435028076,0.5413955450057983,-5.7220457705398076e-08,-4.3511388270189855e-08,-0.027230437844991684,-0.9545698165893555,0.29798731207847595,0.0,0.0,3.5762786065873797e-09,6.318092005130893e-08,-0.031859491020441055,-0.8853204250335693,0.46498143672943115,0.0,0.0,2.384185648907078e-08,0.0,-0.023122519254684448,-1.0,-0.0,0.0,0.0,0.012359999120235443,0.0032300001475960016,-0.017000000923871994,-0.9990482330322266,-0.0,0.04361938685178757,0.0,0.0021501504816114902,-3.890097104886081e-06,-0.06502876430749893,-0.9999619722366333,-0.0,0.008726557716727257,0.0,-9.53674295089968e-09,-9.53674295089968e-09,-0.036917347460985184,-0.9993493556976318,0.0360686257481575,0.0,0.0,-2.8610228852699038e-08,-2.98023217215615e-10,-0.0216355137526989,-0.999281644821167,0.037897396832704544,0.0,0.0,1.2636184010261786e-07,2.98023217215615e-10,-0.018689393997192383,-1.0,-0.0,0.0,0.0,0.0,0.003969999961555004,-0.01750910095870495,-1.0,-0.0,0.0,0.0,0.0,4.610121322912164e-06,-0.06379090249538422,-0.8750227689743042,0.48408180475234985,0.0,0.0,0.0,2.98023217215615e-10,-0.044606998562812805,-0.6822461485862732,0.7311225533485413,0.0,0.0,0.0,0.0,-0.023475991562008858,-0.9419345855712891,0.3357965350151062,0.0,0.0,0.0,0.0,-0.019651994109153748,-1.0,-0.0,0.0,0.0,-0.00711638992652297,0.0018999999156221747,-0.016959700733423233,-0.9961947202682495,-0.0,-0.08715574443340302,0.0,0.0005882433033548295,0.0,-0.060253534466028214,-0.8640255928039551,0.50284343957901,0.02131691575050354,0.01240596640855074,-1.1086464013487785e-07,-1.490116086078075e-10,-0.04255366697907448,-0.67490553855896,0.7379041314125061,0.0,0.0,4.5299529460862686e-08,0.0,-0.022088106721639633,-0.9119402170181274,0.4103231132030487,0.0,0.0,-1.4305114426349519e-08,0.0,-0.017740696668624878,-1.0,-0.0,0.0,0.0,-0.013503500260412693,-0.0037700000684708357,-0.014087299816310406,-0.9914448857307434,-0.0,-0.13052619993686676,0.0,-0.004897483624517918,-3.8501621020259336e-06,-0.05743739381432533,-0.8281213045120239,0.559194028377533,0.003430749289691448,0.03879908099770546,5.4836270635405526e-08,-2.98023217215615e-10,-0.03276759013533592,-0.7227439880371094,0.6911159157752991,0.0,0.0,-9.298324243900424e-08,0.0,-0.01670967973768711,-0.8516139388084412,0.5241695642471313,0.0,0.0,6.19888282926695e-08,0.0,-0.013883084990084171,-1.0,-0.0,0.0,0.0
1782948383.763661,2026-07-01 19:26:23.763,6629.0,6629,right,0,2,index_point,2,0.0,0.003969999961555004,-0.04999999701976776,-1.0,-0.0,0.0,0.0,0.0,0.0,0.0,-1.0,-0.0,0.0,0.0,-0.025476505979895592,-0.012044684961438179,-0.022234933450818062,-0.7579024434089661,0.06862589716911316,-0.3534673750400543,-0.5439992547035217,0.0,1.19209286886246e-09,-0.02723044343292713,-0.9366921782493591,0.35015398263931274,0.0,0.0,2.38418573772492e-09,-1.19209286886246e-09,-0.031859468668699265,-0.8521928191184998,0.5232279300689697,0.0,0.0,0.0,-3.5762786065873797e-09,-0.023122519254684448,-1.0,-0.0,0.0,0.0,-0.012360505759716034,0.0032300001475960016,-0.016998957842588425,-0.9990482330322266,-0.0,-0.04361938685178757,0.0,-0.002149570034816861,-3.8927792047616094e-06,-0.06502974033355713,-0.9999061822891235,0.010886109434068203,-0.008315498009324074,-9.04799671843648e-05,0.0,0.0,-0.03691747412085533,-0.984684944152832,0.17434337735176086,0.0,0.0,-2.38418573772492e-09,-2.98023217215615e-10,-0.02163529396057129,-0.9860348701477051,0.16653910279273987,0.0,0.0,0.0,2.98023217215615e-10,-0.01868978515267372,-1.0,-0.0,0.0,0.0,0.0,0.003969999961555004,-0.017509059980511665,-1.0,-0.0,0.0,0.0,0.0,4.611611075233668e-06,-0.0637909397482872,-0.7292525768280029,0.6842445731163025,0.0,0.0,0.0,2.98023217215615e-10,-0.04460655897855759,-0.6427876353263855,0.7660444974899292,0.0,0.0,0.0,-2.98023217215615e-10,-0.02347646653652191,-0.9396926760673523,0.34202009439468384,0.0,0.0,0.0,0.0,-0.019652195274829865,-1.0,-0.0,0.0,0.0,0.00711638480424881,0.0018999999156221747,-0.016959700733423233,-0.9961947202682495,-0.0,0.08715574443340302,0.0,-0.0005882382392883301,0.0,-0.060253534466028214,-0.7133238315582275,0.6995487809181213,-0.03029705584049225,-0.02971198782324791,1.19209286886246e-09,-1.490116086078075e-10,-0.04255415499210358,-0.6427876353263855,0.7660444974899292,0.0,0.0,-2.38418573772492e-09,0.0,-0.02208789810538292,-0.9063078761100769,0.4226182699203491,0.0,0.0,0.0,0.0,-0.017740869894623756,-1.0,-0.0,0.0,0.0,0.013503451831638813,-0.0037700000684708357,-0.014087309129536152,-0.9914448857307434,-0.0,0.13052619993686676,0.0,0.0048975334502756596,-3.847479547403054e-06,-0.05743739381432533,-0.6765674948692322,0.7343704700469971,-0.042795270681381226,-0.03354250267148018,4.76837147544984e-09,-2.98023217215615e-10,-0.03276757150888443,-0.7071068286895752,0.7071068286895752,0.0,0.0,2.38418573772492e-09,0.0,-0.016709718853235245,-0.8419820070266724,0.5395057201385498,0.0,0.0,0.0,0.0,-0.01388302817940712,-1.0,-0.0,0.0,0.0
1782948383.9687061,2026-07-01 19:26:23.968,16899.0,16899,left,0,1,index_point,2,0.0,0.003969999961555004,-0.04999999701976776,-1.0,-0.0,0.0,0.0,0.0,0.0,0.0,-1.0,-0.0,0.0,0.0,0.025476500391960144,-0.012044699862599373,-0.022234899923205376,-0.757080078125,0.018283918499946594,0.36522090435028076,0.5413955450057983,-5.7220457705398076e-08,-4.3511388270189855e-08,-0.027230437844991684,-0.9545698165893555,0.29798731207847595,0.0,0.0,3.5762786065873797e-09,6.318092005130893e-08,-0.031859491020441055,-0.8853204250335693,0.46498143672943115,0.0,0.0,2.384185648907078e-08,0.0,-0.023122519254684448,-1.0,-0.0,0.0,0.0,0.012359999120235443,0.0032300001475960016,-0.017000000923871994,-0.9990482330322266,-0.0,0.04361938685178757,0.0,0.0021501504816114902,-3.890097104886081e-06,-0.06502876430749893,-0.9999619722366333,-0.0,0.008726557716727257,0.0,-9.53674295089968e-09,-9.53674295089968e-09,-0.036917347460985184,-0.9993493556976318,0.0360686257481575,0.0,0.0,-2.8610228852699038e-08,-2.98023217215615e-10,-0.0216355137526989,-0.999281644821167,0.037897396832704544,0.0,0.0,1.2636184010261786e-07,2.98023217215615e-10,-0.018689393997192383,-1.0,-0.0,0.0,0.0,0.0,0.003969999961555004,-0.01750910095870495,-1.0,-0.0,0.0,0.0,0.0,4.610121322912164e-06,-0.06379090249538422,-0.8802770972251892,0.4744599461555481,0.0,0.0,0.0,2.98023217215615e-10,-0.044606998562812805,-0.6861404180526733,0.7274692058563232,0.0,0.0,0.0,0.0,-0.023475991562008858,-0.9421772360801697,0.3351150453090668,0.0,0.0,0.0,0.0,-0.019651994109153748,-1.0,-0.0,0.0,0.0,-0.00711638992652297,0.0018999999156221747,-0.016959700733423233,-0.9961947202682495,-0.0,-0.08715574443340302,0.0,0.0005882433033548295,0.0,-0.060253534466028214,-0.8640255928039551,0.50284343957901,0.02131691575050354,0.01240596640855074,-1.1086464013487785e-07,-1.490116086078075e-10,-0.04255366697907448,-0.67490553855896,0.7379041314125061,0.0,0.0,4.5299529460862686e-08,0.0,-0.022088106721639633,-0.9119402170181274,0.4103231132030487,0.0,0.0,-1.4305114426349519e-08,0.0,-0.017740696668624878,-1.0,-0.0,0.0,0.0,-0.013503500260412693,-0.0037700000684708357,-0.014087299816310406,-0.9914448857307434,-0.0,-0.13052619993686676,0.0,-0.004897483624517918,-3.8501621020259336e-06,-0.05743739381432533,-0.8281213045120239,0.559194028377533,0.003430749289691448,0.03879908099770546,5.4836270635405526e-08,-2.98023217215615e-10,-0.03276759013533592,-0.7227439880371094,0.6911159157752991,0.0,0.0,-9.298324243900424e-08,0.0,-0.01670967973768711,-0.8516139388084412,0.5241695642471313,0.0,0.0,6.19888282926695e-08,0.0,-0.013883084990084171,-1.0,-0.0,0.0,0.0
1782948383.9692242,2026-07-01 19:26:23.969,6640.0,6640,right,0,2,index_point,2,0.0,0.003969999961555004,-0.04999999701976776,-1.0,-0.0,0.0,0.0,0.0,0.0,0.0,-1.0,-0.0,0.0,0.0,-0.025476505979895592,-0.012044684961438179,-0.022234933450818062,-0.7592079043388367,0.06596606224775314,-0.3516830801963806,-0.5436643958091736,0.0,1.19209286886246e-09,-0.02723044343292713,-0.9385390877723694,0.3451730012893677,0.0,0.0,2.38418573772492e-09,-1.19209286886246e-09,-0.031859468668699265,-0.8553847074508667,0.5179932713508606,0.0,0.0,0.0,-3.5762786065873797e-09,-0.023122519254684448,-1.0,-0.0,0.0,0.0,-0.012360505759716034,0.0032300001475960016,-0.016998957842588425,-0.9990482330322266,-0.0,-0.04361938685178757,0.0,-0.002149570034816861,-3.8927792047616094e-06,-0.06502974033355713,-0.999955952167511,0.00380899291485548,-0.008577260188758373,-3.2646941690472886e-05,0.0,0.0,-0.03691747412085533,-0.9890424013137817,0.14763151109218597,0.0,0.0,-2.38418573772492e-09,-2.98023217215615e-10,-0.02163529396057129,-0.9884790778160095,0.15135744214057922,0.0,0.0,0.0,2.98023217215615e-10,-0.01868978515267372,-1.0,-0.0,0.0,0.0,0.0,0.003969999961555004,-0.017509059980511665,-1.0,-0.0,0.0,0.0,0.0,4.611611075233668e-06,-0.0637909397482872,-0.7298485636711121,0.6836089491844177,0.0,0.0,0.0,2.98023217215615e-10,-0.04460655897855759,-0.6427876353263855,0.7660444974899292,0.0,0.0,0.0,-2.98023217215615e-10,-0.02347646653652191,-0.9396926760673523,0.34202009439468384,0.0,0.0,0.0,0.0,-0.019652195274829865,-1.0,-0.0,0.0,0.0,0.00711638480424881,0.0018999999156221747,-0.016959700733423233,-0.9961947202682495,-0.0,0.08715574443340302,0.0,-0.0005882382392883301,0.0,-0.060253534466028214,-0.7133238315582275,0.6995487809181213,-0.03029705584049225,-0.02971198782324791,1.19209286886246e-09,-1.490116086078075e-10,-0.04255415499210358,-0.6427876353263855,0.7660444974899292,0.0,0.0,-2.38418573772492e-09,0.0,-0.02208789810538292,-0.9063078761100769,0.4226182699203491,0.0,0.0,0.0,0.0,-0.017740869894623756,-1.0,-0.0,0.0,0.0,0.013503451831638813,-0.0037700000684708357,-0.014087309129536152,-0.9914448857307434,-0.0,0.13052619993686676,0.0,0.0048975334502756596,-3.847479547403054e-06,-0.05743739381432533,-0.6765674948692322,0.7343704700469971,-0.042795270681381226,-0.03354250267148018,4.76837147544984e-09,-2.98023217215615e-10,-0.03276757150888443,-0.7071068286895752,0.7071068286895752,0.0,0.0,2.38418573772492e-09,0.0,-0.016709718853235245,-0.8419820070266724,0.5395057201385498,0.0,0.0,0.0,0.0,-0.01388302817940712,-1.0,-0.0,0.0,0.0
1782948384.1758914,2026-07-01 19:26:24.175,16900.0,16900,left,0,1,index_point,2,0.0,0.003969999961555004,-0.04999999701976776,-1.0,-0.0,0.0,0.0,0.0,0.0,0.0,-1.0,-0.0,0.0,0.0,0.025476500391960144,-0.012044699862599373,-0.022234899923205376,-0.757080078125,0.018283918499946594,0.36522090435028076,0.5413955450057983,-5.7220457705398076e-08,-4.3511388270189855e-08,-0.027230437844991684,-0.9545698165893555,0.29798731207847595,0.0,0.0,3.5762786065873797e-09,6.318092005130893e-08,-0.031859491020441055,-0.8853204250335693,0.46498143672943115,0.0,0.0,2.384185648907078e-08,0.0,-0.023122519254684448,-1.0,-0.0,0.0,0.0,0.012359999120235443,0.0032300001475960016,-0.017000000923871994,-0.9990482330322266,-0.0,0.04361938685178757,0.0,0.0021501504816114902,-3.890097104886081e-06,-0.06502876430749893,-0.9999619722366333,-0.0,0.008726557716727257,0.0,-9.53674295089968e-09,-9.53674295089968e-09,-0.036917347460985184,-0.9993493556976318,0.0360686257481575,0.0,0.0,-2.8610228852699038e-08,-2.98023217215615e-10,-0.0216355137526989,-0.999281644821167,0.037897396832704544,0.0,0.0,1.2636184010261786e-07,2.98023217215615e-10,-0.018689393997192383,-1.0,-0.0,0.0,0.0,0.0,0.003969999961555004,-0.01750910095870495,-1.0,-0.0,0.0,0.0,0.0,4.610121322912164e-06,-0.06379090249538422,-0.8750227689743042,0.48408180475234985,0.0,0.0,0.0,2.98023217215615e-10,-0.044606998562812805,-0.6822461485862732,0.7311225533485413,0.0,0.0,0.0,0.0,-0.023475991562008858,-0.9419345855712891,0.3357965350151062,0.0,0.0,0.0,0.0,-0.019651994109153748,-1.0,-0.0,0.0,0.0,-0.00711638992652297,0.0018999999156221747,-0.016959700733423233,-0.9961947202682495,-0.0,-0.08715574443340302,0.0,0.0005882433033548295,0.0,-0.060253534466028214,-0.8640255928039551,0.50284343957901,0.02131691575050354,0.01240596640855074,-1.1086464013487785e-07,-1.490116086078075e-10,-0.04255366697907448,-0.67490553855896,0.7379041314125061,0.0,0.0,4.5299529460862686e-08,0.0,-0.022088106721639633,-0.9119402170181274,0.4103231132030487,0.0,0.0,-1.4305114426349519e-08,0.0,-0.017740696668624878,-1.0,-0.0,0.0,0.0,-0.013503500260412693,-0.0037700000684708357,-0.014087299816310406,-0.9914448857307434,-0.0,-0.13052619993686676,0.0,-0.004897483624517918,-3.8501621020259336e-06,-0.05743739381432533,-0.8281213045120239,0.559194028377533,0.003430749289691448,0.03879908099770546,5.4836270635405526e-08,-2.98023217215615e-10,-0.03276759013533592,-0.7227439880371094,0.6911159157752991,0.0,0.0,-9.298324243900424e-08,0.0,-0.01670967973768711,-0.8516139388084412,0.5241695642471313,0.0,0.0,6.19888282926695e-08,0.0,-0.013883084990084171,-1.0,-0.0,0.0,0.0
1782948384.1871552,2026-07-01 19:26:24.187,6653.0,6653,right,0,2,index_point,2,0.0,0.003969999961555004,-0.04999999701976776,-1.0,-0.0,0.0,0.0,0.0,0.0,0.0,-1.0,-0.0,0.0,0.0,-0.025476505979895592,-0.012044684961438179,-0.022234933450818062,-0.7605682611465454,0.06309042870998383,-0.3498203158378601,-0.5433059930801392,0.0,1.19209286886246e-09,-0.02723044343292713,-0.9404690265655518,0.33987945318222046,0.0,0.0,2.38418573772492e-09,-1.19209286886246e-09,-0.031859468668699265,-0.8587809205055237,0.5123430490493774,0.0,0.0,0.0,-3.5762786065873797e-09,-0.023122519254684448,-1.0,-0.0,0.0,0.0,-0.012360505759716034,0.0032300001475960016,-0.016998957842588425,-0.9990482330322266,-0.0,-0.04361938685178757,0.0,-0.002149570034816861,-3.8927792047616094e-06,-0.06502974033355713,-0.9999619722366333,0.0006016226252540946,-0.008702308870851994,-5.235704975348199e-06,0.0,0.0,-0.03691747412085533,-0.9918010234832764,0.12779204547405243,0.0,0.0,-2.38418573772492e-09,-2.98023217215615e-10,-0.02163529396057129,-0.9905000925064087,0.1375121772289276,0.0,0.0,0.0,2.98023217215615e-10,-0.01868978515267372,-1.0,-0.0,0.0,0.0,0.0,0.003969999961555004,-0.017509059980511665,-1.0,-0.0,0.0,0.0,0.0,4.611611075233668e-06,-0.0637909397482872,-0.7328198552131653,0.6804227828979492,0.0,0.0,0.0,2.98023217215615e-10,-0.04460655897855759,-0.6427876353263855,0.7660444974899292,0.0,0.0,0.0,-2.98023217215615e-10,-0.02347646653652191,-0.9396926760673523,0.34202009439468384,0.0,0.0,0.0,0.0,-0.019652195274829865,-1.0,-0.0,0.0,0.0,0.00711638480424881,0.0018999999156221747,-0.016959700733423233,-0.9961947202682495,-0.0,0.08715574443340302,0.0,-0.0005882382392883301,0.0,-0.060253534466028214,-0.7133238315582275,0.6995487809181213,-0.03029705584049225,-0.02971198782324791,1.19209286886246e-09,-1.490116086078075e-10,-0.04255415499210358,-0.6427876353263855,0.7660444974899292,0.0,0.0,-2.38418573772492e-09,0.0,-0.02208789810538292,-0.9063078761100769,0.4226182699203491,0.0,0.0,0.0,0.0,-0.017740869894623756,-1.0,-0.0,0.0,0.0,0.013503451831638813,-0.0037700000684708357,-0.014087309129536152,-0.9914448857307434,-0.0,0.13052619993686676,0.0,0.0048975334502756596,-3.847479547403054e-06,-0.05743739381432533,-0.6765674948692322,0.7343704700469971,-0.042795270681381226,-0.03354250267148018,4.76837147544984e-09,-2.98023217215615e-10,-0.03276757150888443,-0.7071068286895752,0.7071068286895752,0.0,0.0,2.38418573772492e-09,0.0,-0.016709718853235245,-0.8419820070266724,0.5395057201385498,0.0,0.0,0.0,0.0,-0.01388302817940712,-1.0,-0.0,0.0,0.0
1782948384.3822074,2026-07-01 19:26:24.382,16902.0,16902,left,0,1,index_point,2,0.0,0.003969999961555004,-0.04999999701976776,-1.0,-0.0,0.0,0.0,0.0,0.0,0.0,-1.0,-0.0,0.0,0.0,0.025476500391960144,-0.012044699862599373,-0.022234899923205376,-0.7563644051551819,0.02038903534412384,0.36610403656959534,0.5417242050170898,-5.7220457705398076e-08,-4.3511388270189855e-08,-0.027230437844991684,-0.9535136222839355,0.30135002732276917,0.0,0.0,3.5762786065873797e-09,6.318092005130893e-08,-0.031859491020441055,-0.8832296133041382,0.4689408838748932,0.0,0.0,2.384185648907078e-08,0.0,-0.023122519254684448,-1.0,-0.0,0.0,0.0,0.012359999120235443,0.0032300001475960016,-0.017000000923871994,-0.9990482330322266,-0.0,0.04361938685178757,0.0,0.0021501504816114902,-3.890097104886081e-06,-0.06502876430749893,-0.9999619722366333,-0.0,0.008726557716727257,0.0,-9.53674295089968e-09,-9.53674295089968e-09,-0.036917347460985184,-0.9993493556976318,0.0360686257481575,0.0,0.0,-2.8610228852699038e-08,-2.98023217215615e-10,-0.0216355137526989,-0.999281644821167,0.037897396832704544,0.0,0.0,1.2636184010261786e-07,2.98023217215615e-10,-0.018689393997192383,-1.0,-0.0,0.0,0.0,0.0,0.003969999961555004,-0.01750910095870495,-1.0,-0.0,0.0,0.0,0.0,4.610121322912164e-06,-0.06379090249538422,-0.8750227689743042,0.48408180475234985,0.0,0.0,0.0,2.98023217215615e-10,-0.044606998562812805,-0.6822461485862732,0.7311225533485413,0.0,0.0,0.0,0.0,-0.023475991562008858,-0.9419345855712891,0.3357965350151062,0.0,0.0,0.0,0.0,-0.019651994109153748,-1.0,-0.0,0.0,0.0,-0.00711638992652297,0.0018999999156221747,-0.016959700733423233,-0.9961947202682495,-0.0,-0.08715574443340302,0.0,0.0005882433033548295,0.0,-0.060253534466028214,-0.8640255928039551,0.50284343957901,0.02131691575050354,0.01240596640855074,-1.1086464013487785e-07,-1.490116086078075e-10,-0.04255366697907448,-0.67490553855896,0.7379041314125061,0.0,0.0,4.5299529460862686e-08,0.0,-0.022088106721639633,-0.9119402170181274,0.4103231132030487,0.0,0.0,-1.4305114426349519e-08,0.0,-0.017740696668624878,-1.0,-0.0,0.0,0.0,-0.013503500260412693,-0.0037700000684708357,-0.014087299816310406,-0.9914448857307434,-0.0,-0.13052619993686676,0.0,-0.004897483624517918,-3.8501621020259336e-06,-0.05743739381432533,-0.8281213045120239,0.559194028377533,0.003430749289691448,0.03879908099770546,5.4836270635405526e-08,-2.98023217215615e-10,-0.03276759013533592,-0.7227439880371094,0.6911159157752991,0.0,0.0,-9.298324243900424e-08,0.0,-0.01670967973768711,-0.8516139388084412,0.5241695642471313,0.0,0.0,6.19888282926695e-08,0.0,-0.013883084990084171,-1.0,-0.0,0.0,0.0
1782948384.403454,2026-07-01 19:26:24.403,6666.0,6666,right,0,2,index_point,2,0.0,0.003969999961555004,-0.04999999701976776,-1.0,-0.0,0.0,0.0,0.0,0.0,0.0,-1.0,-0.0,0.0,0.0,-0.025476505979895592,-0.012044684961438179,-0.022234933450818062,-0.7625156044960022,0.058802057057619095,-0.34714338183403015,-0.5427742004394531,0.0,1.19209286886246e-09,-0.02723044343292713,-0.9432358741760254,0.332123726606369,0.0,0.0,2.38418573772492e-09,-1.19209286886246e-09,-0.031859468668699265,-0.8637479543685913,0.5039241313934326,0.0,0.0,0.0,-3.5762786065873797e-09,-0.023122519254684448,-1.0,-0.0,0.0,0.0,-0.012360505759716034,0.0032300001475960016,-0.016998957842588425,-0.9990482330322266,-0.0,-0.04361938685178757,0.0,-0.002149570034816861,-3.8927792047616094e-06,-0.06502974033355713,-0.9999619722366333,-0.0,-0.008726464584469795,0.0,0.0,0.0,-0.03691747412085533,-0.9957239031791687,0.09237968921661377,0.0,0.0,-2.38418573772492e-09,-2.98023217215615e-10,-0.02163529396057129,-0.9943580627441406,0.10607578605413437,0.0,0.0,0.0,2.98023217215615e-10,-0.01868978515267372,-1.0,-0.0,0.0,0.0,0.0,0.003969999961555004,-0.017509059980511665,-1.0,-0.0,0.0,0.0,0.0,4.611611075233668e-06,-0.0637909397482872,-0.7334517240524292,0.6797415614128113,0.0,0.0,0.0,2.98023217215615e-10,-0.04460655897855759,-0.6427876353263855,0.7660444974899292,0.0,0.0,0.0,-2.98023217215615e-10,-0.02347646653652191,-0.9396926760673523,0.34202009439468384,0.0,0.0,0.0,0.0,-0.019652195274829865,-1.0,-0.0,0.0,0.0,0.00711638480424881,0.0018999999156221747,-0.016959700733423233,-0.9961947202682495,-0.0,0.08715574443340302,0.0,-0.0005882382392883301,0.0,-0.060253534466028214,-0.7133238315582275,0.6995487809181213,-0.03029705584049225,-0.02971198782324791,1.19209286886246e-09,-1.490116086078075e-10,-0.04255415499210358,-0.6427876353263855,0.7660444974899292,0.0,0.0,-2.38418573772492e-09,0.0,-0.02208789810538292,-0.9063078761100769,0.4226182699203491,0.0,0.0,0.0,0.0,-0.017740869894623756,-1.0,-0.0,0.0,0.0,0.013503451831638813,-0.0037700000684708357,-0.014087309129536152,-0.9914448857307434,-0.0,0.13052619993686676,0.0,0.0048975334502756596,-3.847479547403054e-06,-0.05743739381432533,-0.6765674948692322,0.7343704700469971,-0.042795270681381226,-0.03354250267148018,4.76837147544984e-09,-2.98023217215615e-10,-0.03276757150888443,-0.7071068286895752,0.7071068286895752,0.0,0.0,2.38418573772492e-09,0.0,-0.016709718853235245,-0.8419820070266724,0.5395057201385498,0.0,0.0,0.0,0.0,-0.01388302817940712,-1.0,-0.0,0.0,0.0
1782948384.601791,2026-07-01 19:26:24.601,16904.0,16904,left,0,1,index_point,2,0.0,0.003969999961555004,-0.04999999701976776,-1.0,-0.0,0.0,0.0,0.0,0.0,0.0,-1.0,-0.0,0.0,0.0,0.025476500391960144,-0.012044699862599373,-0.022234899923205376,-0.7563644051551819,0.02038903534412384,0.36610403656959534,0.5417242050170898,-5.7220457705398076e-08,-4.3511388270189855e-08,-0.027230437844991684,-0.9535136222839355,0.30135002732276917,0.0,0.0,3.5762786065873797e-09,6.318092005130893e-08,-0.031859491020441055,-0.8832296133041382,0.4689408838748932,0.0,0.0,2.384185648907078e-08,0.0,-0.023122519254684448,-1.0,-0.0,0.0,0.0,0.012359999120235443,0.0032300001475960016,-0.017000000923871994,-0.9990482330322266,-0.0,0.04361938685178757,0.0,0.0021501504816114902,-3.890097104886081e-06,-0.06502876430749893,-0.9999619722366333,-0.0,0.008726557716727257,0.0,-9.53674295089968e-09,-9.53674295089968e-09,-0.036917347460985184,-0.9993493556976318,0.0360686257481575,0.0,0.0,-2.8610228852699038e-08,-2.98023217215615e-10,-0.0216355137526989,-0.999281644821167,0.037897396832704544,0.0,0.0,1.2636184010261786e-07,2.98023217215615e-10,-0.018689393997192383,-1.0,-0.0,0.0,0.0,0.0,0.003969999961555004,-0.01750910095870495,-1.0,-0.0,0.0,0.0,0.0,4.610121322912164e-06,-0.06379090249538422,-0.8750227689743042,0.48408180475234985,0.0,0.0,0.0,2.98023217215615e-10,-0.044606998562812805,-0.6822461485862732,0.7311225533485413,0.0,0.0,0.0,0.0,-0.023475991562008858,-0.9419345855712891,0.3357965350151062,0.0,0.0,0.0,0.0,-0.019651994109153748,-1.0,-0.0,0.0,0.0,-0.00711638992652297,0.0018999999156221747,-0.016959700733423233,-0.9961947202682495,-0.0,-0.08715574443340302,0.0,0.0005882433033548295,0.0,-0.060253534466028214,-0.8640255928039551,0.50284343957901,0.02131691575050354,0.01240596640855074,-1.1086464013487785e-07,-1.490116086078075e-10,-0.04255366697907448,-0.67490553855896,0.7379041314125061,0.0,0.0,4.5299529460862686e-08,0.0,-0.022088106721639633,-0.9119402170181274,0.4103231132030487,0.0,0.0,-1.4305114426349519e-08,0.0,-0.017740696668624878,-1.0,-0.0,0.0,0.0,-0.013503500260412693,-0.0037700000684708357,-0.014087299816310406,-0.9914448857307434,-0.0,-0.13052619993686676,0.0,-0.004897483624517918,-3.8501621020259336e-06,-0.05743739381432533,-0.8281213045120239,0.559194028377533,0.003430749289691448,0.03879908099770546,5.4836270635405526e-08,-2.98023217215615e-10,-0.03276759013533592,-0.7227439880371094,0.6911159157752991,0.0,0.0,-9.298324243900424e-08,0.0,-0.01670967973768711,-0.8516139388084412,0.5241695642471313,0.0,0.0,6.19888282926695e-08,0.0,-0.013883084990084171,-1.0,-0.0,0.0,0.0
1782948384.6142714,2026-07-01 19:26:24.614,6678.0,6678,right,0,2,index_point,2,0.0,0.003969999961555004,-0.04999999701976776,-1.0,-0.0,0.0,0.0,0.0,0.0,0.0,-1.0,-0.0,0.0,0.0,-0.025476505979895592,-0.012044684961438179,-0.022234933450818062,-0.7643654346466064,0.05451740324497223,-0.34459057450294495,-0.5422459840774536,0.0,1.19209286886246e-09,-0.02723044343292713,-0.945871114730835,0.3245426416397095,0.0,0.0,2.38418573772492e-09,-1.19209286886246e-09,-0.031859468668699265,-0.8685944080352783,0.49552375078201294,0.0,0.0,0.0,-3.5762786065873797e-09,-0.023122519254684448,-1.0,-0.0,0.0,0.0,-0.012360505759716034,0.0032300001475960016,-0.016998957842588425,-0.9990482330322266,-0.0,-0.04361938685178757,0.0,-0.002149570034816861,-3.8927792047616094e-06,-0.06502974033355713,-0.9999619722366333,-0.0,-0.008726464584469795,0.0,0.0,0.0,-0.03691747412085533,-0.9969634413719177,0.07787134498357773,0.0,0.0,-2.38418573772492e-09,-2.98023217215615e-10,-0.02163529396057129,-0.99588942527771,0.09057734161615372,0.0,0.0,0.0,2.98023217215615e-10,-0.01868978515267372,-1.0,-0.0,0.0,0.0,0.0,0.003969999961555004,-0.017509059980511665,-1.0,-0.0,0.0,0.0,0.0,4.611611075233668e-06,-0.0637909397482872,-0.7366015911102295,0.6763269305229187,0.0,0.0,0.0,2.98023217215615e-10,-0.04460655897855759,-0.6427876353263855,0.7660444974899292,0.0,0.0,0.0,-2.98023217215615e-10,-0.02347646653652191,-0.9396926760673523,0.34202009439468384,0.0,0.0,0.0,0.0,-0.019652195274829865,-1.0,-0.0,0.0,0.0,0.00711638480424881,0.0018999999156221747,-0.016959700733423233,-0.9961947202682495,-0.0,0.08715574443340302,0.0,-0.0005882382392883301,0.0,-0.060253534466028214,-0.7133238315582275,0.6995487809181213,-0.03029705584049225,-0.02971198782324791,1.19209286886246e-09,-1.490116086078075e-10,-0.04255415499210358,-0.6427876353263855,0.7660444974899292,0.0,0.0,-2.38418573772492e-09,0.0,-0.02208789810538292,-0.9063078761100769,0.4226182699203491,0.0,0.0,0.0,0.0,-0.017740869894623756,-1.0,-0.0,0.0,0.0,0.013503451831638813,-0.0037700000684708357,-0.014087309129536152,-0.9914448857307434,-0.0,0.13052619993686676,0.0,0.0048975334502756596,-3.847479547403054e-06,-0.05743739381432533,-0.6765674948692322,0.7343704700469971,-0.042795270681381226,-0.03354250267148018,4.76837147544984e-09,-2.98023217215615e-10,-0.03276757150888443,-0.7071068286895752,0.7071068286895752,0.0,0.0,2.38418573772492e-09,0.0,-0.016709718853235245,-0.8419820070266724,0.5395057201385498,0.0,0.0,0.0,0.0,-0.01388302817940712,-1.0,-0.0,0.0,0.0
1782948384.8229406,2026-07-01 19:26:24.822,16906.0,16906,left,0,1,index_point,2,0.0,0.003969999961555004,-0.04999999701976776,-1.0,-0.0,0.0,0.0,0.0,0.0,0.0,-1.0,-0.0,0.0,0.0,0.025476500391960144,-0.012044699862599373,-0.022234899923205376,-0.7563644051551819,0.02038903534412384,0.36610403656959534,0.5417242050170898,-5.7220457705398076e-08,-4.3511388270189855e-08,-0.027230437844991684,-0.9535136222839355,0.30135002732276917,0.0,0.0,3.5762786065873797e-09,6.318092005130893e-08,-0.031859491020441055,-0.8832296133041382,0.4689408838748932,0.0,0.0,2.384185648907078e-08,0.0,-0.023122519254684448,-1.0,-0.0,0.0,0.0,0.012359999120235443,0.0032300001475960016,-0.017000000923871994,-0.9990482330322266,-0.0,0.04361938685178757,0.0,0.0021501504816114902,-3.890097104886081e-06,-0.06502876430749893,-0.9999619722366333,-0.0,0.008726557716727257,0.0,-9.53674295089968e-09,-9.53674295089968e-09,-0.036917347460985184,-0.9993493556976318,0.0360686257481575,0.0,0.0,-2.8610228852699038e-08,-2.98023217215615e-10,-0.0216355137526989,-0.999281644821167,0.037897396832704544,0.0,0.0,1.2636184010261786e-07,2.98023217215615e-10,-0.018689393997192383,-1.0,-0.0,0.0,0.0,0.0,0.003969999961555004,-0.01750910095870495,-1.0,-0.0,0.0,0.0,0.0,4.610121322912164e-06,-0.06379090249538422,-0.8750227689743042,0.48408180475234985,0.0,0.0,0.0,2.98023217215615e-10,-0.044606998562812805,-0.6822461485862732,0.7311225533485413,0.0,0.0,0.0,0.0,-0.023475991562008858,-0.9419345855712891,0.3357965350151062,0.0,0.0,0.0,0.0,-0.019651994109153748,-1.0,-0.0,0.0,0.0,-0.00711638992652297,0.0018999999156221747,-0.016959700733423233,-0.9961947202682495,-0.0,-0.08715574443340302,0.0,0.0005882433033548295,0.0,-0.060253534466028214,-0.8640255928039551,0.50284343957901,0.02131691575050354,0.01240596640855074,-1.1086464013487785e-07,-1.490116086078075e-10,-0.04255366697907448,-0.67490553855896,0.7379041314125061,0.0,0.0,4.5299529460862686e-08,0.0,-0.022088106721639633,-0.9119402170181274,0.4103231132030487,0.0,0.0,-1.4305114426349519e-08,0.0,-0.017740696668624878,-1.0,-0.0,0.0,0.0,-0.013503500260412693,-0.0037700000684708357,-0.014087299816310406,-0.9914448857307434,-0.0,-0.13052619993686676,0.0,-0.004897483624517918,-3.8501621020259336e-06,-0.05743739381432533,-0.8281213045120239,0.559194028377533,0.003430749289691448,0.03879908099770546,5.4836270635405526e-08,-2.98023217215615e-10,-0.03276759013533592,-0.7227439880371094,0.6911159157752991,0.0,0.0,-9.298324243900424e-08,0.0,-0.01670967973768711,-0.8516139388084412,0.5241695642471313,0.0,0.0,6.19888282926695e-08,0.0,-0.013883084990084171,-1.0,-0.0,0.0,0.0
1782948384.8247123,2026-07-01 19:26:24.824,6691.0,6691,right,0,2,index_point,2,0.0,0.003969999961555004,-0.04999999701976776,-1.0,-0.0,0.0,0.0,0.0,0.0,0.0,-1.0,-0.0,0.0,0.0,-0.025476505979895592,-0.012044684961438179,-0.022234933450818062,-0.7670837640762329,0.04787028208374977,-0.34081128239631653,-0.5414228439331055,0.0,1.19209286886246e-09,-0.02723044343292713,-0.9497439861297607,0.3130277097225189,0.0,0.0,2.38418573772492e-09,-1.19209286886246e-09,-0.031859468668699265,-0.8759008049964905,0.48249131441116333,0.0,0.0,0.0,-3.5762786065873797e-09,-0.023122519254684448,-1.0,-0.0,0.0,0.0,-0.012360505759716034,0.0032300001475960016,-0.016998957842588425,-0.9990482330322266,-0.0,-0.04361938685178757,0.0,-0.002149570034816861,-3.8927792047616094e-06,-0.06502974033355713,-0.9999619722366333,-0.0,-0.008726464584469795,0.0,0.0,0.0,-0.03691747412085533,-0.9982379674911499,0.059337589889764786,0.0,0.0,-2.38418573772492e-09,-2.98023217215615e-10,-0.02163529396057129,-0.9976596832275391,0.0683755949139595,0.0,0.0,0.0,2.98023217215615e-10,-0.01868978515267372,-1.0,-0.0,0.0,0.0,0.0,0.003969999961555004,-0.017509059980511665,-1.0,-0.0,0.0,0.0,0.0,4.611611075233668e-06,-0.0637909397482872,-0.7392610311508179,0.6734189391136169,0.0,0.0,0.0,2.98023217215615e-10,-0.04460655897855759,-0.6427876353263855,0.7660444974899292,0.0,0.0,0.0,-2.98023217215615e-10,-0.02347646653652191,-0.9396926760673523,0.34202009439468384,0.0,0.0,0.0,0.0,-0.019652195274829865,-1.0,-0.0,0.0,0.0,0.00711638480424881,0.0018999999156221747,-0.016959700733423233,-0.9961947202682495,-0.0,0.08715574443340302,0.0,-0.0005882382392883301,0.0,-0.060253534466028214,-0.7133238315582275,0.6995487809181213,-0.03029705584049225,-0.02971198782324791,1.19209286886246e-09,-1.490116086078075e-10,-0.04255415499210358,-0.6427876353263855,0.7660444974899292,0.0,0.0,-2.38418573772492e-09,0.0,-0.02208789810538292,-0.9063078761100769,0.4226182699203491,0.0,0.0,0.0,0.0,-0.017740869894623756,-1.0,-0.0,0.0,0.0,0.013503451831638813,-0.0037700000684708357,-0.014087309129536152,-0.9914448857307434,-0.0,0.13052619993686676,0.0,0.0048975334502756596,-3.847479547403054e-06,-0.05743739381432533,-0.6765674948692322,0.7343704700469971,-0.042795270681381226,-0.03354250267148018,4.76837147544984e-09,-2.98023217215615e-10,-0.03276757150888443,-0.7071068286895752,0.7071068286895752,0.0,0.0,2.38418573772492e-09,0.0,-0.016709718853235245,-0.8419820070266724,0.5395057201385498,0.0,0.0,0.0,0.0,-0.01388302817940712,-1.0,-0.0,0.0,0.0
1782948385.0319993,2026-07-01 19:26:25.031,16907.0,16907,left,0,1,index_point,2,0.0,0.003969999961555004,-0.04999999701976776,-1.0,-0.0,0.0,0.0,0.0,0.0,0.0,-1.0,-0.0,0.0,0.0,0.025476500391960144,-0.012044699862599373,-0.022234899923205376,-0.757080078125,0.018283918499946594,0.36522090435028076,0.5413955450057983,-5.7220457705398076e-08,-4.3511388270189855e-08,-0.027230437844991684,-0.9545698165893555,0.29798731207847595,0.0,0.0,3.5762786065873797e-09,6.318092005130893e-08,-0.031859491020441055,-0.8853204250335693,0.46498143672943115,0.0,0.0,2.384185648907078e-08,0.0,-0.023122519254684448,-1.0,-0.0,0.0,0.0,0.012359999120235443,0.0032300001475960016,-0.017000000923871994,-0.9990482330322266,-0.0,0.04361938685178757,0.0,0.0021501504816114902,-3.890097104886081e-06,-0.06502876430749893,-0.9999619722366333,-0.0,0.008726557716727257,0.0,-9.53674295089968e-09,-9.53674295089968e-09,-0.036917347460985184,-0.9993493556976318,0.0360686257481575,0.0,0.0,-2.8610228852699038e-08,-2.98023217215615e-10,-0.0216355137526989,-0.999281644821167,0.037897396832704544,0.0,0.0,1.2636184010261786e-07,2.98023217215615e-10,-0.018689393997192383,-1.0,-0.0,0.0,0.0,0.0,0.003969999961555004,-0.01750910095870495,-1.0,-0.0,0.0,0.0,0.0,4.610121322912164e-06,-0.06379090249538422,-0.8750227689743042,0.48408180475234985,0.0,0.0,0.0,2.98023217215615e-10,-0.044606998562812805,-0.6822461485862732,0.7311225533485413,0.0,0.0,0.0,0.0,-0.023475991562008858,-0.9419345855712891,0.3357965350151062,0.0,0.0,0.0,0.0,-0.019651994109153748,-1.0,-0.0,0.0,0.0,-0.00711638992652297,0.0018999999156221747,-0.016959700733423233,-0.9961947202682495,-0.0,-0.08715574443340302,0.0,0.0005882433033548295,0.0,-0.060253534466028214,-0.866742730140686,0.498165100812912,0.02103455364704132,0.012089724652469158,-1.1086464013487785e-07,-1.490116086078075e-10,-0.04255366697907448,-0.676682710647583,0.736274778842926,0.0,0.0,4.5299529460862686e-08,0.0,-0.022088106721639633,-0.9122559428215027,0.4096207916736603,0.0,0.0,-1.4305114426349519e-08,0.0,-0.017740696668624878,-1.0,-0.0,0.0,0.0,-0.013503500260412693,-0.0037700000684708357,-0.014087299816310406,-0.9914448857307434,-0.0,-0.13052619993686676,0.0,-0.004897483624517918,-3.8501621020259336e-06,-0.05743739381432533,-0.8281213045120239,0.559194028377533,0.003430749289691448,0.03879908099770546,5.4836270635405526e-08,-2.98023217215615e-10,-0.03276759013533592,-0.7227439880371094,0.6911159157752991,0.0,0.0,-9.298324243900424e-08,0.0,-0.01670967973768711,-0.8516139388084412,0.5241695642471313,0.0,0.0,6.19888282926695e-08,0.0,-0.013883084990084171,-1.0,-0.0,0.0,0.0
1782948385.0322385,2026-07-01 19:26:25.032,6704.0,6704,right,0,2,index_point,2,0.0,0.003969999961555004,-0.04999999701976776,-1.0,-0.0,0.0,0.0,0.0,0.0,0.0,-1.0,-0.0,0.0,0.0,-0.025476505979895592,-0.012044684961438179,-0.022234933450818062,-0.768604576587677,0.04394656792283058,-0.3386830985546112,-0.5409339666366577,0.0,1.19209286886246e-09,-0.02723044343292713,-0.9519122242927551,0.3063710033893585,0.0,0.0,2.38418573772492e-09,-1.19209286886246e-09,-0.031859468668699265,-0.8800934553146362,0.4748004674911499,0.0,0.0,0.0,-3.5762786065873797e-09,-0.023122519254684448,-1.0,-0.0,0.0,0.0,-0.012360505759716034,0.0032300001475960016,-0.016998957842588425,-0.9990482330322266,-0.0,-0.04361938685178757,0.0,-0.002149570034816861,-3.8927792047616094e-06,-0.06502974033355713,-0.9999619722366333,-0.0,-0.008726464584469795,0.0,0.0,0.0,-0.03691747412085533,-0.9982379674911499,0.059337589889764786,0.0,0.0,-2.38418573772492e-09,-2.98023217215615e-10,-0.02163529396057129,-0.9976596832275391,0.0683755949139595,0.0,0.0,0.0,2.98023217215615e-10,-0.01868978515267372,-1.0,-0.0,0.0,0.0,0.0,0.003969999961555004,-0.017509059980511665,-1.0,-0.0,0.0,0.0,0.0,4.611611075233668e-06,-0.0637909397482872,-0.7405864596366882,0.6719610691070557,0.0,0.0,0.0,2.98023217215615e-10,-0.04460655897855759,-0.6427876353263855,0.7660444974899292,0.0,0.0,0.0,-2.98023217215615e-10,-0.02347646653652191,-0.9396926760673523,0.34202009439468384,0.0,0.0,0.0,0.0,-0.019652195274829865,-1.0,-0.0,0.0,0.0,0.00711638480424881,0.0018999999156221747,-0.016959700733423233,-0.9961947202682495,-0.0,0.08715574443340302,0.0,-0.0005882382392883301,0.0,-0.060253534466028214,-0.7133238315582275,0.6995487809181213,-0.03029705584049225,-0.02971198782324791,1.19209286886246e-09,-1.490116086078075e-10,-0.04255415499210358,-0.6427876353263855,0.7660444974899292,0.0,0.0,-2.38418573772492e-09,0.0,-0.02208789810538292,-0.9063078761100769,0.4226182699203491,0.0,0.0,0.0,0.0,-0.017740869894623756,-1.0,-0.0,0.0,0.0,0.013503451831638813,-0.0037700000684708357,-0.014087309129536152,-0.9914448857307434,-0.0,0.13052619993686676,0.0,0.0048975334502756596,-3.847479547403054e-06,-0.05743739381432533,-0.6765674948692322,0.7343704700469971,-0.042795270681381226,-0.03354250267148018,4.76837147544984e-09,-2.98023217215615e-10,-0.03276757150888443,-0.7071068286895752,0.7071068286895752,0.0,0.0,2.38418573772492e-09,0.0,-0.016709718853235245,-0.8419820070266724,0.5395057201385498,0.0,0.0,0.0,0.0,-0.01388302817940712,-1.0,-0.0,0.0,0.0
1782948385.2403085,2026-07-01 19:26:25.240,6716.0,6716,right,0,2,index_point,2,0.0,0.003969999961555004,-0.04999999701976776,-1.0,-0.0,0.0,0.0,0.0,0.0,0.0,-1.0,-0.0,0.0,0.0,-0.025476505979895592,-0.012044684961438179,-0.022234933450818062,-0.7699781060218811,0.040287211537361145,-0.3367480933666229,-0.5404733419418335,0.0,1.19209286886246e-09,-0.02723044343292713,-0.9538670182228088,0.300229549407959,0.0,0.0,2.38418573772492e-09,-1.19209286886246e-09,-0.031859468668699265,-0.8839284777641296,0.4676221013069153,0.0,0.0,0.0,-3.5762786065873797e-09,-0.023122519254684448,-1.0,-0.0,0.0,0.0,-0.012360505759716034,0.0032300001475960016,-0.016998957842588425,-0.9990482330322266,-0.0,-0.04361938685178757,0.0,-0.002149570034816861,-3.8927792047616094e-06,-0.06502974033355713,-0.9999619722366333,-0.0,-0.008726464584469795,0.0,0.0,0.0,-0.03691747412085533,-0.9982379674911499,0.059337589889764786,0.0,0.0,-2.38418573772492e-09,-2.98023217215615e-10,-0.02163529396057129,-0.9976596832275391,0.0683755949139595,0.0,0.0,0.0,2.98023217215615e-10,-0.01868978515267372,-1.0,-0.0,0.0,0.0,0.0,0.003969999961555004,-0.017509059980511665,-1.0,-0.0,0.0,0.0,0.0,4.611611075233668e-06,-0.0637909397482872,-0.7447628974914551,0.6673291921615601,0.0,0.0,0.0,2.98023217215615e-10,-0.04460655897855759,-0.6427876353263855,0.7660444974899292,0.0,0.0,0.0,-2.98023217215615e-10,-0.02347646653652191,-0.9396926760673523,0.34202009439468384,0.0,0.0,0.0,0.0,-0.019652195274829865,-1.0,-0.0,0.0,0.0,0.00711638480424881,0.0018999999156221747,-0.016959700733423233,-0.9961947202682495,-0.0,0.08715574443340302,0.0,-0.0005882382392883301,0.0,-0.060253534466028214,-0.7133238315582275,0.6995487809181213,-0.03029705584049225,-0.02971198782324791,1.19209286886246e-09,-1.490116086078075e-10,-0.04255415499210358,-0.6427876353263855,0.7660444974899292,0.0,0.0,-2.38418573772492e-09,0.0,-0.02208789810538292,-0.9063078761100769,0.4226182699203491,0.0,0.0,0.0,0.0,-0.017740869894623756,-1.0,-0.0,0.0,0.0,0.013503451831638813,-0.0037700000684708357,-0.014087309129536152,-0.9914448857307434,-0.0,0.13052619993686676,0.0,0.0048975334502756596,-3.847479547403054e-06,-0.05743739381432533,-0.6765674948692322,0.7343704700469971,-0.042795270681381226,-0.03354250267148018,4.76837147544984e-09,-2.98023217215615e-10,-0.03276757150888443,-0.7071068286895752,0.7071068286895752,0.0,0.0,2.38418573772492e-09,0.0,-0.016709718853235245,-0.8419820070266724,0.5395057201385498,0.0,0.0,0.0,0.0,-0.01388302817940712,-1.0,-0.0,0.0,0.0
1782948385.253353,2026-07-01 19:26:25.253,16909.0,16909,left,0,1,index_point,2,0.0,0.003969999961555004,-0.04999999701976776,-1.0,-0.0,0.0,0.0,0.0,0.0,0.0,-1.0,-0.0,0.0,0.0,0.025476500391960144,-0.012044699862599373,-0.022234899923205376,-0.757080078125,0.018283918499946594,0.36522090435028076,0.5413955450057983,-5.7220457705398076e-08,-4.3511388270189855e-08,-0.027230437844991684,-0.9545698165893555,0.29798731207847595,0.0,0.0,3.5762786065873797e-09,6.318092005130893e-08,-0.031859491020441055,-0.8853204250335693,0.46498143672943115,0.0,0.0,2.384185648907078e-08,0.0,-0.023122519254684448,-1.0,-0.0,0.0,0.0,0.012359999120235443,0.0032300001475960016,-0.017000000923871994,-0.9990482330322266,-0.0,0.04361938685178757,0.0,0.0021501504816114902,-3.890097104886081e-06,-0.06502876430749893,-0.9999619722366333,-0.0,0.008726557716727257,0.0,-9.53674295089968e-09,-9.53674295089968e-09,-0.036917347460985184,-0.9993493556976318,0.0360686257481575,0.0,0.0,-2.8610228852699038e-08,-2.98023217215615e-10,-0.0216355137526989,-0.999281644821167,0.037897396832704544,0.0,0.0,1.2636184010261786e-07,2.98023217215615e-10,-0.018689393997192383,-1.0,-0.0,0.0,0.0,0.0,0.003969999961555004,-0.01750910095870495,-1.0,-0.0,0.0,0.0,0.0,4.610121322912164e-06,-0.06379090249538422,-0.8750227689743042,0.48408180475234985,0.0,0.0,0.0,2.98023217215615e-10,-0.044606998562812805,-0.6822461485862732,0.7311225533485413,0.0,0.0,0.0,0.0,-0.023475991562008858,-0.9419345855712891,0.3357965350151062,0.0,0.0,0.0,0.0,-0.019651994109153748,-1.0,-0.0,0.0,0.0,-0.00711638992652297,0.0018999999156221747,-0.016959700733423233,-0.9961947202682495,-0.0,-0.08715574443340302,0.0,0.0005882433033548295,0.0,-0.060253534466028214,-0.866742730140686,0.498165100812912,0.02103455364704132,0.012089724652469158,-1.1086464013487785e-07,-1.490116086078075e-10,-0.04255366697907448,-0.676682710647583,0.736274778842926,0.0,0.0,4.5299529460862686e-08,0.0,-0.022088106721639633,-0.9122559428215027,0.4096207916736603,0.0,0.0,-1.4305114426349519e-08,0.0,-0.017740696668624878,-1.0,-0.0,0.0,0.0,-0.013503500260412693,-0.0037700000684708357,-0.014087299816310406,-0.9914448857307434,-0.0,-0.13052619993686676,0.0,-0.004897483624517918,-3.8501621020259336e-06,-0.05743739381432533,-0.8281213045120239,0.559194028377533,0.003430749289691448,0.03879908099770546,5.4836270635405526e-08,-2.98023217215615e-10,-0.03276759013533592,-0.7227439880371094,0.6911159157752991,0.0,0.0,-9.298324243900424e-08,0.0,-0.01670967973768711,-0.8516139388084412,0.5241695642471313,0.0,0.0,6.19888282926695e-08,0.0,-0.013883084990084171,-1.0,-0.0,0.0,0.0
1782948385.440343,2026-07-01 19:26:25.440,6727.0,6727,right,0,2,index_point,2,0.0,0.003969999961555004,-0.04999999701976776,-1.0,-0.0,0.0,0.0,0.0,0.0,0.0,-1.0,-0.0,0.0,0.0,-0.025476505979895592,-0.012044684961438179,-0.022234933450818062,-0.7721202969551086,0.034332092851400375,-0.3337075114250183,-0.5397137999534607,0.0,1.19209286886246e-09,-0.02723044343292713,-0.9569108486175537,0.2903819978237152,0.0,0.0,2.38418573772492e-09,-1.19209286886246e-09,-0.031859468668699265,-0.8900138735771179,0.45593345165252686,0.0,0.0,0.0,-3.5762786065873797e-09,-0.023122519254684448,-1.0,-0.0,0.0,0.0,-0.012360505759716034,0.0032300001475960016,-0.016998957842588425,-0.9990482330322266,-0.0,-0.04361938685178757,0.0,-0.002149570034816861,-3.8927792047616094e-06,-0.06502974033355713,-0.9999619722366333,-0.0,-0.008726464584469795,0.0,0.0,0.0,-0.03691747412085533,-0.9982379674911499,0.059337589889764786,0.0,0.0,-2.38418573772492e-09,-2.98023217215615e-10,-0.02163529396057129,-0.9976596832275391,0.0683755949139595,0.0,0.0,0.0,2.98023217215615e-10,-0.01868978515267372,-1.0,-0.0,0.0,0.0,0.0,0.003969999961555004,-0.017509059980511665,-1.0,-0.0,0.0,0.0,0.0,4.611611075233668e-06,-0.0637909397482872,-0.7458419799804688,0.6661229133605957,0.0,0.0,0.0,2.98023217215615e-10,-0.04460655897855759,-0.6427876353263855,0.7660444974899292,0.0,0.0,0.0,-2.98023217215615e-10,-0.02347646653652191,-0.9396926760673523,0.34202009439468384,0.0,0.0,0.0,0.0,-0.019652195274829865,-1.0,-0.0,0.0,0.0,0.00711638480424881,0.0018999999156221747,-0.016959700733423233,-0.9961947202682495,-0.0,0.08715574443340302,0.0,-0.0005882382392883301,0.0,-0.060253534466028214,-0.7133238315582275,0.6995487809181213,-0.03029705584049225,-0.02971198782324791,1.19209286886246e-09,-1.490116086078075e-10,-0.04255415499210358,-0.6427876353263855,0.7660444974899292,0.0,0.0,-2.38418573772492e-09,0.0,-0.02208789810538292,-0.9063078761100769,0.4226182699203491,0.0,0.0,0.0,0.0,-0.017740869894623756,-1.0,-0.0,0.0,0.0,0.013503451831638813,-0.0037700000684708357,-0.014087309129536152,-0.9914448857307434,-0.0,0.13052619993686676,0.0,0.0048975334502756596,-3.847479547403054e-06,-0.05743739381432533,-0.6765674948692322,0.7343704700469971,-0.042795270681381226,-0.03354250267148018,4.76837147544984e-09,-2.98023217215615e-10,-0.03276757150888443,-0.7071068286895752,0.7071068286895752,0.0,0.0,2.38418573772492e-09,0.0,-0.016709718853235245,-0.8419820070266724,0.5395057201385498,0.0,0.0,0.0,0.0,-0.01388302817940712,-1.0,-0.0,0.0,0.0
1782948385.4633179,2026-07-01 19:26:25.463,16911.0,16911,left,0,1,index_point,2,0.0,0.003969999961555004,-0.04999999701976776,-1.0,-0.0,0.0,0.0,0.0,0.0,0.0,-1.0,-0.0,0.0,0.0,0.025476500391960144,-0.012044699862599373,-0.022234899923205376,-0.757080078125,0.018283918499946594,0.36522090435028076,0.5413955450057983,-5.7220457705398076e-08,-4.3511388270189855e-08,-0.027230437844991684,-0.9545698165893555,0.29798731207847595,0.0,0.0,3.5762786065873797e-09,6.318092005130893e-08,-0.031859491020441055,-0.8853204250335693,0.46498143672943115,0.0,0.0,2.384185648907078e-08,0.0,-0.023122519254684448,-1.0,-0.0,0.0,0.0,0.012359999120235443,0.0032300001475960016,-0.017000000923871994,-0.9990482330322266,-0.0,0.04361938685178757,0.0,0.0021501504816114902,-3.890097104886081e-06,-0.06502876430749893,-0.9999619722366333,-0.0,0.008726557716727257,0.0,-9.53674295089968e-09,-9.53674295089968e-09,-0.036917347460985184,-0.9993493556976318,0.0360686257481575,0.0,0.0,-2.8610228852699038e-08,-2.98023217215615e-10,-0.0216355137526989,-0.999281644821167,0.037897396832704544,0.0,0.0,1.2636184010261786e-07,2.98023217215615e-10,-0.018689393997192383,-1.0,-0.0,0.0,0.0,0.0,0.003969999961555004,-0.01750910095870495,-1.0,-0.0,0.0,0.0,0.0,4.610121322912164e-06,-0.06379090249538422,-0.8750227689743042,0.48408180475234985,0.0,0.0,0.0,2.98023217215615e-10,-0.044606998562812805,-0.6822461485862732,0.7311225533485413,0.0,0.0,0.0,0.0,-0.023475991562008858,-0.9419345855712891,0.3357965350151062,0.0,0.0,0.0,0.0,-0.019651994109153748,-1.0,-0.0,0.0,0.0,-0.00711638992652297,0.0018999999156221747,-0.016959700733423233,-0.9961947202682495,-0.0,-0.08715574443340302,0.0,0.0005882433033548295,0.0,-0.060253534466028214,-0.866742730140686,0.498165100812912,0.02103455364704132,0.012089724652469158,-1.1086464013487785e-07,-1.490116086078075e-10,-0.04255366697907448,-0.676682710647583,0.736274778842926,0.0,0.0,4.5299529460862686e-08,0.0,-0.022088106721639633,-0.9122559428215027,0.4096207916736603,0.0,0.0,-1.4305114426349519e-08,0.0,-0.017740696668624878,-1.0,-0.0,0.0,0.0,-0.013503500260412693,-0.0037700000684708357,-0.014087299816310406,-0.9914448857307434,-0.0,-0.13052619993686676,0.0,-0.004897483624517918,-3.8501621020259336e-06,-0.05743739381432533,-0.8281213045120239,0.559194028377533,0.003430749289691448,0.03879908099770546,5.4836270635405526e-08,-2.98023217215615e-10,-0.03276759013533592,-0.7227439880371094,0.6911159157752991,0.0,0.0,-9.298324243900424e-08,0.0,-0.01670967973768711,-0.8516139388084412,0.5241695642471313,0.0,0.0,6.19888282926695e-08,0.0,-0.013883084990084171,-1.0,-0.0,0.0,0.0
1782948385.6497822,2026-07-01 19:26:25.649,6741.0,6741,right,0,2,index_point,2,0.0,0.003969999961555004,-0.04999999701976776,-1.0,-0.0,0.0,0.0,0.0,0.0,0.0,-1.0,-0.0,0.0,0.0,-0.025476505979895592,-0.012044684961438179,-0.022234933450818062,-0.7746192216873169,0.026991888880729675,-0.330118864774704,-0.5387560725212097,0.0,1.19209286886246e-09,-0.02723044343292713,-0.9604485034942627,0.2784578800201416,0.0,0.0,2.38418573772492e-09,-1.19209286886246e-09,-0.031859468668699265,-0.8972572684288025,0.44150811433792114,0.0,0.0,0.0,-3.5762786065873797e-09,-0.023122519254684448,-1.0,-0.0,0.0,0.0,-0.012360505759716034,0.0032300001475960016,-0.016998957842588425,-0.9990482330322266,-0.0,-0.04361938685178757,0.0,-0.002149570034816861,-3.8927792047616094e-06,-0.06502974033355713,-0.9999619722366333,-0.0,-0.008726464584469795,0.0,0.0,0.0,-0.03691747412085533,-0.9988753199577332,0.04741484299302101,0.0,0.0,-2.38418573772492e-09,-2.98023217215615e-10,-0.02163529396057129,-0.9986037611961365,0.052825670689344406,0.0,0.0,0.0,2.98023217215615e-10,-0.01868978515267372,-1.0,-0.0,0.0,0.0,0.0,0.003969999961555004,-0.017509059980511665,-1.0,-0.0,0.0,0.0,0.0,4.611611075233668e-06,-0.0637909397482872,-0.7469192147254944,0.6649149060249329,0.0,0.0,0.0,2.98023217215615e-10,-0.04460655897855759,-0.6427876353263855,0.7660444974899292,0.0,0.0,0.0,-2.98023217215615e-10,-0.02347646653652191,-0.9396926760673523,0.34202009439468384,0.0,0.0,0.0,0.0,-0.019652195274829865,-1.0,-0.0,0.0,0.0,0.00711638480424881,0.0018999999156221747,-0.016959700733423233,-0.9961947202682495,-0.0,0.08715574443340302,0.0,-0.0005882382392883301,0.0,-0.060253534466028214,-0.7133238315582275,0.6995487809181213,-0.03029705584049225,-0.02971198782324791,1.19209286886246e-09,-1.490116086078075e-10,-0.04255415499210358,-0.6427876353263855,0.7660444974899292,0.0,0.0,-2.38418573772492e-09,0.0,-0.02208789810538292,-0.9063078761100769,0.4226182699203491,0.0,0.0,0.0,0.0,-0.017740869894623756,-1.0,-0.0,0.0,0.0,0.013503451831638813,-0.0037700000684708357,-0.014087309129536152,-0.9914448857307434,-0.0,0.13052619993686676,0.0,0.0048975334502756596,-3.847479547403054e-06,-0.05743739381432533,-0.6874284744262695,0.7244144678115845,-0.03929932788014412,-0.0334862619638443,4.76837147544984e-09,-2.98023217215615e-10,-0.03276757150888443,-0.7071068286895752,0.7071068286895752,0.0,0.0,2.38418573772492e-09,0.0,-0.016709718853235245,-0.8419820070266724,0.5395057201385498,0.0,0.0,0.0,0.0,-0.01388302817940712,-1.0,-0.0,0.0,0.0
1782948385.6810336,2026-07-01 19:26:25.681,16913.0,16913,left,0,1,index_point,2,0.0,0.003969999961555004,-0.04999999701976776,-1.0,-0.0,0.0,0.0,0.0,0.0,0.0,-1.0,-0.0,0.0,0.0,0.025476500391960144,-0.012044699862599373,-0.022234899923205376,-0.757080078125,0.018283918499946594,0.36522090435028076,0.5413955450057983,-5.7220457705398076e-08,-4.3511388270189855e-08,-0.027230437844991684,-0.9545698165893555,0.29798731207847595,0.0,0.0,3.5762786065873797e-09,6.318092005130893e-08,-0.031859491020441055,-0.8853204250335693,0.46498143672943115,0.0,0.0,2.384185648907078e-08,0.0,-0.023122519254684448,-1.0,-0.0,0.0,0.0,0.012359999120235443,0.0032300001475960016,-0.017000000923871994,-0.9990482330322266,-0.0,0.04361938685178757,0.0,0.0021501504816114902,-3.890097104886081e-06,-0.06502876430749893,-0.9999619722366333,-0.0,0.008726557716727257,0.0,-9.53674295089968e-09,-9.53674295089968e-09,-0.036917347460985184,-0.9993493556976318,0.0360686257481575,0.0,0.0,-2.8610228852699038e-08,-2.98023217215615e-10,-0.0216355137526989,-0.999281644821167,0.037897396832704544,0.0,0.0,1.2636184010261786e-07,2.98023217215615e-10,-0.018689393997192383,-1.0,-0.0,0.0,0.0,0.0,0.003969999961555004,-0.01750910095870495,-1.0,-0.0,0.0,0.0,0.0,4.610121322912164e-06,-0.06379090249538422,-0.8750227689743042,0.48408180475234985,0.0,0.0,0.0,2.98023217215615e-10,-0.044606998562812805,-0.6822461485862732,0.7311225533485413,0.0,0.0,0.0,0.0,-0.023475991562008858,-0.9419345855712891,0.3357965350151062,0.0,0.0,0.0,0.0,-0.019651994109153748,-1.0,-0.0,0.0,0.0,-0.00711638992652297,0.0018999999156221747,-0.016959700733423233,-0.9961947202682495,-0.0,-0.08715574443340302,0.0,0.0005882433033548295,0.0,-0.060253534466028214,-0.866742730140686,0.498165100812912,0.02103455364704132,0.012089724652469158,-1.1086464013487785e-07,-1.490116086078075e-10,-0.04255366697907448,-0.676682710647583,0.736274778842926,0.0,0.0,4.5299529460862686e-08,0.0,-0.022088106721639633,-0.9122559428215027,0.4096207916736603,0.0,0.0,-1.4305114426349519e-08,0.0,-0.017740696668624878,-1.0,-0.0,0.0,0.0,-0.013503500260412693,-0.0037700000684708357,-0.014087299816310406,-0.9914448857307434,-0.0,-0.13052619993686676,0.0,-0.004897483624517918,-3.8501621020259336e-06,-0.05743739381432533,-0.8281213045120239,0.559194028377533,0.003430749289691448,0.03879908099770546,5.4836270635405526e-08,-2.98023217215615e-10,-0.03276759013533592,-0.7227439880371094,0.6911159157752991,0.0,0.0,-9.298324243900424e-08,0.0,-0.01670967973768711,-0.8516139388084412,0.5241695642471313,0.0,0.0,6.19888282926695e-08,0.0,-0.013883084990084171,-1.0,-0.0,0.0,0.0
1782948385.856861,2026-07-01 19:26:25.856,6753.0,6753,right,0,2,index_point,2,0.0,0.003969999961555004,-0.04999999701976776,-1.0,-0.0,0.0,0.0,0.0,0.0,0.0,-1.0,-0.0,0.0,0.0,-0.025476505979895592,-0.012044684961438179,-0.022234933450818062,-0.7769261002540588,0.019840126857161522,-0.3267553150653839,-0.537794828414917,0.0,1.19209286886246e-09,-0.02723044343292713,-0.963691771030426,0.26701709628105164,0.0,0.0,2.38418573772492e-09,-1.19209286886246e-09,-0.031859468668699265,-0.9040518999099731,0.42742273211479187,0.0,0.0,0.0,-3.5762786065873797e-09,-0.023122519254684448,-1.0,-0.0,0.0,0.0,-0.012360505759716034,0.0032300001475960016,-0.016998957842588425,-0.9990482330322266,-0.0,-0.04361938685178757,0.0,-0.002149570034816861,-3.8927792047616094e-06,-0.06502974033355713,-0.9999619722366333,-0.0,-0.008726464584469795,0.0,0.0,0.0,-0.03691747412085533,-0.9991405606269836,0.04145072400569916,0.0,0.0,-2.38418573772492e-09,-2.98023217215615e-10,-0.02163529396057129,-0.9989849328994751,0.045045435428619385,0.0,0.0,0.0,2.98023217215615e-10,-0.01868978515267372,-1.0,-0.0,0.0,0.0,0.0,0.003969999961555004,-0.017509059980511665,-1.0,-0.0,0.0,0.0,0.0,4.611611075233668e-06,-0.0637909397482872,-0.7536431550979614,0.6572838425636292,0.0,0.0,0.0,2.98023217215615e-10,-0.04460655897855759,-0.6427876353263855,0.7660444974899292,0.0,0.0,0.0,-2.98023217215615e-10,-0.02347646653652191,-0.9396926760673523,0.34202009439468384,0.0,0.0,0.0,0.0,-0.019652195274829865,-1.0,-0.0,0.0,0.0,0.00711638480424881,0.0018999999156221747,-0.016959700733423233,-0.9961947202682495,-0.0,0.08715574443340302,0.0,-0.0005882382392883301,0.0,-0.060253534466028214,-0.7133238315582275,0.6995487809181213,-0.03029705584049225,-0.02971198782324791,1.19209286886246e-09,-1.490116086078075e-10,-0.04255415499210358,-0.6427876353263855,0.7660444974899292,0.0,0.0,-2.38418573772492e-09,0.0,-0.02208789810538292,-0.9063078761100769,0.4226182699203491,0.0,0.0,0.0,0.0,-0.017740869894623756,-1.0,-0.0,0.0,0.0,0.013503451831638813,-0.0037700000684708357,-0.014087309129536152,-0.9914448857307434,-0.0,0.13052619993686676,0.0,0.0048975334502756596,-3.847479547403054e-06,-0.05743739381432533,-0.7010204195976257,0.7115018367767334,-0.03497149422764778,-0.03335372358560562,4.76837147544984e-09,-2.98023217215615e-10,-0.03276757150888443,-0.7071068286895752,0.7071068286895752,0.0,0.0,2.38418573772492e-09,0.0,-0.016709718853235245,-0.8419820070266724,0.5395057201385498,0.0,0.0,0.0,0.0,-0.01388302817940712,-1.0,-0.0,0.0,0.0
1782948385.9011266,2026-07-01 19:26:25.901,16915.0,16915,left,0,1,index_point,2,0.0,0.003969999961555004,-0.04999999701976776,-1.0,-0.0,0.0,0.0,0.0,0.0,0.0,-1.0,-0.0,0.0,0.0,0.025476500391960144,-0.012044699862599373,-0.022234899923205376,-0.757080078125,0.018283918499946594,0.36522090435028076,0.5413955450057983,-5.7220457705398076e-08,-4.3511388270189855e-08,-0.027230437844991684,-0.9545698165893555,0.29798731207847595,0.0,0.0,3.5762786065873797e-09,6.318092005130893e-08,-0.031859491020441055,-0.8853204250335693,0.46498143672943115,0.0,0.0,2.384185648907078e-08,0.0,-0.023122519254684448,-1.0,-0.0,0.0,0.0,0.012359999120235443,0.0032300001475960016,-0.017000000923871994,-0.9990482330322266,-0.0,0.04361938685178757,0.0,0.0021501504816114902,-3.890097104886081e-06,-0.06502876430749893,-0.9999619722366333,-0.0,0.008726557716727257,0.0,-9.53674295089968e-09,-9.53674295089968e-09,-0.036917347460985184,-0.9993493556976318,0.0360686257481575,0.0,0.0,-2.8610228852699038e-08,-2.98023217215615e-10,-0.0216355137526989,-0.999281644821167,0.037897396832704544,0.0,0.0,1.2636184010261786e-07,2.98023217215615e-10,-0.018689393997192383,-1.0,-0.0,0.0,0.0,0.0,0.003969999961555004,-0.01750910095870495,-1.0,-0.0,0.0,0.0,0.0,4.610121322912164e-06,-0.06379090249538422,-0.8750227689743042,0.48408180475234985,0.0,0.0,0.0,2.98023217215615e-10,-0.044606998562812805,-0.6822461485862732,0.7311225533485413,0.0,0.0,0.0,0.0,-0.023475991562008858,-0.9419345855712891,0.3357965350151062,0.0,0.0,0.0,0.0,-0.019651994109153748,-1.0,-0.0,0.0,0.0,-0.00711638992652297,0.0018999999156221747,-0.016959700733423233,-0.9961947202682495,-0.0,-0.08715574443340302,0.0,0.0005882433033548295,0.0,-0.060253534466028214,-0.866742730140686,0.498165100812912,0.02103455364704132,0.012089724652469158,-1.1086464013487785e-07,-1.490116086078075e-10,-0.04255366697907448,-0.676682710647583,0.736274778842926,0.0,0.0,4.5299529460862686e-08,0.0,-0.022088106721639633,-0.9122559428215027,0.4096207916736603,0.0,0.0,-1.4305114426349519e-08,0.0,-0.017740696668624878,-1.0,-0.0,0.0,0.0,-0.013503500260412693,-0.0037700000684708357,-0.014087299816310406,-0.9914448857307434,-0.0,-0.13052619993686676,0.0,-0.004897483624517918,-3.8501621020259336e-06,-0.05743739381432533,-0.8281213045120239,0.559194028377533,0.003430749289691448,0.03879908099770546,5.4836270635405526e-08,-2.98023217215615e-10,-0.03276759013533592,-0.7227439880371094,0.6911159157752991,0.0,0.0,-9.298324243900424e-08,0.0,-0.01670967973768711,-0.8516139388084412,0.5241695642471313,0.0,0.0,6.19888282926695e-08,0.0,-0.013883084990084171,-1.0,-0.0,0.0,0.0
1782948386.0638962,2026-07-01 19:26:26.063,6766.0,6766,right,0,2,index_point,2,0.0,0.003969999961555004,-0.04999999701976776,-1.0,-0.0,0.0,0.0,0.0,0.0,0.0,-1.0,-0.0,0.0,0.0,-0.025476505979895592,-0.012044684961438179,-0.022234933450818062,-0.7793229818344116,0.011991295032203197,-0.32320302724838257,-0.5367045402526855,0.0,1.19209286886246e-09,-0.02723044343292713,-0.9670343399047852,0.25464609265327454,0.0,0.0,2.38418573772492e-09,-1.19209286886246e-09,-0.031859468668699265,-0.9112144708633423,0.4119323194026947,0.0,0.0,0.0,-3.5762786065873797e-09,-0.023122519254684448,-1.0,-0.0,0.0,0.0,-0.012360505759716034,0.0032300001475960016,-0.016998957842588425,-0.9990482330322266,-0.0,-0.04361938685178757,0.0,-0.002149570034816861,-3.8927792047616094e-06,-0.06502974033355713,-0.9999619722366333,-0.0,-0.008726464584469795,0.0,0.0,0.0,-0.03691747412085533,-0.9991405606269836,0.04145072400569916,0.0,0.0,-2.38418573772492e-09,-2.98023217215615e-10,-0.02163529396057129,-0.9989849328994751,0.045045435428619385,0.0,0.0,0.0,2.98023217215615e-10,-0.01868978515267372,-1.0,-0.0,0.0,0.0,0.0,0.003969999961555004,-0.017509059980511665,-1.0,-0.0,0.0,0.0,0.0,4.611611075233668e-06,-0.0637909397482872,-0.7607182860374451,0.6490822434425354,0.0,0.0,0.0,2.98023217215615e-10,-0.04460655897855759,-0.6427876353263855,0.7660444974899292,0.0,0.0,0.0,-2.98023217215615e-10,-0.02347646653652191,-0.9396926760673523,0.34202009439468384,0.0,0.0,0.0,0.0,-0.019652195274829865,-1.0,-0.0,0.0,0.0,0.00711638480424881,0.0018999999156221747,-0.016959700733423233,-0.9961947202682495,-0.0,0.08715574443340302,0.0,-0.0005882382392883301,0.0,-0.060253534466028214,-0.7133238315582275,0.6995487809181213,-0.03029705584049225,-0.02971198782324791,1.19209286886246e-09,-1.490116086078075e-10,-0.04255415499210358,-0.6427876353263855,0.7660444974899292,0.0,0.0,-2.38418573772492e-09,0.0,-0.02208789810538292,-0.9063078761100769,0.4226182699203491,0.0,0.0,0.0,0.0,-0.017740869894623756,-1.0,-0.0,0.0,0.0,0.013503451831638813,-0.0037700000684708357,-0.014087309129536152,-0.9914448857307434,-0.0,0.13052619993686676,0.0,0.0048975334502756596,-3.847479547403054e-06,-0.05743739381432533,-0.7147358655929565,0.6979366540908813,-0.0306328646838665,-0.03314688801765442,4.76837147544984e-09,-2.98023217215615e-10,-0.03276757150888443,-0.7071068286895752,0.7071068286895752,0.0,0.0,2.38418573772492e-09,0.0,-0.016709718853235245,-0.8419820070266724,0.5395057201385498,0.0,0.0,0.0,0.0,-0.01388302817940712,-1.0,-0.0,0.0,0.0
1782948386.1096606,2026-07-01 19:26:26.109,16916.0,16916,left,0,1,index_point,2,0.0,0.003969999961555004,-0.04999999701976776,-1.0,-0.0,0.0,0.0,0.0,0.0,0.0,-1.0,-0.0,0.0,0.0,0.025476500391960144,-0.012044699862599373,-0.022234899923205376,-0.757080078125,0.018283918499946594,0.36522090435028076,0.5413955450057983,-5.7220457705398076e-08,-4.3511388270189855e-08,-0.027230437844991684,-0.9545698165893555,0.29798731207847595,0.0,0.0,3.5762786065873797e-09,6.318092005130893e-08,-0.031859491020441055,-0.8853204250335693,0.46498143672943115,0.0,0.0,2.384185648907078e-08,0.0,-0.023122519254684448,-1.0,-0.0,0.0,0.0,0.012359999120235443,0.0032300001475960016,-0.017000000923871994,-0.9990482330322266,-0.0,0.04361938685178757,0.0,0.0021501504816114902,-3.890097104886081e-06,-0.06502876430749893,-0.9999619722366333,-0.0,0.008726557716727257,0.0,-9.53674295089968e-09,-9.53674295089968e-09,-0.036917347460985184,-0.9993493556976318,0.0360686257481575,0.0,0.0,-2.8610228852699038e-08,-2.98023217215615e-10,-0.0216355137526989,-0.999281644821167,0.037897396832704544,0.0,0.0,1.2636184010261786e-07,2.98023217215615e-10,-0.018689393997192383,-1.0,-0.0,0.0,0.0,0.0,0.003969999961555004,-0.01750910095870495,-1.0,-0.0,0.0,0.0,0.0,4.610121322912164e-06,-0.06379090249538422,-0.8750227689743042,0.48408180475234985,0.0,0.0,0.0,2.98023217215615e-10,-0.044606998562812805,-0.6822461485862732,0.7311225533485413,0.0,0.0,0.0,0.0,-0.023475991562008858,-0.9419345855712891,0.3357965350151062,0.0,0.0,0.0,0.0,-0.019651994109153748,-1.0,-0.0,0.0,0.0,-0.00711638992652297,0.0018999999156221747,-0.016959700733423233,-0.9961947202682495,-0.0,-0.08715574443340302,0.0,0.0005882433033548295,0.0,-0.060253534466028214,-0.866742730140686,0.498165100812912,0.02103455364704132,0.012089724652469158,-1.1086464013487785e-07,-1.490116086078075e-10,-0.04255366697907448,-0.676682710647583,0.736274778842926,0.0,0.0,4.5299529460862686e-08,0.0,-0.022088106721639633,-0.9122559428215027,0.4096207916736603,0.0,0.0,-1.4305114426349519e-08,0.0,-0.017740696668624878,-1.0,-0.0,0.0,0.0,-0.013503500260412693,-0.0037700000684708357,-0.014087299816310406,-0.9914448857307434,-0.0,-0.13052619993686676,0.0,-0.004897483624517918,-3.8501621020259336e-06,-0.05743739381432533,-0.8281213045120239,0.559194028377533,0.003430749289691448,0.03879908099770546,5.4836270635405526e-08,-2.98023217215615e-10,-0.03276759013533592,-0.7227439880371094,0.6911159157752991,0.0,0.0,-9.298324243900424e-08,0.0,-0.01670967973768711,-0.8516139388084412,0.5241695642471313,0.0,0.0,6.19888282926695e-08,0.0,-0.013883084990084171,-1.0,-0.0,0.0,0.0
1782948386.2833066,2026-07-01 19:26:26.283,6779.0,6779,right,0,2,index_point,2,0.0,0.003969999961555004,-0.04999999701976776,-1.0,-0.0,0.0,0.0,0.0,0.0,0.0,-1.0,-0.0,0.0,0.0,-0.025476505979895592,-0.012044684961438179,-0.022234933450818062,-0.7806224226951599,0.0075473785400390625,-0.3212495744228363,-0.5360694527626038,0.0,1.19209286886246e-09,-0.02723044343292713,-0.9688321352005005,0.24771815538406372,0.0,0.0,2.38418573772492e-09,-1.19209286886246e-09,-0.031859468668699265,-0.915135383605957,0.4031466841697693,0.0,0.0,0.0,-3.5762786065873797e-09,-0.023122519254684448,-1.0,-0.0,0.0,0.0,-0.012360505759716034,0.0032300001475960016,-0.016998957842588425,-0.9990482330322266,-0.0,-0.04361938685178757,0.0,-0.002149570034816861,-3.8927792047616094e-06,-0.06502974033355713,-0.9999619722366333,-0.0,-0.008726464584469795,0.0,0.0,0.0,-0.03691747412085533,-0.9991405606269836,0.04145072400569916,0.0,0.0,-2.38418573772492e-09,-2.98023217215615e-10,-0.02163529396057129,-0.9989849328994751,0.045045435428619385,0.0,0.0,0.0,2.98023217215615e-10,-0.01868978515267372,-1.0,-0.0,0.0,0.0,0.0,0.003969999961555004,-0.017509059980511665,-1.0,-0.0,0.0,0.0,0.0,4.611611075233668e-06,-0.0637909397482872,-0.7607182860374451,0.6490822434425354,0.0,0.0,0.0,2.98023217215615e-10,-0.04460655897855759,-0.6427876353263855,0.7660444974899292,0.0,0.0,0.0,-2.98023217215615e-10,-0.02347646653652191,-0.9396926760673523,0.34202009439468384,0.0,0.0,0.0,0.0,-0.019652195274829865,-1.0,-0.0,0.0,0.0,0.00711638480424881,0.0018999999156221747,-0.016959700733423233,-0.9961947202682495,-0.0,0.08715574443340302,0.0,-0.0005882382392883301,0.0,-0.060253534466028214,-0.7155221700668335,0.6973228454589844,-0.030119962990283966,-0.029353858903050423,1.19209286886246e-09,-1.490116086078075e-10,-0.04255415499210358,-0.6427876353263855,0.7660444974899292,0.0,0.0,-2.38418573772492e-09,0.0,-0.02208789810538292,-0.9063078761100769,0.4226182699203491,0.0,0.0,0.0,0.0,-0.017740869894623756,-1.0,-0.0,0.0,0.0,0.013503451831638813,-0.0037700000684708357,-0.014087309129536152,-0.9914448857307434,-0.0,0.13052619993686676,0.0,0.0048975334502756596,-3.847479547403054e-06,-0.05743739381432533,-0.7230684161186218,0.6894196271896362,-0.028016190975904465,-0.03298066556453705,4.76837147544984e-09,-2.98023217215615e-10,-0.03276757150888443,-0.7071068286895752,0.7071068286895752,0.0,0.0,2.38418573772492e-09,0.0,-0.016709718853235245,-0.8419820070266724,0.5395057201385498,0.0,0.0,0.0,0.0,-0.01388302817940712,-1.0,-0.0,0.0,0.0
1782948386.327708,2026-07-01 19:26:26.327,16918.0,16918,left,0,1,index_point,2,0.0,0.003969999961555004,-0.04999999701976776,-1.0,-0.0,0.0,0.0,0.0,0.0,0.0,-1.0,-0.0,0.0,0.0,0.025476500391960144,-0.012044699862599373,-0.022234899923205376,-0.7581619024276733,0.015121757984161377,0.3638649582862854,0.5408920049667358,-5.7220457705398076e-08,-4.3511388270189855e-08,-0.027230437844991684,-0.9561359882354736,0.2929233908653259,0.0,0.0,3.5762786065873797e-09,6.318092005130893e-08,-0.031859491020441055,-0.8884505033493042,0.45897242426872253,0.0,0.0,2.384185648907078e-08,0.0,-0.023122519254684448,-1.0,-0.0,0.0,0.0,0.012359999120235443,0.0032300001475960016,-0.017000000923871994,-0.9990482330322266,-0.0,0.04361938685178757,0.0,0.0021501504816114902,-3.890097104886081e-06,-0.06502876430749893,-0.9999619722366333,-0.0,0.008726557716727257,0.0,-9.53674295089968e-09,-9.53674295089968e-09,-0.036917347460985184,-0.9993493556976318,0.0360686257481575,0.0,0.0,-2.8610228852699038e-08,-2.98023217215615e-10,-0.0216355137526989,-0.999281644821167,0.037897396832704544,0.0,0.0,1.2636184010261786e-07,2.98023217215615e-10,-0.018689393997192383,-1.0,-0.0,0.0,0.0,0.0,0.003969999961555004,-0.01750910095870495,-1.0,-0.0,0.0,0.0,0.0,4.610121322912164e-06,-0.06379090249538422,-0.8802770972251892,0.4744599461555481,0.0,0.0,0.0,2.98023217215615e-10,-0.044606998562812805,-0.6861404180526733,0.7274692058563232,0.0,0.0,0.0,0.0,-0.023475991562008858,-0.9421772360801697,0.3351150453090668,0.0,0.0,0.0,0.0,-0.019651994109153748,-1.0,-0.0,0.0,0.0,-0.00711638992652297,0.0018999999156221747,-0.016959700733423233,-0.9961947202682495,-0.0,-0.08715574443340302,0.0,0.0005882433033548295,0.0,-0.060253534466028214,-0.866742730140686,0.498165100812912,0.02103455364704132,0.012089724652469158,-1.1086464013487785e-07,-1.490116086078075e-10,-0.04255366697907448,-0.676682710647583,0.736274778842926,0.0,0.0,4.5299529460862686e-08,0.0,-0.022088106721639633,-0.9122559428215027,0.4096207916736603,0.0,0.0,-1.4305114426349519e-08,0.0,-0.017740696668624878,-1.0,-0.0,0.0,0.0,-0.013503500260412693,-0.0037700000684708357,-0.014087299816310406,-0.9914448857307434,-0.0,-0.13052619993686676,0.0,-0.004897483624517918,-3.8501621020259336e-06,-0.05743739381432533,-0.8281213045120239,0.559194028377533,0.003430749289691448,0.03879908099770546,5.4836270635405526e-08,-2.98023217215615e-10,-0.03276759013533592,-0.7227439880371094,0.6911159157752991,0.0,0.0,-9.298324243900424e-08,0.0,-0.01670967973768711,-0.8516139388084412,0.5241695642471313,0.0,0.0,6.19888282926695e-08,0.0,-0.013883084990084171,-1.0,-0.0,0.0,0.0
1782948386.4914584,2026-07-01 19:26:26.491,6792.0,6792,right,0,2,index_point,2,0.0,0.003969999961555004,-0.04999999701976776,-1.0,-0.0,0.0,0.0,0.0,0.0,0.0,-1.0,-0.0,0.0,0.0,-0.025476505979895592,-0.012044684961438179,-0.022234933450818062,-0.7814736366271973,0.004564434289932251,-0.31995779275894165,-0.5356353521347046,0.0,1.19209286886246e-09,-0.02723044343292713,-0.9700030088424683,0.24309314787387848,0.0,0.0,2.38418573772492e-09,-1.19209286886246e-09,-0.031859468668699265,-0.9177140593528748,0.3972417414188385,0.0,0.0,0.0,-3.5762786065873797e-09,-0.023122519254684448,-1.0,-0.0,0.0,0.0,-0.012360505759716034,0.0032300001475960016,-0.016998957842588425,-0.9990482330322266,-0.0,-0.04361938685178757,0.0,-0.002149570034816861,-3.8927792047616094e-06,-0.06502974033355713,-0.9999619722366333,-0.0,-0.008726464584469795,0.0,0.0,0.0,-0.03691747412085533,-0.9991405606269836,0.04145072400569916,0.0,0.0,-2.38418573772492e-09,-2.98023217215615e-10,-0.02163529396057129,-0.9989849328994751,0.045045435428619385,0.0,0.0,0.0,2.98023217215615e-10,-0.01868978515267372,-1.0,-0.0,0.0,0.0,0.0,0.003969999961555004,-0.017509059980511665,-1.0,-0.0,0.0,0.0,0.0,4.611611075233668e-06,-0.0637909397482872,-0.7607182860374451,0.6490822434425354,0.0,0.0,0.0,2.98023217215615e-10,-0.04460655897855759,-0.6427876353263855,0.7660444974899292,0.0,0.0,0.0,-2.98023217215615e-10,-0.02347646653652191,-0.9396926760673523,0.34202009439468384,0.0,0.0,0.0,0.0,-0.019652195274829865,-1.0,-0.0,0.0,0.0,0.00711638480424881,0.0018999999156221747,-0.016959700733423233,-0.9961947202682495,-0.0,0.08715574443340302,0.0,-0.0005882382392883301,0.0,-0.060253534466028214,-0.7155221700668335,0.6973228454589844,-0.030119962990283966,-0.029353858903050423,1.19209286886246e-09,-1.490116086078075e-10,-0.04255415499210358,-0.6427876353263855,0.7660444974899292,0.0,0.0,-2.38418573772492e-09,0.0,-0.02208789810538292,-0.9063078761100769,0.4226182699203491,0.0,0.0,0.0,0.0,-0.017740869894623756,-1.0,-0.0,0.0,0.0,0.013503451831638813,-0.0037700000684708357,-0.014087309129536152,-0.9914448857307434,-0.0,0.13052619993686676,0.0,0.0048975334502756596,-3.847479547403054e-06,-0.05743739381432533,-0.7280840873718262,0.6841885447502136,-0.02644776739180088,-0.0328655019402504,4.76837147544984e-09,-2.98023217215615e-10,-0.03276757150888443,-0.7071068286895752,0.7071068286895752,0.0,0.0,2.38418573772492e-09,0.0,-0.016709718853235245,-0.8419820070266724,0.5395057201385498,0.0,0.0,0.0,0.0,-0.01388302817940712,-1.0,-0.0,0.0,0.0
1782948386.5462618,2026-07-01 19:26:26.546,16920.0,16920,left,0,1,index_point,2,0.0,0.003969999961555004,-0.04999999701976776,-1.0,-0.0,0.0,0.0,0.0,0.0,0.0,-1.0,-0.0,0.0,0.0,0.025476500391960144,-0.012044699862599373,-0.022234899923205376,-0.7581619024276733,0.015121757984161377,0.3638649582862854,0.5408920049667358,-5.7220457705398076e-08,-4.3511388270189855e-08,-0.027230437844991684,-0.9561359882354736,0.2929233908653259,0.0,0.0,3.5762786065873797e-09,6.318092005130893e-08,-0.031859491020441055,-0.8884505033493042,0.45897242426872253,0.0,0.0,2.384185648907078e-08,0.0,-0.023122519254684448,-1.0,-0.0,0.0,0.0,0.012359999120235443,0.0032300001475960016,-0.017000000923871994,-0.9990482330322266,-0.0,0.04361938685178757,0.0,0.0021501504816114902,-3.890097104886081e-06,-0.06502876430749893,-0.9999619722366333,-0.0,0.008726557716727257,0.0,-9.53674295089968e-09,-9.53674295089968e-09,-0.036917347460985184,-0.9993493556976318,0.0360686257481575,0.0,0.0,-2.8610228852699038e-08,-2.98023217215615e-10,-0.0216355137526989,-0.999281644821167,0.037897396832704544,0.0,0.0,1.2636184010261786e-07,2.98023217215615e-10,-0.018689393997192383,-1.0,-0.0,0.0,0.0,0.0,0.003969999961555004,-0.01750910095870495,-1.0,-0.0,0.0,0.0,0.0,4.610121322912164e-06,-0.06379090249538422,-0.8802770972251892,0.4744599461555481,0.0,0.0,0.0,2.98023217215615e-10,-0.044606998562812805,-0.6861404180526733,0.7274692058563232,0.0,0.0,0.0,0.0,-0.023475991562008858,-0.9421772360801697,0.3351150453090668,0.0,0.0,0.0,0.0,-0.019651994109153748,-1.0,-0.0,0.0,0.0,-0.00711638992652297,0.0018999999156221747,-0.016959700733423233,-0.9961947202682495,-0.0,-0.08715574443340302,0.0,0.0005882433033548295,0.0,-0.060253534466028214,-0.8712360262870789,0.4902973771095276,0.02055426314473152,0.011568534187972546,-1.1086464013487785e-07,-1.490116086078075e-10,-0.04255366697907448,-0.6797430515289307,0.7334503531455994,0.0,0.0,4.5299529460862686e-08,0.0,-0.022088106721639633,-0.9128003716468811,0.4084060490131378,0.0,0.0,-1.4305114426349519e-08,0.0,-0.017740696668624878,-1.0,-0.0,0.0,0.0,-0.013503500260412693,-0.0037700000684708357,-0.014087299816310406,-0.9914448857307434,-0.0,-0.13052619993686676,0.0,-0.004897483624517918,-3.8501621020259336e-06,-0.05743739381432533,-0.8342481851577759,0.5500215291976929,0.0017860716907307506,0.0387696698307991,5.4836270635405526e-08,-2.98023217215615e-10,-0.03276759013533592,-0.7249828577041626,0.6887668967247009,0.0,0.0,-9.298324243900424e-08,0.0,-0.01670967973768711,-0.8529561758041382,0.5219826102256775,0.0,0.0,6.19888282926695e-08,0.0,-0.013883084990084171,-1.0,-0.0,0.0,0.0
1782948386.7061067,2026-07-01 19:26:26.706,6804.0,6804,right,0,2,index_point,2,0.0,0.003969999961555004,-0.04999999701976776,-1.0,-0.0,0.0,0.0,0.0,0.0,0.0,-1.0,-0.0,0.0,0.0,-0.025476505979895592,-0.012044684961438179,-0.022234933450818062,-0.7824163436889648,0.0011888594599440694,-0.31851595640182495,-0.5351362824440002,0.0,1.19209286886246e-09,-0.02723044343292713,-0.971293032169342,0.23788616061210632,0.0,0.0,2.38418573772492e-09,-1.19209286886246e-09,-0.031859468668699265,-0.9205800294876099,0.3905540406703949,0.0,0.0,0.0,-3.5762786065873797e-09,-0.023122519254684448,-1.0,-0.0,0.0,0.0,-0.012360505759716034,0.0032300001475960016,-0.016998957842588425,-0.9990482330322266,-0.0,-0.04361938685178757,0.0,-0.002149570034816861,-3.8927792047616094e-06,-0.06502974033355713,-0.9999619722366333,-0.0,-0.008726464584469795,0.0,0.0,0.0,-0.03691747412085533,-0.9991405606269836,0.04145072400569916,0.0,0.0,-2.38418573772492e-09,-2.98023217215615e-10,-0.02163529396057129,-0.9989849328994751,0.045045435428619385,0.0,0.0,0.0,2.98023217215615e-10,-0.01868978515267372,-1.0,-0.0,0.0,0.0,0.0,0.003969999961555004,-0.017509059980511665,-1.0,-0.0,0.0,0.0,0.0,4.611611075233668e-06,-0.0637909397482872,-0.7607182860374451,0.6490822434425354,0.0,0.0,0.0,2.98023217215615e-10,-0.04460655897855759,-0.6427876353263855,0.7660444974899292,0.0,0.0,0.0,-2.98023217215615e-10,-0.02347646653652191,-0.9396926760673523,0.34202009439468384,0.0,0.0,0.0,0.0,-0.019652195274829865,-1.0,-0.0,0.0,0.0,0.00711638480424881,0.0018999999156221747,-0.016959700733423233,-0.9961947202682495,-0.0,0.08715574443340302,0.0,-0.0005882382392883301,0.0,-0.060253534466028214,-0.7155221700668335,0.6973228454589844,-0.030119962990283966,-0.029353858903050423,1.19209286886246e-09,-1.490116086078075e-10,-0.04255415499210358,-0.6427876353263855,0.7660444974899292,0.0,0.0,-2.38418573772492e-09,0.0,-0.02208789810538292,-0.9063078761100769,0.4226182699203491,0.0,0.0,0.0,0.0,-0.017740869894623756,-1.0,-0.0,0.0,0.0,0.013503451831638813,-0.0037700000684708357,-0.014087309129536152,-0.9914448857307434,-0.0,0.13052619993686676,0.0,0.0048975334502756596,-3.847479547403054e-06,-0.05743739381432533,-0.7350170016288757,0.6768247485160828,-0.024286476895213127,-0.032688189297914505,4.76837147544984e-09,-2.98023217215615e-10,-0.03276757150888443,-0.7071068286895752,0.7071068286895752,0.0,0.0,2.38418573772492e-09,0.0,-0.016709718853235245,-0.8419820070266724,0.5395057201385498,0.0,0.0,0.0,0.0,-0.01388302817940712,-1.0,-0.0,0.0,0.0
1782948386.7604802,2026-07-01 19:26:26.760,16922.0,16922,left,0,1,index_point,2,0.0,0.003969999961555004,-0.04999999701976776,-1.0,-0.0,0.0,0.0,0.0,0.0,0.0,-1.0,-0.0,0.0,0.0,0.025476500391960144,-0.012044699862599373,-0.022234899923205376,-0.7581619024276733,0.015121757984161377,0.3638649582862854,0.5408920049667358,-5.7220457705398076e-08,-4.3511388270189855e-08,-0.027230437844991684,-0.9561359882354736,0.2929233908653259,0.0,0.0,3.5762786065873797e-09,6.318092005130893e-08,-0.031859491020441055,-0.8884505033493042,0.45897242426872253,0.0,0.0,2.384185648907078e-08,0.0,-0.023122519254684448,-1.0,-0.0,0.0,0.0,0.012359999120235443,0.0032300001475960016,-0.017000000923871994,-0.9990482330322266,-0.0,0.04361938685178757,0.0,0.0021501504816114902,-3.890097104886081e-06,-0.06502876430749893,-0.9999619722366333,-0.0,0.008726557716727257,0.0,-9.53674295089968e-09,-9.53674295089968e-09,-0.036917347460985184,-0.9993493556976318,0.0360686257481575,0.0,0.0,-2.8610228852699038e-08,-2.98023217215615e-10,-0.0216355137526989,-0.999281644821167,0.037897396832704544,0.0,0.0,1.2636184010261786e-07,2.98023217215615e-10,-0.018689393997192383,-1.0,-0.0,0.0,0.0,0.0,0.003969999961555004,-0.01750910095870495,-1.0,-0.0,0.0,0.0,0.0,4.610121322912164e-06,-0.06379090249538422,-0.8802770972251892,0.4744599461555481,0.0,0.0,0.0,2.98023217215615e-10,-0.044606998562812805,-0.6861404180526733,0.7274692058563232,0.0,0.0,0.0,0.0,-0.023475991562008858,-0.9421772360801697,0.3351150453090668,0.0,0.0,0.0,0.0,-0.019651994109153748,-1.0,-0.0,0.0,0.0,-0.00711638992652297,0.0018999999156221747,-0.016959700733423233,-0.9961947202682495,-0.0,-0.08715574443340302,0.0,0.0005882433033548295,0.0,-0.060253534466028214,-0.8747904300689697,0.4839532673358917,0.020163940265774727,0.011155134998261929,-1.1086464013487785e-07,-1.490116086078075e-10,-0.04255366697907448,-0.6822461485862732,0.7311225533485413,0.0,0.0,4.5299529460862686e-08,0.0,-0.022088106721639633,-0.9132464528083801,0.40740758180618286,0.0,0.0,-1.4305114426349519e-08,0.0,-0.017740696668624878,-1.0,-0.0,0.0,0.0,-0.013503500260412693,-0.0037700000684708357,-0.014087299816310406,-0.9914448857307434,-0.0,-0.13052619993686676,0.0,-0.004897483624517918,-3.8501621020259336e-06,-0.05743739381432533,-0.8372728228569031,0.5454095005989075,0.0009636244503781199,0.03875315561890602,5.4836270635405526e-08,-2.98023217215615e-10,-0.03276759013533592,-0.7260994911193848,0.6875896453857422,0.0,0.0,-9.298324243900424e-08,0.0,-0.01670967973768711,-0.8536251783370972,0.5208878517150879,0.0,0.0,6.19888282926695e-08,0.0,-0.013883084990084171,-1.0,-0.0,0.0,0.0
1782948386.915371,2026-07-01 19:26:26.915,6816.0,6816,right,0,2,index_point,2,0.0,0.003969999961555004,-0.04999999701976776,-1.0,-0.0,0.0,0.0,0.0,0.0,0.0,-1.0,-0.0,0.0,0.0,-0.025476505979895592,-0.012044684961438179,-0.022234933450818062,-0.7824163436889648,0.0011888594599440694,-0.31851595640182495,-0.5351362824440002,0.0,1.19209286886246e-09,-0.02723044343292713,-0.971293032169342,0.23788616061210632,0.0,0.0,2.38418573772492e-09,-1.19209286886246e-09,-0.031859468668699265,-0.9205800294876099,0.3905540406703949,0.0,0.0,0.0,-3.5762786065873797e-09,-0.023122519254684448,-1.0,-0.0,0.0,0.0,-0.012360505759716034,0.0032300001475960016,-0.016998957842588425,-0.9990482330322266,-0.0,-0.04361938685178757,0.0,-0.002149570034816861,-3.8927792047616094e-06,-0.06502974033355713,-0.9999619722366333,-0.0,-0.008726464584469795,0.0,0.0,0.0,-0.03691747412085533,-0.9991405606269836,0.04145072400569916,0.0,0.0,-2.38418573772492e-09,-2.98023217215615e-10,-0.02163529396057129,-0.9989849328994751,0.045045435428619385,0.0,0.0,0.0,2.98023217215615e-10,-0.01868978515267372,-1.0,-0.0,0.0,0.0,0.0,0.003969999961555004,-0.017509059980511665,-1.0,-0.0,0.0,0.0,0.0,4.611611075233668e-06,-0.0637909397482872,-0.7607182860374451,0.6490822434425354,0.0,0.0,0.0,2.98023217215615e-10,-0.04460655897855759,-0.6427876353263855,0.7660444974899292,0.0,0.0,0.0,-2.98023217215615e-10,-0.02347646653652191,-0.9396926760673523,0.34202009439468384,0.0,0.0,0.0,0.0,-0.019652195274829865,-1.0,-0.0,0.0,0.0,0.00711638480424881,0.0018999999156221747,-0.016959700733423233,-0.9961947202682495,-0.0,0.08715574443340302,0.0,-0.0005882382392883301,0.0,-0.060253534466028214,-0.7155221700668335,0.6973228454589844,-0.030119962990283966,-0.029353858903050423,1.19209286886246e-09,-1.490116086078075e-10,-0.04255415499210358,-0.6427876353263855,0.7660444974899292,0.0,0.0,-2.38418573772492e-09,0.0,-0.02208789810538292,-0.9063078761100769,0.4226182699203491,0.0,0.0,0.0,0.0,-0.017740869894623756,-1.0,-0.0,0.0,0.0,0.013503451831638813,-0.0037700000684708357,-0.014087309129536152,-0.9914448857307434,-0.0,0.13052619993686676,0.0,0.0048975334502756596,-3.847479547403054e-06,-0.05743739381432533,-0.7358907461166382,0.6758854985237122,-0.024013422429561615,-0.03266487643122673,4.76837147544984e-09,-2.98023217215615e-10,-0.03276757150888443,-0.7071068286895752,0.7071068286895752,0.0,0.0,2.38418573772492e-09,0.0,-0.016709718853235245,-0.8419820070266724,0.5395057201385498,0.0,0.0,0.0,0.0,-0.01388302817940712,-1.0,-0.0,0.0,0.0
1782948386.97852,2026-07-01 19:26:26.978,16924.0,16924,left,0,1,index_point,2,0.0,0.003969999961555004,-0.04999999701976776,-1.0,-0.0,0.0,0.0,0.0,0.0,0.0,-1.0,-0.0,0.0,0.0,0.025476500391960144,-0.012044699862599373,-0.022234899923205376,-0.7581619024276733,0.015121757984161377,0.3638649582862854,0.5408920049667358,-5.7220457705398076e-08,-4.3511388270189855e-08,-0.027230437844991684,-0.9561359882354736,0.2929233908653259,0.0,0.0,3.5762786065873797e-09,6.318092005130893e-08,-0.031859491020441055,-0.8884505033493042,0.45897242426872253,0.0,0.0,2.384185648907078e-08,0.0,-0.023122519254684448,-1.0,-0.0,0.0,0.0,0.012359999120235443,0.0032300001475960016,-0.017000000923871994,-0.9990482330322266,-0.0,0.04361938685178757,0.0,0.0021501504816114902,-3.890097104886081e-06,-0.06502876430749893,-0.9999619722366333,-0.0,0.008726557716727257,0.0,-9.53674295089968e-09,-9.53674295089968e-09,-0.036917347460985184,-0.9993493556976318,0.0360686257481575,0.0,0.0,-2.8610228852699038e-08,-2.98023217215615e-10,-0.0216355137526989,-0.999281644821167,0.037897396832704544,0.0,0.0,1.2636184010261786e-07,2.98023217215615e-10,-0.018689393997192383,-1.0,-0.0,0.0,0.0,0.0,0.003969999961555004,-0.01750910095870495,-1.0,-0.0,0.0,0.0,0.0,4.610121322912164e-06,-0.06379090249538422,-0.8802770972251892,0.4744599461555481,0.0,0.0,0.0,2.98023217215615e-10,-0.044606998562812805,-0.6861404180526733,0.7274692058563232,0.0,0.0,0.0,0.0,-0.023475991562008858,-0.9421772360801697,0.3351150453090668,0.0,0.0,0.0,0.0,-0.019651994109153748,-1.0,-0.0,0.0,0.0,-0.00711638992652297,0.0018999999156221747,-0.016959700733423233,-0.9961947202682495,-0.0,-0.08715574443340302,0.0,0.0005882433033548295,0.0,-0.060253534466028214,-0.8747904300689697,0.4839532673358917,0.020163940265774727,0.011155134998261929,-1.1086464013487785e-07,-1.490116086078075e-10,-0.04255366697907448,-0.6822461485862732,0.7311225533485413,0.0,0.0,4.5299529460862686e-08,0.0,-0.022088106721639633,-0.9132464528083801,0.40740758180618286,0.0,0.0,-1.4305114426349519e-08,0.0,-0.017740696668624878,-1.0,-0.0,0.0,0.0,-0.013503500260412693,-0.0037700000684708357,-0.014087299816310406,-0.9914448857307434,-0.0,-0.13052619993686676,0.0,-0.004897483624517918,-3.8501621020259336e-06,-0.05743739381432533,-0.8372728228569031,0.5454095005989075,0.0009636244503781199,0.03875315561890602,5.4836270635405526e-08,-2.98023217215615e-10,-0.03276759013533592,-0.7260994911193848,0.6875896453857422,0.0,0.0,-9.298324243900424e-08,0.0,-0.01670967973768711,-0.8536251783370972,0.5208878517150879,0.0,0.0,6.19888282926695e-08,0.0,-0.013883084990084171,-1.0,-0.0,0.0,0.0
1782948387.1215937,2026-07-01 19:26:27.121,6828.0,6828,right,0,2,index_point,2,0.0,0.003969999961555004,-0.04999999701976776,-1.0,-0.0,0.0,0.0,0.0,0.0,0.0,-1.0,-0.0,0.0,0.0,-0.025476505979895592,-0.012044684961438179,-0.022234933450818062,-0.7828298807144165,-0.00031800547731108963,-0.3178797960281372,-0.5349109768867493,0.0,1.19209286886246e-09,-0.02723044343292713,-0.9718571305274963,0.23557116091251373,0.0,0.0,2.38418573772492e-09,-1.19209286886246e-09,-0.031859468668699265,-0.921841561794281,0.38756701350212097,0.0,0.0,0.0,-3.5762786065873797e-09,-0.023122519254684448,-1.0,-0.0,0.0,0.0,-0.012360505759716034,0.0032300001475960016,-0.016998957842588425,-0.9990482330322266,-0.0,-0.04361938685178757,0.0,-0.002149570034816861,-3.8927792047616094e-06,-0.06502974033355713,-0.9999619722366333,-0.0,-0.008726464584469795,0.0,0.0,0.0,-0.03691747412085533,-0.9991405606269836,0.04145072400569916,0.0,0.0,-2.38418573772492e-09,-2.98023217215615e-10,-0.02163529396057129,-0.9989849328994751,0.045045435428619385,0.0,0.0,0.0,2.98023217215615e-10,-0.01868978515267372,-1.0,-0.0,0.0,0.0,0.0,0.003969999961555004,-0.017509059980511665,-1.0,-0.0,0.0,0.0,0.0,4.611611075233668e-06,-0.0637909397482872,-0.7607182860374451,0.6490822434425354,0.0,0.0,0.0,2.98023217215615e-10,-0.04460655897855759,-0.6427876353263855,0.7660444974899292,0.0,0.0,0.0,-2.98023217215615e-10,-0.02347646653652191,-0.9396926760673523,0.34202009439468384,0.0,0.0,0.0,0.0,-0.019652195274829865,-1.0,-0.0,0.0,0.0,0.00711638480424881,0.0018999999156221747,-0.016959700733423233,-0.9961947202682495,-0.0,0.08715574443340302,0.0,-0.0005882382392883301,0.0,-0.060253534466028214,-0.7155221700668335,0.6973228454589844,-0.030119962990283966,-0.029353858903050423,1.19209286886246e-09,-1.490116086078075e-10,-0.04255415499210358,-0.6427876353263855,0.7660444974899292,0.0,0.0,-2.38418573772492e-09,0.0,-0.02208789810538292,-0.9063078761100769,0.4226182699203491,0.0,0.0,0.0,0.0,-0.017740869894623756,-1.0,-0.0,0.0,0.0,0.013503451831638813,-0.0037700000684708357,-0.014087309129536152,-0.9914448857307434,-0.0,0.13052619993686676,0.0,0.0048975334502756596,-3.847479547403054e-06,-0.05743739381432533,-0.7358907461166382,0.6758854985237122,-0.024013422429561615,-0.03266487643122673,4.76837147544984e-09,-2.98023217215615e-10,-0.03276757150888443,-0.7071068286895752,0.7071068286895752,0.0,0.0,2.38418573772492e-09,0.0,-0.016709718853235245,-0.8419820070266724,0.5395057201385498,0.0,0.0,0.0,0.0,-0.01388302817940712,-1.0,-0.0,0.0,0.0
1782948387.185549,2026-07-01 19:26:27.185,16925.0,16925,left,0,1,index_point,2,0.0,0.003969999961555004,-0.04999999701976776,-1.0,-0.0,0.0,0.0,0.0,0.0,0.0,-1.0,-0.0,0.0,0.0,0.025476500391960144,-0.012044699862599373,-0.022234899923205376,-0.7581619024276733,0.015121757984161377,0.3638649582862854,0.5408920049667358,-5.7220457705398076e-08,-4.3511388270189855e-08,-0.027230437844991684,-0.9561359882354736,0.2929233908653259,0.0,0.0,3.5762786065873797e-09,6.318092005130893e-08,-0.031859491020441055,-0.8884505033493042,0.45897242426872253,0.0,0.0,2.384185648907078e-08,0.0,-0.023122519254684448,-1.0,-0.0,0.0,0.0,0.012359999120235443,0.0032300001475960016,-0.017000000923871994,-0.9990482330322266,-0.0,0.04361938685178757,0.0,0.0021501504816114902,-3.890097104886081e-06,-0.06502876430749893,-0.9999619722366333,-0.0,0.008726557716727257,0.0,-9.53674295089968e-09,-9.53674295089968e-09,-0.036917347460985184,-0.9993493556976318,0.0360686257481575,0.0,0.0,-2.8610228852699038e-08,-2.98023217215615e-10,-0.0216355137526989,-0.999281644821167,0.037897396832704544,0.0,0.0,1.2636184010261786e-07,2.98023217215615e-10,-0.018689393997192383,-1.0,-0.0,0.0,0.0,0.0,0.003969999961555004,-0.01750910095870495,-1.0,-0.0,0.0,0.0,0.0,4.610121322912164e-06,-0.06379090249538422,-0.8802770972251892,0.4744599461555481,0.0,0.0,0.0,2.98023217215615e-10,-0.044606998562812805,-0.6861404180526733,0.7274692058563232,0.0,0.0,0.0,0.0,-0.023475991562008858,-0.9421772360801697,0.3351150453090668,0.0,0.0,0.0,0.0,-0.019651994109153748,-1.0,-0.0,0.0,0.0,-0.00711638992652297,0.0018999999156221747,-0.016959700733423233,-0.9961947202682495,-0.0,-0.08715574443340302,0.0,0.0005882433033548295,0.0,-0.060253534466028214,-0.8747904300689697,0.4839532673358917,0.020163940265774727,0.011155134998261929,-1.1086464013487785e-07,-1.490116086078075e-10,-0.04255366697907448,-0.6822461485862732,0.7311225533485413,0.0,0.0,4.5299529460862686e-08,0.0,-0.022088106721639633,-0.9132464528083801,0.40740758180618286,0.0,0.0,-1.4305114426349519e-08,0.0,-0.017740696668624878,-1.0,-0.0,0.0,0.0,-0.013503500260412693,-0.0037700000684708357,-0.014087299816310406,-0.9914448857307434,-0.0,-0.13052619993686676,0.0,-0.004897483624517918,-3.8501621020259336e-06,-0.05743739381432533,-0.8372728228569031,0.5454095005989075,0.0009636244503781199,0.03875315561890602,5.4836270635405526e-08,-2.98023217215615e-10,-0.03276759013533592,-0.7260994911193848,0.6875896453857422,0.0,0.0,-9.298324243900424e-08,0.0,-0.01670967973768711,-0.8536251783370972,0.5208878517150879,0.0,0.0,6.19888282926695e-08,0.0,-0.013883084990084171,-1.0,-0.0,0.0,0.0
1782948387.3268318,2026-07-01 19:26:27.326,6840.0,6840,right,0,2,index_point,2,0.0,0.003969999961555004,-0.04999999701976776,-1.0,-0.0,0.0,0.0,0.0,0.0,0.0,-1.0,-0.0,0.0,0.0,-0.025476505979895592,-0.012044684961438179,-0.022234933450818062,-0.7830358147621155,-0.001071438193321228,-0.3175613284111023,-0.5347976684570312,0.0,1.19209286886246e-09,-0.02723044343292713,-0.9721370935440063,0.23441314697265625,0.0,0.0,2.38418573772492e-09,-1.19209286886246e-09,-0.031859468668699265,-0.9224686622619629,0.38607195019721985,0.0,0.0,0.0,-3.5762786065873797e-09,-0.023122519254684448,-1.0,-0.0,0.0,0.0,-0.012360505759716034,0.0032300001475960016,-0.016998957842588425,-0.9990482330322266,-0.0,-0.04361938685178757,0.0,-0.002149570034816861,-3.8927792047616094e-06,-0.06502974033355713,-0.9999619722366333,-0.0,-0.008726464584469795,0.0,0.0,0.0,-0.03691747412085533,-0.9991405606269836,0.04145072400569916,0.0,0.0,-2.38418573772492e-09,-2.98023217215615e-10,-0.02163529396057129,-0.9989849328994751,0.045045435428619385,0.0,0.0,0.0,2.98023217215615e-10,-0.01868978515267372,-1.0,-0.0,0.0,0.0,0.0,0.003969999961555004,-0.017509059980511665,-1.0,-0.0,0.0,0.0,0.0,4.611611075233668e-06,-0.0637909397482872,-0.7656538486480713,0.6432527303695679,0.0,0.0,0.0,2.98023217215615e-10,-0.04460655897855759,-0.6427876353263855,0.7660444974899292,0.0,0.0,0.0,-2.98023217215615e-10,-0.02347646653652191,-0.9396926760673523,0.34202009439468384,0.0,0.0,0.0,0.0,-0.019652195274829865,-1.0,-0.0,0.0,0.0,0.00711638480424881,0.0018999999156221747,-0.016959700733423233,-0.9961947202682495,-0.0,0.08715574443340302,0.0,-0.0005882382392883301,0.0,-0.060253534466028214,-0.7198697924613953,0.6928784847259521,-0.029765021055936813,-0.028650272637605667,1.19209286886246e-09,-1.490116086078075e-10,-0.04255415499210358,-0.6427876353263855,0.7660444974899292,0.0,0.0,-2.38418573772492e-09,0.0,-0.02208789810538292,-0.9063078761100769,0.4226182699203491,0.0,0.0,0.0,0.0,-0.017740869894623756,-1.0,-0.0,0.0,0.0,0.013503451831638813,-0.0037700000684708357,-0.014087309129536152,-0.9914448857307434,-0.0,0.13052619993686676,0.0,0.0048975334502756596,-3.847479547403054e-06,-0.05743739381432533,-0.7381303906440735,0.6734663844108582,-0.02331819199025631,-0.032601598650217056,4.76837147544984e-09,-2.98023217215615e-10,-0.03276757150888443,-0.7071068286895752,0.7071068286895752,0.0,0.0,2.38418573772492e-09,0.0,-0.016709718853235245,-0.8419820070266724,0.5395057201385498,0.0,0.0,0.0,0.0,-0.01388302817940712,-1.0,-0.0,0.0,0.0
1782948387.3951936,2026-07-01 19:26:27.395,16927.0,16927,left,0,1,index_point,2,0.0,0.003969999961555004,-0.04999999701976776,-1.0,-0.0,0.0,0.0,0.0,0.0,0.0,-1.0,-0.0,0.0,0.0,0.025476500391960144,-0.012044699862599373,-0.022234899923205376,-0.7588881850242615,0.013011201284825802,0.36294081807136536,0.5405492782592773,-5.7220457705398076e-08,-4.3511388270189855e-08,-0.027230437844991684,-0.9571675062179565,0.28953489661216736,0.0,0.0,3.5762786065873797e-09,6.318092005130893e-08,-0.031859491020441055,-0.890531599521637,0.4549214839935303,0.0,0.0,2.384185648907078e-08,0.0,-0.023122519254684448,-1.0,-0.0,0.0,0.0,0.012359999120235443,0.0032300001475960016,-0.017000000923871994,-0.9990482330322266,-0.0,0.04361938685178757,0.0,0.0021501504816114902,-3.890097104886081e-06,-0.06502876430749893,-0.9999619722366333,-0.0,0.008726557716727257,0.0,-9.53674295089968e-09,-9.53674295089968e-09,-0.036917347460985184,-0.9993493556976318,0.0360686257481575,0.0,0.0,-2.8610228852699038e-08,-2.98023217215615e-10,-0.0216355137526989,-0.999281644821167,0.037897396832704544,0.0,0.0,1.2636184010261786e-07,2.98023217215615e-10,-0.018689393997192383,-1.0,-0.0,0.0,0.0,0.0,0.003969999961555004,-0.01750910095870495,-1.0,-0.0,0.0,0.0,0.0,4.610121322912164e-06,-0.06379090249538422,-0.8802770972251892,0.4744599461555481,0.0,0.0,0.0,2.98023217215615e-10,-0.044606998562812805,-0.6861404180526733,0.7274692058563232,0.0,0.0,0.0,0.0,-0.023475991562008858,-0.9421772360801697,0.3351150453090668,0.0,0.0,0.0,0.0,-0.019651994109153748,-1.0,-0.0,0.0,0.0,-0.00711638992652297,0.0018999999156221747,-0.016959700733423233,-0.9961947202682495,-0.0,-0.08715574443340302,0.0,0.0005882433033548295,0.0,-0.060253534466028214,-0.8747904300689697,0.4839532673358917,0.020163940265774727,0.011155134998261929,-1.1086464013487785e-07,-1.490116086078075e-10,-0.04255366697907448,-0.6822461485862732,0.7311225533485413,0.0,0.0,4.5299529460862686e-08,0.0,-0.022088106721639633,-0.9132464528083801,0.40740758180618286,0.0,0.0,-1.4305114426349519e-08,0.0,-0.017740696668624878,-1.0,-0.0,0.0,0.0,-0.013503500260412693,-0.0037700000684708357,-0.014087299816310406,-0.9914448857307434,-0.0,-0.13052619993686676,0.0,-0.004897483624517918,-3.8501621020259336e-06,-0.05743739381432533,-0.8382847905158997,0.5438538193702698,0.0006908625364303589,0.03874431923031807,5.4836270635405526e-08,-2.98023217215615e-10,-0.03276759013533592,-0.7264940738677979,0.6871727108955383,0.0,0.0,-9.298324243900424e-08,0.0,-0.01670967973768711,-0.8538603782653809,0.5205021500587463,0.0,0.0,6.19888282926695e-08,0.0,-0.013883084990084171,-1.0,-0.0,0.0,0.0
1782948387.5367703,2026-07-01 19:26:27.536,6853.0,6853,right,0,2,index_point,2,0.0,0.003969999961555004,-0.04999999701976776,-1.0,-0.0,0.0,0.0,0.0,0.0,0.0,-1.0,-0.0,0.0,0.0,-0.025476505979895592,-0.012044684961438179,-0.022234933450818062,-0.7833431959152222,-0.0022043141070753336,-0.31708571314811707,-0.534626305103302,0.0,1.19209286886246e-09,-0.02723044343292713,-0.9725542068481445,0.23267649114131927,0.0,0.0,2.38418573772492e-09,-1.19209286886246e-09,-0.031859468668699265,-0.9234060645103455,0.3838246166706085,0.0,0.0,0.0,-3.5762786065873797e-09,-0.023122519254684448,-1.0,-0.0,0.0,0.0,-0.012360505759716034,0.0032300001475960016,-0.016998957842588425,-0.9990482330322266,-0.0,-0.04361938685178757,0.0,-0.002149570034816861,-3.8927792047616094e-06,-0.06502974033355713,-0.9999619722366333,-0.0,-0.008726464584469795,0.0,0.0,0.0,-0.03691747412085533,-0.9991405606269836,0.04145072400569916,0.0,0.0,-2.38418573772492e-09,-2.98023217215615e-10,-0.02163529396057129,-0.9989849328994751,0.045045435428619385,0.0,0.0,0.0,2.98023217215615e-10,-0.01868978515267372,-1.0,-0.0,0.0,0.0,0.0,0.003969999961555004,-0.017509059980511665,-1.0,-0.0,0.0,0.0,0.0,4.611611075233668e-06,-0.0637909397482872,-0.7681050300598145,0.6403239369392395,0.0,0.0,0.0,2.98023217215615e-10,-0.04460655897855759,-0.6427876353263855,0.7660444974899292,0.0,0.0,0.0,-2.98023217215615e-10,-0.02347646653652191,-0.9396926760673523,0.34202009439468384,0.0,0.0,0.0,0.0,-0.019652195274829865,-1.0,-0.0,0.0,0.0,0.00711638480424881,0.0018999999156221747,-0.016959700733423233,-0.9961947202682495,-0.0,0.08715574443340302,0.0,-0.0005882382392883301,0.0,-0.060253534466028214,-0.720736026763916,0.6919863820075989,-0.02969389036297798,-0.028509419411420822,1.19209286886246e-09,-1.490116086078075e-10,-0.04255415499210358,-0.6427876353263855,0.7660444974899292,0.0,0.0,-2.38418573772492e-09,0.0,-0.02208789810538292,-0.9063078761100769,0.4226182699203491,0.0,0.0,0.0,0.0,-0.017740869894623756,-1.0,-0.0,0.0,0.0,0.013503451831638813,-0.0037700000684708357,-0.014087309129536152,-0.9914448857307434,-0.0,0.13052619993686676,0.0,0.0048975334502756596,-3.847479547403054e-06,-0.05743739381432533,-0.7385773658752441,0.6729816198348999,-0.02317911386489868,-0.0325888991355896,4.76837147544984e-09,-2.98023217215615e-10,-0.03276757150888443,-0.7071068286895752,0.7071068286895752,0.0,0.0,2.38418573772492e-09,0.0,-0.016709718853235245,-0.8419820070266724,0.5395057201385498,0.0,0.0,0.0,0.0,-0.01388302817940712,-1.0,-0.0,0.0,0.0
1782948387.6006193,2026-07-01 19:26:27.600,16929.0,16929,left,0,1,index_point,2,0.0,0.003969999961555004,-0.04999999701976776,-1.0,-0.0,0.0,0.0,0.0,0.0,0.0,-1.0,-0.0,0.0,0.0,0.025476500391960144,-0.012044699862599373,-0.022234899923205376,-0.7588881850242615,0.013011201284825802,0.36294081807136536,0.5405492782592773,-5.7220457705398076e-08,-4.3511388270189855e-08,-0.027230437844991684,-0.9571675062179565,0.28953489661216736,0.0,0.0,3.5762786065873797e-09,6.318092005130893e-08,-0.031859491020441055,-0.890531599521637,0.4549214839935303,0.0,0.0,2.384185648907078e-08,0.0,-0.023122519254684448,-1.0,-0.0,0.0,0.0,0.012359999120235443,0.0032300001475960016,-0.017000000923871994,-0.9990482330322266,-0.0,0.04361938685178757,0.0,0.0021501504816114902,-3.890097104886081e-06,-0.06502876430749893,-0.9999619722366333,-0.0,0.008726557716727257,0.0,-9.53674295089968e-09,-9.53674295089968e-09,-0.036917347460985184,-0.9993493556976318,0.0360686257481575,0.0,0.0,-2.8610228852699038e-08,-2.98023217215615e-10,-0.0216355137526989,-0.999281644821167,0.037897396832704544,0.0,0.0,1.2636184010261786e-07,2.98023217215615e-10,-0.018689393997192383,-1.0,-0.0,0.0,0.0,0.0,0.003969999961555004,-0.01750910095870495,-1.0,-0.0,0.0,0.0,0.0,4.610121322912164e-06,-0.06379090249538422,-0.8802770972251892,0.4744599461555481,0.0,0.0,0.0,2.98023217215615e-10,-0.044606998562812805,-0.6861404180526733,0.7274692058563232,0.0,0.0,0.0,0.0,-0.023475991562008858,-0.9421772360801697,0.3351150453090668,0.0,0.0,0.0,0.0,-0.019651994109153748,-1.0,-0.0,0.0,0.0,-0.00711638992652297,0.0018999999156221747,-0.016959700733423233,-0.9961947202682495,-0.0,-0.08715574443340302,0.0,0.0005882433033548295,0.0,-0.060253534466028214,-0.8747904300689697,0.4839532673358917,0.020163940265774727,0.011155134998261929,-1.1086464013487785e-07,-1.490116086078075e-10,-0.04255366697907448,-0.6822461485862732,0.7311225533485413,0.0,0.0,4.5299529460862686e-08,0.0,-0.022088106721639633,-0.9132464528083801,0.40740758180618286,0.0,0.0,-1.4305114426349519e-08,0.0,-0.017740696668624878,-1.0,-0.0,0.0,0.0,-0.013503500260412693,-0.0037700000684708357,-0.014087299816310406,-0.9914448857307434,-0.0,-0.13052619993686676,0.0,-0.004897483624517918,-3.8501621020259336e-06,-0.05743739381432533,-0.8403000235557556,0.5407366752624512,0.0001453310251235962,0.03872624784708023,5.4836270635405526e-08,-2.98023217215615e-10,-0.03276759013533592,-0.7272826433181763,0.6863381266593933,0.0,0.0,-9.298324243900424e-08,0.0,-0.01670967973768711,-0.8543303608894348,0.5197303891181946,0.0,0.0,6.19888282926695e-08,0.0,-0.013883084990084171,-1.0,-0.0,0.0,0.0
