pose,take,hand,wall_time,WRIST_x,WRIST_y,WRIST_z,THUMB_CMC_x,THUMB_CMC_y,THUMB_CMC_z,THUMB_MCP_x,THUMB_MCP_y,THUMB_MCP_z,THUMB_IP_x,THUMB_IP_y,THUMB_IP_z,THUMB_TIP_x,THUMB_TIP_y,THUMB_TIP_z,INDEX_FINGER_MCP_x,INDEX_FINGER_MCP_y,INDEX_FINGER_MCP_z,INDEX_FINGER_PIP_x,INDEX_FINGER_PIP_y,INDEX_FINGER_PIP_z,INDEX_FINGER_DIP_x,INDEX_FINGER_DIP_y,INDEX_FINGER_DIP_z,INDEX_FINGER_TIP_x,INDEX_FINGER_TIP_y,INDEX_FINGER_TIP_z,MIDDLE_FINGER_MCP_x,MIDDLE_FINGER_MCP_y,MIDDLE_FINGER_MCP_z,MIDDLE_FINGER_PIP_x,MIDDLE_FINGER_PIP_y,MIDDLE_FINGER_PIP_z,MIDDLE_FINGER_DIP_x,MIDDLE_FINGER_DIP_y,MIDDLE_FINGER_DIP_z,MIDDLE_FINGER_TIP_x,MIDDLE_FINGER_TIP_y,MIDDLE_FINGER_TIP_z,RING_FINGER_MCP_x,RING_FINGER_MCP_y,RING_FINGER_MCP_z,RING_FINGER_PIP_x,RING_FINGER_PIP_y,RING_FINGER_PIP_z,RING_FINGER_DIP_x,RING_FINGER_DIP_y,RING_FINGER_DIP_z,RING_FINGER_TIP_x,RING_FINGER_TIP_y,RING_FINGER_TIP_z,PINKY_MCP_x,PINKY_MCP_y,PINKY_MCP_z,PINKY_PIP_x,PINKY_PIP_y,PINKY_PIP_z,PINKY_DIP_x,PINKY_DIP_y,PINKY_DIP_z,PINKY_TIP_x,PINKY_TIP_y,PINKY_TIP_z
open_palm,1,right,1782948305.7219381,0.000000,0.000000,0.000000,-0.025477,-0.012045,-0.022235,-0.041088,-0.012634,-0.044538,-0.058625,-0.013763,-0.071112,-0.070976,-0.014806,-0.090632,-0.020170,0.003226,-0.081594,-0.024029,0.003226,-0.118309,-0.026284,0.001666,-0.139770,-0.028216,-0.001089,-0.158154,0.000000,0.003975,-0.081300,0.000000,0.003975,-0.125907,0.000000,0.002732,-0.149350,0.000000,0.000324,-0.168854,0.017000,0.001900,-0.076400,0.026573,0.001900,-0.117863,0.031538,0.001078,-0.139370,0.035515,-0.000409,-0.156596,0.033100,-0.003774,-0.068300,0.044843,-0.003774,-0.098891,0.050825,-0.004537,-0.114475,0.055771,-0.006031,-0.127360
open_palm,1,left,1782948305.7222888,0.000000,0.000000,0.000000,0.025477,-0.012045,-0.022235,0.041132,-0.012868,-0.044500,0.058434,-0.014440,-0.071205,0.070321,-0.015970,-0.090979,0.020170,0.003226,-0.081594,0.024029,0.003226,-0.118309,0.026286,0.001888,-0.139785,0.028224,-0.000427,-0.158229,0.000000,0.003975,-0.081300,0.000000,0.003975,-0.125907,0.000000,0.002498,-0.149337,0.000000,-0.000406,-0.168773,-0.017000,0.001900,-0.076400,-0.026573,0.001900,-0.117863,-0.031531,0.000511,-0.139342,-0.035478,-0.002130,-0.156436,-0.033100,-0.003774,-0.068300,-0.044843,-0.003774,-0.098891,-0.050821,-0.004752,-0.114464,-0.055746,-0.006706,-0.127296
open_palm,1,left,1782948305.9301198,0.000000,0.000000,0.000000,0.025477,-0.012045,-0.022235,0.041132,-0.012868,-0.044500,0.058434,-0.014440,-0.071205,0.070321,-0.015970,-0.090979,0.020170,0.003226,-0.081594,0.024029,0.003226,-0.118309,0.026286,0.001888,-0.139785,0.028224,-0.000427,-0.158229,0.000000,0.003975,-0.081300,0.000000,0.003975,-0.125907,0.000000,0.002498,-0.149337,0.000000,-0.000406,-0.168773,-0.017000,0.001900,-0.076400,-0.026573,0.001900,-0.117863,-0.031531,0.000511,-0.139342,-0.035478,-0.002130,-0.156436,-0.033100,-0.003774,-0.068300,-0.044843,-0.003774,-0.098891,-0.050821,-0.004752,-0.114464,-0.055746,-0.006706,-0.127296
open_palm,1,right,1782948305.9409645,0.000000,0.000000,0.000000,-0.025477,-0.012045,-0.022235,-0.041088,-0.012634,-0.044538,-0.058625,-0.013763,-0.071112,-0.070976,-0.014806,-0.090632,-0.020170,0.003226,-0.081594,-0.024029,0.003226,-0.118309,-0.026284,0.001666,-0.139770,-0.028216,-0.001089,-0.158154,0.000000,0.003975,-0.081300,0.000000,0.003975,-0.125907,0.000000,0.002732,-0.149350,0.000000,0.000324,-0.168854,0.017000,0.001900,-0.076400,0.026573,0.001900,-0.117863,0.031538,0.001078,-0.139370,0.035515,-0.000409,-0.156596,0.033100,-0.003774,-0.068300,0.044843,-0.003774,-0.098891,0.050825,-0.004537,-0.114475,0.055771,-0.006031,-0.127360
open_palm,1,left,1782948306.143179,0.000000,0.000000,0.000000,0.025477,-0.012045,-0.022235,0.041132,-0.012868,-0.044500,0.058434,-0.014440,-0.071205,0.070321,-0.015970,-0.090979,0.020170,0.003226,-0.081594,0.024029,0.003226,-0.118309,0.026286,0.001888,-0.139785,0.028224,-0.000427,-0.158229,0.000000,0.003975,-0.081300,0.000000,0.003975,-0.125907,0.000000,0.002498,-0.149337,0.000000,-0.000406,-0.168773,-0.017000,0.001900,-0.076400,-0.026573,0.001900,-0.117863,-0.031531,0.000511,-0.139342,-0.035478,-0.002130,-0.156436,-0.033100,-0.003774,-0.068300,-0.044843,-0.003774,-0.098891,-0.050821,-0.004752,-0.114464,-0.055746,-0.006706,-0.127296
open_palm,1,right,1782948306.1434789,0.000000,0.000000,0.000000,-0.025477,-0.012045,-0.022235,-0.041088,-0.012634,-0.044538,-0.058625,-0.013763,-0.071112,-0.070976,-0.014806,-0.090632,-0.020170,0.003226,-0.081594,-0.024029,0.003226,-0.118309,-0.026284,0.001666,-0.139770,-0.028216,-0.001089,-0.158154,0.000000,0.003975,-0.081300,0.000000,0.003975,-0.125907,0.000000,0.002732,-0.149350,0.000000,0.000324,-0.168854,0.017000,0.001900,-0.076400,0.026573,0.001900,-0.117863,0.031538,0.001078,-0.139370,0.035515,-0.000409,-0.156596,0.033100,-0.003774,-0.068300,0.044843,-0.003774,-0.098891,0.050825,-0.004537,-0.114475,0.055771,-0.006031,-0.127360
open_palm,1,left,1782948306.3502898,0.000000,0.000000,0.000000,0.025477,-0.012045,-0.022235,0.041132,-0.012868,-0.044500,0.058434,-0.014440,-0.071205,0.070321,-0.015970,-0.090979,0.020170,0.003226,-0.081594,0.024029,0.003226,-0.118309,0.026286,0.001888,-0.139785,0.028224,-0.000427,-0.158229,0.000000,0.003975,-0.081300,0.000000,0.003975,-0.125907,0.000000,0.002498,-0.149337,0.000000,-0.000406,-0.168773,-0.017000,0.001900,-0.076400,-0.026573,0.001900,-0.117863,-0.031531,0.000511,-0.139342,-0.035478,-0.002130,-0.156436,-0.033100,-0.003774,-0.068300,-0.044843,-0.003774,-0.098891,-0.050821,-0.004752,-0.114464,-0.055746,-0.006706,-0.127296
open_palm,1,right,1782948306.3514647,0.000000,0.000000,0.000000,-0.025477,-0.012045,-0.022235,-0.041088,-0.012634,-0.044538,-0.058625,-0.013763,-0.071112,-0.070976,-0.014806,-0.090632,-0.020170,0.003226,-0.081594,-0.024029,0.003226,-0.118309,-0.026284,0.001666,-0.139770,-0.028216,-0.001089,-0.158154,0.000000,0.003975,-0.081300,0.000000,0.003975,-0.125907,0.000000,0.002732,-0.149350,0.000000,0.000324,-0.168854,0.017000,0.001900,-0.076400,0.026573,0.001900,-0.117863,0.031531,0.000511,-0.139343,0.035478,-0.002130,-0.156436,0.033100,-0.003774,-0.068300,0.044843,-0.003774,-0.098891,0.050825,-0.004537,-0.114475,0.055771,-0.006031,-0.127360
open_palm,1,left,1782948306.5559762,0.000000,0.000000,0.000000,0.025477,-0.012045,-0.022235,0.041132,-0.012868,-0.044500,0.058434,-0.014440,-0.071205,0.070321,-0.015970,-0.090979,0.020170,0.003226,-0.081594,0.024029,0.003226,-0.118309,0.026286,0.001888,-0.139785,0.028224,-0.000427,-0.158229,0.000000,0.003975,-0.081300,0.000000,0.003975,-0.125907,0.000000,0.002498,-0.149337,0.000000,-0.000406,-0.168773,-0.017000,0.001900,-0.076400,-0.026573,0.001900,-0.117863,-0.031531,0.000511,-0.139342,-0.035478,-0.002130,-0.156436,-0.033100,-0.003774,-0.068300,-0.044843,-0.003774,-0.098891,-0.050821,-0.004752,-0.114464,-0.055746,-0.006706,-0.127296
open_palm,1,right,1782948306.5562055,0.000000,0.000000,0.000000,-0.025477,-0.012045,-0.022235,-0.041088,-0.012634,-0.044538,-0.058625,-0.013763,-0.071112,-0.070976,-0.014806,-0.090632,-0.020170,0.003226,-0.081594,-0.024029,0.003226,-0.118309,-0.026284,0.001666,-0.139770,-0.028216,-0.001089,-0.158154,0.000000,0.003975,-0.081300,0.000000,0.003975,-0.125907,0.000000,0.002732,-0.149350,0.000000,0.000324,-0.168854,0.017000,0.001900,-0.076400,0.026573,0.001900,-0.117863,0.031531,0.000511,-0.139343,0.035478,-0.002130,-0.156436,0.033100,-0.003774,-0.068300,0.044843,-0.003774,-0.098891,0.050825,-0.004537,-0.114475,0.055771,-0.006031,-0.127360
open_palm,1,right,1782948306.7672024,0.000000,0.000000,0.000000,-0.025477,-0.012045,-0.022235,-0.041088,-0.012634,-0.044538,-0.058625,-0.013763,-0.071112,-0.070976,-0.014806,-0.090632,-0.020170,0.003226,-0.081594,-0.024029,0.003226,-0.118309,-0.026284,0.001666,-0.139770,-0.028216,-0.001089,-0.158154,0.000000,0.003975,-0.081300,0.000000,0.003975,-0.125907,0.000000,0.002732,-0.149350,0.000000,0.000324,-0.168854,0.017000,0.001900,-0.076400,0.026573,0.001900,-0.117863,0.031531,0.000511,-0.139343,0.035478,-0.002130,-0.156436,0.033100,-0.003774,-0.068300,0.044843,-0.003774,-0.098891,0.050825,-0.004537,-0.114475,0.055771,-0.006031,-0.127360
open_palm,1,left,1782948306.7786345,0.000000,0.000000,0.000000,0.025477,-0.012045,-0.022235,0.041132,-0.012868,-0.044500,0.058434,-0.014440,-0.071205,0.070321,-0.015970,-0.090979,0.020170,0.003226,-0.081594,0.024029,0.003226,-0.118309,0.026286,0.001888,-0.139785,0.028224,-0.000427,-0.158229,0.000000,0.003975,-0.081300,0.000000,0.003975,-0.125907,0.000000,0.002498,-0.149337,0.000000,-0.000406,-0.168773,-0.017000,0.001900,-0.076400,-0.026573,0.001900,-0.117863,-0.031531,0.000511,-0.139342,-0.035478,-0.002130,-0.156436,-0.033100,-0.003774,-0.068300,-0.044843,-0.003774,-0.098891,-0.050821,-0.004752,-0.114464,-0.055746,-0.006706,-0.127296
open_palm,1,right,1782948306.9769819,0.000000,0.000000,0.000000,-0.025477,-0.012045,-0.022235,-0.041088,-0.012634,-0.044538,-0.058625,-0.013763,-0.071112,-0.070976,-0.014806,-0.090632,-0.020170,0.003226,-0.081594,-0.024029,0.003226,-0.118309,-0.026284,0.001666,-0.139770,-0.028216,-0.001089,-0.158154,0.000000,0.003975,-0.081300,0.000000,0.003975,-0.125907,0.000000,0.002732,-0.149350,0.000000,0.000324,-0.168854,0.017000,0.001900,-0.076400,0.026573,0.001900,-0.117863,0.031531,0.000511,-0.139343,0.035478,-0.002130,-0.156436,0.033100,-0.003774,-0.068300,0.044843,-0.003774,-0.098891,0.050825,-0.004537,-0.114475,0.055771,-0.006031,-0.127360
open_palm,1,left,1782948306.9880354,0.000000,0.000000,0.000000,0.025477,-0.012045,-0.022235,0.041132,-0.012868,-0.044500,0.058434,-0.014440,-0.071205,0.070321,-0.015970,-0.090979,0.020170,0.003226,-0.081594,0.024029,0.003226,-0.118309,0.026286,0.001888,-0.139785,0.028224,-0.000427,-0.158229,0.000000,0.003975,-0.081300,0.000000,0.003975,-0.125907,0.000000,0.002498,-0.149337,0.000000,-0.000406,-0.168773,-0.017000,0.001900,-0.076400,-0.026573,0.001900,-0.117863,-0.031531,0.000511,-0.139342,-0.035478,-0.002130,-0.156436,-0.033100,-0.003774,-0.068300,-0.044843,-0.003774,-0.098891,-0.050821,-0.004752,-0.114464,-0.055746,-0.006706,-0.127296
open_palm,1,right,1782948307.1833777,0.000000,0.000000,0.000000,-0.025477,-0.012045,-0.022235,-0.041088,-0.012634,-0.044538,-0.058625,-0.013763,-0.071112,-0.070976,-0.014806,-0.090632,-0.020170,0.003226,-0.081594,-0.024029,0.003226,-0.118309,-0.026284,0.001666,-0.139770,-0.028216,-0.001089,-0.158154,0.000000,0.003975,-0.081300,0.000000,0.003975,-0.125907,0.000000,0.002732,-0.149350,0.000000,0.000324,-0.168854,0.017000,0.001900,-0.076400,0.026573,0.001900,-0.117863,0.031531,0.000511,-0.139343,0.035478,-0.002130,-0.156436,0.033100,-0.003774,-0.068300,0.044843,-0.003774,-0.098891,0.050825,-0.004537,-0.114475,0.055771,-0.006031,-0.127360
open_palm,1,left,1782948307.195153,0.000000,0.000000,0.000000,0.025477,-0.012045,-0.022235,0.041132,-0.012868,-0.044500,0.058434,-0.014440,-0.071205,0.070321,-0.015970,-0.090979,0.020170,0.003226,-0.081594,0.024029,0.003226,-0.118309,0.026286,0.001888,-0.139785,0.028224,-0.000427,-0.158229,0.000000,0.003975,-0.081300,0.000000,0.003975,-0.125907,0.000000,0.002498,-0.149337,0.000000,-0.000406,-0.168773,-0.017000,0.001900,-0.076400,-0.026573,0.001900,-0.117863,-0.031531,0.000511,-0.139342,-0.035478,-0.002130,-0.156436,-0.033100,-0.003774,-0.068300,-0.044843,-0.003774,-0.098891,-0.050821,-0.004752,-0.114464,-0.055746,-0.006706,-0.127296
open_palm,1,left,1782948307.400956,0.000000,0.000000,0.000000,0.025477,-0.012045,-0.022235,0.041132,-0.012868,-0.044500,0.058434,-0.014440,-0.071205,0.070321,-0.015970,-0.090979,0.020170,0.003226,-0.081594,0.024029,0.003226,-0.118309,0.026286,0.001888,-0.139785,0.028224,-0.000427,-0.158229,0.000000,0.003975,-0.081300,0.000000,0.003975,-0.125907,0.000000,0.002498,-0.149337,0.000000,-0.000406,-0.168773,-0.017000,0.001900,-0.076400,-0.026573,0.001900,-0.117863,-0.031531,0.000511,-0.139342,-0.035478,-0.002130,-0.156436,-0.033100,-0.003774,-0.068300,-0.044843,-0.003774,-0.098891,-0.050821,-0.004752,-0.114464,-0.055746,-0.006706,-0.127296
open_palm,1,right,1782948307.4031193,0.000000,0.000000,0.000000,-0.025477,-0.012045,-0.022235,-0.041088,-0.012634,-0.044538,-0.058625,-0.013763,-0.071112,-0.070976,-0.014806,-0.090632,-0.020170,0.003226,-0.081594,-0.024029,0.003226,-0.118309,-0.026284,0.001666,-0.139770,-0.028216,-0.001089,-0.158154,0.000000,0.003975,-0.081300,0.000000,0.003975,-0.125907,0.000000,0.002732,-0.149350,0.000000,0.000324,-0.168854,0.017000,0.001900,-0.076400,0.026573,0.001900,-0.117863,0.031531,0.000511,-0.139343,0.035478,-0.002130,-0.156436,0.033100,-0.003774,-0.068300,0.044843,-0.003774,-0.098891,0.050825,-0.004537,-0.114475,0.055771,-0.006031,-0.127360
open_palm,1,right,1782948307.608032,0.000000,0.000000,0.000000,-0.025477,-0.012045,-0.022235,-0.041088,-0.012634,-0.044538,-0.058625,-0.013763,-0.071112,-0.070976,-0.014806,-0.090632,-0.020170,0.003226,-0.081594,-0.024029,0.003226,-0.118309,-0.026284,0.001666,-0.139770,-0.028216,-0.001089,-0.158154,0.000000,0.003975,-0.081300,0.000000,0.003975,-0.125907,0.000000,0.002732,-0.149350,0.000000,0.000324,-0.168854,0.017000,0.001900,-0.076400,0.026573,0.001900,-0.117863,0.031531,0.000511,-0.139343,0.035478,-0.002130,-0.156436,0.033100,-0.003774,-0.068300,0.044843,-0.003774,-0.098891,0.050825,-0.004537,-0.114475,0.055771,-0.006031,-0.127360
open_palm,1,left,1782948307.609798,0.000000,0.000000,0.000000,0.025477,-0.012045,-0.022235,0.041132,-0.012868,-0.044500,0.058434,-0.014440,-0.071205,0.070321,-0.015970,-0.090979,0.020170,0.003226,-0.081594,0.024029,0.003226,-0.118309,0.026286,0.001888,-0.139785,0.028224,-0.000427,-0.158229,0.000000,0.003975,-0.081300,0.000000,0.003975,-0.125907,0.000000,0.002498,-0.149337,0.000000,-0.000406,-0.168773,-0.017000,0.001900,-0.076400,-0.026573,0.001900,-0.117863,-0.031531,0.000511,-0.139342,-0.035478,-0.002130,-0.156436,-0.033100,-0.003774,-0.068300,-0.044843,-0.003774,-0.098891,-0.050821,-0.004752,-0.114464,-0.055746,-0.006706,-0.127296
open_palm,1,left,1782948307.8108509,0.000000,0.000000,0.000000,0.025477,-0.012045,-0.022235,0.041132,-0.012868,-0.044500,0.058434,-0.014440,-0.071205,0.070321,-0.015970,-0.090979,0.020170,0.003226,-0.081594,0.024029,0.003226,-0.118309,0.026286,0.001888,-0.139785,0.028224,-0.000427,-0.158229,0.000000,0.003975,-0.081300,0.000000,0.003975,-0.125907,0.000000,0.002498,-0.149337,0.000000,-0.000406,-0.168773,-0.017000,0.001900,-0.076400,-0.026573,0.001900,-0.117863,-0.031531,0.000511,-0.139342,-0.035478,-0.002130,-0.156436,-0.033100,-0.003774,-0.068300,-0.044843,-0.003774,-0.098891,-0.050821,-0.004752,-0.114464,-0.055746,-0.006706,-0.127296
open_palm,1,right,1782948307.8110752,0.000000,0.000000,0.000000,-0.025477,-0.012045,-0.022235,-0.041088,-0.012634,-0.044538,-0.058625,-0.013763,-0.071112,-0.070976,-0.014806,-0.090632,-0.020170,0.003226,-0.081594,-0.024029,0.003226,-0.118309,-0.026284,0.001666,-0.139770,-0.028216,-0.001089,-0.158154,0.000000,0.003975,-0.081300,0.000000,0.003975,-0.125907,0.000000,0.002732,-0.149350,0.000000,0.000324,-0.168854,0.017000,0.001900,-0.076400,0.026573,0.001900,-0.117863,0.031531,0.000511,-0.139343,0.035478,-0.002130,-0.156436,0.033100,-0.003774,-0.068300,0.044843,-0.003774,-0.098891,0.050825,-0.004537,-0.114475,0.055771,-0.006031,-0.127360
open_palm,1,left,1782948308.0194404,0.000000,0.000000,0.000000,0.025477,-0.012045,-0.022235,0.041132,-0.012868,-0.044500,0.058434,-0.014440,-0.071205,0.070321,-0.015970,-0.090979,0.020170,0.003226,-0.081594,0.024029,0.003226,-0.118309,0.026286,0.001888,-0.139785,0.028224,-0.000427,-0.158229,0.000000,0.003975,-0.081300,0.000000,0.003975,-0.125907,0.000000,0.002498,-0.149337,0.000000,-0.000406,-0.168773,-0.017000,0.001900,-0.076400,-0.026573,0.001900,-0.117863,-0.031531,0.000511,-0.139342,-0.035478,-0.002130,-0.156436,-0.033100,-0.003774,-0.068300,-0.044843,-0.003774,-0.098891,-0.050821,-0.004752,-0.114464,-0.055746,-0.006706,-0.127296
open_palm,1,right,1782948308.020854,0.000000,0.000000,0.000000,-0.025477,-0.012045,-0.022235,-0.041088,-0.012634,-0.044538,-0.058625,-0.013763,-0.071112,-0.070976,-0.014806,-0.090632,-0.020170,0.003226,-0.081594,-0.024029,0.003226,-0.118309,-0.026284,0.001666,-0.139770,-0.028216,-0.001089,-0.158154,0.000000,0.003975,-0.081300,0.000000,0.003975,-0.125907,0.000000,0.002732,-0.149350,0.000000,0.000324,-0.168854,0.017000,0.001900,-0.076400,0.026573,0.001900,-0.117863,0.031531,0.000511,-0.139343,0.035478,-0.002130,-0.156436,0.033100,-0.003774,-0.068300,0.044843,-0.003774,-0.098891,0.050825,-0.004537,-0.114475,0.055771,-0.006031,-0.127360
open_palm,1,left,1782948308.2285266,0.000000,0.000000,0.000000,0.025477,-0.012045,-0.022235,0.041132,-0.012868,-0.044500,0.058434,-0.014440,-0.071205,0.070321,-0.015970,-0.090979,0.020170,0.003226,-0.081594,0.024029,0.003226,-0.118309,0.026286,0.001888,-0.139785,0.028224,-0.000427,-0.158229,0.000000,0.003975,-0.081300,0.000000,0.003975,-0.125907,0.000000,0.002498,-0.149337,0.000000,-0.000406,-0.168773,-0.017000,0.001900,-0.076400,-0.026573,0.001900,-0.117863,-0.031531,0.000511,-0.139342,-0.035478,-0.002130,-0.156436,-0.033100,-0.003774,-0.068300,-0.044843,-0.003774,-0.098891,-0.050821,-0.004752,-0.114464,-0.055746,-0.006706,-0.127296
open_palm,1,right,1782948308.2424066,0.000000,0.000000,0.000000,-0.025477,-0.012045,-0.022235,-0.041088,-0.012634,-0.044538,-0.058625,-0.013763,-0.071112,-0.070976,-0.014806,-0.090632,-0.020170,0.003226,-0.081594,-0.024029,0.003226,-0.118309,-0.026284,0.001666,-0.139770,-0.028216,-0.001089,-0.158154,0.000000,0.003975,-0.081300,0.000000,0.003975,-0.125907,0.000000,0.002732,-0.149350,0.000000,0.000324,-0.168854,0.017000,0.001900,-0.076400,0.026573,0.001900,-0.117863,0.031531,0.000511,-0.139343,0.035478,-0.002130,-0.156436,0.033100,-0.003774,-0.068300,0.044843,-0.003774,-0.098891,0.050825,-0.004537,-0.114475,0.055771,-0.006031,-0.127360
open_palm,1,left,1782948308.4428797,0.000000,0.000000,0.000000,0.025477,-0.012045,-0.022235,0.041132,-0.012868,-0.044500,0.058434,-0.014440,-0.071205,0.070321,-0.015970,-0.090979,0.020170,0.003226,-0.081594,0.024029,0.003226,-0.118309,0.026286,0.001888,-0.139785,0.028224,-0.000427,-0.158229,0.000000,0.003975,-0.081300,0.000000,0.003975,-0.125907,0.000000,0.002498,-0.149337,0.000000,-0.000406,-0.168773,-0.017000,0.001900,-0.076400,-0.026573,0.001900,-0.117863,-0.031531,0.000511,-0.139342,-0.035478,-0.002130,-0.156436,-0.033100,-0.003774,-0.068300,-0.044843,-0.003774,-0.098891,-0.050821,-0.004752,-0.114464,-0.055746,-0.006706,-0.127296
open_palm,1,right,1782948308.4433002,0.000000,0.000000,0.000000,-0.025477,-0.012045,-0.022235,-0.041088,-0.012634,-0.044538,-0.058625,-0.013763,-0.071112,-0.070976,-0.014806,-0.090632,-0.020170,0.003226,-0.081594,-0.024029,0.003226,-0.118309,-0.026284,0.001666,-0.139770,-0.028216,-0.001089,-0.158154,0.000000,0.003975,-0.081300,0.000000,0.003975,-0.125907,0.000000,0.002732,-0.149350,0.000000,0.000324,-0.168854,0.017000,0.001900,-0.076400,0.026573,0.001900,-0.117863,0.031531,0.000511,-0.139343,0.035478,-0.002130,-0.156436,0.033100,-0.003774,-0.068300,0.044843,-0.003774,-0.098891,0.050825,-0.004537,-0.114475,0.055771,-0.006031,-0.127360
open_palm,1,left,1782948308.6494367,0.000000,0.000000,0.000000,0.025477,-0.012045,-0.022235,0.041132,-0.012868,-0.044500,0.058434,-0.014440,-0.071205,0.070321,-0.015970,-0.090979,0.020170,0.003226,-0.081594,0.024029,0.003226,-0.118309,0.026286,0.001888,-0.139785,0.028224,-0.000427,-0.158229,0.000000,0.003975,-0.081300,0.000000,0.003975,-0.125907,0.000000,0.002498,-0.149337,0.000000,-0.000406,-0.168773,-0.017000,0.001900,-0.076400,-0.026573,0.001900,-0.117863,-0.031531,0.000511,-0.139342,-0.035478,-0.002130,-0.156436,-0.033100,-0.003774,-0.068300,-0.044843,-0.003774,-0.098891,-0.050821,-0.004752,-0.114464,-0.055746,-0.006706,-0.127296
open_palm,1,right,1782948308.6497731,0.000000,0.000000,0.000000,-0.025477,-0.012045,-0.022235,-0.041088,-0.012634,-0.044538,-0.058625,-0.013763,-0.071112,-0.070976,-0.014806,-0.090632,-0.020170,0.003226,-0.081594,-0.024029,0.003226,-0.118309,-0.026284,0.001666,-0.139770,-0.028216,-0.001089,-0.158154,0.000000,0.003975,-0.081300,0.000000,0.003975,-0.125907,0.000000,0.002732,-0.149350,0.000000,0.000324,-0.168854,0.017000,0.001900,-0.076400,0.026573,0.001900,-0.117863,0.031531,0.000511,-0.139343,0.035478,-0.002130,-0.156436,0.033100,-0.003774,-0.068300,0.044843,-0.003774,-0.098891,0.050825,-0.004537,-0.114475,0.055771,-0.006031,-0.127360
open_palm,1,left,1782948308.8598456,0.000000,0.000000,0.000000,0.025477,-0.012045,-0.022235,0.041132,-0.012868,-0.044500,0.058434,-0.014440,-0.071205,0.070321,-0.015970,-0.090979,0.020170,0.003226,-0.081594,0.024029,0.003226,-0.118309,0.026286,0.001888,-0.139785,0.028224,-0.000427,-0.158229,0.000000,0.003975,-0.081300,0.000000,0.003975,-0.125907,0.000000,0.002498,-0.149337,0.000000,-0.000406,-0.168773,-0.017000,0.001900,-0.076400,-0.026573,0.001900,-0.117863,-0.031531,0.000511,-0.139342,-0.035478,-0.002130,-0.156436,-0.033100,-0.003774,-0.068300,-0.044843,-0.003774,-0.098891,-0.050821,-0.004752,-0.114464,-0.055746,-0.006706,-0.127296
open_palm,1,right,1782948308.8720644,0.000000,0.000000,0.000000,-0.025477,-0.012045,-0.022235,-0.041088,-0.012634,-0.044538,-0.058625,-0.013763,-0.071112,-0.070976,-0.014806,-0.090632,-0.020170,0.003226,-0.081594,-0.024029,0.003226,-0.118309,-0.026284,0.001666,-0.139770,-0.028216,-0.001089,-0.158154,0.000000,0.003975,-0.081300,0.000000,0.003975,-0.125907,0.000000,0.002732,-0.149350,0.000000,0.000324,-0.168854,0.017000,0.001900,-0.076400,0.026573,0.001900,-0.117863,0.031531,0.000511,-0.139343,0.035478,-0.002130,-0.156436,0.033100,-0.003774,-0.068300,0.044843,-0.003774,-0.098891,0.050825,-0.004537,-0.114475,0.055771,-0.006031,-0.127360
open_palm,1,left,1782948309.0806808,0.000000,0.000000,0.000000,0.025477,-0.012045,-0.022235,0.041132,-0.012868,-0.044500,0.058434,-0.014440,-0.071205,0.070321,-0.015970,-0.090979,0.020170,0.003226,-0.081594,0.024029,0.003226,-0.118309,0.026286,0.001888,-0.139785,0.028224,-0.000427,-0.158229,0.000000,0.003975,-0.081300,0.000000,0.003975,-0.125907,0.000000,0.002498,-0.149337,0.000000,-0.000406,-0.168773,-0.017000,0.001900,-0.076400,-0.026573,0.001900,-0.117863,-0.031531,0.000511,-0.139342,-0.035478,-0.002130,-0.156436,-0.033100,-0.003774,-0.068300,-0.044843,-0.003774,-0.098891,-0.050821,-0.004752,-0.114464,-0.055746,-0.006706,-0.127296
open_palm,1,right,1782948309.092345,0.000000,0.000000,0.000000,-0.025477,-0.012045,-0.022235,-0.041088,-0.012634,-0.044538,-0.058625,-0.013763,-0.071112,-0.070976,-0.014806,-0.090632,-0.020170,0.003226,-0.081594,-0.024029,0.003226,-0.118309,-0.026284,0.001666,-0.139770,-0.028216,-0.001089,-0.158154,0.000000,0.003975,-0.081300,0.000000,0.003975,-0.125907,0.000000,0.002732,-0.149350,0.000000,0.000324,-0.168854,0.017000,0.001900,-0.076400,0.026573,0.001900,-0.117863,0.031531,0.000511,-0.139343,0.035478,-0.002130,-0.156436,0.033100,-0.003774,-0.068300,0.044843,-0.003774,-0.098891,0.050825,-0.004537,-0.114475,0.055771,-0.006031,-0.127360
open_palm,1,left,1782948309.296187,0.000000,0.000000,0.000000,0.025477,-0.012045,-0.022235,0.041132,-0.012868,-0.044500,0.058434,-0.014440,-0.071205,0.070321,-0.015970,-0.090979,0.020170,0.003226,-0.081594,0.024029,0.003226,-0.118309,0.026286,0.001888,-0.139785,0.028224,-0.000427,-0.158229,0.000000,0.003975,-0.081300,0.000000,0.003975,-0.125907,0.000000,0.002498,-0.149337,0.000000,-0.000406,-0.168773,-0.017000,0.001900,-0.076400,-0.026573,0.001900,-0.117863,-0.031531,0.000511,-0.139342,-0.035478,-0.002130,-0.156436,-0.033100,-0.003774,-0.068300,-0.044843,-0.003774,-0.098891,-0.050821,-0.004752,-0.114464,-0.055746,-0.006706,-0.127296
open_palm,1,right,1782948309.2964525,0.000000,0.000000,0.000000,-0.025477,-0.012045,-0.022235,-0.041088,-0.012634,-0.044538,-0.058625,-0.013763,-0.071112,-0.070976,-0.014806,-0.090632,-0.020170,0.003226,-0.081594,-0.024029,0.003226,-0.118309,-0.026284,0.001666,-0.139770,-0.028216,-0.001089,-0.158154,0.000000,0.003975,-0.081300,0.000000,0.003975,-0.125907,0.000000,0.002732,-0.149350,0.000000,0.000324,-0.168854,0.017000,0.001900,-0.076400,0.026573,0.001900,-0.117863,0.031531,0.000511,-0.139343,0.035478,-0.002130,-0.156436,0.033100,-0.003774,-0.068300,0.044843,-0.003774,-0.098891,0.050825,-0.004537,-0.114475,0.055771,-0.006031,-0.127360
open_palm,1,left,1782948309.5145507,0.000000,0.000000,0.000000,0.025477,-0.012045,-0.022235,0.041132,-0.012868,-0.044500,0.058434,-0.014440,-0.071205,0.070321,-0.015970,-0.090979,0.020170,0.003226,-0.081594,0.024029,0.003226,-0.118309,0.026286,0.001888,-0.139785,0.028224,-0.000427,-0.158229,0.000000,0.003975,-0.081300,0.000000,0.003975,-0.125907,0.000000,0.002498,-0.149337,0.000000,-0.000406,-0.168773,-0.017000,0.001900,-0.076400,-0.026573,0.001900,-0.117863,-0.031531,0.000511,-0.139342,-0.035478,-0.002130,-0.156436,-0.033100,-0.003774,-0.068300,-0.044843,-0.003774,-0.098891,-0.050821,-0.004752,-0.114464,-0.055746,-0.006706,-0.127296
open_palm,1,right,1782948309.5148225,0.000000,0.000000,0.000000,-0.025477,-0.012045,-0.022235,-0.041088,-0.012634,-0.044538,-0.058625,-0.013763,-0.071112,-0.070976,-0.014806,-0.090632,-0.020170,0.003226,-0.081594,-0.024029,0.003226,-0.118309,-0.026284,0.001666,-0.139770,-0.028216,-0.001089,-0.158154,0.000000,0.003975,-0.081300,0.000000,0.003975,-0.125907,0.000000,0.002732,-0.149350,0.000000,0.000324,-0.168854,0.017000,0.001900,-0.076400,0.026573,0.001900,-0.117863,0.031531,0.000511,-0.139343,0.035478,-0.002130,-0.156436,0.033100,-0.003774,-0.068300,0.044843,-0.003774,-0.098891,0.050824,-0.004573,-0.114473,0.055767,-0.006144,-0.127351
open_palm,1,left,1782948309.7206662,0.000000,0.000000,0.000000,0.025477,-0.012045,-0.022235,0.041132,-0.012868,-0.044500,0.058434,-0.014440,-0.071205,0.070321,-0.015970,-0.090979,0.020170,0.003226,-0.081594,0.024029,0.003226,-0.118309,0.026286,0.001888,-0.139785,0.028224,-0.000427,-0.158229,0.000000,0.003975,-0.081300,0.000000,0.003975,-0.125907,0.000000,0.002498,-0.149337,0.000000,-0.000406,-0.168773,-0.017000,0.001900,-0.076400,-0.026573,0.001900,-0.117863,-0.031531,0.000511,-0.139342,-0.035478,-0.002130,-0.156436,-0.033100,-0.003774,-0.068300,-0.044843,-0.003774,-0.098891,-0.050821,-0.004752,-0.114464,-0.055746,-0.006706,-0.127296
open_palm,1,right,1782948309.7210557,0.000000,0.000000,0.000000,-0.025477,-0.012045,-0.022235,-0.041088,-0.012634,-0.044538,-0.058625,-0.013763,-0.071112,-0.070976,-0.014806,-0.090632,-0.020170,0.003226,-0.081594,-0.024029,0.003226,-0.118309,-0.026284,0.001666,-0.139770,-0.028216,-0.001089,-0.158154,0.000000,0.003975,-0.081300,0.000000,0.003975,-0.125907,0.000000,0.002732,-0.149350,0.000000,0.000324,-0.168854,0.017000,0.001900,-0.076400,0.026573,0.001900,-0.117863,0.031531,0.000511,-0.139343,0.035478,-0.002130,-0.156436,0.033100,-0.003774,-0.068300,0.044843,-0.003774,-0.098891,0.050821,-0.004752,-0.114464,0.055746,-0.006706,-0.127296
open_palm,1,left,1782948309.9373238,0.000000,0.000000,0.000000,0.025477,-0.012045,-0.022235,0.041132,-0.012868,-0.044500,0.058434,-0.014440,-0.071205,0.070321,-0.015970,-0.090979,0.020170,0.003226,-0.081594,0.024029,0.003226,-0.118309,0.026286,0.001888,-0.139785,0.028224,-0.000427,-0.158229,0.000000,0.003975,-0.081300,0.000000,0.003975,-0.125907,0.000000,0.002498,-0.149337,0.000000,-0.000406,-0.168773,-0.017000,0.001900,-0.076400,-0.026573,0.001900,-0.117863,-0.031531,0.000511,-0.139342,-0.035478,-0.002130,-0.156436,-0.033100,-0.003774,-0.068300,-0.044843,-0.003774,-0.098891,-0.050821,-0.004752,-0.114464,-0.055746,-0.006706,-0.127296
open_palm,1,right,1782948309.9377143,0.000000,0.000000,0.000000,-0.025477,-0.012045,-0.022235,-0.041088,-0.012634,-0.044538,-0.058625,-0.013763,-0.071112,-0.070976,-0.014806,-0.090632,-0.020170,0.003226,-0.081594,-0.024029,0.003226,-0.118309,-0.026284,0.001666,-0.139770,-0.028216,-0.001089,-0.158154,0.000000,0.003975,-0.081300,0.000000,0.003975,-0.125907,0.000000,0.002732,-0.149350,0.000000,0.000324,-0.168854,0.017000,0.001900,-0.076400,0.026573,0.001900,-0.117863,0.031531,0.000511,-0.139343,0.035478,-0.002130,-0.156436,0.033100,-0.003774,-0.068300,0.044843,-0.003774,-0.098891,0.050821,-0.004752,-0.114464,0.055746,-0.006706,-0.127296
open_palm,1,left,1782948310.1453164,0.000000,0.000000,0.000000,0.025477,-0.012045,-0.022235,0.041132,-0.012868,-0.044500,0.058434,-0.014440,-0.071205,0.070321,-0.015970,-0.090979,0.020170,0.003226,-0.081594,0.024029,0.003226,-0.118309,0.026286,0.001888,-0.139785,0.028224,-0.000427,-0.158229,0.000000,0.003975,-0.081300,0.000000,0.003975,-0.125907,0.000000,0.002498,-0.149337,0.000000,-0.000406,-0.168773,-0.017000,0.001900,-0.076400,-0.026573,0.001900,-0.117863,-0.031531,0.000511,-0.139342,-0.035478,-0.002130,-0.156436,-0.033100,-0.003774,-0.068300,-0.044843,-0.003774,-0.098891,-0.050821,-0.004752,-0.114464,-0.055746,-0.006706,-0.127296
open_palm,1,right,1782948310.1455321,0.000000,0.000000,0.000000,-0.025477,-0.012045,-0.022235,-0.041088,-0.012634,-0.044538,-0.058625,-0.013763,-0.071112,-0.070976,-0.014806,-0.090632,-0.020170,0.003226,-0.081594,-0.024029,0.003226,-0.118309,-0.026284,0.001666,-0.139770,-0.028216,-0.001089,-0.158154,0.000000,0.003975,-0.081300,0.000000,0.003975,-0.125907,0.000000,0.002732,-0.149350,0.000000,0.000324,-0.168854,0.017000,0.001900,-0.076400,0.026573,0.001900,-0.117863,0.031531,0.000511,-0.139343,0.035478,-0.002130,-0.156436,0.033100,-0.003774,-0.068300,0.044843,-0.003774,-0.098891,0.050821,-0.004752,-0.114464,0.055746,-0.006706,-0.127296
open_palm,1,left,1782948310.3511698,0.000000,0.000000,0.000000,0.025477,-0.012045,-0.022235,0.041132,-0.012868,-0.044500,0.058434,-0.014440,-0.071205,0.070321,-0.015970,-0.090979,0.020170,0.003226,-0.081594,0.024029,0.003226,-0.118309,0.026286,0.001888,-0.139785,0.028224,-0.000427,-0.158229,0.000000,0.003975,-0.081300,0.000000,0.003975,-0.125907,0.000000,0.002498,-0.149337,0.000000,-0.000406,-0.168773,-0.017000,0.001900,-0.076400,-0.026573,0.001900,-0.117863,-0.031531,0.000511,-0.139342,-0.035478,-0.002130,-0.156436,-0.033100,-0.003774,-0.068300,-0.044843,-0.003774,-0.098891,-0.050821,-0.004752,-0.114464,-0.055746,-0.006706,-0.127296
open_palm,1,right,1782948310.3653514,0.000000,0.000000,0.000000,-0.025477,-0.012045,-0.022235,-0.041088,-0.012634,-0.044538,-0.058625,-0.013763,-0.071112,-0.070976,-0.014806,-0.090632,-0.020170,0.003226,-0.081594,-0.024029,0.003226,-0.118309,-0.026284,0.001666,-0.139770,-0.028216,-0.001089,-0.158154,0.000000,0.003975,-0.081300,0.000000,0.003975,-0.125907,0.000000,0.002732,-0.149350,0.000000,0.000324,-0.168854,0.017000,0.001900,-0.076400,0.026573,0.001900,-0.117863,0.031531,0.000511,-0.139343,0.035478,-0.002130,-0.156436,0.033100,-0.003774,-0.068300,0.044843,-0.003774,-0.098891,0.050821,-0.004752,-0.114464,0.055746,-0.006706,-0.127296
open_palm,1,left,1782948310.556403,0.000000,0.000000,0.000000,0.025477,-0.012045,-0.022235,0.041132,-0.012868,-0.044500,0.058434,-0.014440,-0.071205,0.070321,-0.015970,-0.090979,0.020170,0.003226,-0.081594,0.024029,0.003226,-0.118309,0.026286,0.001888,-0.139785,0.028224,-0.000427,-0.158229,0.000000,0.003975,-0.081300,0.000000,0.003975,-0.125907,0.000000,0.002498,-0.149337,0.000000,-0.000406,-0.168773,-0.017000,0.001900,-0.076400,-0.026573,0.001900,-0.117863,-0.031531,0.000511,-0.139342,-0.035478,-0.002130,-0.156436,-0.033100,-0.003774,-0.068300,-0.044843,-0.003774,-0.098891,-0.050821,-0.004752,-0.114464,-0.055746,-0.006706,-0.127296
open_palm,1,right,1782948310.568591,0.000000,0.000000,0.000000,-0.025477,-0.012045,-0.022235,-0.041088,-0.012634,-0.044538,-0.058625,-0.013763,-0.071112,-0.070976,-0.014806,-0.090632,-0.020170,0.003226,-0.081594,-0.024029,0.003226,-0.118309,-0.026284,0.001666,-0.139770,-0.028216,-0.001089,-0.158154,0.000000,0.003975,-0.081300,0.000000,0.003975,-0.125907,0.000000,0.002732,-0.149350,0.000000,0.000324,-0.168854,0.017000,0.001900,-0.076400,0.026573,0.001900,-0.117863,0.031531,0.000511,-0.139343,0.035478,-0.002130,-0.156436,0.033100,-0.003774,-0.068300,0.044843,-0.003774,-0.098891,0.050821,-0.004752,-0.114464,0.055746,-0.006706,-0.127296
open_palm,2,left,1782948316.7238455,0.000000,0.000000,0.000000,0.025477,-0.012045,-0.022235,0.041132,-0.012868,-0.044500,0.058434,-0.014440,-0.071205,0.070321,-0.015970,-0.090979,0.020170,0.003226,-0.081594,0.024029,0.003226,-0.118309,0.026286,0.001888,-0.139785,0.028224,-0.000427,-0.158229,0.000000,0.003975,-0.081300,0.000000,0.003975,-0.125907,0.000000,0.002498,-0.149337,0.000000,-0.000406,-0.168773,-0.017000,0.001900,-0.076400,-0.026573,0.001900,-0.117863,-0.031531,0.000511,-0.139342,-0.035478,-0.002130,-0.156436,-0.033100,-0.003774,-0.068300,-0.044843,-0.003774,-0.098891,-0.050821,-0.004752,-0.114464,-0.055746,-0.006706,-0.127296
open_palm,2,right,1782948316.7256021,0.000000,0.000000,0.000000,-0.025477,-0.012045,-0.022235,-0.041088,-0.012634,-0.044538,-0.058625,-0.013763,-0.071112,-0.070976,-0.014806,-0.090632,-0.020170,0.003226,-0.081594,-0.024029,0.003226,-0.118309,-0.026284,0.001666,-0.139770,-0.028216,-0.001089,-0.158154,0.000000,0.003975,-0.081300,0.000000,0.003975,-0.125907,0.000000,0.002732,-0.149350,0.000000,0.000324,-0.168854,0.017000,0.001900,-0.076400,0.026573,0.001900,-0.117863,0.031531,0.000511,-0.139343,0.035478,-0.002130,-0.156436,0.033100,-0.003774,-0.068300,0.044843,-0.003774,-0.098891,0.050821,-0.004752,-0.114464,0.055746,-0.006706,-0.127296
open_palm,2,left,1782948316.9299657,0.000000,0.000000,0.000000,0.025477,-0.012045,-0.022235,0.041132,-0.012868,-0.044500,0.058434,-0.014440,-0.071205,0.070321,-0.015970,-0.090979,0.020170,0.003226,-0.081594,0.024029,0.003226,-0.118309,0.026286,0.001888,-0.139785,0.028224,-0.000427,-0.158229,0.000000,0.003975,-0.081300,0.000000,0.003975,-0.125907,0.000000,0.002498,-0.149337,0.000000,-0.000406,-0.168773,-0.017000,0.001900,-0.076400,-0.026573,0.001900,-0.117863,-0.031531,0.000511,-0.139342,-0.035478,-0.002130,-0.156436,-0.033100,-0.003774,-0.068300,-0.044843,-0.003774,-0.098891,-0.050821,-0.004752,-0.114464,-0.055746,-0.006706,-0.127296
open_palm,2,right,1782948316.9301882,0.000000,0.000000,0.000000,-0.025477,-0.012045,-0.022235,-0.041088,-0.012634,-0.044538,-0.058625,-0.013763,-0.071112,-0.070976,-0.014806,-0.090632,-0.020170,0.003226,-0.081594,-0.024029,0.003226,-0.118309,-0.026284,0.001666,-0.139770,-0.028216,-0.001089,-0.158154,0.000000,0.003975,-0.081300,0.000000,0.003975,-0.125907,0.000000,0.002732,-0.149350,0.000000,0.000324,-0.168854,0.017000,0.001900,-0.076400,0.026573,0.001900,-0.117863,0.031531,0.000511,-0.139343,0.035478,-0.002130,-0.156436,0.033100,-0.003774,-0.068300,0.044843,-0.003774,-0.098891,0.050821,-0.004752,-0.114464,0.055746,-0.006706,-0.127296
open_palm,2,left,1782948317.1322641,0.000000,0.000000,0.000000,0.025477,-0.012045,-0.022235,0.041132,-0.012868,-0.044500,0.058434,-0.014440,-0.071205,0.070321,-0.015970,-0.090979,0.020170,0.003226,-0.081594,0.024029,0.003226,-0.118309,0.026286,0.001888,-0.139785,0.028224,-0.000427,-0.158229,0.000000,0.003975,-0.081300,0.000000,0.003975,-0.125907,0.000000,0.002498,-0.149337,0.000000,-0.000406,-0.168773,-0.017000,0.001900,-0.076400,-0.026573,0.001900,-0.117863,-0.031531,0.000511,-0.139342,-0.035478,-0.002130,-0.156436,-0.033100,-0.003774,-0.068300,-0.044843,-0.003774,-0.098891,-0.050821,-0.004752,-0.114464,-0.055746,-0.006706,-0.127296
open_palm,2,right,1782948317.143703,0.000000,0.000000,0.000000,-0.025477,-0.012045,-0.022235,-0.041088,-0.012634,-0.044538,-0.058625,-0.013763,-0.071112,-0.070976,-0.014806,-0.090632,-0.020170,0.003226,-0.081594,-0.024029,0.003226,-0.118309,-0.026284,0.001666,-0.139770,-0.028216,-0.001089,-0.158154,0.000000,0.003975,-0.081300,0.000000,0.003975,-0.125907,0.000000,0.002732,-0.149350,0.000000,0.000324,-0.168854,0.017000,0.001900,-0.076400,0.026573,0.001900,-0.117863,0.031531,0.000511,-0.139343,0.035478,-0.002130,-0.156436,0.033100,-0.003774,-0.068300,0.044843,-0.003774,-0.098891,0.050821,-0.004752,-0.114464,0.055746,-0.006706,-0.127296
open_palm,2,left,1782948317.3371463,0.000000,0.000000,0.000000,0.025477,-0.012045,-0.022235,0.041132,-0.012868,-0.044500,0.058434,-0.014440,-0.071205,0.070321,-0.015970,-0.090979,0.020170,0.003226,-0.081594,0.024029,0.003226,-0.118309,0.026286,0.001888,-0.139785,0.028224,-0.000427,-0.158229,0.000000,0.003975,-0.081300,0.000000,0.003975,-0.125907,0.000000,0.002498,-0.149337,0.000000,-0.000406,-0.168773,-0.017000,0.001900,-0.076400,-0.026573,0.001900,-0.117863,-0.031531,0.000511,-0.139342,-0.035478,-0.002130,-0.156436,-0.033100,-0.003774,-0.068300,-0.044843,-0.003774,-0.098891,-0.050821,-0.004752,-0.114464,-0.055746,-0.006706,-0.127296
open_palm,2,right,1782948317.3500211,0.000000,0.000000,0.000000,-0.025477,-0.012045,-0.022235,-0.041088,-0.012634,-0.044538,-0.058625,-0.013763,-0.071112,-0.070976,-0.014806,-0.090632,-0.020170,0.003226,-0.081594,-0.024029,0.003226,-0.118309,-0.026284,0.001666,-0.139770,-0.028216,-0.001089,-0.158154,0.000000,0.003975,-0.081300,0.000000,0.003975,-0.125907,0.000000,0.002732,-0.149350,0.000000,0.000324,-0.168854,0.017000,0.001900,-0.076400,0.026573,0.001900,-0.117863,0.031531,0.000511,-0.139343,0.035478,-0.002130,-0.156436,0.033100,-0.003774,-0.068300,0.044843,-0.003774,-0.098891,0.050821,-0.004752,-0.114464,0.055746,-0.006706,-0.127296
open_palm,2,left,1782948317.5400896,0.000000,0.000000,0.000000,0.025477,-0.012045,-0.022235,0.041132,-0.012868,-0.044500,0.058434,-0.014440,-0.071205,0.070321,-0.015970,-0.090979,0.020170,0.003226,-0.081594,0.024029,0.003226,-0.118309,0.026286,0.001888,-0.139785,0.028224,-0.000427,-0.158229,0.000000,0.003975,-0.081300,0.000000,0.003975,-0.125907,0.000000,0.002498,-0.149337,0.000000,-0.000406,-0.168773,-0.017000,0.001900,-0.076400,-0.026573,0.001900,-0.117863,-0.031531,0.000511,-0.139342,-0.035478,-0.002130,-0.156436,-0.033100,-0.003774,-0.068300,-0.044843,-0.003774,-0.098891,-0.050821,-0.004752,-0.114464,-0.055746,-0.006706,-0.127296
open_palm,2,right,1782948317.5518248,0.000000,0.000000,0.000000,-0.025477,-0.012045,-0.022235,-0.041088,-0.012634,-0.044538,-0.058625,-0.013763,-0.071112,-0.070976,-0.014806,-0.090632,-0.020170,0.003226,-0.081594,-0.024029,0.003226,-0.118309,-0.026284,0.001666,-0.139770,-0.028216,-0.001089,-0.158154,0.000000,0.003975,-0.081300,0.000000,0.003975,-0.125907,0.000000,0.002732,-0.149350,0.000000,0.000324,-0.168854,0.017000,0.001900,-0.076400,0.026573,0.001900,-0.117863,0.031531,0.000511,-0.139343,0.035478,-0.002130,-0.156436,0.033100,-0.003774,-0.068300,0.044843,-0.003774,-0.098891,0.050821,-0.004752,-0.114464,0.055746,-0.006706,-0.127296
open_palm,2,left,1782948317.740434,0.000000,0.000000,0.000000,0.025477,-0.012045,-0.022235,0.041132,-0.012868,-0.044500,0.058434,-0.014440,-0.071205,0.070321,-0.015970,-0.090979,0.020170,0.003226,-0.081594,0.024029,0.003226,-0.118309,0.026286,0.001888,-0.139785,0.028224,-0.000427,-0.158229,0.000000,0.003975,-0.081300,0.000000,0.003975,-0.125907,0.000000,0.002498,-0.149337,0.000000,-0.000406,-0.168773,-0.017000,0.001900,-0.076400,-0.026573,0.001900,-0.117863,-0.031531,0.000511,-0.139342,-0.035478,-0.002130,-0.156436,-0.033100,-0.003774,-0.068300,-0.044843,-0.003774,-0.098891,-0.050821,-0.004752,-0.114464,-0.055746,-0.006706,-0.127296
open_palm,2,right,1782948317.7539022,0.000000,0.000000,0.000000,-0.025477,-0.012045,-0.022235,-0.041088,-0.012634,-0.044538,-0.058625,-0.013763,-0.071112,-0.070976,-0.014806,-0.090632,-0.020170,0.003226,-0.081594,-0.024029,0.003226,-0.118309,-0.026284,0.001666,-0.139770,-0.028216,-0.001089,-0.158154,0.000000,0.003975,-0.081300,0.000000,0.003975,-0.125907,0.000000,0.002732,-0.149350,0.000000,0.000324,-0.168854,0.017000,0.001900,-0.076400,0.026573,0.001900,-0.117863,0.031531,0.000511,-0.139343,0.035478,-0.002130,-0.156436,0.033100,-0.003774,-0.068300,0.044843,-0.003774,-0.098891,0.050821,-0.004752,-0.114464,0.055746,-0.006706,-0.127296
open_palm,2,left,1782948317.9597838,0.000000,0.000000,0.000000,0.025477,-0.012045,-0.022235,0.041132,-0.012868,-0.044500,0.058434,-0.014440,-0.071205,0.070321,-0.015970,-0.090979,0.020170,0.003226,-0.081594,0.024029,0.003226,-0.118309,0.026286,0.001888,-0.139785,0.028224,-0.000427,-0.158229,0.000000,0.003975,-0.081300,0.000000,0.003975,-0.125907,0.000000,0.002498,-0.149337,0.000000,-0.000406,-0.168773,-0.017000,0.001900,-0.076400,-0.026573,0.001900,-0.117863,-0.031531,0.000511,-0.139342,-0.035478,-0.002130,-0.156436,-0.033100,-0.003774,-0.068300,-0.044843,-0.003774,-0.098891,-0.050821,-0.004752,-0.114464,-0.055746,-0.006706,-0.127296
open_palm,2,right,1782948317.9709132,0.000000,0.000000,0.000000,-0.025477,-0.012045,-0.022235,-0.041088,-0.012634,-0.044538,-0.058625,-0.013763,-0.071112,-0.070976,-0.014806,-0.090632,-0.020170,0.003226,-0.081594,-0.024029,0.003226,-0.118309,-0.026284,0.001666,-0.139770,-0.028216,-0.001089,-0.158154,0.000000,0.003975,-0.081300,0.000000,0.003975,-0.125907,0.000000,0.002732,-0.149350,0.000000,0.000324,-0.168854,0.017000,0.001900,-0.076400,0.026573,0.001900,-0.117863,0.031531,0.000511,-0.139343,0.035478,-0.002130,-0.156436,0.033100,-0.003774,-0.068300,0.044843,-0.003774,-0.098891,0.050821,-0.004752,-0.114464,0.055746,-0.006706,-0.127296
open_palm,2,left,1782948318.1634994,0.000000,0.000000,0.000000,0.025477,-0.012045,-0.022235,0.041132,-0.012868,-0.044500,0.058434,-0.014440,-0.071205,0.070321,-0.015970,-0.090979,0.020170,0.003226,-0.081594,0.024029,0.003226,-0.118309,0.026286,0.001888,-0.139785,0.028224,-0.000427,-0.158229,0.000000,0.003975,-0.081300,0.000000,0.003975,-0.125907,0.000000,0.002498,-0.149337,0.000000,-0.000406,-0.168773,-0.017000,0.001900,-0.076400,-0.026573,0.001900,-0.117863,-0.031531,0.000511,-0.139342,-0.035478,-0.002130,-0.156436,-0.033100,-0.003774,-0.068300,-0.044843,-0.003774,-0.098891,-0.050821,-0.004752,-0.114464,-0.055746,-0.006706,-0.127296
open_palm,2,right,1782948318.175767,0.000000,0.000000,0.000000,-0.025477,-0.012045,-0.022235,-0.041088,-0.012634,-0.044538,-0.058625,-0.013763,-0.071112,-0.070976,-0.014806,-0.090632,-0.020170,0.003226,-0.081594,-0.024029,0.003226,-0.118309,-0.026284,0.001666,-0.139770,-0.028216,-0.001089,-0.158154,0.000000,0.003975,-0.081300,0.000000,0.003975,-0.125907,0.000000,0.002732,-0.149350,0.000000,0.000324,-0.168854,0.017000,0.001900,-0.076400,0.026573,0.001900,-0.117863,0.031531,0.000511,-0.139343,0.035478,-0.002130,-0.156436,0.033100,-0.003774,-0.068300,0.044843,-0.003774,-0.098891,0.050821,-0.004752,-0.114464,0.055746,-0.006706,-0.127296
open_palm,2,left,1782948318.375013,0.000000,0.000000,0.000000,0.025477,-0.012045,-0.022235,0.041132,-0.012868,-0.044500,0.058434,-0.014440,-0.071205,0.070321,-0.015970,-0.090979,0.020170,0.003226,-0.081594,0.024029,0.003226,-0.118309,0.026286,0.001888,-0.139785,0.028224,-0.000427,-0.158229,0.000000,0.003975,-0.081300,0.000000,0.003975,-0.125907,0.000000,0.002498,-0.149337,0.000000,-0.000406,-0.168773,-0.017000,0.001900,-0.076400,-0.026573,0.001900,-0.117863,-0.031531,0.000511,-0.139342,-0.035478,-0.002130,-0.156436,-0.033100,-0.003774,-0.068300,-0.044843,-0.003774,-0.098891,-0.050821,-0.004752,-0.114464,-0.055746,-0.006706,-0.127296
open_palm,2,right,1782948318.3865397,0.000000,0.000000,0.000000,-0.025477,-0.012045,-0.022235,-0.041088,-0.012634,-0.044538,-0.058625,-0.013763,-0.071112,-0.070976,-0.014806,-0.090632,-0.020170,0.003226,-0.081594,-0.024029,0.003226,-0.118309,-0.026284,0.001666,-0.139770,-0.028216,-0.001089,-0.158154,0.000000,0.003975,-0.081300,0.000000,0.003975,-0.125907,0.000000,0.002732,-0.149350,0.000000,0.000324,-0.168854,0.017000,0.001900,-0.076400,0.026573,0.001900,-0.117863,0.031531,0.000511,-0.139343,0.035478,-0.002130,-0.156436,0.033100,-0.003774,-0.068300,0.044843,-0.003774,-0.098891,0.050821,-0.004752,-0.114464,0.055746,-0.006706,-0.127296
open_palm,2,left,1782948318.58457,0.000000,0.000000,0.000000,0.025477,-0.012045,-0.022235,0.041132,-0.012868,-0.044500,0.058434,-0.014440,-0.071205,0.070321,-0.015970,-0.090979,0.020170,0.003226,-0.081594,0.024029,0.003226,-0.118309,0.026286,0.001888,-0.139785,0.028224,-0.000427,-0.158229,0.000000,0.003975,-0.081300,0.000000,0.003975,-0.125907,0.000000,0.002498,-0.149337,0.000000,-0.000406,-0.168773,-0.017000,0.001900,-0.076400,-0.026573,0.001900,-0.117863,-0.031531,0.000511,-0.139342,-0.035478,-0.002130,-0.156436,-0.033100,-0.003774,-0.068300,-0.044843,-0.003774,-0.098891,-0.050821,-0.004752,-0.114464,-0.055746,-0.006706,-0.127296
open_palm,2,right,1782948318.5951285,0.000000,0.000000,0.000000,-0.025477,-0.012045,-0.022235,-0.041088,-0.012634,-0.044538,-0.058625,-0.013763,-0.071112,-0.070976,-0.014806,-0.090632,-0.020170,0.003226,-0.081594,-0.024029,0.003226,-0.118309,-0.026284,0.001666,-0.139770,-0.028216,-0.001089,-0.158154,0.000000,0.003975,-0.081300,0.000000,0.003975,-0.125907,0.000000,0.002732,-0.149350,0.000000,0.000324,-0.168854,0.017000,0.001900,-0.076400,0.026573,0.001900,-0.117863,0.031531,0.000511,-0.139343,0.035478,-0.002130,-0.156436,0.033100,-0.003774,-0.068300,0.044843,-0.003774,-0.098891,0.050821,-0.004752,-0.114464,0.055746,-0.006706,-0.127296
open_palm,2,left,1782948318.7851639,0.000000,0.000000,0.000000,0.025477,-0.012045,-0.022235,0.041132,-0.012868,-0.044500,0.058434,-0.014440,-0.071205,0.070321,-0.015970,-0.090979,0.020170,0.003226,-0.081594,0.024029,0.003226,-0.118309,0.026286,0.001888,-0.139785,0.028224,-0.000427,-0.158229,0.000000,0.003975,-0.081300,0.000000,0.003975,-0.125907,0.000000,0.002498,-0.149337,0.000000,-0.000406,-0.168773,-0.017000,0.001900,-0.076400,-0.026573,0.001900,-0.117863,-0.031531,0.000511,-0.139342,-0.035478,-0.002130,-0.156436,-0.033100,-0.003774,-0.068300,-0.044843,-0.003774,-0.098891,-0.050821,-0.004752,-0.114464,-0.055746,-0.006706,-0.127296
open_palm,2,right,1782948318.8080475,0.000000,0.000000,0.000000,-0.025477,-0.012045,-0.022235,-0.041088,-0.012634,-0.044538,-0.058625,-0.013763,-0.071112,-0.070976,-0.014806,-0.090632,-0.020170,0.003226,-0.081594,-0.024029,0.003226,-0.118309,-0.026284,0.001666,-0.139770,-0.028216,-0.001089,-0.158154,0.000000,0.003975,-0.081300,0.000000,0.003975,-0.125907,0.000000,0.002732,-0.149350,0.000000,0.000324,-0.168854,0.017000,0.001900,-0.076400,0.026573,0.001900,-0.117863,0.031531,0.000511,-0.139343,0.035478,-0.002130,-0.156436,0.033100,-0.003774,-0.068300,0.044843,-0.003774,-0.098891,0.050821,-0.004752,-0.114464,0.055746,-0.006706,-0.127296
open_palm,2,left,1782948318.9853091,0.000000,0.000000,0.000000,0.025477,-0.012045,-0.022235,0.041132,-0.012868,-0.044500,0.058434,-0.014440,-0.071205,0.070321,-0.015970,-0.090979,0.020170,0.003226,-0.081594,0.024029,0.003226,-0.118309,0.026286,0.001888,-0.139785,0.028224,-0.000427,-0.158229,0.000000,0.003975,-0.081300,0.000000,0.003975,-0.125907,0.000000,0.002498,-0.149337,0.000000,-0.000406,-0.168773,-0.017000,0.001900,-0.076400,-0.026573,0.001900,-0.117863,-0.031531,0.000511,-0.139342,-0.035478,-0.002130,-0.156436,-0.033100,-0.003774,-0.068300,-0.044843,-0.003774,-0.098891,-0.050821,-0.004752,-0.114464,-0.055746,-0.006706,-0.127296
open_palm,2,right,1782948319.0085163,0.000000,0.000000,0.000000,-0.025477,-0.012045,-0.022235,-0.041088,-0.012634,-0.044538,-0.058625,-0.013763,-0.071112,-0.070976,-0.014806,-0.090632,-0.020170,0.003226,-0.081594,-0.024029,0.003226,-0.118309,-0.026284,0.001666,-0.139770,-0.028216,-0.001089,-0.158154,0.000000,0.003975,-0.081300,0.000000,0.003975,-0.125907,0.000000,0.002732,-0.149350,0.000000,0.000324,-0.168854,0.017000,0.001900,-0.076400,0.026573,0.001900,-0.117863,0.031531,0.000511,-0.139343,0.035478,-0.002130,-0.156436,0.033100,-0.003774,-0.068300,0.044843,-0.003774,-0.098891,0.050821,-0.004752,-0.114464,0.055746,-0.006706,-0.127296
open_palm,2,left,1782948319.2033045,0.000000,0.000000,0.000000,0.025477,-0.012045,-0.022235,0.041132,-0.012868,-0.044500,0.058434,-0.014440,-0.071205,0.070321,-0.015970,-0.090979,0.020170,0.003226,-0.081594,0.024029,0.003226,-0.118309,0.026286,0.001888,-0.139785,0.028224,-0.000427,-0.158229,0.000000,0.003975,-0.081300,0.000000,0.003975,-0.125907,0.000000,0.002498,-0.149337,0.000000,-0.000406,-0.168773,-0.017000,0.001900,-0.076400,-0.026573,0.001900,-0.117863,-0.031531,0.000511,-0.139342,-0.035478,-0.002130,-0.156436,-0.033100,-0.003774,-0.068300,-0.044843,-0.003774,-0.098891,-0.050821,-0.004752,-0.114464,-0.055746,-0.006706,-0.127296
open_palm,2,right,1782948319.226639,0.000000,0.000000,0.000000,-0.025477,-0.012045,-0.022235,-0.041088,-0.012634,-0.044538,-0.058625,-0.013763,-0.071112,-0.070976,-0.014806,-0.090632,-0.020170,0.003226,-0.081594,-0.024029,0.003226,-0.118309,-0.026284,0.001666,-0.139770,-0.028216,-0.001089,-0.158154,0.000000,0.003975,-0.081300,0.000000,0.003975,-0.125907,0.000000,0.002732,-0.149350,0.000000,0.000324,-0.168854,0.017000,0.001900,-0.076400,0.026573,0.001900,-0.117863,0.031531,0.000511,-0.139343,0.035478,-0.002130,-0.156436,0.033100,-0.003774,-0.068300,0.044843,-0.003774,-0.098891,0.050821,-0.004752,-0.114464,0.055746,-0.006706,-0.127296
open_palm,2,left,1782948319.4165494,0.000000,0.000000,0.000000,0.025477,-0.012045,-0.022235,0.041132,-0.012868,-0.044500,0.058434,-0.014440,-0.071205,0.070321,-0.015970,-0.090979,0.020170,0.003226,-0.081594,0.024029,0.003226,-0.118309,0.026286,0.001888,-0.139785,0.028224,-0.000427,-0.158229,0.000000,0.003975,-0.081300,0.000000,0.003975,-0.125907,0.000000,0.002498,-0.149337,0.000000,-0.000406,-0.168773,-0.017000,0.001900,-0.076400,-0.026573,0.001900,-0.117863,-0.031531,0.000511,-0.139342,-0.035478,-0.002130,-0.156436,-0.033100,-0.003774,-0.068300,-0.044843,-0.003774,-0.098891,-0.050821,-0.004752,-0.114464,-0.055746,-0.006706,-0.127296
open_palm,2,right,1782948319.4274206,0.000000,0.000000,0.000000,-0.025477,-0.012045,-0.022235,-0.041088,-0.012634,-0.044538,-0.058625,-0.013763,-0.071112,-0.070976,-0.014806,-0.090632,-0.020170,0.003226,-0.081594,-0.024029,0.003226,-0.118309,-0.026284,0.001666,-0.139770,-0.028216,-0.001089,-0.158154,0.000000,0.003975,-0.081300,0.000000,0.003975,-0.125907,0.000000,0.002956,-0.149361,0.000000,0.001022,-0.168918,0.017000,0.001900,-0.076400,0.026573,0.001900,-0.117863,0.031531,0.000511,-0.139343,0.035478,-0.002130,-0.156436,0.033100,-0.003774,-0.068300,0.044843,-0.003774,-0.098891,0.050821,-0.004752,-0.114464,0.055746,-0.006706,-0.127296
open_palm,2,left,1782948319.6241934,0.000000,0.000000,0.000000,0.025477,-0.012045,-0.022235,0.041132,-0.012868,-0.044500,0.058434,-0.014440,-0.071205,0.070321,-0.015970,-0.090979,0.020170,0.003226,-0.081594,0.024029,0.003226,-0.118309,0.026286,0.001888,-0.139785,0.028224,-0.000427,-0.158229,0.000000,0.003975,-0.081300,0.000000,0.003975,-0.125907,0.000000,0.002498,-0.149337,0.000000,-0.000406,-0.168773,-0.017000,0.001900,-0.076400,-0.026573,0.001900,-0.117863,-0.031531,0.000511,-0.139342,-0.035478,-0.002130,-0.156436,-0.033100,-0.003774,-0.068300,-0.044843,-0.003774,-0.098891,-0.050821,-0.004752,-0.114464,-0.055746,-0.006706,-0.127296
open_palm,2,right,1782948319.628987,0.000000,0.000000,0.000000,-0.025477,-0.012045,-0.022235,-0.041088,-0.012634,-0.044538,-0.058625,-0.013763,-0.071112,-0.070976,-0.014806,-0.090632,-0.020170,0.003226,-0.081594,-0.024029,0.003226,-0.118309,-0.026284,0.001666,-0.139770,-0.028216,-0.001089,-0.158154,0.000000,0.003975,-0.081300,0.000000,0.003975,-0.125907,0.000000,0.002956,-0.149361,0.000000,0.001022,-0.168918,0.017000,0.001900,-0.076400,0.026573,0.001900,-0.117863,0.031531,0.000511,-0.139343,0.035478,-0.002130,-0.156436,0.033100,-0.003774,-0.068300,0.044843,-0.003774,-0.098891,0.050821,-0.004752,-0.114464,0.055746,-0.006706,-0.127296
open_palm,2,left,1782948319.833979,0.000000,0.000000,0.000000,0.025477,-0.012045,-0.022235,0.041132,-0.012868,-0.044500,0.058434,-0.014440,-0.071205,0.070321,-0.015970,-0.090979,0.020170,0.003226,-0.081594,0.024029,0.003226,-0.118309,0.026286,0.001888,-0.139785,0.028224,-0.000427,-0.158229,0.000000,0.003975,-0.081300,0.000000,0.003975,-0.125907,0.000000,0.002498,-0.149337,0.000000,-0.000406,-0.168773,-0.017000,0.001900,-0.076400,-0.026573,0.001900,-0.117863,-0.031531,0.000511,-0.139342,-0.035478,-0.002130,-0.156436,-0.033100,-0.003774,-0.068300,-0.044843,-0.003774,-0.098891,-0.050821,-0.004752,-0.114464,-0.055746,-0.006706,-0.127296
open_palm,2,right,1782948319.8356812,0.000000,0.000000,0.000000,-0.025477,-0.012045,-0.022235,-0.041088,-0.012634,-0.044538,-0.058625,-0.013763,-0.071112,-0.070976,-0.014806,-0.090632,-0.020170,0.003226,-0.081594,-0.024029,0.003226,-0.118309,-0.026284,0.001666,-0.139770,-0.028216,-0.001089,-0.158154,0.000000,0.003975,-0.081300,0.000000,0.003975,-0.125907,0.000000,0.002956,-0.149361,0.000000,0.001022,-0.168918,0.017000,0.001900,-0.076400,0.026573,0.001900,-0.117863,0.031531,0.000511,-0.139343,0.035478,-0.002130,-0.156436,0.033100,-0.003774,-0.068300,0.044843,-0.003774,-0.098891,0.050821,-0.004752,-0.114464,0.055746,-0.006706,-0.127296
open_palm,2,left,1782948320.0448027,0.000000,0.000000,0.000000,0.025477,-0.012045,-0.022235,0.041132,-0.012868,-0.044500,0.058434,-0.014440,-0.071205,0.070321,-0.015970,-0.090979,0.020170,0.003226,-0.081594,0.024029,0.003226,-0.118309,0.026286,0.001888,-0.139785,0.028224,-0.000427,-0.158229,0.000000,0.003975,-0.081300,0.000000,0.003975,-0.125907,0.000000,0.002498,-0.149337,0.000000,-0.000406,-0.168773,-0.017000,0.001900,-0.076400,-0.026573,0.001900,-0.117863,-0.031531,0.000511,-0.139342,-0.035478,-0.002130,-0.156436,-0.033100,-0.003774,-0.068300,-0.044843,-0.003774,-0.098891,-0.050821,-0.004752,-0.114464,-0.055746,-0.006706,-0.127296
open_palm,2,right,1782948320.057553,0.000000,0.000000,0.000000,-0.025477,-0.012045,-0.022235,-0.041088,-0.012634,-0.044538,-0.058625,-0.013763,-0.071112,-0.070976,-0.014806,-0.090632,-0.020170,0.003226,-0.081594,-0.024029,0.003226,-0.118309,-0.026284,0.001666,-0.139770,-0.028216,-0.001089,-0.158154,0.000000,0.003975,-0.081300,0.000000,0.003975,-0.125907,0.000000,0.002732,-0.149350,0.000000,0.000324,-0.168854,0.017000,0.001900,-0.076400,0.026573,0.001900,-0.117863,0.031531,0.000511,-0.139343,0.035478,-0.002130,-0.156436,0.033100,-0.003774,-0.068300,0.044843,-0.003774,-0.098891,0.050804,-0.005346,-0.114422,0.055644,-0.008573,-0.127028
open_palm,2,left,1782948320.2630162,0.000000,0.000000,0.000000,0.025477,-0.012045,-0.022235,0.041132,-0.012868,-0.044500,0.058434,-0.014440,-0.071205,0.070321,-0.015970,-0.090979,0.020170,0.003226,-0.081594,0.024029,0.003226,-0.118309,0.026286,0.001888,-0.139785,0.028224,-0.000427,-0.158229,0.000000,0.003975,-0.081300,0.000000,0.003975,-0.125907,0.000000,0.002498,-0.149337,0.000000,-0.000406,-0.168773,-0.017000,0.001900,-0.076400,-0.026573,0.001900,-0.117863,-0.031531,0.000511,-0.139342,-0.035478,-0.002130,-0.156436,-0.033100,-0.003774,-0.068300,-0.044843,-0.003774,-0.098891,-0.050821,-0.004752,-0.114464,-0.055746,-0.006706,-0.127296
open_palm,2,right,1782948320.2767692,0.000000,0.000000,0.000000,-0.025477,-0.012045,-0.022235,-0.041088,-0.012634,-0.044538,-0.058625,-0.013763,-0.071112,-0.070976,-0.014806,-0.090632,-0.020170,0.003226,-0.081594,-0.024029,0.003226,-0.118309,-0.026284,0.001666,-0.139770,-0.028216,-0.001089,-0.158154,0.000000,0.003975,-0.081300,0.000000,0.003975,-0.125907,0.000000,0.002732,-0.149350,0.000000,0.000324,-0.168854,0.017000,0.001900,-0.076400,0.026573,0.001900,-0.117863,0.031531,0.000511,-0.139343,0.035478,-0.002130,-0.156436,0.033100,-0.003774,-0.068300,0.044843,-0.003774,-0.098891,0.050804,-0.005346,-0.114422,0.055644,-0.008573,-0.127028
open_palm,2,left,1782948320.4707599,0.000000,0.000000,0.000000,0.025477,-0.012045,-0.022235,0.041132,-0.012868,-0.044500,0.058434,-0.014440,-0.071205,0.070321,-0.015970,-0.090979,0.020170,0.003226,-0.081594,0.024029,0.003226,-0.118309,0.026286,0.001888,-0.139785,0.028224,-0.000427,-0.158229,0.000000,0.003975,-0.081300,0.000000,0.003975,-0.125907,0.000000,0.002498,-0.149337,0.000000,-0.000406,-0.168773,-0.017000,0.001900,-0.076400,-0.026573,0.001900,-0.117863,-0.031531,0.000511,-0.139342,-0.035478,-0.002130,-0.156436,-0.033100,-0.003774,-0.068300,-0.044843,-0.003774,-0.098891,-0.050821,-0.004752,-0.114464,-0.055746,-0.006706,-0.127296
open_palm,2,right,1782948320.5034292,0.000000,0.000000,0.000000,-0.025477,-0.012045,-0.022235,-0.041088,-0.012634,-0.044538,-0.058625,-0.013763,-0.071112,-0.070976,-0.014806,-0.090632,-0.020170,0.003226,-0.081594,-0.024029,0.003226,-0.118309,-0.026284,0.001666,-0.139770,-0.028216,-0.001089,-0.158154,0.000000,0.003975,-0.081300,0.000000,0.003975,-0.125907,0.000000,0.002732,-0.149350,0.000000,0.000324,-0.168854,0.017000,0.001900,-0.076400,0.026573,0.001900,-0.117863,0.031531,0.000511,-0.139343,0.035478,-0.002130,-0.156436,0.033100,-0.003774,-0.068300,0.044843,-0.003774,-0.098891,0.050804,-0.005346,-0.114422,0.055644,-0.008573,-0.127028
open_palm,2,left,1782948320.7013505,0.000000,0.000000,0.000000,0.025477,-0.012045,-0.022235,0.041132,-0.012868,-0.044500,0.058434,-0.014440,-0.071205,0.070321,-0.015970,-0.090979,0.020170,0.003226,-0.081594,0.024029,0.003226,-0.118309,0.026286,0.001888,-0.139785,0.028224,-0.000427,-0.158229,0.000000,0.003975,-0.081300,0.000000,0.003975,-0.125907,0.000000,0.002498,-0.149337,0.000000,-0.000406,-0.168773,-0.017000,0.001900,-0.076400,-0.026573,0.001900,-0.117863,-0.031531,0.000511,-0.139342,-0.035478,-0.002130,-0.156436,-0.033100,-0.003774,-0.068300,-0.044843,-0.003774,-0.098891,-0.050821,-0.004752,-0.114464,-0.055746,-0.006706,-0.127296
open_palm,2,right,1782948320.7037904,0.000000,0.000000,0.000000,-0.025477,-0.012045,-0.022235,-0.041088,-0.012634,-0.044538,-0.058625,-0.013763,-0.071112,-0.070976,-0.014806,-0.090632,-0.020170,0.003226,-0.081594,-0.024029,0.003226,-0.118309,-0.026284,0.001666,-0.139770,-0.028216,-0.001089,-0.158154,0.000000,0.003975,-0.081300,0.000000,0.003975,-0.125907,0.000000,0.002732,-0.149350,0.000000,0.000324,-0.168854,0.017000,0.001900,-0.076400,0.026573,0.001900,-0.117863,0.031531,0.000511,-0.139343,0.035478,-0.002130,-0.156436,0.033100,-0.003774,-0.068300,0.044843,-0.003774,-0.098891,0.050804,-0.005346,-0.114422,0.055644,-0.008573,-0.127028
open_palm,2,right,1782948320.9058235,0.000000,0.000000,0.000000,-0.025477,-0.012045,-0.022235,-0.041088,-0.012634,-0.044538,-0.058625,-0.013763,-0.071112,-0.070976,-0.014806,-0.090632,-0.020170,0.003226,-0.081594,-0.024029,0.003226,-0.118309,-0.026284,0.001666,-0.139770,-0.028216,-0.001089,-0.158154,0.000000,0.003975,-0.081300,0.000000,0.003975,-0.125907,0.000000,0.002732,-0.149350,0.000000,0.000324,-0.168854,0.017000,0.001900,-0.076400,0.026573,0.001900,-0.117863,0.031531,0.000511,-0.139343,0.035478,-0.002130,-0.156436,0.033100,-0.003774,-0.068300,0.044843,-0.003774,-0.098891,0.050804,-0.005346,-0.114422,0.055644,-0.008573,-0.127028
open_palm,2,left,1782948320.9181662,0.000000,0.000000,0.000000,0.025477,-0.012045,-0.022235,0.041132,-0.012868,-0.044500,0.058434,-0.014440,-0.071205,0.070321,-0.015970,-0.090979,0.020170,0.003226,-0.081594,0.024029,0.003226,-0.118309,0.026286,0.001888,-0.139785,0.028224,-0.000427,-0.158229,0.000000,0.003975,-0.081300,0.000000,0.003975,-0.125907,0.000000,0.002498,-0.149337,0.000000,-0.000406,-0.168773,-0.017000,0.001900,-0.076400,-0.026573,0.001900,-0.117863,-0.031531,0.000511,-0.139342,-0.035478,-0.002130,-0.156436,-0.033100,-0.003774,-0.068300,-0.044843,-0.003774,-0.098891,-0.050821,-0.004752,-0.114464,-0.055746,-0.006706,-0.127296
open_palm,2,right,1782948321.11661,0.000000,0.000000,0.000000,-0.025477,-0.012045,-0.022235,-0.041088,-0.012634,-0.044538,-0.058625,-0.013763,-0.071112,-0.070976,-0.014806,-0.090632,-0.020170,0.003226,-0.081594,-0.024029,0.003226,-0.118309,-0.026284,0.001666,-0.139770,-0.028216,-0.001089,-0.158154,0.000000,0.003975,-0.081300,0.000000,0.003975,-0.125907,0.000000,0.002732,-0.149350,0.000000,0.000324,-0.168854,0.017000,0.001900,-0.076400,0.026573,0.001900,-0.117863,0.031531,0.000511,-0.139343,0.035478,-0.002130,-0.156436,0.033100,-0.003774,-0.068300,0.044843,-0.003774,-0.098891,0.050804,-0.005346,-0.114422,0.055644,-0.008573,-0.127028
open_palm,2,left,1782948321.1273897,0.000000,0.000000,0.000000,0.025477,-0.012045,-0.022235,0.041132,-0.012868,-0.044500,0.058434,-0.014440,-0.071205,0.070321,-0.015970,-0.090979,0.020170,0.003226,-0.081594,0.024029,0.003226,-0.118309,0.026286,0.001888,-0.139785,0.028224,-0.000427,-0.158229,0.000000,0.003975,-0.081300,0.000000,0.003975,-0.125907,0.000000,0.002498,-0.149337,0.000000,-0.000406,-0.168773,-0.017000,0.001900,-0.076400,-0.026573,0.001900,-0.117863,-0.031529,0.000360,-0.139333,-0.035464,-0.002593,-0.156377,-0.033100,-0.003774,-0.068300,-0.044843,-0.003774,-0.098891,-0.050821,-0.004752,-0.114464,-0.055746,-0.006706,-0.127296
open_palm,2,left,1782948321.3276908,0.000000,0.000000,0.000000,0.025477,-0.012045,-0.022235,0.041132,-0.012868,-0.044500,0.058434,-0.014440,-0.071205,0.070321,-0.015970,-0.090979,0.020170,0.003226,-0.081594,0.024029,0.003226,-0.118309,0.026286,0.001888,-0.139785,0.028224,-0.000427,-0.158229,0.000000,0.003975,-0.081300,0.000000,0.003975,-0.125907,0.000000,0.002498,-0.149337,0.000000,-0.000406,-0.168773,-0.017000,0.001900,-0.076400,-0.026573,0.001900,-0.117863,-0.031529,0.000360,-0.139333,-0.035464,-0.002593,-0.156377,-0.033100,-0.003774,-0.068300,-0.044843,-0.003774,-0.098891,-0.050821,-0.004752,-0.114464,-0.055746,-0.006706,-0.127296
open_palm,2,right,1782948321.3279548,0.000000,0.000000,0.000000,-0.025477,-0.012045,-0.022235,-0.041088,-0.012634,-0.044538,-0.058625,-0.013763,-0.071112,-0.070976,-0.014806,-0.090632,-0.020170,0.003226,-0.081594,-0.024029,0.003226,-0.118309,-0.026284,0.001666,-0.139770,-0.028216,-0.001089,-0.158154,0.000000,0.003975,-0.081300,0.000000,0.003975,-0.125907,0.000000,0.002732,-0.149350,0.000000,0.000324,-0.168854,0.017000,0.001900,-0.076400,0.026573,0.001900,-0.117863,0.031531,0.000511,-0.139343,0.035478,-0.002130,-0.156436,0.033100,-0.003774,-0.068300,0.044843,-0.003774,-0.098891,0.050804,-0.005346,-0.114422,0.055644,-0.008573,-0.127028
open_palm,2,left,1782948321.5320742,0.000000,0.000000,0.000000,0.025477,-0.012045,-0.022235,0.041132,-0.012868,-0.044500,0.058434,-0.014440,-0.071205,0.070321,-0.015970,-0.090979,0.020170,0.003226,-0.081594,0.024029,0.003226,-0.118309,0.026286,0.001888,-0.139785,0.028224,-0.000427,-0.158229,0.000000,0.003975,-0.081300,0.000000,0.003975,-0.125907,0.000000,0.002498,-0.149337,0.000000,-0.000406,-0.168773,-0.017000,0.001900,-0.076400,-0.026573,0.001900,-0.117863,-0.031529,0.000360,-0.139333,-0.035464,-0.002593,-0.156377,-0.033100,-0.003774,-0.068300,-0.044843,-0.003774,-0.098891,-0.050821,-0.004752,-0.114464,-0.055746,-0.006706,-0.127296
open_palm,2,right,1782948321.544329,0.000000,0.000000,0.000000,-0.025477,-0.012045,-0.022235,-0.041088,-0.012634,-0.044538,-0.058625,-0.013763,-0.071112,-0.070976,-0.014806,-0.090632,-0.020170,0.003226,-0.081594,-0.024029,0.003226,-0.118309,-0.026284,0.001666,-0.139770,-0.028216,-0.001089,-0.158154,0.000000,0.003975,-0.081300,0.000000,0.003975,-0.125907,0.000000,0.002732,-0.149350,0.000000,0.000324,-0.168854,0.017000,0.001900,-0.076400,0.026573,0.001900,-0.117863,0.031531,0.000511,-0.139343,0.035478,-0.002130,-0.156436,0.033100,-0.003774,-0.068300,0.044843,-0.003774,-0.098891,0.050804,-0.005346,-0.114422,0.055644,-0.008573,-0.127028
open_palm,3,left,1782948327.7420895,0.000000,0.000000,0.000000,0.025477,-0.012045,-0.022235,0.041132,-0.012868,-0.044500,0.058434,-0.014440,-0.071205,0.070321,-0.015970,-0.090979,0.020170,0.003226,-0.081594,0.024029,0.003226,-0.118309,0.026286,0.001888,-0.139785,0.028224,-0.000427,-0.158229,0.000000,0.003975,-0.081300,0.000000,0.003975,-0.125907,0.000000,0.002498,-0.149337,0.000000,-0.000406,-0.168773,-0.017000,0.001900,-0.076400,-0.026573,0.001900,-0.117863,-0.031529,0.000360,-0.139333,-0.035464,-0.002593,-0.156377,-0.033100,-0.003774,-0.068300,-0.044843,-0.003774,-0.098891,-0.050805,-0.005346,-0.114422,-0.055644,-0.008573,-0.127028
open_palm,3,right,1782948327.7424786,0.000000,0.000000,0.000000,-0.025477,-0.012045,-0.022235,-0.041088,-0.012634,-0.044538,-0.058625,-0.013763,-0.071112,-0.070976,-0.014806,-0.090632,-0.020170,0.003226,-0.081594,-0.024029,0.003226,-0.118309,-0.026284,0.001666,-0.139770,-0.028216,-0.001089,-0.158154,0.000000,0.003975,-0.081300,0.000000,0.003975,-0.125907,0.000000,0.002498,-0.149337,0.000000,-0.000407,-0.168773,0.017000,0.001900,-0.076400,0.026573,0.001900,-0.117863,0.031529,0.000360,-0.139333,0.035464,-0.002593,-0.156378,0.033100,-0.003774,-0.068300,0.044843,-0.003774,-0.098891,0.050804,-0.005346,-0.114422,0.055644,-0.008573,-0.127028
open_palm,3,left,1782948327.9438188,0.000000,0.000000,0.000000,0.025477,-0.012045,-0.022235,0.041132,-0.012868,-0.044500,0.058434,-0.014440,-0.071205,0.070321,-0.015970,-0.090979,0.020170,0.003226,-0.081594,0.024029,0.003226,-0.118309,0.026286,0.001888,-0.139785,0.028224,-0.000427,-0.158229,0.000000,0.003975,-0.081300,0.000000,0.003975,-0.125907,0.000000,0.002498,-0.149337,0.000000,-0.000406,-0.168773,-0.017000,0.001900,-0.076400,-0.026573,0.001900,-0.117863,-0.031529,0.000360,-0.139333,-0.035464,-0.002593,-0.156377,-0.033100,-0.003774,-0.068300,-0.044843,-0.003774,-0.098891,-0.050805,-0.005346,-0.114422,-0.055644,-0.008573,-0.127028
open_palm,3,right,1782948327.944044,0.000000,0.000000,0.000000,-0.025477,-0.012045,-0.022235,-0.041088,-0.012634,-0.044538,-0.058625,-0.013763,-0.071112,-0.070976,-0.014806,-0.090632,-0.020170,0.003226,-0.081594,-0.024029,0.003226,-0.118309,-0.026284,0.001666,-0.139770,-0.028216,-0.001089,-0.158154,0.000000,0.003975,-0.081300,0.000000,0.003975,-0.125907,0.000000,0.002498,-0.149337,0.000000,-0.000407,-0.168773,0.017000,0.001900,-0.076400,0.026573,0.001900,-0.117863,0.031529,0.000360,-0.139333,0.035464,-0.002593,-0.156378,0.033100,-0.003774,-0.068300,0.044843,-0.003774,-0.098891,0.050804,-0.005346,-0.114422,0.055644,-0.008573,-0.127028
open_palm,3,left,1782948328.1445322,0.000000,0.000000,0.000000,0.025477,-0.012045,-0.022235,0.041132,-0.012868,-0.044500,0.058434,-0.014440,-0.071205,0.070321,-0.015970,-0.090979,0.020170,0.003226,-0.081594,0.024029,0.003226,-0.118309,0.026286,0.001888,-0.139785,0.028224,-0.000427,-0.158229,0.000000,0.003975,-0.081300,0.000000,0.003975,-0.125907,0.000000,0.002498,-0.149337,0.000000,-0.000406,-0.168773,-0.017000,0.001900,-0.076400,-0.026573,0.001900,-0.117863,-0.031529,0.000360,-0.139333,-0.035464,-0.002593,-0.156377,-0.033100,-0.003774,-0.068300,-0.044843,-0.003774,-0.098891,-0.050805,-0.005346,-0.114422,-0.055644,-0.008573,-0.127028
open_palm,3,right,1782948328.1447494,0.000000,0.000000,0.000000,-0.025477,-0.012045,-0.022235,-0.041088,-0.012634,-0.044538,-0.058625,-0.013763,-0.071112,-0.070976,-0.014806,-0.090632,-0.020170,0.003226,-0.081594,-0.024029,0.003226,-0.118309,-0.026284,0.001666,-0.139770,-0.028216,-0.001089,-0.158154,0.000000,0.003975,-0.081300,0.000000,0.003975,-0.125907,0.000000,0.002498,-0.149337,0.000000,-0.000407,-0.168773,0.017000,0.001900,-0.076400,0.026573,0.001900,-0.117863,0.031529,0.000360,-0.139333,0.035464,-0.002593,-0.156378,0.033100,-0.003774,-0.068300,0.044843,-0.003774,-0.098891,0.050804,-0.005346,-0.114422,0.055644,-0.008573,-0.127028
open_palm,3,left,1782948328.3574998,0.000000,0.000000,0.000000,0.025477,-0.012045,-0.022235,0.041132,-0.012868,-0.044500,0.058434,-0.014440,-0.071205,0.070321,-0.015970,-0.090979,0.020170,0.003226,-0.081594,0.024029,0.003226,-0.118309,0.026286,0.001888,-0.139785,0.028224,-0.000427,-0.158229,0.000000,0.003975,-0.081300,0.000000,0.003975,-0.125907,0.000000,0.002498,-0.149337,0.000000,-0.000406,-0.168773,-0.017000,0.001900,-0.076400,-0.026573,0.001900,-0.117863,-0.031529,0.000360,-0.139333,-0.035464,-0.002593,-0.156377,-0.033100,-0.003774,-0.068300,-0.044843,-0.003774,-0.098891,-0.050805,-0.005346,-0.114422,-0.055644,-0.008573,-0.127028
open_palm,3,right,1782948328.357962,0.000000,0.000000,0.000000,-0.025477,-0.012045,-0.022235,-0.041088,-0.012634,-0.044538,-0.058625,-0.013763,-0.071112,-0.070976,-0.014806,-0.090632,-0.020170,0.003226,-0.081594,-0.024029,0.003226,-0.118309,-0.026284,0.001666,-0.139770,-0.028216,-0.001089,-0.158154,0.000000,0.003975,-0.081300,0.000000,0.003975,-0.125907,0.000000,0.002498,-0.149337,0.000000,-0.000407,-0.168773,0.017000,0.001900,-0.076400,0.026573,0.001900,-0.117863,0.031529,0.000360,-0.139333,0.035464,-0.002593,-0.156378,0.033100,-0.003774,-0.068300,0.044843,-0.003774,-0.098891,0.050804,-0.005346,-0.114422,0.055644,-0.008573,-0.127028
open_palm,3,left,1782948328.577375,0.000000,0.000000,0.000000,0.025477,-0.012045,-0.022235,0.041132,-0.012868,-0.044500,0.058434,-0.014440,-0.071205,0.070321,-0.015970,-0.090979,0.020170,0.003226,-0.081594,0.024029,0.003226,-0.118309,0.026286,0.001888,-0.139785,0.028224,-0.000427,-0.158229,0.000000,0.003975,-0.081300,0.000000,0.003975,-0.125907,0.000000,0.002498,-0.149337,0.000000,-0.000406,-0.168773,-0.017000,0.001900,-0.076400,-0.026573,0.001900,-0.117863,-0.031529,0.000360,-0.139333,-0.035464,-0.002593,-0.156377,-0.033100,-0.003774,-0.068300,-0.044843,-0.003774,-0.098891,-0.050805,-0.005346,-0.114422,-0.055644,-0.008573,-0.127028
open_palm,3,right,1782948328.5780008,0.000000,0.000000,0.000000,-0.025477,-0.012045,-0.022235,-0.041088,-0.012634,-0.044538,-0.058625,-0.013763,-0.071112,-0.070976,-0.014806,-0.090632,-0.020170,0.003226,-0.081594,-0.024029,0.003226,-0.118309,-0.026284,0.001666,-0.139770,-0.028216,-0.001089,-0.158154,0.000000,0.003975,-0.081300,0.000000,0.003975,-0.125907,0.000000,0.002498,-0.149337,0.000000,-0.000407,-0.168773,0.017000,0.001900,-0.076400,0.026573,0.001900,-0.117863,0.031529,0.000360,-0.139333,0.035464,-0.002593,-0.156378,0.033100,-0.003774,-0.068300,0.044843,-0.003774,-0.098891,0.050804,-0.005346,-0.114422,0.055644,-0.008573,-0.127028
open_palm,3,right,1782948328.7880507,0.000000,0.000000,0.000000,-0.025477,-0.012045,-0.022235,-0.041088,-0.012634,-0.044538,-0.058625,-0.013763,-0.071112,-0.070976,-0.014806,-0.090632,-0.020170,0.003226,-0.081594,-0.024029,0.003226,-0.118309,-0.026284,0.001666,-0.139770,-0.028216,-0.001089,-0.158154,0.000000,0.003975,-0.081300,0.000000,0.003975,-0.125907,0.000000,0.002498,-0.149337,0.000000,-0.000407,-0.168773,0.017000,0.001900,-0.076400,0.026573,0.001900,-0.117863,0.031529,0.000360,-0.139333,0.035464,-0.002593,-0.156378,0.033100,-0.003774,-0.068300,0.044843,-0.003774,-0.098891,0.050804,-0.005346,-0.114422,0.055644,-0.008573,-0.127028
open_palm,3,left,1782948328.8002827,0.000000,0.000000,0.000000,0.025477,-0.012045,-0.022235,0.041132,-0.012868,-0.044500,0.058434,-0.014440,-0.071205,0.070321,-0.015970,-0.090979,0.020170,0.003226,-0.081594,0.024029,0.003226,-0.118309,0.026286,0.001888,-0.139785,0.028224,-0.000427,-0.158229,0.000000,0.003975,-0.081300,0.000000,0.003975,-0.125907,0.000000,0.002498,-0.149337,0.000000,-0.000406,-0.168773,-0.017000,0.001900,-0.076400,-0.026573,0.001900,-0.117863,-0.031529,0.000360,-0.139333,-0.035464,-0.002593,-0.156377,-0.033100,-0.003774,-0.068300,-0.044843,-0.003774,-0.098891,-0.050805,-0.005346,-0.114422,-0.055644,-0.008573,-0.127028
open_palm,3,right,1782948328.9904096,0.000000,0.000000,0.000000,-0.025477,-0.012045,-0.022235,-0.041088,-0.012634,-0.044538,-0.058625,-0.013763,-0.071112,-0.070976,-0.014806,-0.090632,-0.020170,0.003226,-0.081594,-0.024029,0.003226,-0.118309,-0.026284,0.001666,-0.139770,-0.028216,-0.001089,-0.158154,0.000000,0.003975,-0.081300,0.000000,0.003975,-0.125907,0.000000,0.002498,-0.149337,0.000000,-0.000407,-0.168773,0.017000,0.001900,-0.076400,0.026573,0.001900,-0.117863,0.031529,0.000360,-0.139333,0.035464,-0.002593,-0.156378,0.033100,-0.003774,-0.068300,0.044843,-0.003774,-0.098891,0.050804,-0.005346,-0.114422,0.055644,-0.008573,-0.127028
open_palm,3,left,1782948329.0016532,0.000000,0.000000,0.000000,0.025477,-0.012045,-0.022235,0.041132,-0.012868,-0.044500,0.058434,-0.014440,-0.071205,0.070321,-0.015970,-0.090979,0.020170,0.003226,-0.081594,0.024029,0.003226,-0.118309,0.026286,0.001888,-0.139785,0.028224,-0.000427,-0.158229,0.000000,0.003975,-0.081300,0.000000,0.003975,-0.125907,0.000000,0.002498,-0.149337,0.000000,-0.000406,-0.168773,-0.017000,0.001900,-0.076400,-0.026573,0.001900,-0.117863,-0.031529,0.000360,-0.139333,-0.035464,-0.002593,-0.156377,-0.033100,-0.003774,-0.068300,-0.044843,-0.003774,-0.098891,-0.050805,-0.005346,-0.114422,-0.055644,-0.008573,-0.127028
open_palm,3,right,1782948329.2071948,0.000000,0.000000,0.000000,-0.025477,-0.012045,-0.022235,-0.041088,-0.012634,-0.044538,-0.058625,-0.013763,-0.071112,-0.070976,-0.014806,-0.090632,-0.020170,0.003226,-0.081594,-0.024029,0.003226,-0.118309,-0.026284,0.001666,-0.139770,-0.028216,-0.001089,-0.158154,0.000000,0.003975,-0.081300,0.000000,0.003975,-0.125907,0.000000,0.002498,-0.149337,0.000000,-0.000407,-0.168773,0.017000,0.001900,-0.076400,0.026573,0.001900,-0.117863,0.031529,0.000360,-0.139333,0.035464,-0.002593,-0.156378,0.033100,-0.003774,-0.068300,0.044843,-0.003774,-0.098891,0.050804,-0.005346,-0.114422,0.055644,-0.008573,-0.127028
open_palm,3,left,1782948329.2194214,0.000000,0.000000,0.000000,0.025477,-0.012045,-0.022235,0.041132,-0.012868,-0.044500,0.058434,-0.014440,-0.071205,0.070321,-0.015970,-0.090979,0.020170,0.003226,-0.081594,0.024029,0.003226,-0.118309,0.026286,0.001888,-0.139785,0.028224,-0.000427,-0.158229,0.000000,0.003975,-0.081300,0.000000,0.003975,-0.125907,0.000000,0.002498,-0.149337,0.000000,-0.000406,-0.168773,-0.017000,0.001900,-0.076400,-0.026573,0.001900,-0.117863,-0.031529,0.000360,-0.139333,-0.035464,-0.002593,-0.156377,-0.033100,-0.003774,-0.068300,-0.044843,-0.003774,-0.098891,-0.050805,-0.005346,-0.114422,-0.055644,-0.008573,-0.127028
open_palm,3,right,1782948329.4261737,0.000000,0.000000,0.000000,-0.025477,-0.012045,-0.022235,-0.041088,-0.012634,-0.044538,-0.058625,-0.013763,-0.071112,-0.070976,-0.014806,-0.090632,-0.020170,0.003226,-0.081594,-0.024029,0.003226,-0.118309,-0.026284,0.001666,-0.139770,-0.028216,-0.001089,-0.158154,0.000000,0.003975,-0.081300,0.000000,0.003975,-0.125907,0.000000,0.002498,-0.149337,0.000000,-0.000407,-0.168773,0.017000,0.001900,-0.076400,0.026573,0.001900,-0.117863,0.031529,0.000360,-0.139333,0.035464,-0.002593,-0.156378,0.033100,-0.003774,-0.068300,0.044843,-0.003774,-0.098891,0.050804,-0.005346,-0.114422,0.055644,-0.008573,-0.127028
open_palm,3,left,1782948329.4386637,0.000000,0.000000,0.000000,0.025477,-0.012045,-0.022235,0.041132,-0.012868,-0.044500,0.058434,-0.014440,-0.071205,0.070321,-0.015970,-0.090979,0.020170,0.003226,-0.081594,0.024029,0.003226,-0.118309,0.026286,0.001995,-0.139791,0.028228,-0.000113,-0.158260,0.000000,0.003975,-0.081300,0.000000,0.003975,-0.125907,0.000000,0.002498,-0.149337,0.000000,-0.000406,-0.168773,-0.017000,0.001900,-0.076400,-0.026573,0.001900,-0.117863,-0.031529,0.000360,-0.139333,-0.035464,-0.002593,-0.156377,-0.033100,-0.003774,-0.068300,-0.044843,-0.003774,-0.098891,-0.050805,-0.005346,-0.114422,-0.055644,-0.008573,-0.127028
open_palm,3,right,1782948329.6359308,0.000000,0.000000,0.000000,-0.025477,-0.012045,-0.022235,-0.041088,-0.012634,-0.044538,-0.058625,-0.013763,-0.071112,-0.070976,-0.014806,-0.090632,-0.020170,0.003226,-0.081594,-0.024029,0.003226,-0.118309,-0.026284,0.001666,-0.139770,-0.028216,-0.001089,-0.158154,0.000000,0.003975,-0.081300,0.000000,0.003975,-0.125907,0.000000,0.002498,-0.149337,0.000000,-0.000407,-0.168773,0.017000,0.001900,-0.076400,0.026573,0.001900,-0.117863,0.031529,0.000360,-0.139333,0.035464,-0.002593,-0.156378,0.033100,-0.003774,-0.068300,0.044843,-0.003774,-0.098891,0.050804,-0.005346,-0.114422,0.055644,-0.008573,-0.127028
open_palm,3,left,1782948329.6470234,0.000000,0.000000,0.000000,0.025477,-0.012045,-0.022235,0.041132,-0.012868,-0.044500,0.058434,-0.014440,-0.071205,0.070321,-0.015970,-0.090979,0.020170,0.003226,-0.081594,0.024029,0.003226,-0.118309,0.026287,0.002101,-0.139797,0.028231,0.000202,-0.158288,0.000000,0.003975,-0.081300,0.000000,0.003975,-0.125907,0.000000,0.002498,-0.149337,0.000000,-0.000406,-0.168773,-0.017000,0.001900,-0.076400,-0.026573,0.001900,-0.117863,-0.031529,0.000360,-0.139333,-0.035464,-0.002593,-0.156377,-0.033100,-0.003774,-0.068300,-0.044843,-0.003774,-0.098891,-0.050805,-0.005346,-0.114422,-0.055644,-0.008573,-0.127028
open_palm,3,right,1782948329.8446574,0.000000,0.000000,0.000000,-0.025477,-0.012045,-0.022235,-0.041088,-0.012634,-0.044538,-0.058625,-0.013763,-0.071112,-0.070976,-0.014806,-0.090632,-0.020170,0.003226,-0.081594,-0.024029,0.003226,-0.118309,-0.026284,0.001666,-0.139770,-0.028216,-0.001089,-0.158154,0.000000,0.003975,-0.081300,0.000000,0.003975,-0.125907,0.000000,0.002498,-0.149337,0.000000,-0.000407,-0.168773,0.017000,0.001900,-0.076400,0.026573,0.001900,-0.117863,0.031529,0.000360,-0.139333,0.035464,-0.002593,-0.156378,0.033100,-0.003774,-0.068300,0.044843,-0.003774,-0.098891,0.050804,-0.005346,-0.114422,0.055644,-0.008573,-0.127028
open_palm,3,left,1782948329.856194,0.000000,0.000000,0.000000,0.025477,-0.012045,-0.022235,0.041132,-0.012868,-0.044500,0.058434,-0.014440,-0.071205,0.070321,-0.015970,-0.090979,0.020170,0.003226,-0.081594,0.024029,0.003226,-0.118309,0.026287,0.002101,-0.139797,0.028231,0.000202,-0.158288,0.000000,0.003975,-0.081300,0.000000,0.003975,-0.125907,0.000000,0.002498,-0.149337,0.000000,-0.000406,-0.168773,-0.017000,0.001900,-0.076400,-0.026573,0.001900,-0.117863,-0.031529,0.000360,-0.139333,-0.035464,-0.002593,-0.156377,-0.033100,-0.003774,-0.068300,-0.044843,-0.003774,-0.098891,-0.050805,-0.005346,-0.114422,-0.055644,-0.008573,-0.127028
open_palm,3,right,1782948330.0535758,0.000000,0.000000,0.000000,-0.025477,-0.012045,-0.022235,-0.041088,-0.012634,-0.044538,-0.058625,-0.013763,-0.071112,-0.070976,-0.014806,-0.090632,-0.020170,0.003226,-0.081594,-0.024029,0.003226,-0.118309,-0.026284,0.001666,-0.139770,-0.028216,-0.001089,-0.158154,0.000000,0.003975,-0.081300,0.000000,0.003975,-0.125907,0.000000,0.002498,-0.149337,0.000000,-0.000407,-0.168773,0.017000,0.001900,-0.076400,0.026573,0.001900,-0.117863,0.031529,0.000360,-0.139333,0.035464,-0.002593,-0.156378,0.033100,-0.003774,-0.068300,0.044843,-0.003774,-0.098891,0.050804,-0.005346,-0.114422,0.055644,-0.008573,-0.127028
open_palm,3,left,1782948330.0644252,0.000000,0.000000,0.000000,0.025477,-0.012045,-0.022235,0.041132,-0.012868,-0.044500,0.058434,-0.014440,-0.071205,0.070321,-0.015970,-0.090979,0.020170,0.003226,-0.081594,0.024029,0.003226,-0.118309,0.026287,0.002101,-0.139797,0.028231,0.000202,-0.158288,0.000000,0.003975,-0.081300,0.000000,0.003975,-0.125907,0.000000,0.002498,-0.149337,0.000000,-0.000406,-0.168773,-0.017000,0.001900,-0.076400,-0.026573,0.001900,-0.117863,-0.031529,0.000360,-0.139333,-0.035464,-0.002593,-0.156377,-0.033100,-0.003774,-0.068300,-0.044843,-0.003774,-0.098891,-0.050805,-0.005346,-0.114422,-0.055644,-0.008573,-0.127028
open_palm,3,right,1782948330.2600045,0.000000,0.000000,0.000000,-0.025477,-0.012045,-0.022235,-0.041088,-0.012634,-0.044538,-0.058625,-0.013763,-0.071112,-0.070976,-0.014806,-0.090632,-0.020170,0.003226,-0.081594,-0.024029,0.003226,-0.118309,-0.026284,0.001666,-0.139770,-0.028216,-0.001089,-0.158154,0.000000,0.003975,-0.081300,0.000000,0.003975,-0.125907,0.000000,0.002498,-0.149337,0.000000,-0.000407,-0.168773,0.017000,0.001900,-0.076400,0.026573,0.001900,-0.117863,0.031529,0.000360,-0.139333,0.035464,-0.002593,-0.156378,0.033100,-0.003774,-0.068300,0.044843,-0.003774,-0.098891,0.050804,-0.005346,-0.114422,0.055644,-0.008573,-0.127028
open_palm,3,left,1782948330.2806861,0.000000,0.000000,0.000000,0.025477,-0.012045,-0.022235,0.041132,-0.012868,-0.044500,0.058434,-0.014440,-0.071205,0.070321,-0.015970,-0.090979,0.020170,0.003226,-0.081594,0.024029,0.003226,-0.118309,0.026287,0.002101,-0.139797,0.028231,0.000202,-0.158288,0.000000,0.003975,-0.081300,0.000000,0.003975,-0.125907,0.000000,0.002498,-0.149337,0.000000,-0.000406,-0.168773,-0.017000,0.001900,-0.076400,-0.026573,0.001900,-0.117863,-0.031529,0.000360,-0.139333,-0.035464,-0.002593,-0.156377,-0.033100,-0.003774,-0.068300,-0.044843,-0.003774,-0.098891,-0.050805,-0.005346,-0.114422,-0.055644,-0.008573,-0.127028
open_palm,3,right,1782948330.4768941,0.000000,0.000000,0.000000,-0.025477,-0.012045,-0.022235,-0.041088,-0.012634,-0.044538,-0.058625,-0.013763,-0.071112,-0.070976,-0.014806,-0.090632,-0.020170,0.003226,-0.081594,-0.024029,0.003226,-0.118309,-0.026284,0.001666,-0.139770,-0.028216,-0.001089,-0.158154,0.000000,0.003975,-0.081300,0.000000,0.003975,-0.125907,0.000000,0.002498,-0.149337,0.000000,-0.000407,-0.168773,0.017000,0.001900,-0.076400,0.026573,0.001900,-0.117863,0.031529,0.000360,-0.139333,0.035464,-0.002593,-0.156378,0.033100,-0.003774,-0.068300,0.044843,-0.003774,-0.098891,0.050804,-0.005346,-0.114422,0.055644,-0.008573,-0.127028
open_palm,3,left,1782948330.4880981,0.000000,0.000000,0.000000,0.025477,-0.012045,-0.022235,0.041132,-0.012868,-0.044500,0.058434,-0.014440,-0.071205,0.070321,-0.015970,-0.090979,0.020170,0.003226,-0.081594,0.024029,0.003226,-0.118309,0.026287,0.002101,-0.139797,0.028231,0.000202,-0.158288,0.000000,0.003975,-0.081300,0.000000,0.003975,-0.125907,0.000000,0.002498,-0.149337,0.000000,-0.000406,-0.168773,-0.017000,0.001900,-0.076400,-0.026573,0.001900,-0.117863,-0.031529,0.000360,-0.139333,-0.035464,-0.002593,-0.156377,-0.033100,-0.003774,-0.068300,-0.044843,-0.003774,-0.098891,-0.050805,-0.005346,-0.114422,-0.055644,-0.008573,-0.127028
open_palm,3,left,1782948330.6884763,0.000000,0.000000,0.000000,0.025477,-0.012045,-0.022235,0.041132,-0.012868,-0.044500,0.058434,-0.014440,-0.071205,0.070321,-0.015970,-0.090979,0.020170,0.003226,-0.081594,0.024029,0.003226,-0.118309,0.026287,0.002101,-0.139797,0.028231,0.000202,-0.158288,0.000000,0.003975,-0.081300,0.000000,0.003975,-0.125907,0.000000,0.002498,-0.149337,0.000000,-0.000406,-0.168773,-0.017000,0.001900,-0.076400,-0.026573,0.001900,-0.117863,-0.031529,0.000360,-0.139333,-0.035464,-0.002593,-0.156377,-0.033100,-0.003774,-0.068300,-0.044843,-0.003774,-0.098891,-0.050805,-0.005346,-0.114422,-0.055644,-0.008573,-0.127028
open_palm,3,right,1782948330.7011805,0.000000,0.000000,0.000000,-0.025477,-0.012045,-0.022235,-0.041088,-0.012634,-0.044538,-0.058625,-0.013763,-0.071112,-0.070976,-0.014806,-0.090632,-0.020170,0.003226,-0.081594,-0.024029,0.003226,-0.118309,-0.026284,0.001666,-0.139770,-0.028216,-0.001089,-0.158154,0.000000,0.003975,-0.081300,0.000000,0.003975,-0.125907,0.000000,0.002498,-0.149337,0.000000,-0.000407,-0.168773,0.017000,0.001900,-0.076400,0.026573,0.001900,-0.117863,0.031529,0.000360,-0.139333,0.035464,-0.002593,-0.156378,0.033100,-0.003774,-0.068300,0.044843,-0.003774,-0.098891,0.050804,-0.005346,-0.114422,0.055644,-0.008573,-0.127028
open_palm,3,left,1782948330.8955934,0.000000,0.000000,0.000000,0.025477,-0.012045,-0.022235,0.041132,-0.012868,-0.044500,0.058434,-0.014440,-0.071205,0.070321,-0.015970,-0.090979,0.020170,0.003226,-0.081594,0.024029,0.003226,-0.118309,0.026287,0.002101,-0.139797,0.028231,0.000202,-0.158288,0.000000,0.003975,-0.081300,0.000000,0.003975,-0.125907,0.000000,0.002498,-0.149337,0.000000,-0.000406,-0.168773,-0.017000,0.001900,-0.076400,-0.026573,0.001900,-0.117863,-0.031529,0.000360,-0.139333,-0.035464,-0.002593,-0.156377,-0.033100,-0.003774,-0.068300,-0.044843,-0.003774,-0.098891,-0.050805,-0.005346,-0.114422,-0.055644,-0.008573,-0.127028
open_palm,3,right,1782948330.9074848,0.000000,0.000000,0.000000,-0.025477,-0.012045,-0.022235,-0.041088,-0.012634,-0.044538,-0.058625,-0.013763,-0.071112,-0.070976,-0.014806,-0.090632,-0.020170,0.003226,-0.081594,-0.024029,0.003226,-0.118309,-0.026284,0.001666,-0.139770,-0.028216,-0.001089,-0.158154,0.000000,0.003975,-0.081300,0.000000,0.003975,-0.125907,0.000000,0.002498,-0.149337,0.000000,-0.000407,-0.168773,0.017000,0.001900,-0.076400,0.026573,0.001900,-0.117863,0.031529,0.000360,-0.139333,0.035464,-0.002593,-0.156378,0.033100,-0.003774,-0.068300,0.044843,-0.003774,-0.098891,0.050804,-0.005346,-0.114422,0.055644,-0.008573,-0.127028
open_palm,3,left,1782948331.1100397,0.000000,0.000000,0.000000,0.025477,-0.012045,-0.022235,0.041132,-0.012868,-0.044500,0.058434,-0.014440,-0.071205,0.070321,-0.015970,-0.090979,0.020170,0.003226,-0.081594,0.024029,0.003226,-0.118309,0.026287,0.002101,-0.139797,0.028231,0.000202,-0.158288,0.000000,0.003975,-0.081300,0.000000,0.003975,-0.125907,0.000000,0.002498,-0.149337,0.000000,-0.000406,-0.168773,-0.017000,0.001900,-0.076400,-0.026573,0.001900,-0.117863,-0.031529,0.000360,-0.139333,-0.035464,-0.002593,-0.156377,-0.033100,-0.003774,-0.068300,-0.044843,-0.003774,-0.098891,-0.050805,-0.005346,-0.114422,-0.055644,-0.008573,-0.127028
open_palm,3,right,1782948331.1213803,0.000000,0.000000,0.000000,-0.025477,-0.012045,-0.022235,-0.041088,-0.012634,-0.044538,-0.058625,-0.013763,-0.071112,-0.070976,-0.014806,-0.090632,-0.020170,0.003226,-0.081594,-0.024029,0.003226,-0.118309,-0.026284,0.001666,-0.139770,-0.028216,-0.001089,-0.158154,0.000000,0.003975,-0.081300,0.000000,0.003975,-0.125907,0.000000,0.002498,-0.149337,0.000000,-0.000407,-0.168773,0.017000,0.001900,-0.076400,0.026573,0.001900,-0.117863,0.031529,0.000360,-0.139333,0.035464,-0.002593,-0.156378,0.033100,-0.003774,-0.068300,0.044843,-0.003774,-0.098891,0.050804,-0.005346,-0.114422,0.055644,-0.008573,-0.127028
open_palm,3,left,1782948331.314552,0.000000,0.000000,0.000000,0.025477,-0.012045,-0.022235,0.041132,-0.012868,-0.044500,0.058434,-0.014440,-0.071205,0.070321,-0.015970,-0.090979,0.020170,0.003226,-0.081594,0.024029,0.003226,-0.118309,0.026287,0.002101,-0.139797,0.028231,0.000202,-0.158288,0.000000,0.003975,-0.081300,0.000000,0.003975,-0.125907,0.000000,0.002498,-0.149337,0.000000,-0.000406,-0.168773,-0.017000,0.001900,-0.076400,-0.026573,0.001900,-0.117863,-0.031529,0.000360,-0.139333,-0.035464,-0.002593,-0.156377,-0.033100,-0.003774,-0.068300,-0.044843,-0.003774,-0.098891,-0.050805,-0.005346,-0.114422,-0.055644,-0.008573,-0.127028
open_palm,3,right,1782948331.324928,0.000000,0.000000,0.000000,-0.025477,-0.012045,-0.022235,-0.041088,-0.012634,-0.044538,-0.058625,-0.013763,-0.071112,-0.070976,-0.014806,-0.090632,-0.020170,0.003226,-0.081594,-0.024029,0.003226,-0.118309,-0.026284,0.001666,-0.139770,-0.028216,-0.001089,-0.158154,0.000000,0.003975,-0.081300,0.000000,0.003975,-0.125907,0.000000,0.002498,-0.149337,0.000000,-0.000407,-0.168773,0.017000,0.001900,-0.076400,0.026573,0.001900,-0.117863,0.031529,0.000360,-0.139333,0.035464,-0.002593,-0.156378,0.033100,-0.003774,-0.068300,0.044843,-0.003774,-0.098891,0.050804,-0.005346,-0.114422,0.055644,-0.008573,-0.127028
open_palm,3,left,1782948331.5172136,0.000000,0.000000,0.000000,0.025477,-0.012045,-0.022235,0.041132,-0.012868,-0.044500,0.058434,-0.014440,-0.071205,0.070321,-0.015970,-0.090979,0.020170,0.003226,-0.081594,0.024029,0.003226,-0.118309,0.026287,0.002101,-0.139797,0.028231,0.000202,-0.158288,0.000000,0.003975,-0.081300,0.000000,0.003975,-0.125907,0.000000,0.002498,-0.149337,0.000000,-0.000406,-0.168773,-0.017000,0.001900,-0.076400,-0.026573,0.001900,-0.117863,-0.031529,0.000360,-0.139333,-0.035464,-0.002593,-0.156377,-0.033100,-0.003774,-0.068300,-0.044843,-0.003774,-0.098891,-0.050805,-0.005346,-0.114422,-0.055644,-0.008573,-0.127028
open_palm,3,right,1782948331.5288393,0.000000,0.000000,0.000000,-0.025477,-0.012045,-0.022235,-0.041088,-0.012634,-0.044538,-0.058625,-0.013763,-0.071112,-0.070976,-0.014806,-0.090632,-0.020170,0.003226,-0.081594,-0.024029,0.003226,-0.118309,-0.026284,0.001666,-0.139770,-0.028216,-0.001089,-0.158154,0.000000,0.003975,-0.081300,0.000000,0.003975,-0.125907,0.000000,0.002498,-0.149337,0.000000,-0.000407,-0.168773,0.017000,0.001900,-0.076400,0.026573,0.001900,-0.117863,0.031529,0.000360,-0.139333,0.035464,-0.002593,-0.156378,0.033100,-0.003774,-0.068300,0.044843,-0.003774,-0.098891,0.050804,-0.005346,-0.114422,0.055644,-0.008573,-0.127028
open_palm,3,left,1782948331.7250829,0.000000,0.000000,0.000000,0.025477,-0.012045,-0.022235,0.041132,-0.012868,-0.044500,0.058434,-0.014440,-0.071205,0.070321,-0.015970,-0.090979,0.020170,0.003226,-0.081594,0.024029,0.003226,-0.118309,0.026287,0.002101,-0.139797,0.028231,0.000202,-0.158288,0.000000,0.003975,-0.081300,0.000000,0.003975,-0.125907,0.000000,0.002498,-0.149337,0.000000,-0.000406,-0.168773,-0.017000,0.001900,-0.076400,-0.026573,0.001900,-0.117863,-0.031529,0.000360,-0.139333,-0.035464,-0.002593,-0.156377,-0.033100,-0.003774,-0.068300,-0.044843,-0.003774,-0.098891,-0.050805,-0.005346,-0.114422,-0.055644,-0.008573,-0.127028
open_palm,3,right,1782948331.7370007,0.000000,0.000000,0.000000,-0.025477,-0.012045,-0.022235,-0.041088,-0.012634,-0.044538,-0.058625,-0.013763,-0.071112,-0.070976,-0.014806,-0.090632,-0.020170,0.003226,-0.081594,-0.024029,0.003226,-0.118309,-0.026284,0.001666,-0.139770,-0.028216,-0.001089,-0.158154,0.000000,0.003975,-0.081300,0.000000,0.003975,-0.125907,0.000000,0.002498,-0.149337,0.000000,-0.000407,-0.168773,0.017000,0.001900,-0.076400,0.026573,0.001900,-0.117863,0.031529,0.000360,-0.139333,0.035464,-0.002593,-0.156378,0.033100,-0.003774,-0.068300,0.044843,-0.003774,-0.098891,0.050804,-0.005346,-0.114422,0.055644,-0.008573,-0.127028
open_palm,3,left,1782948331.9260728,0.000000,0.000000,0.000000,0.025477,-0.012045,-0.022235,0.041132,-0.012868,-0.044500,0.058434,-0.014440,-0.071205,0.070321,-0.015970,-0.090979,0.020170,0.003226,-0.081594,0.024029,0.003226,-0.118309,0.026287,0.002101,-0.139797,0.028231,0.000202,-0.158288,0.000000,0.003975,-0.081300,0.000000,0.003975,-0.125907,0.000000,0.002498,-0.149337,0.000000,-0.000406,-0.168773,-0.017000,0.001900,-0.076400,-0.026573,0.001900,-0.117863,-0.031529,0.000360,-0.139333,-0.035464,-0.002593,-0.156377,-0.033100,-0.003774,-0.068300,-0.044843,-0.003774,-0.098891,-0.050805,-0.005346,-0.114422,-0.055644,-0.008573,-0.127028
open_palm,3,right,1782948331.9572482,0.000000,0.000000,0.000000,-0.025477,-0.012045,-0.022235,-0.041088,-0.012634,-0.044538,-0.058625,-0.013763,-0.071112,-0.070976,-0.014806,-0.090632,-0.020170,0.003226,-0.081594,-0.024029,0.003226,-0.118309,-0.026284,0.001666,-0.139770,-0.028216,-0.001089,-0.158154,0.000000,0.003975,-0.081300,0.000000,0.003975,-0.125907,0.000000,0.002498,-0.149337,0.000000,-0.000407,-0.168773,0.017000,0.001900,-0.076400,0.026573,0.001900,-0.117863,0.031529,0.000360,-0.139333,0.035464,-0.002593,-0.156378,0.033100,-0.003774,-0.068300,0.044843,-0.003774,-0.098891,0.050804,-0.005346,-0.114422,0.055644,-0.008573,-0.127028
open_palm,3,left,1782948332.129009,0.000000,0.000000,0.000000,0.025477,-0.012045,-0.022235,0.041132,-0.012868,-0.044500,0.058434,-0.014440,-0.071205,0.070321,-0.015970,-0.090979,0.020170,0.003226,-0.081594,0.024029,0.003226,-0.118309,0.026287,0.002101,-0.139797,0.028231,0.000202,-0.158288,0.000000,0.003975,-0.081300,0.000000,0.003975,-0.125907,0.000000,0.002498,-0.149337,0.000000,-0.000406,-0.168773,-0.017000,0.001900,-0.076400,-0.026573,0.001900,-0.117863,-0.031529,0.000360,-0.139333,-0.035464,-0.002593,-0.156377,-0.033100,-0.003774,-0.068300,-0.044843,-0.003774,-0.098891,-0.050805,-0.005346,-0.114422,-0.055644,-0.008573,-0.127028
open_palm,3,right,1782948332.1622384,0.000000,0.000000,0.000000,-0.025477,-0.012045,-0.022235,-0.041088,-0.012634,-0.044538,-0.058625,-0.013763,-0.071112,-0.070976,-0.014806,-0.090632,-0.020170,0.003226,-0.081594,-0.024029,0.003226,-0.118309,-0.026284,0.001666,-0.139770,-0.028216,-0.001089,-0.158154,0.000000,0.003975,-0.081300,0.000000,0.003975,-0.125907,0.000000,0.002498,-0.149337,0.000000,-0.000407,-0.168773,0.017000,0.001900,-0.076400,0.026573,0.001900,-0.117863,0.031529,0.000360,-0.139333,0.035464,-0.002593,-0.156378,0.033100,-0.003774,-0.068300,0.044843,-0.003774,-0.098891,0.050804,-0.005346,-0.114422,0.055644,-0.008573,-0.127028
open_palm,3,left,1782948332.3334746,0.000000,0.000000,0.000000,0.025477,-0.012045,-0.022235,0.041132,-0.012868,-0.044500,0.058434,-0.014440,-0.071205,0.070321,-0.015970,-0.090979,0.020170,0.003226,-0.081594,0.024029,0.003226,-0.118309,0.026287,0.002101,-0.139797,0.028231,0.000202,-0.158288,0.000000,0.003975,-0.081300,0.000000,0.003975,-0.125907,0.000000,0.002498,-0.149337,0.000000,-0.000406,-0.168773,-0.017000,0.001900,-0.076400,-0.026573,0.001900,-0.117863,-0.031529,0.000360,-0.139333,-0.035464,-0.002593,-0.156377,-0.033100,-0.003774,-0.068300,-0.044843,-0.003774,-0.098891,-0.050805,-0.005346,-0.114422,-0.055644,-0.008573,-0.127028
open_palm,3,right,1782948332.3758855,0.000000,0.000000,0.000000,-0.025477,-0.012045,-0.022235,-0.041088,-0.012634,-0.044538,-0.058625,-0.013763,-0.071112,-0.070976,-0.014806,-0.090632,-0.020170,0.003226,-0.081594,-0.024029,0.003226,-0.118309,-0.026284,0.001666,-0.139770,-0.028216,-0.001089,-0.158154,0.000000,0.003975,-0.081300,0.000000,0.003975,-0.125907,0.000000,0.002498,-0.149337,0.000000,-0.000407,-0.168773,0.017000,0.001900,-0.076400,0.026573,0.001900,-0.117863,0.031529,0.000360,-0.139333,0.035464,-0.002593,-0.156378,0.033100,-0.003774,-0.068300,0.044843,-0.003774,-0.098891,0.050804,-0.005346,-0.114422,0.055644,-0.008573,-0.127028
open_palm,3,left,1782948332.537861,0.000000,0.000000,0.000000,0.025477,-0.012045,-0.022235,0.041132,-0.012868,-0.044500,0.058434,-0.014440,-0.071205,0.070321,-0.015970,-0.090979,0.020170,0.003226,-0.081594,0.024029,0.003226,-0.118309,0.026287,0.002101,-0.139797,0.028231,0.000202,-0.158288,0.000000,0.003975,-0.081300,0.000000,0.003975,-0.125907,0.000000,0.002498,-0.149337,0.000000,-0.000406,-0.168773,-0.017000,0.001900,-0.076400,-0.026573,0.001900,-0.117863,-0.031529,0.000360,-0.139333,-0.035464,-0.002593,-0.156377,-0.033100,-0.003774,-0.068300,-0.044843,-0.003774,-0.098891,-0.050805,-0.005346,-0.114422,-0.055644,-0.008573,-0.127028
open_palm,3,right,1782948332.5832884,0.000000,0.000000,0.000000,-0.025477,-0.012045,-0.022235,-0.041088,-0.012634,-0.044538,-0.058625,-0.013763,-0.071112,-0.070976,-0.014806,-0.090632,-0.020170,0.003226,-0.081594,-0.024029,0.003226,-0.118309,-0.026284,0.001666,-0.139770,-0.028216,-0.001089,-0.158154,0.000000,0.003975,-0.081300,0.000000,0.003975,-0.125907,0.000000,0.002498,-0.149337,0.000000,-0.000407,-0.168773,0.017000,0.001900,-0.076400,0.026573,0.001900,-0.117863,0.031529,0.000360,-0.139333,0.035464,-0.002593,-0.156378,0.033100,-0.003774,-0.068300,0.044843,-0.003774,-0.098891,0.050804,-0.005346,-0.114422,0.055644,-0.008573,-0.127028
fist,1,right,1782948338.7467413,0.000000,0.000000,0.000000,-0.025477,-0.012045,-0.022235,-0.037847,-0.027336,-0.041067,-0.026065,-0.048189,-0.062076,-0.003113,-0.049219,-0.059467,-0.020170,0.003226,-0.081594,-0.020467,-0.033538,-0.084939,-0.018560,-0.035506,-0.063478,-0.017252,-0.024056,-0.048764,0.000000,0.003975,-0.081300,0.000000,-0.040629,-0.081821,0.000000,-0.036822,-0.058655,0.000000,-0.021916,-0.045848,0.017000,0.001900,-0.076400,0.017074,-0.040646,-0.077226,0.015121,-0.037235,-0.055491,0.014300,-0.022047,-0.046359,0.033100,-0.003774,-0.068300,0.032129,-0.036429,-0.065770,0.029591,-0.035078,-0.049309,0.029083,-0.022039,-0.044568
fist,1,left,1782948338.747317,0.000000,0.000000,0.000000,0.025477,-0.012045,-0.022235,0.038478,-0.026751,-0.041107,0.028788,-0.047502,-0.063256,0.005829,-0.050182,-0.062649,0.020170,0.003226,-0.081594,0.021778,-0.029257,-0.099062,0.020090,-0.040622,-0.080729,0.018402,-0.037442,-0.062390,0.000000,0.003975,-0.081300,0.000000,-0.040076,-0.088320,0.000000,-0.039689,-0.064848,0.000000,-0.026811,-0.050004,-0.017000,0.001900,-0.076400,-0.017884,-0.039762,-0.085019,-0.015632,-0.040444,-0.063057,-0.014426,-0.027214,-0.051299,-0.033100,-0.003774,-0.068300,-0.032479,-0.036496,-0.066681,-0.029885,-0.035630,-0.050196,-0.029224,-0.022735,-0.045096
fist,1,left,1782948338.9568002,0.000000,0.000000,0.000000,0.025477,-0.012045,-0.022235,0.038478,-0.026751,-0.041107,0.028788,-0.047502,-0.063256,0.005829,-0.050182,-0.062649,0.020170,0.003226,-0.081594,0.021778,-0.029257,-0.099062,0.020090,-0.040622,-0.080729,0.018402,-0.037442,-0.062390,0.000000,0.003975,-0.081300,0.000000,-0.040076,-0.088320,0.000000,-0.039689,-0.064848,0.000000,-0.026811,-0.050004,-0.017000,0.001900,-0.076400,-0.018009,-0.039531,-0.086059,-0.015718,-0.040807,-0.064127,-0.014454,-0.027906,-0.052015,-0.033100,-0.003774,-0.068300,-0.032479,-0.036496,-0.066681,-0.029885,-0.035630,-0.050196,-0.029224,-0.022735,-0.045096
fist,1,right,1782948338.9570572,0.000000,0.000000,0.000000,-0.025477,-0.012045,-0.022235,-0.037847,-0.027336,-0.041067,-0.026065,-0.048189,-0.062076,-0.003113,-0.049219,-0.059467,-0.020170,0.003226,-0.081594,-0.020477,-0.033528,-0.085052,-0.018570,-0.035562,-0.063597,-0.017258,-0.024158,-0.048848,0.000000,0.003975,-0.081300,0.000000,-0.040629,-0.081821,0.000000,-0.036822,-0.058655,0.000000,-0.021916,-0.045848,0.017000,0.001900,-0.076400,0.017074,-0.040646,-0.077226,0.015121,-0.037235,-0.055491,0.014300,-0.022047,-0.046359,0.033100,-0.003774,-0.068300,0.032129,-0.036429,-0.065770,0.029591,-0.035078,-0.049309,0.029083,-0.022039,-0.044568
fist,1,right,1782948339.159177,0.000000,0.000000,0.000000,-0.025477,-0.012045,-0.022235,-0.037847,-0.027336,-0.041067,-0.026065,-0.048189,-0.062076,-0.003113,-0.049219,-0.059467,-0.020170,0.003226,-0.081594,-0.020528,-0.033470,-0.085615,-0.018619,-0.035836,-0.064194,-0.017289,-0.024660,-0.049273,0.000000,0.003975,-0.081300,0.000000,-0.040629,-0.081821,0.000000,-0.036822,-0.058655,0.000000,-0.021916,-0.045848,0.017000,0.001900,-0.076400,0.017074,-0.040646,-0.077226,0.015121,-0.037235,-0.055491,0.014300,-0.022047,-0.046359,0.033100,-0.003774,-0.068300,0.032129,-0.036429,-0.065770,0.029591,-0.035078,-0.049309,0.029083,-0.022039,-0.044568
fist,1,left,1782948339.1701655,0.000000,0.000000,0.000000,0.025477,-0.012045,-0.022235,0.038562,-0.026625,-0.041147,0.029260,-0.047337,-0.063496,0.006337,-0.050363,-0.063268,0.020170,0.003226,-0.081594,0.021778,-0.029257,-0.099062,0.020090,-0.040622,-0.080729,0.018402,-0.037442,-0.062390,0.000000,0.003975,-0.081300,0.000000,-0.040076,-0.088320,0.000000,-0.039689,-0.064848,0.000000,-0.026811,-0.050004,-0.017000,0.001900,-0.076400,-0.018009,-0.039531,-0.086059,-0.015718,-0.040807,-0.064127,-0.014454,-0.027906,-0.052015,-0.033100,-0.003774,-0.068300,-0.032479,-0.036496,-0.066681,-0.029885,-0.035630,-0.050196,-0.029224,-0.022735,-0.045096
fist,1,left,1782948339.375924,0.000000,0.000000,0.000000,0.025477,-0.012045,-0.022235,0.038590,-0.026582,-0.041161,0.029418,-0.047281,-0.063577,0.006510,-0.050422,-0.063476,0.020170,0.003226,-0.081594,0.021778,-0.029257,-0.099062,0.020090,-0.040622,-0.080729,0.018402,-0.037442,-0.062390,0.000000,0.003975,-0.081300,0.000000,-0.039904,-0.089328,0.000000,-0.040055,-0.065852,0.000000,-0.027520,-0.050717,-0.017000,0.001900,-0.076400,-0.018009,-0.039531,-0.086059,-0.015718,-0.040807,-0.064127,-0.014454,-0.027906,-0.052015,-0.033100,-0.003774,-0.068300,-0.032479,-0.036496,-0.066681,-0.029885,-0.035630,-0.050196,-0.029224,-0.022735,-0.045096
fist,1,right,1782948339.3885598,0.000000,0.000000,0.000000,-0.025477,-0.012045,-0.022235,-0.037846,-0.027312,-0.041087,-0.026121,-0.048163,-0.062130,-0.003167,-0.049264,-0.059569,-0.020170,0.003226,-0.081594,-0.020528,-0.033470,-0.085615,-0.018619,-0.035836,-0.064194,-0.017289,-0.024660,-0.049273,0.000000,0.003975,-0.081300,0.000000,-0.040629,-0.081821,0.000000,-0.036822,-0.058655,0.000000,-0.021916,-0.045848,0.017000,0.001900,-0.076400,0.017074,-0.040646,-0.077226,0.015121,-0.037235,-0.055491,0.014300,-0.022047,-0.046359,0.033100,-0.003774,-0.068300,0.032129,-0.036429,-0.065770,0.029591,-0.035078,-0.049309,0.029083,-0.022039,-0.044568
fist,1,left,1782948339.5768814,0.000000,0.000000,0.000000,0.025477,-0.012045,-0.022235,0.038646,-0.026495,-0.041189,0.029735,-0.047164,-0.063737,0.006860,-0.050537,-0.063895,0.020170,0.003226,-0.081594,0.021778,-0.029257,-0.099062,0.020090,-0.040622,-0.080729,0.018402,-0.037442,-0.062390,0.000000,0.003975,-0.081300,0.000000,-0.039771,-0.090026,0.000000,-0.040298,-0.066556,0.000000,-0.028007,-0.051222,-0.017000,0.001900,-0.076400,-0.018009,-0.039531,-0.086059,-0.015718,-0.040807,-0.064127,-0.014454,-0.027906,-0.052015,-0.033100,-0.003774,-0.068300,-0.032479,-0.036496,-0.066681,-0.029885,-0.035630,-0.050196,-0.029224,-0.022735,-0.045096
fist,1,right,1782948339.6206365,0.000000,0.000000,0.000000,-0.025477,-0.012045,-0.022235,-0.037845,-0.027300,-0.041098,-0.026148,-0.048150,-0.062157,-0.003193,-0.049286,-0.059620,-0.020170,0.003226,-0.081594,-0.020528,-0.033470,-0.085615,-0.018619,-0.035836,-0.064194,-0.017289,-0.024660,-0.049273,0.000000,0.003975,-0.081300,0.000000,-0.040629,-0.081821,0.000000,-0.036822,-0.058655,0.000000,-0.021916,-0.045848,0.017000,0.001900,-0.076400,0.017074,-0.040646,-0.077226,0.015121,-0.037235,-0.055491,0.014300,-0.022047,-0.046359,0.033100,-0.003774,-0.068300,0.032129,-0.036429,-0.065770,0.029591,-0.035078,-0.049309,0.029083,-0.022039,-0.044568
fist,1,left,1782948339.7862976,0.000000,0.000000,0.000000,0.025477,-0.012045,-0.022235,0.038701,-0.026406,-0.041218,0.030053,-0.047043,-0.063898,0.007218,-0.050650,-0.064317,0.020170,0.003226,-0.081594,0.021823,-0.029002,-0.099524,0.020153,-0.040718,-0.081411,0.018456,-0.037930,-0.063009,0.000000,0.003975,-0.081300,0.000000,-0.039771,-0.090026,0.000000,-0.040298,-0.066556,0.000000,-0.028007,-0.051222,-0.017000,0.001900,-0.076400,-0.018030,-0.039488,-0.086237,-0.015734,-0.040870,-0.064312,-0.014459,-0.028029,-0.052137,-0.033100,-0.003774,-0.068300,-0.032479,-0.036496,-0.066681,-0.029885,-0.035630,-0.050196,-0.029224,-0.022735,-0.045096
fist,1,right,1782948339.829543,0.000000,0.000000,0.000000,-0.025477,-0.012045,-0.022235,-0.037845,-0.027300,-0.041098,-0.026148,-0.048150,-0.062157,-0.003193,-0.049286,-0.059620,-0.020170,0.003226,-0.081594,-0.020528,-0.033470,-0.085615,-0.018619,-0.035836,-0.064194,-0.017289,-0.024660,-0.049273,0.000000,0.003975,-0.081300,0.000000,-0.040629,-0.081821,0.000000,-0.036822,-0.058655,0.000000,-0.021916,-0.045848,0.017000,0.001900,-0.076400,0.017074,-0.040646,-0.077226,0.015121,-0.037235,-0.055491,0.014300,-0.022047,-0.046359,0.033100,-0.003774,-0.068300,0.032129,-0.036429,-0.065770,0.029591,-0.035078,-0.049309,0.029083,-0.022039,-0.044568
fist,1,left,1782948339.9920914,0.000000,0.000000,0.000000,0.025477,-0.012045,-0.022235,0.038755,-0.026317,-0.041247,0.030373,-0.046918,-0.064059,0.007582,-0.050760,-0.064743,0.020170,0.003226,-0.081594,0.021845,-0.028872,-0.099754,0.020184,-0.040761,-0.081754,0.018484,-0.038170,-0.063323,0.000000,0.003975,-0.081300,0.000000,-0.039771,-0.090026,0.000000,-0.040298,-0.066556,0.000000,-0.028007,-0.051222,-0.017000,0.001900,-0.076400,-0.018052,-0.039445,-0.086414,-0.015749,-0.040931,-0.064497,-0.014464,-0.028151,-0.052260,-0.033100,-0.003774,-0.068300,-0.032479,-0.036496,-0.066681,-0.029885,-0.035630,-0.050196,-0.029224,-0.022735,-0.045096
fist,1,right,1782948340.0346124,0.000000,0.000000,0.000000,-0.025477,-0.012045,-0.022235,-0.037845,-0.027300,-0.041098,-0.026148,-0.048150,-0.062157,-0.003193,-0.049286,-0.059620,-0.020170,0.003226,-0.081594,-0.020528,-0.033470,-0.085615,-0.018619,-0.035836,-0.064194,-0.017289,-0.024660,-0.049273,0.000000,0.003975,-0.081300,0.000000,-0.040629,-0.081821,0.000000,-0.036822,-0.058655,0.000000,-0.021916,-0.045848,0.017000,0.001900,-0.076400,0.017074,-0.040646,-0.077226,0.015121,-0.037235,-0.055491,0.014300,-0.022047,-0.046359,0.033100,-0.003774,-0.068300,0.032129,-0.036429,-0.065770,0.029591,-0.035078,-0.049309,0.029083,-0.022039,-0.044568
fist,1,left,1782948340.199919,0.000000,0.000000,0.000000,0.025477,-0.012045,-0.022235,0.038764,-0.026302,-0.041252,0.030426,-0.046897,-0.064086,0.007644,-0.050778,-0.064815,0.020170,0.003226,-0.081594,0.021845,-0.028872,-0.099754,0.020184,-0.040761,-0.081754,0.018484,-0.038170,-0.063323,0.000000,0.003975,-0.081300,0.000000,-0.039698,-0.090383,0.000000,-0.040423,-0.066918,0.000000,-0.028262,-0.051480,-0.017000,0.001900,-0.076400,-0.018052,-0.039445,-0.086414,-0.015749,-0.040931,-0.064497,-0.014464,-0.028151,-0.052260,-0.033100,-0.003774,-0.068300,-0.032479,-0.036496,-0.066681,-0.029885,-0.035630,-0.050196,-0.029224,-0.022735,-0.045096
fist,1,right,1782948340.2441802,0.000000,0.000000,0.000000,-0.025477,-0.012045,-0.022235,-0.037845,-0.027300,-0.041098,-0.026148,-0.048150,-0.062157,-0.003193,-0.049286,-0.059620,-0.020170,0.003226,-0.081594,-0.020528,-0.033470,-0.085615,-0.018619,-0.035836,-0.064194,-0.017289,-0.024660,-0.049273,0.000000,0.003975,-0.081300,0.000000,-0.040629,-0.081821,0.000000,-0.036822,-0.058655,0.000000,-0.021916,-0.045848,0.017000,0.001900,-0.076400,0.017074,-0.040646,-0.077226,0.015121,-0.037235,-0.055491,0.014300,-0.022047,-0.046359,0.033100,-0.003774,-0.068300,0.032129,-0.036429,-0.065770,0.029591,-0.035078,-0.049309,0.029083,-0.022039,-0.044568
fist,1,left,1782948340.4186044,0.000000,0.000000,0.000000,0.025477,-0.012045,-0.022235,0.038810,-0.026226,-0.041278,0.030694,-0.046789,-0.064219,0.007953,-0.050866,-0.065173,0.020170,0.003226,-0.081594,0.021879,-0.028673,-0.100098,0.020232,-0.040824,-0.082273,0.018526,-0.038533,-0.063803,0.000000,0.003975,-0.081300,0.000000,-0.039698,-0.090383,0.000000,-0.040423,-0.066918,0.000000,-0.028262,-0.051480,-0.017000,0.001900,-0.076400,-0.018052,-0.039445,-0.086414,-0.015749,-0.040931,-0.064497,-0.014464,-0.028151,-0.052260,-0.033100,-0.003774,-0.068300,-0.032479,-0.036496,-0.066681,-0.029885,-0.035630,-0.050196,-0.029224,-0.022735,-0.045096
fist,1,right,1782948340.4520423,0.000000,0.000000,0.000000,-0.025477,-0.012045,-0.022235,-0.037845,-0.027300,-0.041098,-0.026148,-0.048150,-0.062157,-0.003193,-0.049286,-0.059620,-0.020170,0.003226,-0.081594,-0.020528,-0.033470,-0.085615,-0.018619,-0.035836,-0.064194,-0.017289,-0.024660,-0.049273,0.000000,0.003975,-0.081300,0.000000,-0.040629,-0.081821,0.000000,-0.036822,-0.058655,0.000000,-0.021916,-0.045848,0.017000,0.001900,-0.076400,0.017074,-0.040646,-0.077226,0.015121,-0.037235,-0.055491,0.014300,-0.022047,-0.046359,0.033100,-0.003774,-0.068300,0.032129,-0.036429,-0.065770,0.029591,-0.035078,-0.049309,0.029083,-0.022039,-0.044568
fist,1,left,1782948340.619357,0.000000,0.000000,0.000000,0.025477,-0.012045,-0.022235,0.038810,-0.026226,-0.041278,0.030694,-0.046789,-0.064219,0.007953,-0.050866,-0.065173,0.020170,0.003226,-0.081594,0.021879,-0.028673,-0.100098,0.020232,-0.040824,-0.082273,0.018526,-0.038533,-0.063803,0.000000,0.003975,-0.081300,0.000000,-0.039698,-0.090383,0.000000,-0.040423,-0.066918,0.000000,-0.028262,-0.051480,-0.017000,0.001900,-0.076400,-0.018067,-0.039415,-0.086534,-0.015760,-0.040975,-0.064622,-0.014467,-0.028236,-0.052343,-0.033100,-0.003774,-0.068300,-0.032479,-0.036496,-0.066681,-0.029885,-0.035630,-0.050196,-0.029224,-0.022735,-0.045096
fist,1,right,1782948340.6526937,0.000000,0.000000,0.000000,-0.025477,-0.012045,-0.022235,-0.037845,-0.027300,-0.041098,-0.026148,-0.048150,-0.062157,-0.003193,-0.049286,-0.059620,-0.020170,0.003226,-0.081594,-0.020528,-0.033470,-0.085615,-0.018619,-0.035836,-0.064194,-0.017289,-0.024660,-0.049273,0.000000,0.003975,-0.081300,0.000000,-0.040629,-0.081821,0.000000,-0.036822,-0.058655,0.000000,-0.021916,-0.045848,0.017000,0.001900,-0.076400,0.017074,-0.040646,-0.077226,0.015121,-0.037235,-0.055491,0.014300,-0.022047,-0.046359,0.033100,-0.003774,-0.068300,0.032129,-0.036429,-0.065770,0.029591,-0.035078,-0.049309,0.029083,-0.022039,-0.044568
fist,1,left,1782948340.8276396,0.000000,0.000000,0.000000,0.025477,-0.012045,-0.022235,0.038810,-0.026226,-0.041278,0.030694,-0.046789,-0.064219,0.007953,-0.050866,-0.065173,0.020170,0.003226,-0.081594,0.021901,-0.028538,-0.100328,0.020265,-0.040863,-0.082622,0.018555,-0.038776,-0.064128,0.000000,0.003975,-0.081300,0.000000,-0.039698,-0.090383,0.000000,-0.040423,-0.066918,0.000000,-0.028262,-0.051480,-0.017000,0.001900,-0.076400,-0.018142,-0.039262,-0.087135,-0.015814,-0.041185,-0.065254,-0.014486,-0.028659,-0.052761,-0.033100,-0.003774,-0.068300,-0.032479,-0.036496,-0.066681,-0.029885,-0.035630,-0.050196,-0.029224,-0.022735,-0.045096
fist,1,right,1782948340.873204,0.000000,0.000000,0.000000,-0.025477,-0.012045,-0.022235,-0.037845,-0.027300,-0.041098,-0.026148,-0.048150,-0.062157,-0.003193,-0.049286,-0.059620,-0.020170,0.003226,-0.081594,-0.020587,-0.033392,-0.086267,-0.018677,-0.036142,-0.064893,-0.017325,-0.025236,-0.049775,0.000000,0.003975,-0.081300,0.000000,-0.040629,-0.081821,0.000000,-0.036822,-0.058655,0.000000,-0.021916,-0.045848,0.017000,0.001900,-0.076400,0.017074,-0.040646,-0.077226,0.015121,-0.037235,-0.055491,0.014300,-0.022047,-0.046359,0.033100,-0.003774,-0.068300,0.032129,-0.036429,-0.065770,0.029591,-0.035078,-0.049309,0.029083,-0.022039,-0.044568
fist,1,left,1782948341.0284975,0.000000,0.000000,0.000000,0.025477,-0.012045,-0.022235,0.038810,-0.026226,-0.041278,0.030694,-0.046789,-0.064219,0.007953,-0.050866,-0.065173,0.020170,0.003226,-0.081594,0.021912,-0.028469,-0.100442,0.020281,-0.040882,-0.082796,0.018570,-0.038896,-0.064292,0.000000,0.003975,-0.081300,0.000000,-0.039698,-0.090383,0.000000,-0.040423,-0.066918,0.000000,-0.028262,-0.051480,-0.017000,0.001900,-0.076400,-0.018142,-0.039262,-0.087135,-0.015814,-0.041185,-0.065254,-0.014486,-0.028659,-0.052761,-0.033100,-0.003774,-0.068300,-0.032479,-0.036496,-0.066681,-0.029885,-0.035630,-0.050196,-0.029224,-0.022735,-0.045096
fist,1,right,1782948341.0812697,0.000000,0.000000,0.000000,-0.025477,-0.012045,-0.022235,-0.037848,-0.027348,-0.041057,-0.026039,-0.048201,-0.062049,-0.003088,-0.049198,-0.059417,-0.020170,0.003226,-0.081594,-0.020558,-0.033432,-0.085941,-0.018648,-0.035990,-0.064543,-0.017307,-0.024949,-0.049522,0.000000,0.003975,-0.081300,0.000000,-0.040629,-0.081821,0.000000,-0.036822,-0.058655,0.000000,-0.021916,-0.045848,0.017000,0.001900,-0.076400,0.017074,-0.040646,-0.077226,0.015121,-0.037235,-0.055491,0.014300,-0.022047,-0.046359,0.033100,-0.003774,-0.068300,0.032129,-0.036429,-0.065770,0.029591,-0.035078,-0.049309,0.029083,-0.022039,-0.044568
fist,1,left,1782948341.2333686,0.000000,0.000000,0.000000,0.025477,-0.012045,-0.022235,0.038810,-0.026226,-0.041278,0.030694,-0.046789,-0.064219,0.007953,-0.050866,-0.065173,0.020170,0.003226,-0.081594,0.021912,-0.028469,-0.100442,0.020281,-0.040882,-0.082796,0.018570,-0.038896,-0.064292,0.000000,0.003975,-0.081300,0.000000,-0.039698,-0.090383,0.000000,-0.040423,-0.066918,0.000000,-0.028262,-0.051480,-0.017000,0.001900,-0.076400,-0.018142,-0.039262,-0.087135,-0.015814,-0.041185,-0.065254,-0.014486,-0.028659,-0.052761,-0.033100,-0.003774,-0.068300,-0.032479,-0.036496,-0.066681,-0.029885,-0.035630,-0.050196,-0.029224,-0.022735,-0.045096
fist,1,right,1782948341.2857115,0.000000,0.000000,0.000000,-0.025477,-0.012045,-0.022235,-0.037847,-0.027336,-0.041067,-0.026065,-0.048189,-0.062076,-0.003113,-0.049219,-0.059467,-0.020170,0.003226,-0.081594,-0.020377,-0.033616,-0.083937,-0.018474,-0.034995,-0.062429,-0.017201,-0.023145,-0.048032,0.000000,0.003975,-0.081300,0.000000,-0.040629,-0.081821,0.000000,-0.036822,-0.058655,0.000000,-0.021916,-0.045848,0.017000,0.001900,-0.076400,0.017074,-0.040646,-0.077226,0.015121,-0.037235,-0.055491,0.014300,-0.022047,-0.046359,0.033100,-0.003774,-0.068300,0.032129,-0.036429,-0.065770,0.029591,-0.035078,-0.049309,0.029083,-0.022039,-0.044568
fist,1,left,1782948341.4515789,0.000000,0.000000,0.000000,0.025477,-0.012045,-0.022235,0.038117,-0.027242,-0.040963,0.026863,-0.048086,-0.062268,0.003872,-0.049390,-0.060184,0.020170,0.003226,-0.081594,0.021795,-0.029162,-0.099237,0.020114,-0.040661,-0.080987,0.018422,-0.037631,-0.062623,0.000000,0.003975,-0.081300,0.000000,-0.040049,-0.088489,0.000000,-0.039752,-0.065015,0.000000,-0.026930,-0.050122,-0.017000,0.001900,-0.076400,-0.017953,-0.039636,-0.085599,-0.015680,-0.040651,-0.063652,-0.014441,-0.027604,-0.051695,-0.033100,-0.003774,-0.068300,-0.032479,-0.036496,-0.066681,-0.029885,-0.035630,-0.050196,-0.029224,-0.022735,-0.045096
fist,1,right,1782948341.5037389,0.000000,0.000000,0.000000,-0.025477,-0.012045,-0.022235,-0.037847,-0.027336,-0.041067,-0.026065,-0.048189,-0.062076,-0.003113,-0.049219,-0.059467,-0.020170,0.003226,-0.081594,-0.020360,-0.033628,-0.083751,-0.018459,-0.034897,-0.062237,-0.017192,-0.022975,-0.047900,0.000000,0.003975,-0.081300,0.000000,-0.040629,-0.081821,0.000000,-0.036822,-0.058655,0.000000,-0.021916,-0.045848,0.017000,0.001900,-0.076400,0.017074,-0.040646,-0.077226,0.015121,-0.037235,-0.055491,0.014300,-0.022047,-0.046359,0.033100,-0.003774,-0.068300,0.032129,-0.036429,-0.065770,0.029591,-0.035078,-0.049309,0.029083,-0.022039,-0.044568
fist,1,left,1782948341.6545227,0.000000,0.000000,0.000000,0.025477,-0.012045,-0.022235,0.038044,-0.027336,-0.040936,0.026484,-0.048189,-0.062068,0.003506,-0.049219,-0.059700,0.020170,0.003226,-0.081594,0.021379,-0.031187,-0.094904,0.019571,-0.039488,-0.075006,0.017979,-0.033152,-0.057496,0.000000,0.003975,-0.081300,0.000000,-0.040447,-0.085362,0.000000,-0.038493,-0.061967,0.000000,-0.024651,-0.048017,-0.017000,0.001900,-0.076400,-0.017639,-0.040155,-0.082865,-0.015469,-0.039685,-0.060889,-0.014377,-0.025856,-0.049831,-0.033100,-0.003774,-0.068300,-0.032129,-0.036429,-0.065770,-0.029596,-0.035078,-0.049308,-0.029091,-0.022040,-0.044567
fist,1,right,1782948341.711819,0.000000,0.000000,0.000000,-0.025477,-0.012045,-0.022235,-0.037847,-0.027336,-0.041067,-0.026065,-0.048189,-0.062076,-0.003113,-0.049219,-0.059467,-0.020170,0.003226,-0.081594,-0.020360,-0.033628,-0.083751,-0.018459,-0.034897,-0.062237,-0.017192,-0.022975,-0.047900,0.000000,0.003975,-0.081300,0.000000,-0.040629,-0.081821,0.000000,-0.036822,-0.058655,0.000000,-0.021916,-0.045848,0.017000,0.001900,-0.076400,0.017074,-0.040646,-0.077226,0.015121,-0.037235,-0.055491,0.014300,-0.022047,-0.046359,0.033100,-0.003774,-0.068300,0.032129,-0.036429,-0.065770,0.029591,-0.035078,-0.049309,0.029083,-0.022039,-0.044568
fist,1,left,1782948341.854628,0.000000,0.000000,0.000000,0.025477,-0.012045,-0.022235,0.038044,-0.027336,-0.040936,0.026484,-0.048189,-0.062068,0.003506,-0.049219,-0.059700,0.020170,0.003226,-0.081594,0.021315,-0.031446,-0.094219,0.019492,-0.039259,-0.074126,0.017919,-0.032462,-0.056788,0.000000,0.003975,-0.081300,0.000000,-0.040510,-0.084603,0.000000,-0.038157,-0.061245,0.000000,-0.024079,-0.047533,-0.017000,0.001900,-0.076400,-0.017467,-0.040372,-0.081262,-0.015361,-0.039059,-0.059314,-0.014352,-0.024815,-0.048787,-0.033100,-0.003774,-0.068300,-0.032129,-0.036429,-0.065770,-0.029596,-0.035078,-0.049308,-0.029091,-0.022040,-0.044567
fist,1,right,1782948341.9212656,0.000000,0.000000,0.000000,-0.025477,-0.012045,-0.022235,-0.037847,-0.027336,-0.041067,-0.026065,-0.048189,-0.062076,-0.003113,-0.049219,-0.059467,-0.020170,0.003226,-0.081594,-0.020360,-0.033628,-0.083751,-0.018459,-0.034897,-0.062237,-0.017192,-0.022975,-0.047900,0.000000,0.003975,-0.081300,0.000000,-0.040629,-0.081821,0.000000,-0.036822,-0.058655,0.000000,-0.021916,-0.045848,0.017000,0.001900,-0.076400,0.017074,-0.040646,-0.077226,0.015121,-0.037235,-0.055491,0.014300,-0.022047,-0.046359,0.033100,-0.003774,-0.068300,0.032129,-0.036429,-0.065770,0.029591,-0.035078,-0.049309,0.029083,-0.022039,-0.044568
fist,1,left,1782948342.0740154,0.000000,0.000000,0.000000,0.025477,-0.012045,-0.022235,0.038044,-0.027336,-0.040936,0.026484,-0.048189,-0.062068,0.003506,-0.049219,-0.059700,0.020170,0.003226,-0.081594,0.021315,-0.031446,-0.094219,0.019492,-0.039259,-0.074126,0.017919,-0.032462,-0.056788,0.000000,0.003975,-0.081300,0.000000,-0.040354,-0.086273,0.000000,-0.038881,-0.062843,0.000000,-0.025329,-0.048612,-0.017000,0.001900,-0.076400,-0.017471,-0.040368,-0.081304,-0.015364,-0.039076,-0.059355,-0.014352,-0.024843,-0.048814,-0.033100,-0.003774,-0.068300,-0.032129,-0.036429,-0.065770,-0.029596,-0.035078,-0.049308,-0.029091,-0.022040,-0.044567
fist,1,right,1782948342.1290638,0.000000,0.000000,0.000000,-0.025477,-0.012045,-0.022235,-0.037847,-0.027336,-0.041067,-0.026065,-0.048189,-0.062076,-0.003113,-0.049219,-0.059467,-0.020170,0.003226,-0.081594,-0.020360,-0.033628,-0.083751,-0.018459,-0.034897,-0.062237,-0.017192,-0.022975,-0.047900,0.000000,0.003975,-0.081300,0.000000,-0.040629,-0.081821,0.000000,-0.036822,-0.058655,0.000000,-0.021916,-0.045848,0.017000,0.001900,-0.076400,0.017074,-0.040646,-0.077226,0.015121,-0.037235,-0.055491,0.014300,-0.022047,-0.046359,0.033100,-0.003774,-0.068300,0.032129,-0.036429,-0.065770,0.029591,-0.035078,-0.049309,0.029083,-0.022039,-0.044568
fist,1,left,1782948342.2800832,0.000000,0.000000,0.000000,0.025477,-0.012045,-0.022235,0.038044,-0.027336,-0.040936,0.026484,-0.048189,-0.062068,0.003506,-0.049219,-0.059700,0.020170,0.003226,-0.081594,0.021315,-0.031446,-0.094219,0.019492,-0.039259,-0.074126,0.017919,-0.032462,-0.056788,0.000000,0.003975,-0.081300,0.000000,-0.040332,-0.086464,0.000000,-0.038960,-0.063029,0.000000,-0.025469,-0.048739,-0.017000,0.001900,-0.076400,-0.017530,-0.040298,-0.081867,-0.015400,-0.039302,-0.059905,-0.014360,-0.025212,-0.049176,-0.033100,-0.003774,-0.068300,-0.032129,-0.036429,-0.065770,-0.029596,-0.035078,-0.049308,-0.029091,-0.022040,-0.044567
fist,1,right,1782948342.3588905,0.000000,0.000000,0.000000,-0.025477,-0.012045,-0.022235,-0.037847,-0.027336,-0.041067,-0.026065,-0.048189,-0.062076,-0.003113,-0.049219,-0.059467,-0.020170,0.003226,-0.081594,-0.020360,-0.033628,-0.083751,-0.018459,-0.034897,-0.062237,-0.017192,-0.022975,-0.047900,0.000000,0.003975,-0.081300,0.000000,-0.040629,-0.081821,0.000000,-0.036822,-0.058655,0.000000,-0.021916,-0.045848,0.017000,0.001900,-0.076400,0.017074,-0.040646,-0.077226,0.015121,-0.037235,-0.055491,0.014300,-0.022047,-0.046359,0.033100,-0.003774,-0.068300,0.032129,-0.036429,-0.065770,0.029591,-0.035078,-0.049309,0.029083,-0.022039,-0.044568
fist,1,left,1782948342.4899735,0.000000,0.000000,0.000000,0.025477,-0.012045,-0.022235,0.038044,-0.027336,-0.040936,0.026484,-0.048189,-0.062068,0.003506,-0.049219,-0.059700,0.020170,0.003226,-0.081594,0.021251,-0.031687,-0.093542,0.019416,-0.039026,-0.073272,0.017863,-0.031792,-0.056110,0.000000,0.003975,-0.081300,0.000000,-0.040258,-0.087065,0.000000,-0.039204,-0.063613,0.000000,-0.025908,-0.049141,-0.017000,0.001900,-0.076400,-0.017530,-0.040298,-0.081867,-0.015400,-0.039302,-0.059905,-0.014360,-0.025212,-0.049176,-0.033100,-0.003774,-0.068300,-0.032129,-0.036429,-0.065770,-0.029596,-0.035078,-0.049308,-0.029091,-0.022040,-0.044567
fist,1,right,1782948342.5667696,0.000000,0.000000,0.000000,-0.025477,-0.012045,-0.022235,-0.037847,-0.027336,-0.041067,-0.026065,-0.048189,-0.062076,-0.003113,-0.049219,-0.059467,-0.020170,0.003226,-0.081594,-0.020388,-0.033608,-0.084060,-0.018485,-0.035059,-0.062558,-0.017207,-0.023258,-0.048121,0.000000,0.003975,-0.081300,0.000000,-0.040629,-0.081821,0.000000,-0.036822,-0.058655,0.000000,-0.021916,-0.045848,0.017000,0.001900,-0.076400,0.017074,-0.040646,-0.077226,0.015121,-0.037235,-0.055491,0.014300,-0.022047,-0.046359,0.033100,-0.003774,-0.068300,0.032129,-0.036429,-0.065770,0.029591,-0.035078,-0.049309,0.029083,-0.022039,-0.044568
fist,1,left,1782948342.7088711,0.000000,0.000000,0.000000,0.025477,-0.012045,-0.022235,0.038044,-0.027336,-0.040936,0.026484,-0.048189,-0.062068,0.003506,-0.049219,-0.059700,0.020170,0.003226,-0.081594,0.021122,-0.032134,-0.092160,0.019266,-0.038525,-0.071573,0.017752,-0.030452,-0.054785,0.000000,0.003975,-0.081300,0.000000,-0.040258,-0.087065,0.000000,-0.039204,-0.063613,0.000000,-0.025908,-0.049141,-0.017000,0.001900,-0.076400,-0.017660,-0.040123,-0.083065,-0.015483,-0.039759,-0.061087,-0.014381,-0.025983,-0.049964,-0.033100,-0.003774,-0.068300,-0.032129,-0.036429,-0.065770,-0.029596,-0.035078,-0.049308,-0.029091,-0.022040,-0.044567
fist,1,right,1782948342.7771769,0.000000,0.000000,0.000000,-0.025477,-0.012045,-0.022235,-0.037847,-0.027336,-0.041067,-0.026065,-0.048189,-0.062076,-0.003113,-0.049219,-0.059467,-0.020170,0.003226,-0.081594,-0.020448,-0.033557,-0.084726,-0.018542,-0.035400,-0.063253,-0.017241,-0.023864,-0.048606,0.000000,0.003975,-0.081300,0.000000,-0.040629,-0.081821,0.000000,-0.036822,-0.058655,0.000000,-0.021916,-0.045848,0.017000,0.001900,-0.076400,0.017074,-0.040646,-0.077226,0.015121,-0.037235,-0.055491,0.014300,-0.022047,-0.046359,0.033100,-0.003774,-0.068300,0.032129,-0.036429,-0.065770,0.029591,-0.035078,-0.049309,0.029083,-0.022039,-0.044568
fist,1,left,1782948342.9289382,0.000000,0.000000,0.000000,0.025477,-0.012045,-0.022235,0.038088,-0.027280,-0.040952,0.026711,-0.048128,-0.062187,0.003724,-0.049321,-0.059989,0.020170,0.003226,-0.081594,0.021206,-0.031851,-0.093058,0.019363,-0.038864,-0.072674,0.017823,-0.031342,-0.055635,0.000000,0.003975,-0.081300,0.000000,-0.040365,-0.086177,0.000000,-0.038841,-0.062751,0.000000,-0.025258,-0.048549,-0.017000,0.001900,-0.076400,-0.017660,-0.040123,-0.083065,-0.015483,-0.039759,-0.061087,-0.014381,-0.025983,-0.049964,-0.033100,-0.003774,-0.068300,-0.032129,-0.036429,-0.065770,-0.029596,-0.035078,-0.049308,-0.029091,-0.022040,-0.044567
fist,1,right,1782948342.9847298,0.000000,0.000000,0.000000,-0.025477,-0.012045,-0.022235,-0.037847,-0.027336,-0.041067,-0.026065,-0.048189,-0.062076,-0.003113,-0.049219,-0.059467,-0.020170,0.003226,-0.081594,-0.020477,-0.033528,-0.085052,-0.018570,-0.035562,-0.063597,-0.017258,-0.024158,-0.048848,0.000000,0.003975,-0.081300,0.000000,-0.040629,-0.081821,0.000000,-0.036822,-0.058655,0.000000,-0.021916,-0.045848,0.017000,0.001900,-0.076400,0.017074,-0.040646,-0.077226,0.015121,-0.037235,-0.055491,0.014300,-0.022047,-0.046359,0.033100,-0.003774,-0.068300,0.032129,-0.036429,-0.065770,0.029591,-0.035078,-0.049309,0.029083,-0.022039,-0.044568
fist,1,left,1782948343.130246,0.000000,0.000000,0.000000,0.025477,-0.012045,-0.022235,0.040072,-0.023323,-0.042266,0.039511,-0.041646,-0.068324,0.020702,-0.051533,-0.077442,0.020170,0.003226,-0.081594,0.020812,-0.032977,-0.088792,0.018925,-0.037216,-0.067660,0.017511,-0.027396,-0.051821,0.000000,0.003975,-0.081300,0.000000,-0.040126,-0.088002,0.000000,-0.039569,-0.064533,0.000000,-0.026584,-0.049782,-0.017000,0.001900,-0.076400,-0.017660,-0.040123,-0.083065,-0.015483,-0.039759,-0.061087,-0.014381,-0.025983,-0.049964,-0.033100,-0.003774,-0.068300,-0.032420,-0.036486,-0.066529,-0.029836,-0.035540,-0.050047,-0.029201,-0.022620,-0.045007
fist,1,right,1782948343.205729,0.000000,0.000000,0.000000,-0.025477,-0.012045,-0.022235,-0.037847,-0.027336,-0.041067,-0.026065,-0.048189,-0.062076,-0.003113,-0.049219,-0.059467,-0.020170,0.003226,-0.081594,-0.020573,-0.033413,-0.086104,-0.018662,-0.036066,-0.064717,-0.017316,-0.025093,-0.049648,0.000000,0.003975,-0.081300,0.000000,-0.040629,-0.081821,0.000000,-0.036822,-0.058655,0.000000,-0.021916,-0.045848,0.017000,0.001900,-0.076400,0.017074,-0.040646,-0.077226,0.015121,-0.037235,-0.055491,0.014300,-0.022047,-0.046359,0.033100,-0.003774,-0.068300,0.032129,-0.036429,-0.065770,0.029591,-0.035078,-0.049309,0.029083,-0.022039,-0.044568
fist,1,left,1782948343.3438008,0.000000,0.000000,0.000000,0.025477,-0.012045,-0.022235,0.040173,-0.023000,-0.042372,0.040365,-0.040972,-0.068678,0.022221,-0.051282,-0.078635,0.020170,0.003226,-0.081594,0.021510,-0.030617,-0.096282,0.019734,-0.039914,-0.076827,0.018107,-0.034551,-0.058997,0.000000,0.003975,-0.081300,0.000000,-0.039771,-0.090026,0.000000,-0.040298,-0.066556,0.000000,-0.028007,-0.051222,-0.017000,0.001900,-0.076400,-0.017819,-0.039875,-0.084460,-0.015587,-0.040253,-0.062488,-0.014412,-0.026860,-0.050914,-0.033100,-0.003774,-0.068300,-0.032479,-0.036496,-0.066681,-0.029885,-0.035630,-0.050196,-0.029224,-0.022735,-0.045096
fist,1,right,1782948343.419001,0.000000,0.000000,0.000000,-0.025477,-0.012045,-0.022235,-0.037847,-0.027336,-0.041067,-0.026065,-0.048189,-0.062076,-0.003113,-0.049219,-0.059467,-0.020170,0.003226,-0.081594,-0.020617,-0.033349,-0.086593,-0.018706,-0.036290,-0.065244,-0.017344,-0.025520,-0.050030,0.000000,0.003975,-0.081300,0.000000,-0.040629,-0.081821,0.000000,-0.036822,-0.058655,0.000000,-0.021916,-0.045848,0.017000,0.001900,-0.076400,0.017074,-0.040646,-0.077226,0.015121,-0.037235,-0.055491,0.014300,-0.022047,-0.046359,0.033100,-0.003774,-0.068300,0.032129,-0.036429,-0.065770,0.029591,-0.035078,-0.049309,0.029083,-0.022039,-0.044568
fist,1,left,1782948343.5611074,0.000000,0.000000,0.000000,0.025477,-0.012045,-0.022235,0.039201,-0.025481,-0.041538,0.033163,-0.045648,-0.065451,0.011023,-0.051543,-0.068572,0.020170,0.003226,-0.081594,0.021131,-0.032108,-0.092247,0.019278,-0.038608,-0.071695,0.017759,-0.030646,-0.054854,0.000000,0.003975,-0.081300,0.000000,-0.039771,-0.090026,0.000000,-0.040298,-0.066556,0.000000,-0.028007,-0.051222,-0.017000,0.001900,-0.076400,-0.017967,-0.039611,-0.085713,-0.015689,-0.040689,-0.063769,-0.014444,-0.027678,-0.051774,-0.033100,-0.003774,-0.068300,-0.032479,-0.036496,-0.066681,-0.029885,-0.035630,-0.050196,-0.029224,-0.022735,-0.045096
fist,1,right,1782948343.6388261,0.000000,0.000000,0.000000,-0.025477,-0.012045,-0.022235,-0.037847,-0.027336,-0.041067,-0.026065,-0.048189,-0.062076,-0.003113,-0.049219,-0.059467,-0.020170,0.003226,-0.081594,-0.020617,-0.033349,-0.086593,-0.018706,-0.036290,-0.065244,-0.017344,-0.025520,-0.050030,0.000000,0.003975,-0.081300,0.000000,-0.040629,-0.081821,0.000000,-0.036822,-0.058655,0.000000,-0.021916,-0.045848,0.017000,0.001900,-0.076400,0.017074,-0.040646,-0.077226,0.015121,-0.037235,-0.055491,0.014300,-0.022047,-0.046359,0.033100,-0.003774,-0.068300,0.032129,-0.036429,-0.065770,0.029591,-0.035078,-0.049309,0.029083,-0.022039,-0.044568
fist,2,right,1782948349.7297153,0.000000,0.000000,0.000000,-0.025477,-0.012045,-0.022235,-0.037847,-0.027336,-0.041067,-0.026065,-0.048189,-0.062076,-0.003113,-0.049219,-0.059467,-0.020170,0.003226,-0.081594,-0.020847,-0.032918,-0.089080,-0.018938,-0.037329,-0.067986,-0.017498,-0.027639,-0.052069,0.000000,0.003975,-0.081300,0.000000,-0.040629,-0.081821,0.000000,-0.036822,-0.058655,0.000000,-0.021916,-0.045848,0.017000,0.001900,-0.076400,0.017074,-0.040646,-0.077226,0.015121,-0.037235,-0.055491,0.014300,-0.022047,-0.046359,0.033100,-0.003774,-0.068300,0.032129,-0.036429,-0.065770,0.029591,-0.035078,-0.049309,0.029083,-0.022039,-0.044568
fist,2,left,1782948349.7300758,0.000000,0.000000,0.000000,0.025477,-0.012045,-0.022235,0.039326,-0.025246,-0.041611,0.033949,-0.045259,-0.065810,0.012065,-0.051680,-0.069620,0.020170,0.003226,-0.081594,0.020760,-0.033088,-0.088212,0.018870,-0.036982,-0.067014,0.017472,-0.026904,-0.051336,0.000000,0.003975,-0.081300,0.000000,-0.039771,-0.090026,0.000000,-0.040298,-0.066556,0.000000,-0.028007,-0.051222,-0.017000,0.001900,-0.076400,-0.018383,-0.038724,-0.088995,-0.015996,-0.041832,-0.067257,-0.014550,-0.030038,-0.054084,-0.033100,-0.003774,-0.068300,-0.032479,-0.036496,-0.066681,-0.029885,-0.035630,-0.050196,-0.029224,-0.022735,-0.045096
fist,2,left,1782948349.940479,0.000000,0.000000,0.000000,0.025477,-0.012045,-0.022235,0.039399,-0.025089,-0.041665,0.034442,-0.044991,-0.066044,0.012745,-0.051755,-0.070305,0.020170,0.003226,-0.081594,0.020760,-0.033088,-0.088212,0.018870,-0.036982,-0.067014,0.017472,-0.026904,-0.051336,0.000000,0.003975,-0.081300,0.000000,-0.039698,-0.090383,0.000000,-0.040423,-0.066918,0.000000,-0.028262,-0.051480,-0.017000,0.001900,-0.076400,-0.018383,-0.038724,-0.088995,-0.015996,-0.041832,-0.067257,-0.014550,-0.030038,-0.054084,-0.033100,-0.003774,-0.068300,-0.032479,-0.036496,-0.066681,-0.029885,-0.035630,-0.050196,-0.029224,-0.022735,-0.045096
fist,2,right,1782948349.9406898,0.000000,0.000000,0.000000,-0.025477,-0.012045,-0.022235,-0.037847,-0.027336,-0.041067,-0.026065,-0.048189,-0.062076,-0.003113,-0.049219,-0.059467,-0.020170,0.003226,-0.081594,-0.020847,-0.032918,-0.089080,-0.018938,-0.037329,-0.067986,-0.017498,-0.027639,-0.052069,0.000000,0.003975,-0.081300,0.000000,-0.040629,-0.081821,0.000000,-0.036822,-0.058655,0.000000,-0.021916,-0.045848,0.017000,0.001900,-0.076400,0.017074,-0.040646,-0.077226,0.015121,-0.037235,-0.055491,0.014300,-0.022047,-0.046359,0.033100,-0.003774,-0.068300,0.032129,-0.036429,-0.065770,0.029591,-0.035078,-0.049309,0.029083,-0.022039,-0.044568
fist,2,left,1782948350.1410422,0.000000,0.000000,0.000000,0.025477,-0.012045,-0.022235,0.039423,-0.025035,-0.041683,0.034607,-0.044899,-0.066122,0.012976,-0.051777,-0.070535,0.020170,0.003226,-0.081594,0.020839,-0.032918,-0.089081,0.018953,-0.037329,-0.067984,0.017531,-0.027639,-0.052066,0.000000,0.003975,-0.081300,0.000000,-0.039698,-0.090383,0.000000,-0.040423,-0.066918,0.000000,-0.028262,-0.051480,-0.017000,0.001900,-0.076400,-0.018434,-0.038602,-0.089375,-0.016036,-0.041963,-0.067676,-0.014565,-0.030331,-0.054362,-0.033100,-0.003774,-0.068300,-0.032479,-0.036496,-0.066681,-0.029885,-0.035630,-0.050196,-0.029224,-0.022735,-0.045096
fist,2,right,1782948350.1413374,0.000000,0.000000,0.000000,-0.025477,-0.012045,-0.022235,-0.037847,-0.027336,-0.041067,-0.026065,-0.048189,-0.062076,-0.003113,-0.049219,-0.059467,-0.020170,0.003226,-0.081594,-0.020847,-0.032918,-0.089080,-0.018938,-0.037329,-0.067986,-0.017498,-0.027639,-0.052069,0.000000,0.003975,-0.081300,0.000000,-0.040629,-0.081821,0.000000,-0.036822,-0.058655,0.000000,-0.021916,-0.045848,0.017000,0.001900,-0.076400,0.017074,-0.040646,-0.077226,0.015121,-0.037235,-0.055491,0.014300,-0.022047,-0.046359,0.033100,-0.003774,-0.068300,0.032129,-0.036429,-0.065770,0.029591,-0.035078,-0.049309,0.029083,-0.022039,-0.044568
fist,2,left,1782948350.3500974,0.000000,0.000000,0.000000,0.025477,-0.012045,-0.022235,0.039471,-0.024929,-0.041720,0.034936,-0.044714,-0.066276,0.013442,-0.051815,-0.070994,0.020170,0.003226,-0.081594,0.020839,-0.032918,-0.089081,0.018953,-0.037329,-0.067984,0.017531,-0.027639,-0.052066,0.000000,0.003975,-0.081300,0.000000,-0.039698,-0.090383,0.000000,-0.040423,-0.066918,0.000000,-0.028262,-0.051480,-0.017000,0.001900,-0.076400,-0.018434,-0.038602,-0.089375,-0.016036,-0.041963,-0.067676,-0.014565,-0.030331,-0.054362,-0.033100,-0.003774,-0.068300,-0.032479,-0.036496,-0.066681,-0.029885,-0.035630,-0.050196,-0.029224,-0.022735,-0.045096
fist,2,right,1782948350.351685,0.000000,0.000000,0.000000,-0.025477,-0.012045,-0.022235,-0.037847,-0.027336,-0.041067,-0.026065,-0.048189,-0.062076,-0.003113,-0.049219,-0.059467,-0.020170,0.003226,-0.081594,-0.020847,-0.032918,-0.089080,-0.018938,-0.037329,-0.067986,-0.017498,-0.027639,-0.052069,0.000000,0.003975,-0.081300,0.000000,-0.040629,-0.081821,0.000000,-0.036822,-0.058655,0.000000,-0.021916,-0.045848,0.017000,0.001900,-0.076400,0.017074,-0.040646,-0.077226,0.015121,-0.037235,-0.055491,0.014300,-0.022047,-0.046359,0.033100,-0.003774,-0.068300,0.032129,-0.036429,-0.065770,0.029591,-0.035078,-0.049309,0.029083,-0.022039,-0.044568
fist,2,left,1782948350.5588565,0.000000,0.000000,0.000000,0.025477,-0.012045,-0.022235,0.039471,-0.024929,-0.041720,0.034936,-0.044714,-0.066276,0.013442,-0.051815,-0.070994,0.020170,0.003226,-0.081594,0.020839,-0.032918,-0.089081,0.018953,-0.037329,-0.067984,0.017531,-0.027639,-0.052066,0.000000,0.003975,-0.081300,0.000000,-0.039698,-0.090383,0.000000,-0.040423,-0.066918,0.000000,-0.028262,-0.051480,-0.017000,0.001900,-0.076400,-0.018434,-0.038602,-0.089375,-0.016036,-0.041963,-0.067676,-0.014565,-0.030331,-0.054362,-0.033100,-0.003774,-0.068300,-0.032743,-0.036526,-0.067369,-0.030106,-0.036029,-0.050876,-0.029328,-0.023249,-0.045509
fist,2,right,1782948350.5593498,0.000000,0.000000,0.000000,-0.025477,-0.012045,-0.022235,-0.037847,-0.027336,-0.041067,-0.026065,-0.048189,-0.062076,-0.003113,-0.049219,-0.059467,-0.020170,0.003226,-0.081594,-0.020847,-0.032918,-0.089080,-0.018938,-0.037329,-0.067986,-0.017498,-0.027639,-0.052069,0.000000,0.003975,-0.081300,0.000000,-0.040629,-0.081821,0.000000,-0.036822,-0.058655,0.000000,-0.021916,-0.045848,0.017000,0.001900,-0.076400,0.017074,-0.040646,-0.077226,0.015121,-0.037235,-0.055491,0.014300,-0.022047,-0.046359,0.033100,-0.003774,-0.068300,0.032129,-0.036429,-0.065770,0.029591,-0.035078,-0.049309,0.029083,-0.022039,-0.044568
fist,2,left,1782948350.7608523,0.000000,0.000000,0.000000,0.025477,-0.012045,-0.022235,0.039471,-0.024929,-0.041720,0.034936,-0.044714,-0.066276,0.013442,-0.051815,-0.070994,0.020170,0.003226,-0.081594,0.020839,-0.032918,-0.089081,0.018953,-0.037329,-0.067984,0.017531,-0.027639,-0.052066,0.000000,0.003975,-0.081300,0.000000,-0.039698,-0.090383,0.000000,-0.040423,-0.066918,0.000000,-0.028262,-0.051480,-0.017000,0.001900,-0.076400,-0.018434,-0.038602,-0.089375,-0.016036,-0.041963,-0.067676,-0.014565,-0.030331,-0.054362,-0.033100,-0.003774,-0.068300,-0.032796,-0.036530,-0.067507,-0.030151,-0.036107,-0.051013,-0.029350,-0.023351,-0.045592
fist,2,right,1782948350.7749946,0.000000,0.000000,0.000000,-0.025477,-0.012045,-0.022235,-0.037847,-0.027336,-0.041067,-0.026065,-0.048189,-0.062076,-0.003113,-0.049219,-0.059467,-0.020170,0.003226,-0.081594,-0.020847,-0.032918,-0.089080,-0.018938,-0.037329,-0.067986,-0.017498,-0.027639,-0.052069,0.000000,0.003975,-0.081300,0.000000,-0.040629,-0.081821,0.000000,-0.036822,-0.058655,0.000000,-0.021916,-0.045848,0.017000,0.001900,-0.076400,0.017074,-0.040646,-0.077226,0.015121,-0.037235,-0.055491,0.014300,-0.022047,-0.046359,0.033100,-0.003774,-0.068300,0.032129,-0.036429,-0.065770,0.029591,-0.035078,-0.049309,0.029083,-0.022039,-0.044568
fist,2,left,1782948350.982147,0.000000,0.000000,0.000000,0.025477,-0.012045,-0.022235,0.039471,-0.024929,-0.041720,0.034936,-0.044714,-0.066276,0.013442,-0.051815,-0.070994,0.020170,0.003226,-0.081594,0.020839,-0.032918,-0.089081,0.018953,-0.037329,-0.067984,0.017531,-0.027639,-0.052066,0.000000,0.003975,-0.081300,0.000000,-0.039698,-0.090383,0.000000,-0.040423,-0.066918,0.000000,-0.028262,-0.051480,-0.017000,0.001900,-0.076400,-0.018434,-0.038602,-0.089375,-0.016036,-0.041963,-0.067676,-0.014565,-0.030331,-0.054362,-0.033100,-0.003774,-0.068300,-0.032796,-0.036530,-0.067507,-0.030151,-0.036107,-0.051013,-0.029350,-0.023351,-0.045592
fist,2,right,1782948350.9824681,0.000000,0.000000,0.000000,-0.025477,-0.012045,-0.022235,-0.037847,-0.027336,-0.041067,-0.026065,-0.048189,-0.062076,-0.003113,-0.049219,-0.059467,-0.020170,0.003226,-0.081594,-0.020847,-0.032918,-0.089080,-0.018938,-0.037329,-0.067986,-0.017498,-0.027639,-0.052069,0.000000,0.003975,-0.081300,0.000000,-0.040629,-0.081821,0.000000,-0.036822,-0.058655,0.000000,-0.021916,-0.045848,0.017000,0.001900,-0.076400,0.017074,-0.040646,-0.077226,0.015121,-0.037235,-0.055491,0.014300,-0.022047,-0.046359,0.033100,-0.003774,-0.068300,0.032129,-0.036429,-0.065770,0.029591,-0.035078,-0.049309,0.029083,-0.022039,-0.044568
fist,2,right,1782948351.1880946,0.000000,0.000000,0.000000,-0.025477,-0.012045,-0.022235,-0.037847,-0.027336,-0.041067,-0.026065,-0.048189,-0.062076,-0.003113,-0.049219,-0.059467,-0.020170,0.003226,-0.081594,-0.020847,-0.032918,-0.089080,-0.018938,-0.037329,-0.067986,-0.017498,-0.027639,-0.052069,0.000000,0.003975,-0.081300,0.000000,-0.040629,-0.081821,0.000000,-0.036822,-0.058655,0.000000,-0.021916,-0.045848,0.017000,0.001900,-0.076400,0.017074,-0.040646,-0.077226,0.015121,-0.037235,-0.055491,0.014300,-0.022047,-0.046359,0.033100,-0.003774,-0.068300,0.032129,-0.036429,-0.065770,0.029591,-0.035078,-0.049309,0.029083,-0.022039,-0.044568
fist,2,left,1782948351.200591,0.000000,0.000000,0.000000,0.025477,-0.012045,-0.022235,0.039471,-0.024929,-0.041720,0.034936,-0.044714,-0.066276,0.013442,-0.051815,-0.070994,0.020170,0.003226,-0.081594,0.020839,-0.032918,-0.089081,0.018953,-0.037329,-0.067984,0.017531,-0.027639,-0.052066,0.000000,0.003975,-0.081300,0.000000,-0.039698,-0.090383,0.000000,-0.040423,-0.066918,0.000000,-0.028262,-0.051480,-0.017000,0.001900,-0.076400,-0.018434,-0.038602,-0.089375,-0.016036,-0.041963,-0.067676,-0.014565,-0.030331,-0.054362,-0.033100,-0.003774,-0.068300,-0.032796,-0.036530,-0.067507,-0.030151,-0.036107,-0.051013,-0.029350,-0.023351,-0.045592
fist,2,right,1782948351.39562,0.000000,0.000000,0.000000,-0.025477,-0.012045,-0.022235,-0.037847,-0.027336,-0.041067,-0.026065,-0.048189,-0.062076,-0.003113,-0.049219,-0.059467,-0.020170,0.003226,-0.081594,-0.020847,-0.032918,-0.089080,-0.018938,-0.037329,-0.067986,-0.017498,-0.027639,-0.052069,0.000000,0.003975,-0.081300,0.000000,-0.040629,-0.081821,0.000000,-0.036822,-0.058655,0.000000,-0.021916,-0.045848,0.017000,0.001900,-0.076400,0.017074,-0.040646,-0.077226,0.015121,-0.037235,-0.055491,0.014300,-0.022047,-0.046359,0.033100,-0.003774,-0.068300,0.032129,-0.036429,-0.065770,0.029591,-0.035078,-0.049309,0.029083,-0.022039,-0.044568
fist,2,left,1782948351.4072788,0.000000,0.000000,0.000000,0.025477,-0.012045,-0.022235,0.039471,-0.024929,-0.041720,0.034936,-0.044714,-0.066276,0.013442,-0.051815,-0.070994,0.020170,0.003226,-0.081594,0.020839,-0.032918,-0.089081,0.018953,-0.037329,-0.067984,0.017531,-0.027639,-0.052066,0.000000,0.003975,-0.081300,0.000000,-0.039698,-0.090383,0.000000,-0.040423,-0.066918,0.000000,-0.028262,-0.051480,-0.017000,0.001900,-0.076400,-0.018434,-0.038602,-0.089375,-0.016036,-0.041963,-0.067676,-0.014565,-0.030331,-0.054362,-0.033100,-0.003774,-0.068300,-0.032796,-0.036530,-0.067507,-0.030151,-0.036107,-0.051013,-0.029350,-0.023351,-0.045592
fist,2,right,1782948351.6040533,0.000000,0.000000,0.000000,-0.025477,-0.012045,-0.022235,-0.037847,-0.027336,-0.041067,-0.026065,-0.048189,-0.062076,-0.003113,-0.049219,-0.059467,-0.020170,0.003226,-0.081594,-0.020847,-0.032918,-0.089080,-0.018938,-0.037329,-0.067986,-0.017498,-0.027639,-0.052069,0.000000,0.003975,-0.081300,0.000000,-0.040629,-0.081821,0.000000,-0.036822,-0.058655,0.000000,-0.021916,-0.045848,0.017000,0.001900,-0.076400,0.017074,-0.040646,-0.077226,0.015121,-0.037235,-0.055491,0.014300,-0.022047,-0.046359,0.033100,-0.003774,-0.068300,0.032129,-0.036429,-0.065770,0.029591,-0.035078,-0.049309,0.029083,-0.022039,-0.044568
fist,2,left,1782948351.6264665,0.000000,0.000000,0.000000,0.025477,-0.012045,-0.022235,0.039541,-0.024766,-0.041776,0.035429,-0.044427,-0.066506,0.014155,-0.051859,-0.071684,0.020170,0.003226,-0.081594,0.020839,-0.032918,-0.089081,0.018953,-0.037329,-0.067984,0.017531,-0.027639,-0.052066,0.000000,0.003975,-0.081300,0.000000,-0.039698,-0.090383,0.000000,-0.040423,-0.066918,0.000000,-0.028262,-0.051480,-0.017000,0.001900,-0.076400,-0.018434,-0.038602,-0.089375,-0.016036,-0.041963,-0.067676,-0.014565,-0.030331,-0.054362,-0.033100,-0.003774,-0.068300,-0.032796,-0.036530,-0.067507,-0.030151,-0.036107,-0.051013,-0.029350,-0.023351,-0.045592
fist,2,right,1782948351.8352926,0.000000,0.000000,0.000000,-0.025477,-0.012045,-0.022235,-0.037847,-0.027336,-0.041067,-0.026065,-0.048189,-0.062076,-0.003113,-0.049219,-0.059467,-0.020170,0.003226,-0.081594,-0.020847,-0.032918,-0.089080,-0.018938,-0.037329,-0.067986,-0.017498,-0.027639,-0.052069,0.000000,0.003975,-0.081300,0.000000,-0.040629,-0.081821,0.000000,-0.036822,-0.058655,0.000000,-0.021916,-0.045848,0.017000,0.001900,-0.076400,0.017074,-0.040646,-0.077226,0.015121,-0.037235,-0.055491,0.014300,-0.022047,-0.046359,0.033100,-0.003774,-0.068300,0.032129,-0.036429,-0.065770,0.029591,-0.035078,-0.049309,0.029083,-0.022039,-0.044568
fist,2,left,1782948351.8476336,0.000000,0.000000,0.000000,0.025477,-0.012045,-0.022235,0.039541,-0.024766,-0.041776,0.035429,-0.044427,-0.066506,0.014155,-0.051859,-0.071684,0.020170,0.003226,-0.081594,0.020839,-0.032918,-0.089081,0.018953,-0.037329,-0.067984,0.017531,-0.027639,-0.052066,0.000000,0.003975,-0.081300,0.000000,-0.039647,-0.090625,0.000000,-0.040510,-0.067165,0.000000,-0.028441,-0.051656,-0.017000,0.001900,-0.076400,-0.018434,-0.038602,-0.089375,-0.016036,-0.041963,-0.067676,-0.014565,-0.030331,-0.054362,-0.033100,-0.003774,-0.068300,-0.032796,-0.036530,-0.067507,-0.030151,-0.036107,-0.051013,-0.029350,-0.023351,-0.045592
fist,2,right,1782948352.0545259,0.000000,0.000000,0.000000,-0.025477,-0.012045,-0.022235,-0.037847,-0.027336,-0.041067,-0.026065,-0.048189,-0.062076,-0.003113,-0.049219,-0.059467,-0.020170,0.003226,-0.081594,-0.020847,-0.032918,-0.089080,-0.018938,-0.037329,-0.067986,-0.017498,-0.027639,-0.052069,0.000000,0.003975,-0.081300,0.000000,-0.040629,-0.081821,0.000000,-0.036822,-0.058655,0.000000,-0.021916,-0.045848,0.017000,0.001900,-0.076400,0.017074,-0.040646,-0.077226,0.015121,-0.037235,-0.055491,0.014300,-0.022047,-0.046359,0.033100,-0.003774,-0.068300,0.032129,-0.036429,-0.065770,0.029591,-0.035078,-0.049309,0.029083,-0.022039,-0.044568
fist,2,left,1782948352.066609,0.000000,0.000000,0.000000,0.025477,-0.012045,-0.022235,0.039610,-0.024602,-0.041832,0.035923,-0.044129,-0.066734,0.014884,-0.051888,-0.072376,0.020170,0.003226,-0.081594,0.020839,-0.032918,-0.089081,0.018953,-0.037329,-0.067984,0.017531,-0.027639,-0.052066,0.000000,0.003975,-0.081300,0.000000,-0.039540,-0.091110,0.000000,-0.040680,-0.067662,0.000000,-0.028796,-0.052010,-0.017000,0.001900,-0.076400,-0.018503,-0.038432,-0.089888,-0.016092,-0.042138,-0.068247,-0.014587,-0.030733,-0.054741,-0.033100,-0.003774,-0.068300,-0.032796,-0.036530,-0.067507,-0.030151,-0.036107,-0.051013,-0.029350,-0.023351,-0.045592
fist,2,left,1782948352.2730486,0.000000,0.000000,0.000000,0.025477,-0.012045,-0.022235,0.039610,-0.024602,-0.041832,0.035923,-0.044129,-0.066734,0.014884,-0.051888,-0.072376,0.020170,0.003226,-0.081594,0.020839,-0.032918,-0.089081,0.018953,-0.037329,-0.067984,0.017531,-0.027639,-0.052066,0.000000,0.003975,-0.081300,0.000000,-0.039540,-0.091110,0.000000,-0.040680,-0.067662,0.000000,-0.028796,-0.052010,-0.017000,0.001900,-0.076400,-0.018538,-0.038344,-0.090143,-0.016120,-0.042223,-0.068533,-0.014598,-0.030932,-0.054934,-0.033100,-0.003774,-0.068300,-0.032796,-0.036530,-0.067507,-0.030151,-0.036107,-0.051013,-0.029350,-0.023351,-0.045592
fist,2,right,1782948352.2744963,0.000000,0.000000,0.000000,-0.025477,-0.012045,-0.022235,-0.037847,-0.027336,-0.041067,-0.026065,-0.048189,-0.062076,-0.003113,-0.049219,-0.059467,-0.020170,0.003226,-0.081594,-0.020847,-0.032918,-0.089080,-0.018938,-0.037329,-0.067986,-0.017498,-0.027639,-0.052069,0.000000,0.003975,-0.081300,0.000000,-0.040629,-0.081821,0.000000,-0.036822,-0.058655,0.000000,-0.021916,-0.045848,0.017000,0.001900,-0.076400,0.017074,-0.040646,-0.077226,0.015121,-0.037235,-0.055491,0.014300,-0.022047,-0.046359,0.033100,-0.003774,-0.068300,0.032129,-0.036429,-0.065770,0.029591,-0.035078,-0.049309,0.029083,-0.022039,-0.044568
fist,2,left,1782948352.48852,0.000000,0.000000,0.000000,0.025477,-0.012045,-0.022235,0.039610,-0.024602,-0.041832,0.035923,-0.044129,-0.066734,0.014884,-0.051888,-0.072376,0.020170,0.003226,-0.081594,0.020839,-0.032918,-0.089081,0.018953,-0.037329,-0.067984,0.017531,-0.027639,-0.052066,0.000000,0.003975,-0.081300,0.000000,-0.039540,-0.091110,0.000000,-0.040680,-0.067662,0.000000,-0.028796,-0.052010,-0.017000,0.001900,-0.076400,-0.018538,-0.038344,-0.090143,-0.016120,-0.042223,-0.068533,-0.014598,-0.030932,-0.054934,-0.033100,-0.003774,-0.068300,-0.032796,-0.036530,-0.067507,-0.030151,-0.036107,-0.051013,-0.029350,-0.023351,-0.045592
fist,2,right,1782948352.4889228,0.000000,0.000000,0.000000,-0.025477,-0.012045,-0.022235,-0.037847,-0.027336,-0.041067,-0.026065,-0.048189,-0.062076,-0.003113,-0.049219,-0.059467,-0.020170,0.003226,-0.081594,-0.020847,-0.032918,-0.089080,-0.018938,-0.037329,-0.067986,-0.017498,-0.027639,-0.052069,0.000000,0.003975,-0.081300,0.000000,-0.040629,-0.081821,0.000000,-0.036822,-0.058655,0.000000,-0.021916,-0.045848,0.017000,0.001900,-0.076400,0.017074,-0.040646,-0.077226,0.015121,-0.037235,-0.055491,0.014300,-0.022047,-0.046359,0.033100,-0.003774,-0.068300,0.032129,-0.036429,-0.065770,0.029591,-0.035078,-0.049309,0.029083,-0.022039,-0.044568
fist,2,left,1782948352.6944025,0.000000,0.000000,0.000000,0.025477,-0.012045,-0.022235,0.039610,-0.024602,-0.041832,0.035923,-0.044129,-0.066734,0.014884,-0.051888,-0.072376,0.020170,0.003226,-0.081594,0.020839,-0.032918,-0.089081,0.018953,-0.037329,-0.067984,0.017531,-0.027639,-0.052066,0.000000,0.003975,-0.081300,0.000000,-0.039540,-0.091110,0.000000,-0.040680,-0.067662,0.000000,-0.028796,-0.052010,-0.017000,0.001900,-0.076400,-0.018538,-0.038344,-0.090143,-0.016120,-0.042223,-0.068533,-0.014598,-0.030932,-0.054934,-0.033100,-0.003774,-0.068300,-0.032796,-0.036530,-0.067507,-0.030151,-0.036107,-0.051013,-0.029350,-0.023351,-0.045592
fist,2,right,1782948352.6969838,0.000000,0.000000,0.000000,-0.025477,-0.012045,-0.022235,-0.037847,-0.027336,-0.041067,-0.026065,-0.048189,-0.062076,-0.003113,-0.049219,-0.059467,-0.020170,0.003226,-0.081594,-0.020894,-0.032810,-0.089580,-0.018987,-0.037528,-0.068552,-0.017530,-0.028076,-0.052494,0.000000,0.003975,-0.081300,0.000000,-0.040629,-0.081821,0.000000,-0.036822,-0.058655,0.000000,-0.021916,-0.045848,0.017000,0.001900,-0.076400,0.017074,-0.040646,-0.077226,0.015121,-0.037235,-0.055491,0.014300,-0.022047,-0.046359,0.033100,-0.003774,-0.068300,0.032129,-0.036429,-0.065770,0.029591,-0.035078,-0.049309,0.029083,-0.022039,-0.044568
fist,2,left,1782948352.90501,0.000000,0.000000,0.000000,0.025477,-0.012045,-0.022235,0.039610,-0.024602,-0.041832,0.035923,-0.044129,-0.066734,0.014884,-0.051888,-0.072376,0.020170,0.003226,-0.081594,0.020839,-0.032918,-0.089081,0.018953,-0.037329,-0.067984,0.017531,-0.027639,-0.052066,0.000000,0.003975,-0.081300,0.000000,-0.039540,-0.091110,0.000000,-0.040680,-0.067662,0.000000,-0.028796,-0.052010,-0.017000,0.001900,-0.076400,-0.018538,-0.038344,-0.090143,-0.016120,-0.042223,-0.068533,-0.014598,-0.030932,-0.054934,-0.033100,-0.003774,-0.068300,-0.032796,-0.036530,-0.067507,-0.030151,-0.036107,-0.051013,-0.029350,-0.023351,-0.045592
fist,2,right,1782948352.905355,0.000000,0.000000,0.000000,-0.025477,-0.012045,-0.022235,-0.037847,-0.027336,-0.041067,-0.026065,-0.048189,-0.062076,-0.003113,-0.049219,-0.059467,-0.020170,0.003226,-0.081594,-0.020903,-0.032788,-0.089680,-0.018997,-0.037567,-0.068665,-0.017537,-0.028163,-0.052580,0.000000,0.003975,-0.081300,0.000000,-0.040629,-0.081821,0.000000,-0.036822,-0.058655,0.000000,-0.021916,-0.045848,0.017000,0.001900,-0.076400,0.017074,-0.040646,-0.077226,0.015121,-0.037235,-0.055491,0.014300,-0.022047,-0.046359,0.033100,-0.003774,-0.068300,0.032129,-0.036429,-0.065770,0.029591,-0.035078,-0.049309,0.029083,-0.022039,-0.044568
fist,2,left,1782948353.1161044,0.000000,0.000000,0.000000,0.025477,-0.012045,-0.022235,0.039644,-0.024518,-0.041861,0.036169,-0.043977,-0.066847,0.015255,-0.051896,-0.072723,0.020170,0.003226,-0.081594,0.020839,-0.032918,-0.089081,0.018953,-0.037329,-0.067984,0.017531,-0.027639,-0.052066,0.000000,0.003975,-0.081300,0.000000,-0.039540,-0.091110,0.000000,-0.040680,-0.067662,0.000000,-0.028796,-0.052010,-0.017000,0.001900,-0.076400,-0.018538,-0.038344,-0.090143,-0.016120,-0.042223,-0.068533,-0.014598,-0.030932,-0.054934,-0.033100,-0.003774,-0.068300,-0.032796,-0.036530,-0.067507,-0.030151,-0.036107,-0.051013,-0.029350,-0.023351,-0.045592
fist,2,right,1782948353.1282408,0.000000,0.000000,0.000000,-0.025477,-0.012045,-0.022235,-0.037847,-0.027336,-0.041067,-0.026065,-0.048189,-0.062076,-0.003113,-0.049219,-0.059467,-0.020170,0.003226,-0.081594,-0.020903,-0.032788,-0.089680,-0.018997,-0.037567,-0.068665,-0.017537,-0.028163,-0.052580,0.000000,0.003975,-0.081300,0.000000,-0.040629,-0.081821,0.000000,-0.036822,-0.058655,0.000000,-0.021916,-0.045848,0.017000,0.001900,-0.076400,0.017074,-0.040646,-0.077226,0.015121,-0.037235,-0.055491,0.014300,-0.022047,-0.046359,0.033100,-0.003774,-0.068300,0.032129,-0.036429,-0.065770,0.029591,-0.035078,-0.049309,0.029083,-0.022039,-0.044568
fist,2,left,1782948353.324932,0.000000,0.000000,0.000000,0.025477,-0.012045,-0.022235,0.039711,-0.024350,-0.041919,0.036662,-0.043665,-0.067071,0.016008,-0.051898,-0.073416,0.020170,0.003226,-0.081594,0.020839,-0.032918,-0.089081,0.018953,-0.037329,-0.067984,0.017531,-0.027639,-0.052066,0.000000,0.003975,-0.081300,0.000000,-0.039540,-0.091110,0.000000,-0.040680,-0.067662,0.000000,-0.028796,-0.052010,-0.017000,0.001900,-0.076400,-0.018538,-0.038344,-0.090143,-0.016120,-0.042223,-0.068533,-0.014598,-0.030932,-0.054934,-0.033100,-0.003774,-0.068300,-0.032796,-0.036530,-0.067507,-0.030151,-0.036107,-0.051013,-0.029350,-0.023351,-0.045592
fist,2,right,1782948353.3370037,0.000000,0.000000,0.000000,-0.025477,-0.012045,-0.022235,-0.037847,-0.027336,-0.041067,-0.026065,-0.048189,-0.062076,-0.003113,-0.049219,-0.059467,-0.020170,0.003226,-0.081594,-0.020903,-0.032788,-0.089680,-0.018997,-0.037567,-0.068665,-0.017537,-0.028163,-0.052580,0.000000,0.003975,-0.081300,0.000000,-0.040629,-0.081821,0.000000,-0.036822,-0.058655,0.000000,-0.021916,-0.045848,0.017000,0.001900,-0.076400,0.017074,-0.040646,-0.077226,0.015121,-0.037235,-0.055491,0.014300,-0.022047,-0.046359,0.033100,-0.003774,-0.068300,0.032129,-0.036429,-0.065770,0.029591,-0.035078,-0.049309,0.029083,-0.022039,-0.044568
fist,2,left,1782948353.5420713,0.000000,0.000000,0.000000,0.025477,-0.012045,-0.022235,0.039744,-0.024265,-0.041947,0.036909,-0.043506,-0.067182,0.016390,-0.051893,-0.073762,0.020170,0.003226,-0.081594,0.020839,-0.032918,-0.089081,0.018953,-0.037329,-0.067984,0.017531,-0.027639,-0.052066,0.000000,0.003975,-0.081300,0.000000,-0.039540,-0.091110,0.000000,-0.040680,-0.067662,0.000000,-0.028796,-0.052010,-0.017000,0.001900,-0.076400,-0.018538,-0.038344,-0.090143,-0.016120,-0.042223,-0.068533,-0.014598,-0.030932,-0.054934,-0.033100,-0.003774,-0.068300,-0.032796,-0.036530,-0.067507,-0.030151,-0.036107,-0.051013,-0.029350,-0.023351,-0.045592
fist,2,right,1782948353.5424137,0.000000,0.000000,0.000000,-0.025477,-0.012045,-0.022235,-0.037847,-0.027336,-0.041067,-0.026065,-0.048189,-0.062076,-0.003113,-0.049219,-0.059467,-0.020170,0.003226,-0.081594,-0.020903,-0.032788,-0.089680,-0.018997,-0.037567,-0.068665,-0.017537,-0.028163,-0.052580,0.000000,0.003975,-0.081300,0.000000,-0.040629,-0.081821,0.000000,-0.036822,-0.058655,0.000000,-0.021916,-0.045848,0.017000,0.001900,-0.076400,0.017074,-0.040646,-0.077226,0.015121,-0.037235,-0.055491,0.014300,-0.022047,-0.046359,0.033100,-0.003774,-0.068300,0.032129,-0.036429,-0.065770,0.029591,-0.035078,-0.049309,0.029083,-0.022039,-0.044568
fist,2,left,1782948353.7422338,0.000000,0.000000,0.000000,0.025477,-0.012045,-0.022235,0.039744,-0.024265,-0.041947,0.036909,-0.043506,-0.067182,0.016390,-0.051893,-0.073762,0.020170,0.003226,-0.081594,0.020839,-0.032918,-0.089081,0.018953,-0.037329,-0.067984,0.017531,-0.027639,-0.052066,0.000000,0.003975,-0.081300,0.000000,-0.039272,-0.092234,0.000000,-0.041080,-0.068827,0.000000,-0.029653,-0.052840,-0.017000,0.001900,-0.076400,-0.018538,-0.038344,-0.090143,-0.016120,-0.042223,-0.068533,-0.014598,-0.030932,-0.054934,-0.033100,-0.003774,-0.068300,-0.032796,-0.036530,-0.067507,-0.030151,-0.036107,-0.051013,-0.029350,-0.023351,-0.045592
fist,2,right,1782948353.743378,0.000000,0.000000,0.000000,-0.025477,-0.012045,-0.022235,-0.037847,-0.027336,-0.041067,-0.026065,-0.048189,-0.062076,-0.003113,-0.049219,-0.059467,-0.020170,0.003226,-0.081594,-0.020932,-0.032716,-0.089989,-0.019027,-0.037691,-0.069020,-0.017558,-0.028443,-0.052845,0.000000,0.003975,-0.081300,0.000000,-0.040629,-0.081821,0.000000,-0.036822,-0.058655,0.000000,-0.021916,-0.045848,0.017000,0.001900,-0.076400,0.017099,-0.040640,-0.077492,0.015127,-0.037366,-0.055737,0.014291,-0.022236,-0.046511,0.033100,-0.003774,-0.068300,0.032129,-0.036429,-0.065770,0.029591,-0.035078,-0.049309,0.029083,-0.022039,-0.044568
fist,2,left,1782948353.9473464,0.000000,0.000000,0.000000,0.025477,-0.012045,-0.022235,0.039744,-0.024265,-0.041947,0.036909,-0.043506,-0.067182,0.016390,-0.051893,-0.073762,0.020170,0.003226,-0.081594,0.020884,-0.032810,-0.089581,0.019002,-0.037528,-0.068550,0.017565,-0.028076,-0.052491,0.000000,0.003975,-0.081300,0.000000,-0.039272,-0.092234,0.000000,-0.041080,-0.068827,0.000000,-0.029653,-0.052840,-0.017000,0.001900,-0.076400,-0.018538,-0.038344,-0.090143,-0.016120,-0.042223,-0.068533,-0.014598,-0.030932,-0.054934,-0.033100,-0.003774,-0.068300,-0.032796,-0.036530,-0.067507,-0.030151,-0.036107,-0.051013,-0.029350,-0.023351,-0.045592
fist,2,right,1782948353.9498258,0.000000,0.000000,0.000000,-0.025477,-0.012045,-0.022235,-0.037847,-0.027336,-0.041067,-0.026065,-0.048189,-0.062076,-0.003113,-0.049219,-0.059467,-0.020170,0.003226,-0.081594,-0.020991,-0.032565,-0.090605,-0.019089,-0.037931,-0.069733,-0.017600,-0.028996,-0.053385,0.000000,0.003975,-0.081300,0.000000,-0.040629,-0.081821,0.000000,-0.036822,-0.058655,0.000000,-0.021916,-0.045848,0.017000,0.001900,-0.076400,0.017099,-0.040640,-0.077492,0.015127,-0.037366,-0.055737,0.014291,-0.022236,-0.046511,0.033100,-0.003774,-0.068300,0.032129,-0.036429,-0.065770,0.029591,-0.035078,-0.049309,0.029083,-0.022039,-0.044568
fist,2,left,1782948354.147545,0.000000,0.000000,0.000000,0.025477,-0.012045,-0.022235,0.039799,-0.024122,-0.041996,0.037318,-0.043234,-0.067366,0.017036,-0.051874,-0.074339,0.020170,0.003226,-0.081594,0.020894,-0.032787,-0.089680,0.019012,-0.037567,-0.068664,0.017572,-0.028163,-0.052577,0.000000,0.003975,-0.081300,0.000000,-0.039272,-0.092234,0.000000,-0.041080,-0.068827,0.000000,-0.029653,-0.052840,-0.017000,0.001900,-0.076400,-0.018538,-0.038344,-0.090143,-0.016120,-0.042223,-0.068533,-0.014598,-0.030932,-0.054934,-0.033100,-0.003774,-0.068300,-0.032796,-0.036530,-0.067507,-0.030151,-0.036107,-0.051013,-0.029350,-0.023351,-0.045592
fist,2,right,1782948354.1578875,0.000000,0.000000,0.000000,-0.025477,-0.012045,-0.022235,-0.037847,-0.027336,-0.041067,-0.026065,-0.048189,-0.062076,-0.003113,-0.049219,-0.059467,-0.020170,0.003226,-0.081594,-0.020991,-0.032565,-0.090605,-0.019089,-0.037931,-0.069733,-0.017600,-0.028996,-0.053385,0.000000,0.003975,-0.081300,0.000000,-0.040629,-0.081821,0.000000,-0.036822,-0.058655,0.000000,-0.021916,-0.045848,0.017000,0.001900,-0.076400,0.017099,-0.040640,-0.077492,0.015127,-0.037366,-0.055737,0.014291,-0.022236,-0.046511,0.033100,-0.003774,-0.068300,0.032129,-0.036429,-0.065770,0.029591,-0.035078,-0.049309,0.029083,-0.022039,-0.044568
fist,2,left,1782948354.3653753,0.000000,0.000000,0.000000,0.025477,-0.012045,-0.022235,0.039852,-0.023978,-0.042045,0.037727,-0.042956,-0.067547,0.017692,-0.051841,-0.074915,0.020170,0.003226,-0.081594,0.020894,-0.032787,-0.089680,0.019012,-0.037567,-0.068664,0.017572,-0.028163,-0.052577,0.000000,0.003975,-0.081300,0.000000,-0.039272,-0.092234,0.000000,-0.041080,-0.068827,0.000000,-0.029653,-0.052840,-0.017000,0.001900,-0.076400,-0.018538,-0.038344,-0.090143,-0.016120,-0.042223,-0.068533,-0.014598,-0.030932,-0.054934,-0.033100,-0.003774,-0.068300,-0.032796,-0.036530,-0.067507,-0.030151,-0.036107,-0.051013,-0.029350,-0.023351,-0.045592
fist,2,right,1782948354.3674648,0.000000,0.000000,0.000000,-0.025477,-0.012045,-0.022235,-0.037847,-0.027336,-0.041067,-0.026065,-0.048189,-0.062076,-0.003113,-0.049219,-0.059467,-0.020170,0.003226,-0.081594,-0.020991,-0.032565,-0.090605,-0.019089,-0.037931,-0.069733,-0.017600,-0.028996,-0.053385,0.000000,0.003975,-0.081300,0.000000,-0.040629,-0.081821,0.000000,-0.036822,-0.058655,0.000000,-0.021916,-0.045848,0.017000,0.001900,-0.076400,0.017099,-0.040640,-0.077492,0.015127,-0.037366,-0.055737,0.014291,-0.022236,-0.046511,0.033100,-0.003774,-0.068300,0.032129,-0.036429,-0.065770,0.029591,-0.035078,-0.049309,0.029083,-0.022039,-0.044568
fist,2,left,1782948354.5780866,0.000000,0.000000,0.000000,0.025477,-0.012045,-0.022235,0.039873,-0.023920,-0.042064,0.037891,-0.042843,-0.067619,0.017957,-0.051825,-0.075145,0.020170,0.003226,-0.081594,0.020894,-0.032787,-0.089680,0.019012,-0.037567,-0.068664,0.017572,-0.028163,-0.052577,0.000000,0.003975,-0.081300,0.000000,-0.039272,-0.092234,0.000000,-0.041080,-0.068827,0.000000,-0.029653,-0.052840,-0.017000,0.001900,-0.076400,-0.018538,-0.038344,-0.090143,-0.016120,-0.042223,-0.068533,-0.014598,-0.030932,-0.054934,-0.033100,-0.003774,-0.068300,-0.032796,-0.036530,-0.067507,-0.030151,-0.036107,-0.051013,-0.029350,-0.023351,-0.045592
fist,2,right,1782948354.5787532,0.000000,0.000000,0.000000,-0.025477,-0.012045,-0.022235,-0.037847,-0.027336,-0.041067,-0.026065,-0.048189,-0.062076,-0.003113,-0.049219,-0.059467,-0.020170,0.003226,-0.081594,-0.020991,-0.032565,-0.090605,-0.019089,-0.037931,-0.069733,-0.017600,-0.028996,-0.053385,0.000000,0.003975,-0.081300,0.000000,-0.040629,-0.081821,0.000000,-0.036822,-0.058655,0.000000,-0.021916,-0.045848,0.017000,0.001900,-0.076400,0.017099,-0.040640,-0.077492,0.015127,-0.037366,-0.055737,0.014291,-0.022236,-0.046511,0.033100,-0.003774,-0.068300,0.032129,-0.036429,-0.065770,0.029591,-0.035078,-0.049309,0.029083,-0.022039,-0.044568
fist,3,left,1782948360.711126,0.000000,0.000000,0.000000,0.025477,-0.012045,-0.022235,0.039956,-0.023686,-0.042143,0.038542,-0.042380,-0.067903,0.019035,-0.051736,-0.076063,0.020170,0.003226,-0.081594,0.021037,-0.032398,-0.091240,0.019170,-0.038176,-0.070474,0.017683,-0.029582,-0.053945,0.000000,0.003975,-0.081300,0.000000,-0.038609,-0.094582,0.000000,-0.041913,-0.071339,0.000000,-0.031551,-0.054641,-0.017000,0.001900,-0.076400,-0.018873,-0.037449,-0.092491,-0.016401,-0.042981,-0.071250,-0.014718,-0.032850,-0.056785,-0.033100,-0.003774,-0.068300,-0.034101,-0.036421,-0.070922,-0.031291,-0.037825,-0.054510,-0.029929,-0.025746,-0.047803
fist,3,right,1782948360.7116048,0.000000,0.000000,0.000000,-0.025477,-0.012045,-0.022235,-0.037847,-0.027330,-0.041072,-0.026079,-0.048182,-0.062089,-0.003127,-0.049230,-0.059492,-0.020170,0.003226,-0.081594,-0.021041,-0.032426,-0.091136,-0.019144,-0.038139,-0.070355,-0.017637,-0.029490,-0.053855,0.000000,0.003975,-0.081300,0.000000,-0.040629,-0.081821,0.000000,-0.036822,-0.058655,0.000000,-0.021916,-0.045848,0.017000,0.001900,-0.076400,0.017074,-0.040646,-0.077226,0.015121,-0.037235,-0.055491,0.014300,-0.022047,-0.046359,0.033100,-0.003774,-0.068300,0.032420,-0.036486,-0.066529,0.029802,-0.035540,-0.050053,0.029155,-0.022620,-0.045014
fist,3,left,1782948360.9248104,0.000000,0.000000,0.000000,0.025477,-0.012045,-0.022235,0.039777,-0.024180,-0.041977,0.037154,-0.043343,-0.067293,0.016776,-0.051883,-0.074109,0.020170,0.003226,-0.081594,0.020839,-0.032918,-0.089081,0.018953,-0.037329,-0.067984,0.017531,-0.027639,-0.052066,0.000000,0.003975,-0.081300,0.000000,-0.038609,-0.094582,0.000000,-0.041913,-0.071339,0.000000,-0.031551,-0.054641,-0.017000,0.001900,-0.076400,-0.018873,-0.037449,-0.092491,-0.016401,-0.042981,-0.071250,-0.014718,-0.032850,-0.056785,-0.033100,-0.003774,-0.068300,-0.034482,-0.036312,-0.071920,-0.031636,-0.038253,-0.055570,-0.030116,-0.026403,-0.048498
fist,3,right,1782948360.9250605,0.000000,0.000000,0.000000,-0.025477,-0.012045,-0.022235,-0.037847,-0.027336,-0.041067,-0.026065,-0.048189,-0.062076,-0.003113,-0.049219,-0.059467,-0.020170,0.003226,-0.081594,-0.020377,-0.033616,-0.083937,-0.018474,-0.034995,-0.062429,-0.017201,-0.023145,-0.048032,0.000000,0.003975,-0.081300,0.000000,-0.040629,-0.081821,0.000000,-0.036822,-0.058655,0.000000,-0.021916,-0.045848,0.017000,0.001900,-0.076400,0.017074,-0.040646,-0.077226,0.015121,-0.037235,-0.055491,0.014300,-0.022047,-0.046359,0.033100,-0.003774,-0.068300,0.032129,-0.036429,-0.065770,0.029591,-0.035078,-0.049309,0.029083,-0.022039,-0.044568
fist,3,left,1782948361.1251042,0.000000,0.000000,0.000000,0.025477,-0.012045,-0.022235,0.039541,-0.024766,-0.041776,0.035429,-0.044427,-0.066506,0.014155,-0.051859,-0.071684,0.020170,0.003226,-0.081594,0.020709,-0.033186,-0.087658,0.018818,-0.036754,-0.066403,0.017436,-0.026437,-0.050881,0.000000,0.003975,-0.081300,0.000000,-0.038887,-0.093656,0.000000,-0.041588,-0.070335,0.000000,-0.030788,-0.053917,-0.017000,0.001900,-0.076400,-0.018873,-0.037449,-0.092491,-0.016401,-0.042981,-0.071250,-0.014718,-0.032850,-0.056785,-0.033100,-0.003774,-0.068300,-0.034781,-0.036200,-0.072709,-0.031913,-0.038581,-0.056420,-0.030266,-0.026934,-0.049046
fist,3,right,1782948361.125317,0.000000,0.000000,0.000000,-0.025477,-0.012045,-0.022235,-0.037847,-0.027336,-0.041067,-0.026065,-0.048189,-0.062076,-0.003113,-0.049219,-0.059467,-0.020170,0.003226,-0.081594,-0.020371,-0.033620,-0.083875,-0.018469,-0.034962,-0.062365,-0.017198,-0.023088,-0.047988,0.000000,0.003975,-0.081300,0.000000,-0.040629,-0.081821,0.000000,-0.036822,-0.058655,0.000000,-0.021916,-0.045848,0.017000,0.001900,-0.076400,0.017074,-0.040646,-0.077226,0.015121,-0.037235,-0.055491,0.014300,-0.022047,-0.046359,0.033100,-0.003774,-0.068300,0.032129,-0.036429,-0.065770,0.029591,-0.035078,-0.049309,0.029083,-0.022039,-0.044568
fist,3,left,1782948361.3279843,0.000000,0.000000,0.000000,0.025477,-0.012045,-0.022235,0.039329,-0.025235,-0.041616,0.033977,-0.045241,-0.065827,0.012106,-0.051686,-0.069666,0.020170,0.003226,-0.081594,0.020552,-0.033436,-0.085907,0.018656,-0.035974,-0.064505,0.017327,-0.024919,-0.049494,0.000000,0.003975,-0.081300,0.000000,-0.039364,-0.091860,0.000000,-0.040950,-0.068438,0.000000,-0.029370,-0.052560,-0.017000,0.001900,-0.076400,-0.018873,-0.037449,-0.092491,-0.016401,-0.042981,-0.071250,-0.014718,-0.032850,-0.056785,-0.033100,-0.003774,-0.068300,-0.034781,-0.036200,-0.072709,-0.031913,-0.038581,-0.056420,-0.030266,-0.026934,-0.049046
fist,3,right,1782948361.3404522,0.000000,0.000000,0.000000,-0.025477,-0.012045,-0.022235,-0.037847,-0.027336,-0.041067,-0.026065,-0.048189,-0.062076,-0.003113,-0.049219,-0.059467,-0.020170,0.003226,-0.081594,-0.020360,-0.033628,-0.083751,-0.018459,-0.034897,-0.062237,-0.017192,-0.022975,-0.047900,0.000000,0.003975,-0.081300,0.000000,-0.040629,-0.081821,0.000000,-0.036822,-0.058655,0.000000,-0.021916,-0.045848,0.017000,0.001900,-0.076400,0.017074,-0.040646,-0.077226,0.015121,-0.037235,-0.055491,0.014300,-0.022047,-0.046359,0.033100,-0.003774,-0.068300,0.032129,-0.036429,-0.065770,0.029591,-0.035078,-0.049309,0.029083,-0.022039,-0.044568
fist,3,left,1782948361.548595,0.000000,0.000000,0.000000,0.025477,-0.012045,-0.022235,0.038917,-0.026040,-0.041340,0.031338,-0.046517,-0.064540,0.008717,-0.051066,-0.066041,0.020170,0.003226,-0.081594,0.020329,-0.033646,-0.083407,0.018436,-0.034713,-0.061881,0.017185,-0.022656,-0.047655,0.000000,0.003975,-0.081300,0.000000,-0.038849,-0.093786,0.000000,-0.041633,-0.070475,0.000000,-0.030893,-0.054018,-0.017000,0.001900,-0.076400,-0.018777,-0.037716,-0.091835,-0.016318,-0.042776,-0.070475,-0.014681,-0.032303,-0.056249,-0.033100,-0.003774,-0.068300,-0.034549,-0.036288,-0.072099,-0.031698,-0.038330,-0.055761,-0.030149,-0.026526,-0.048619
fist,3,right,1782948361.5488367,0.000000,0.000000,0.000000,-0.025477,-0.012045,-0.022235,-0.037847,-0.027336,-0.041067,-0.026065,-0.048189,-0.062076,-0.003113,-0.049219,-0.059467,-0.020170,0.003226,-0.081594,-0.020330,-0.033646,-0.083407,-0.018430,-0.034713,-0.061882,-0.017175,-0.022656,-0.047656,0.000000,0.003975,-0.081300,0.000000,-0.040629,-0.081821,0.000000,-0.036822,-0.058655,0.000000,-0.021916,-0.045848,0.017000,0.001900,-0.076400,0.017074,-0.040646,-0.077226,0.015121,-0.037235,-0.055491,0.014300,-0.022047,-0.046359,0.033100,-0.003774,-0.068300,0.032129,-0.036429,-0.065770,0.029591,-0.035078,-0.049309,0.029083,-0.022039,-0.044568
fist,3,left,1782948361.7578607,0.000000,0.000000,0.000000,0.025477,-0.012045,-0.022235,0.038810,-0.026226,-0.041278,0.030694,-0.046789,-0.064219,0.007953,-0.050866,-0.065173,0.020170,0.003226,-0.081594,0.020329,-0.033646,-0.083407,0.018436,-0.034713,-0.061881,0.017185,-0.022656,-0.047655,0.000000,0.003975,-0.081300,0.000000,-0.038609,-0.094582,0.000000,-0.041913,-0.071339,0.000000,-0.031551,-0.054641,-0.017000,0.001900,-0.076400,-0.018758,-0.037768,-0.091703,-0.016302,-0.042734,-0.070321,-0.014673,-0.032193,-0.056144,-0.033100,-0.003774,-0.068300,-0.034384,-0.036343,-0.071665,-0.031547,-0.038146,-0.055297,-0.030067,-0.026235,-0.048319
fist,3,right,1782948361.7693844,0.000000,0.000000,0.000000,-0.025477,-0.012045,-0.022235,-0.037847,-0.027336,-0.041067,-0.026065,-0.048189,-0.062076,-0.003113,-0.049219,-0.059467,-0.020170,0.003226,-0.081594,-0.020330,-0.033646,-0.083407,-0.018430,-0.034713,-0.061882,-0.017175,-0.022656,-0.047656,0.000000,0.003975,-0.081300,0.000000,-0.040629,-0.081821,0.000000,-0.036822,-0.058655,0.000000,-0.021916,-0.045848,0.017000,0.001900,-0.076400,0.017074,-0.040646,-0.077226,0.015121,-0.037235,-0.055491,0.014300,-0.022047,-0.046359,0.033100,-0.003774,-0.068300,0.032129,-0.036429,-0.065770,0.029591,-0.035078,-0.049309,0.029083,-0.022039,-0.044568
fist,3,left,1782948361.9594975,0.000000,0.000000,0.000000,0.025477,-0.012045,-0.022235,0.038810,-0.026226,-0.041278,0.030694,-0.046789,-0.064219,0.007953,-0.050866,-0.065173,0.020170,0.003226,-0.081594,0.020329,-0.033646,-0.083407,0.018436,-0.034713,-0.061881,0.017185,-0.022656,-0.047655,0.000000,0.003975,-0.081300,0.000000,-0.038609,-0.094582,0.000000,-0.041913,-0.071339,0.000000,-0.031551,-0.054641,-0.017000,0.001900,-0.076400,-0.018758,-0.037768,-0.091703,-0.016302,-0.042734,-0.070321,-0.014673,-0.032193,-0.056144,-0.033100,-0.003774,-0.068300,-0.034384,-0.036343,-0.071665,-0.031547,-0.038146,-0.055297,-0.030067,-0.026235,-0.048319
fist,3,right,1782948361.9803138,0.000000,0.000000,0.000000,-0.025477,-0.012045,-0.022235,-0.037847,-0.027336,-0.041067,-0.026065,-0.048189,-0.062076,-0.003113,-0.049219,-0.059467,-0.020170,0.003226,-0.081594,-0.020264,-0.033676,-0.082667,-0.018370,-0.034307,-0.061125,-0.017140,-0.021965,-0.047143,0.000000,0.003975,-0.081300,0.000000,-0.040629,-0.081821,0.000000,-0.036822,-0.058655,0.000000,-0.021916,-0.045848,0.017000,0.001900,-0.076400,0.017074,-0.040646,-0.077226,0.015121,-0.037235,-0.055491,0.014300,-0.022047,-0.046359,0.033100,-0.003774,-0.068300,0.032129,-0.036429,-0.065770,0.029591,-0.035078,-0.049309,0.029083,-0.022039,-0.044568
fist,3,left,1782948362.1788893,0.000000,0.000000,0.000000,0.025477,-0.012045,-0.022235,0.038917,-0.026040,-0.041340,0.031338,-0.046517,-0.064540,0.008717,-0.051066,-0.066041,0.020170,0.003226,-0.081594,0.020264,-0.033676,-0.082668,0.018373,-0.034307,-0.061124,0.017146,-0.021965,-0.047143,0.000000,0.003975,-0.081300,0.000000,-0.038609,-0.094582,0.000000,-0.041913,-0.071339,0.000000,-0.031551,-0.054641,-0.017000,0.001900,-0.076400,-0.018758,-0.037768,-0.091703,-0.016302,-0.042734,-0.070321,-0.014673,-0.032193,-0.056144,-0.033100,-0.003774,-0.068300,-0.034384,-0.036343,-0.071665,-0.031547,-0.038146,-0.055297,-0.030067,-0.026235,-0.048319
fist,3,right,1782948362.2006707,0.000000,0.000000,0.000000,-0.025477,-0.012045,-0.022235,-0.037847,-0.027336,-0.041067,-0.026065,-0.048189,-0.062076,-0.003113,-0.049219,-0.059467,-0.020170,0.003226,-0.081594,-0.020200,-0.033690,-0.081943,-0.018312,-0.033895,-0.060391,-0.017108,-0.021279,-0.046655,0.000000,0.003975,-0.081300,0.000000,-0.040629,-0.081821,0.000000,-0.036822,-0.058655,0.000000,-0.021916,-0.045848,0.017000,0.001900,-0.076400,0.017074,-0.040646,-0.077226,0.015121,-0.037235,-0.055491,0.014300,-0.022047,-0.046359,0.033100,-0.003774,-0.068300,0.032129,-0.036429,-0.065770,0.029591,-0.035078,-0.049309,0.029083,-0.022039,-0.044568
fist,3,left,1782948362.3958447,0.000000,0.000000,0.000000,0.025477,-0.012045,-0.022235,0.038810,-0.026226,-0.041278,0.030694,-0.046789,-0.064219,0.007953,-0.050866,-0.065173,0.020170,0.003226,-0.081594,0.020264,-0.033676,-0.082668,0.018373,-0.034307,-0.061124,0.017146,-0.021965,-0.047143,0.000000,0.003975,-0.081300,0.000000,-0.038609,-0.094582,0.000000,-0.041913,-0.071339,0.000000,-0.031551,-0.054641,-0.017000,0.001900,-0.076400,-0.018758,-0.037768,-0.091703,-0.016302,-0.042734,-0.070321,-0.014673,-0.032193,-0.056144,-0.033100,-0.003774,-0.068300,-0.034384,-0.036343,-0.071665,-0.031547,-0.038146,-0.055297,-0.030067,-0.026235,-0.048319
fist,3,right,1782948362.4067886,0.000000,0.000000,0.000000,-0.025477,-0.012045,-0.022235,-0.037847,-0.027336,-0.041067,-0.026065,-0.048189,-0.062076,-0.003113,-0.049219,-0.059467,-0.020170,0.003226,-0.081594,-0.020200,-0.033690,-0.081943,-0.018312,-0.033895,-0.060391,-0.017108,-0.021279,-0.046655,0.000000,0.003975,-0.081300,0.000000,-0.040629,-0.081821,0.000000,-0.036822,-0.058655,0.000000,-0.021916,-0.045848,0.017000,0.001900,-0.076400,0.017074,-0.040646,-0.077226,0.015121,-0.037235,-0.055491,0.014300,-0.022047,-0.046359,0.033100,-0.003774,-0.068300,0.032129,-0.036429,-0.065770,0.029591,-0.035078,-0.049309,0.029083,-0.022039,-0.044568
fist,3,left,1782948362.6020527,0.000000,0.000000,0.000000,0.025477,-0.012045,-0.022235,0.038810,-0.026226,-0.041278,0.030694,-0.046789,-0.064219,0.007953,-0.050866,-0.065173,0.020170,0.003226,-0.081594,0.020264,-0.033676,-0.082668,0.018373,-0.034307,-0.061124,0.017146,-0.021965,-0.047143,0.000000,0.003975,-0.081300,0.000000,-0.038609,-0.094582,0.000000,-0.041913,-0.071339,0.000000,-0.031551,-0.054641,-0.017000,0.001900,-0.076400,-0.018758,-0.037768,-0.091703,-0.016302,-0.042734,-0.070321,-0.014673,-0.032193,-0.056144,-0.033100,-0.003774,-0.068300,-0.034384,-0.036343,-0.071665,-0.031547,-0.038146,-0.055297,-0.030067,-0.026235,-0.048319
fist,3,right,1782948362.6126828,0.000000,0.000000,0.000000,-0.025477,-0.012045,-0.022235,-0.037847,-0.027336,-0.041067,-0.026065,-0.048189,-0.062076,-0.003113,-0.049219,-0.059467,-0.020170,0.003226,-0.081594,-0.020200,-0.033690,-0.081943,-0.018312,-0.033895,-0.060391,-0.017108,-0.021279,-0.046655,0.000000,0.003975,-0.081300,0.000000,-0.040629,-0.081821,0.000000,-0.036822,-0.058655,0.000000,-0.021916,-0.045848,0.017000,0.001900,-0.076400,0.017074,-0.040646,-0.077226,0.015121,-0.037235,-0.055491,0.014300,-0.022047,-0.046359,0.033100,-0.003774,-0.068300,0.032129,-0.036429,-0.065770,0.029591,-0.035078,-0.049309,0.029083,-0.022039,-0.044568
fist,3,left,1782948362.8101656,0.000000,0.000000,0.000000,0.025477,-0.012045,-0.022235,0.038810,-0.026226,-0.041278,0.030694,-0.046789,-0.064219,0.007953,-0.050866,-0.065173,0.020170,0.003226,-0.081594,0.020264,-0.033676,-0.082668,0.018373,-0.034307,-0.061124,0.017146,-0.021965,-0.047143,0.000000,0.003975,-0.081300,0.000000,-0.038609,-0.094582,0.000000,-0.041913,-0.071339,0.000000,-0.031551,-0.054641,-0.017000,0.001900,-0.076400,-0.018758,-0.037768,-0.091703,-0.016302,-0.042734,-0.070321,-0.014673,-0.032193,-0.056144,-0.033100,-0.003774,-0.068300,-0.034384,-0.036343,-0.071665,-0.031547,-0.038146,-0.055297,-0.030067,-0.026235,-0.048319
fist,3,right,1782948362.8230608,0.000000,0.000000,0.000000,-0.025477,-0.012045,-0.022235,-0.037847,-0.027336,-0.041067,-0.026065,-0.048189,-0.062076,-0.003113,-0.049219,-0.059467,-0.020170,0.003226,-0.081594,-0.020200,-0.033690,-0.081943,-0.018312,-0.033895,-0.060391,-0.017108,-0.021279,-0.046655,0.000000,0.003975,-0.081300,0.000000,-0.040629,-0.081821,0.000000,-0.036822,-0.058655,0.000000,-0.021916,-0.045848,0.017000,0.001900,-0.076400,0.017074,-0.040646,-0.077226,0.015121,-0.037235,-0.055491,0.014300,-0.022047,-0.046359,0.033100,-0.003774,-0.068300,0.032129,-0.036429,-0.065770,0.029591,-0.035078,-0.049309,0.029083,-0.022039,-0.044568
fist,3,left,1782948363.0110164,0.000000,0.000000,0.000000,0.025477,-0.012045,-0.022235,0.038810,-0.026226,-0.041278,0.030694,-0.046789,-0.064219,0.007953,-0.050866,-0.065173,0.020170,0.003226,-0.081594,0.020264,-0.033676,-0.082668,0.018373,-0.034307,-0.061124,0.017146,-0.021965,-0.047143,0.000000,0.003975,-0.081300,0.000000,-0.038609,-0.094582,0.000000,-0.041913,-0.071339,0.000000,-0.031551,-0.054641,-0.017000,0.001900,-0.076400,-0.018758,-0.037768,-0.091703,-0.016302,-0.042734,-0.070321,-0.014673,-0.032193,-0.056144,-0.033100,-0.003774,-0.068300,-0.034384,-0.036343,-0.071665,-0.031547,-0.038146,-0.055297,-0.030067,-0.026235,-0.048319
fist,3,right,1782948363.031847,0.000000,0.000000,0.000000,-0.025477,-0.012045,-0.022235,-0.037847,-0.027336,-0.041067,-0.026065,-0.048189,-0.062076,-0.003113,-0.049219,-0.059467,-0.020170,0.003226,-0.081594,-0.020195,-0.033690,-0.081879,-0.018306,-0.033858,-0.060327,-0.017105,-0.021218,-0.046612,0.000000,0.003975,-0.081300,0.000000,-0.040629,-0.081821,0.000000,-0.036822,-0.058655,0.000000,-0.021916,-0.045848,0.017000,0.001900,-0.076400,0.017074,-0.040646,-0.077226,0.015121,-0.037235,-0.055491,0.014300,-0.022047,-0.046359,0.033100,-0.003774,-0.068300,0.032129,-0.036429,-0.065770,0.029591,-0.035078,-0.049309,0.029083,-0.022039,-0.044568
fist,3,left,1782948363.2174563,0.000000,0.000000,0.000000,0.025477,-0.012045,-0.022235,0.038917,-0.026040,-0.041340,0.031338,-0.046517,-0.064540,0.008717,-0.051066,-0.066041,0.020170,0.003226,-0.081594,0.020264,-0.033676,-0.082668,0.018373,-0.034307,-0.061124,0.017146,-0.021965,-0.047143,0.000000,0.003975,-0.081300,0.000000,-0.038609,-0.094582,0.000000,-0.041913,-0.071339,0.000000,-0.031551,-0.054641,-0.017000,0.001900,-0.076400,-0.018758,-0.037768,-0.091703,-0.016302,-0.042734,-0.070321,-0.014673,-0.032193,-0.056144,-0.033100,-0.003774,-0.068300,-0.034482,-0.036312,-0.071920,-0.031636,-0.038253,-0.055570,-0.030116,-0.026403,-0.048498
fist,3,right,1782948363.2505484,0.000000,0.000000,0.000000,-0.025477,-0.012045,-0.022235,-0.037847,-0.027336,-0.041067,-0.026065,-0.048189,-0.062076,-0.003113,-0.049219,-0.059467,-0.020170,0.003226,-0.081594,-0.020183,-0.033691,-0.081751,-0.018296,-0.033783,-0.060198,-0.017099,-0.021095,-0.046527,0.000000,0.003975,-0.081300,0.000000,-0.040629,-0.081821,0.000000,-0.036822,-0.058655,0.000000,-0.021916,-0.045848,0.017000,0.001900,-0.076400,0.017074,-0.040646,-0.077226,0.015121,-0.037235,-0.055491,0.014300,-0.022047,-0.046359,0.033100,-0.003774,-0.068300,0.032129,-0.036429,-0.065770,0.029591,-0.035078,-0.049309,0.029083,-0.022039,-0.044568
fist,3,left,1782948363.4325924,0.000000,0.000000,0.000000,0.025477,-0.012045,-0.022235,0.038917,-0.026040,-0.041340,0.031338,-0.046517,-0.064540,0.008717,-0.051066,-0.066041,0.020170,0.003226,-0.081594,0.020264,-0.033676,-0.082668,0.018373,-0.034307,-0.061124,0.017146,-0.021965,-0.047143,0.000000,0.003975,-0.081300,0.000000,-0.038567,-0.094717,0.000000,-0.041961,-0.071487,0.000000,-0.031665,-0.054748,-0.017000,0.001900,-0.076400,-0.018758,-0.037768,-0.091703,-0.016302,-0.042734,-0.070321,-0.014673,-0.032193,-0.056144,-0.033100,-0.003774,-0.068300,-0.034631,-0.036258,-0.072315,-0.031774,-0.038420,-0.055994,-0.030190,-0.026670,-0.048770
fist,3,right,1782948363.4551306,0.000000,0.000000,0.000000,-0.025477,-0.012045,-0.022235,-0.037847,-0.027336,-0.041067,-0.026065,-0.048189,-0.062076,-0.003113,-0.049219,-0.059467,-0.020170,0.003226,-0.081594,-0.020183,-0.033691,-0.081751,-0.018296,-0.033783,-0.060198,-0.017099,-0.021095,-0.046527,0.000000,0.003975,-0.081300,0.000000,-0.040629,-0.081821,0.000000,-0.036822,-0.058655,0.000000,-0.021916,-0.045848,0.017000,0.001900,-0.076400,0.017074,-0.040646,-0.077226,0.015121,-0.037235,-0.055491,0.014300,-0.022047,-0.046359,0.033100,-0.003774,-0.068300,0.032129,-0.036429,-0.065770,0.029591,-0.035078,-0.049309,0.029083,-0.022039,-0.044568
fist,3,left,1782948363.6480389,0.000000,0.000000,0.000000,0.025477,-0.012045,-0.022235,0.038996,-0.025897,-0.041388,0.031824,-0.046303,-0.064780,0.009309,-0.051206,-0.066700,0.020170,0.003226,-0.081594,0.020264,-0.033676,-0.082668,0.018373,-0.034307,-0.061124,0.017146,-0.021965,-0.047143,0.000000,0.003975,-0.081300,0.000000,-0.038349,-0.095389,0.000000,-0.042194,-0.072230,0.000000,-0.032232,-0.055290,-0.017000,0.001900,-0.076400,-0.018758,-0.037768,-0.091703,-0.016302,-0.042734,-0.070321,-0.014673,-0.032193,-0.056144,-0.033100,-0.003774,-0.068300,-0.034781,-0.036200,-0.072709,-0.031913,-0.038581,-0.056420,-0.030266,-0.026934,-0.049046
fist,3,right,1782948363.681887,0.000000,0.000000,0.000000,-0.025477,-0.012045,-0.022235,-0.037847,-0.027336,-0.041067,-0.026065,-0.048189,-0.062076,-0.003113,-0.049219,-0.059467,-0.020170,0.003226,-0.081594,-0.020183,-0.033691,-0.081751,-0.018296,-0.033783,-0.060198,-0.017099,-0.021095,-0.046527,0.000000,0.003975,-0.081300,0.000000,-0.040629,-0.081821,0.000000,-0.036822,-0.058655,0.000000,-0.021916,-0.045848,0.017000,0.001900,-0.076400,0.017074,-0.040646,-0.077226,0.015121,-0.037235,-0.055491,0.014300,-0.022047,-0.046359,0.033100,-0.003774,-0.068300,0.032129,-0.036429,-0.065770,0.029591,-0.035078,-0.049309,0.029083,-0.022039,-0.044568
fist,3,left,1782948363.8689888,0.000000,0.000000,0.000000,0.025477,-0.012045,-0.022235,0.038996,-0.025897,-0.041388,0.031824,-0.046303,-0.064780,0.009309,-0.051206,-0.066700,0.020170,0.003226,-0.081594,0.020264,-0.033676,-0.082668,0.018373,-0.034307,-0.061124,0.017146,-0.021965,-0.047143,0.000000,0.003975,-0.081300,0.000000,-0.038349,-0.095389,0.000000,-0.042194,-0.072230,0.000000,-0.032232,-0.055290,-0.017000,0.001900,-0.076400,-0.018834,-0.037557,-0.092229,-0.016368,-0.042901,-0.070940,-0.014702,-0.032632,-0.056569,-0.033100,-0.003774,-0.068300,-0.034781,-0.036200,-0.072709,-0.031913,-0.038581,-0.056420,-0.030266,-0.026934,-0.049046
fist,3,right,1782948363.8907783,0.000000,0.000000,0.000000,-0.025477,-0.012045,-0.022235,-0.037847,-0.027336,-0.041067,-0.026065,-0.048189,-0.062076,-0.003113,-0.049219,-0.059467,-0.020170,0.003226,-0.081594,-0.020183,-0.033691,-0.081751,-0.018296,-0.033783,-0.060198,-0.017099,-0.021095,-0.046527,0.000000,0.003975,-0.081300,0.000000,-0.040629,-0.081821,0.000000,-0.036822,-0.058655,0.000000,-0.021916,-0.045848,0.017000,0.001900,-0.076400,0.017074,-0.040646,-0.077226,0.015121,-0.037235,-0.055491,0.014300,-0.022047,-0.046359,0.033100,-0.003774,-0.068300,0.032129,-0.036429,-0.065770,0.029591,-0.035078,-0.049309,0.029083,-0.022039,-0.044568
fist,3,left,1782948364.0757186,0.000000,0.000000,0.000000,0.025477,-0.012045,-0.022235,0.039074,-0.025751,-0.041437,0.032312,-0.046078,-0.065020,0.009918,-0.051335,-0.067366,0.020170,0.003226,-0.081594,0.020264,-0.033676,-0.082668,0.018373,-0.034307,-0.061124,0.017146,-0.021965,-0.047143,0.000000,0.003975,-0.081300,0.000000,-0.038211,-0.095796,0.000000,-0.042334,-0.072685,0.000000,-0.032581,-0.055624,-0.017000,0.001900,-0.076400,-0.018873,-0.037449,-0.092491,-0.016401,-0.042981,-0.071250,-0.014718,-0.032850,-0.056785,-0.033100,-0.003774,-0.068300,-0.034781,-0.036200,-0.072709,-0.031913,-0.038581,-0.056420,-0.030266,-0.026934,-0.049046
fist,3,right,1782948364.097432,0.000000,0.000000,0.000000,-0.025477,-0.012045,-0.022235,-0.037847,-0.027336,-0.041067,-0.026065,-0.048189,-0.062076,-0.003113,-0.049219,-0.059467,-0.020170,0.003226,-0.081594,-0.020183,-0.033691,-0.081751,-0.018296,-0.033783,-0.060198,-0.017099,-0.021095,-0.046527,0.000000,0.003975,-0.081300,0.000000,-0.040629,-0.081821,0.000000,-0.036822,-0.058655,0.000000,-0.021916,-0.045848,0.017000,0.001900,-0.076400,0.017074,-0.040646,-0.077226,0.015121,-0.037235,-0.055491,0.014300,-0.022047,-0.046359,0.033100,-0.003774,-0.068300,0.032129,-0.036429,-0.065770,0.029591,-0.035078,-0.049309,0.029083,-0.022039,-0.044568
fist,3,left,1782948364.2948253,0.000000,0.000000,0.000000,0.025477,-0.012045,-0.022235,0.039074,-0.025751,-0.041437,0.032312,-0.046078,-0.065020,0.009918,-0.051335,-0.067366,0.020170,0.003226,-0.081594,0.020264,-0.033676,-0.082668,0.018373,-0.034307,-0.061124,0.017146,-0.021965,-0.047143,0.000000,0.003975,-0.081300,0.000000,-0.038211,-0.095796,0.000000,-0.042334,-0.072685,0.000000,-0.032581,-0.055624,-0.017000,0.001900,-0.076400,-0.018873,-0.037449,-0.092491,-0.016401,-0.042981,-0.071250,-0.014718,-0.032850,-0.056785,-0.033100,-0.003774,-0.068300,-0.034781,-0.036200,-0.072709,-0.031913,-0.038581,-0.056420,-0.030266,-0.026934,-0.049046
fist,3,right,1782948364.3161705,0.000000,0.000000,0.000000,-0.025477,-0.012045,-0.022235,-0.037847,-0.027336,-0.041067,-0.026065,-0.048189,-0.062076,-0.003113,-0.049219,-0.059467,-0.020170,0.003226,-0.081594,-0.020183,-0.033691,-0.081751,-0.018296,-0.033783,-0.060198,-0.017099,-0.021095,-0.046527,0.000000,0.003975,-0.081300,0.000000,-0.040629,-0.081821,0.000000,-0.036822,-0.058655,0.000000,-0.021916,-0.045848,0.017000,0.001900,-0.076400,0.017074,-0.040646,-0.077226,0.015121,-0.037235,-0.055491,0.014300,-0.022047,-0.046359,0.033100,-0.003774,-0.068300,0.032129,-0.036429,-0.065770,0.029591,-0.035078,-0.049309,0.029083,-0.022039,-0.044568
fist,3,left,1782948364.496187,0.000000,0.000000,0.000000,0.025477,-0.012045,-0.022235,0.039074,-0.025751,-0.041437,0.032312,-0.046078,-0.065020,0.009918,-0.051335,-0.067366,0.020170,0.003226,-0.081594,0.020264,-0.033676,-0.082668,0.018373,-0.034307,-0.061124,0.017146,-0.021965,-0.047143,0.000000,0.003975,-0.081300,0.000000,-0.038211,-0.095796,0.000000,-0.042334,-0.072685,0.000000,-0.032581,-0.055624,-0.017000,0.001900,-0.076400,-0.018873,-0.037449,-0.092491,-0.016401,-0.042981,-0.071250,-0.014718,-0.032850,-0.056785,-0.033100,-0.003774,-0.068300,-0.034781,-0.036200,-0.072709,-0.031913,-0.038581,-0.056420,-0.030266,-0.026934,-0.049046
fist,3,right,1782948364.5273354,0.000000,0.000000,0.000000,-0.025477,-0.012045,-0.022235,-0.037847,-0.027336,-0.041067,-0.026065,-0.048189,-0.062076,-0.003113,-0.049219,-0.059467,-0.020170,0.003226,-0.081594,-0.020183,-0.033691,-0.081751,-0.018296,-0.033783,-0.060198,-0.017099,-0.021095,-0.046527,0.000000,0.003975,-0.081300,0.000000,-0.040629,-0.081821,0.000000,-0.036822,-0.058655,0.000000,-0.021916,-0.045848,0.017000,0.001900,-0.076400,0.017074,-0.040646,-0.077226,0.015121,-0.037235,-0.055491,0.014300,-0.022047,-0.046359,0.033100,-0.003774,-0.068300,0.032129,-0.036429,-0.065770,0.029591,-0.035078,-0.049309,0.029083,-0.022039,-0.044568
fist,3,left,1782948364.7012658,0.000000,0.000000,0.000000,0.025477,-0.012045,-0.022235,0.039074,-0.025751,-0.041437,0.032312,-0.046078,-0.065020,0.009918,-0.051335,-0.067366,0.020170,0.003226,-0.081594,0.020264,-0.033676,-0.082668,0.018373,-0.034307,-0.061124,0.017146,-0.021965,-0.047143,0.000000,0.003975,-0.081300,0.000000,-0.038211,-0.095796,0.000000,-0.042334,-0.072685,0.000000,-0.032581,-0.055624,-0.017000,0.001900,-0.076400,-0.018873,-0.037449,-0.092491,-0.016401,-0.042981,-0.071250,-0.014718,-0.032850,-0.056785,-0.033100,-0.003774,-0.068300,-0.034781,-0.036200,-0.072709,-0.031913,-0.038581,-0.056420,-0.030266,-0.026934,-0.049046
fist,3,right,1782948364.733015,0.000000,0.000000,0.000000,-0.025477,-0.012045,-0.022235,-0.037847,-0.027336,-0.041067,-0.026065,-0.048189,-0.062076,-0.003113,-0.049219,-0.059467,-0.020170,0.003226,-0.081594,-0.020183,-0.033691,-0.081751,-0.018296,-0.033783,-0.060198,-0.017099,-0.021095,-0.046527,0.000000,0.003975,-0.081300,0.000000,-0.040629,-0.081821,0.000000,-0.036822,-0.058655,0.000000,-0.021916,-0.045848,0.017000,0.001900,-0.076400,0.017099,-0.040640,-0.077492,0.015127,-0.037366,-0.055737,0.014291,-0.022236,-0.046511,0.033100,-0.003774,-0.068300,0.032129,-0.036429,-0.065770,0.029591,-0.035078,-0.049309,0.029083,-0.022039,-0.044568
fist,3,left,1782948364.9088857,0.000000,0.000000,0.000000,0.025477,-0.012045,-0.022235,0.039074,-0.025751,-0.041437,0.032312,-0.046078,-0.065020,0.009918,-0.051335,-0.067366,0.020170,0.003226,-0.081594,0.020264,-0.033676,-0.082668,0.018373,-0.034307,-0.061124,0.017146,-0.021965,-0.047143,0.000000,0.003975,-0.081300,0.000000,-0.038068,-0.096206,0.000000,-0.042473,-0.073147,0.000000,-0.032935,-0.055965,-0.017000,0.001900,-0.076400,-0.018873,-0.037449,-0.092491,-0.016401,-0.042981,-0.071250,-0.014718,-0.032850,-0.056785,-0.033100,-0.003774,-0.068300,-0.034781,-0.036200,-0.072709,-0.031913,-0.038581,-0.056420,-0.030266,-0.026934,-0.049046
fist,3,right,1782948364.9413948,0.000000,0.000000,0.000000,-0.025477,-0.012045,-0.022235,-0.037847,-0.027336,-0.041067,-0.026065,-0.048189,-0.062076,-0.003113,-0.049219,-0.059467,-0.020170,0.003226,-0.081594,-0.020183,-0.033691,-0.081751,-0.018296,-0.033783,-0.060198,-0.017099,-0.021095,-0.046527,0.000000,0.003975,-0.081300,0.000000,-0.040629,-0.081821,0.000000,-0.036822,-0.058655,0.000000,-0.021916,-0.045848,0.017000,0.001900,-0.076400,0.017099,-0.040640,-0.077492,0.015127,-0.037366,-0.055737,0.014291,-0.022236,-0.046511,0.033100,-0.003774,-0.068300,0.032129,-0.036429,-0.065770,0.029591,-0.035078,-0.049309,0.029083,-0.022039,-0.044568
fist,3,left,1782948365.116818,0.000000,0.000000,0.000000,0.025477,-0.012045,-0.022235,0.039100,-0.025702,-0.041454,0.032476,-0.046001,-0.065100,0.010125,-0.051376,-0.067589,0.020170,0.003226,-0.081594,0.020264,-0.033676,-0.082668,0.018373,-0.034307,-0.061124,0.017146,-0.021965,-0.047143,0.000000,0.003975,-0.081300,0.000000,-0.038068,-0.096206,0.000000,-0.042473,-0.073147,0.000000,-0.032935,-0.055965,-0.017000,0.001900,-0.076400,-0.018873,-0.037449,-0.092491,-0.016401,-0.042981,-0.071250,-0.014718,-0.032850,-0.056785,-0.033100,-0.003774,-0.068300,-0.034867,-0.036164,-0.072934,-0.031993,-0.038673,-0.056666,-0.030309,-0.027089,-0.049202
fist,3,right,1782948365.163014,0.000000,0.000000,0.000000,-0.025477,-0.012045,-0.022235,-0.037847,-0.027336,-0.041067,-0.026065,-0.048189,-0.062076,-0.003113,-0.049219,-0.059467,-0.020170,0.003226,-0.081594,-0.020183,-0.033691,-0.081751,-0.018296,-0.033783,-0.060198,-0.017099,-0.021095,-0.046527,0.000000,0.003975,-0.081300,0.000000,-0.040629,-0.081821,0.000000,-0.036822,-0.058655,0.000000,-0.021916,-0.045848,0.017000,0.001900,-0.076400,0.017099,-0.040640,-0.077492,0.015127,-0.037366,-0.055737,0.014291,-0.022236,-0.046511,0.033100,-0.003774,-0.068300,0.032129,-0.036429,-0.065770,0.029591,-0.035078,-0.049309,0.029083,-0.022039,-0.044568
fist,3,left,1782948365.3262112,0.000000,0.000000,0.000000,0.025477,-0.012045,-0.022235,0.039125,-0.025653,-0.041471,0.032639,-0.045923,-0.065179,0.010333,-0.051415,-0.067812,0.020170,0.003226,-0.081594,0.020264,-0.033676,-0.082668,0.018373,-0.034307,-0.061124,0.017146,-0.021965,-0.047143,0.000000,0.003975,-0.081300,0.000000,-0.037945,-0.096549,0.000000,-0.042589,-0.073537,0.000000,-0.033234,-0.056254,-0.017000,0.001900,-0.076400,-0.018873,-0.037449,-0.092491,-0.016401,-0.042981,-0.071250,-0.014718,-0.032850,-0.056785,-0.033100,-0.003774,-0.068300,-0.034884,-0.036157,-0.072979,-0.032009,-0.038691,-0.056715,-0.030318,-0.027119,-0.049233
fist,3,right,1782948365.3707228,0.000000,0.000000,0.000000,-0.025477,-0.012045,-0.022235,-0.037847,-0.027336,-0.041067,-0.026065,-0.048189,-0.062076,-0.003113,-0.049219,-0.059467,-0.020170,0.003226,-0.081594,-0.020183,-0.033691,-0.081751,-0.018296,-0.033783,-0.060198,-0.017099,-0.021095,-0.046527,0.000000,0.003975,-0.081300,0.000000,-0.040629,-0.081821,0.000000,-0.036822,-0.058655,0.000000,-0.021916,-0.045848,0.017000,0.001900,-0.076400,0.017099,-0.040640,-0.077492,0.015127,-0.037366,-0.055737,0.014291,-0.022236,-0.046511,0.033100,-0.003774,-0.068300,0.032129,-0.036429,-0.065770,0.029591,-0.035078,-0.049309,0.029083,-0.022039,-0.044568
fist,3,left,1782948365.5411212,0.000000,0.000000,0.000000,0.025477,-0.012045,-0.022235,0.039125,-0.025653,-0.041471,0.032639,-0.045923,-0.065179,0.010333,-0.051415,-0.067812,0.020170,0.003226,-0.081594,0.020264,-0.033676,-0.082668,0.018373,-0.034307,-0.061124,0.017146,-0.021965,-0.047143,0.000000,0.003975,-0.081300,0.000000,-0.037920,-0.096618,0.000000,-0.042611,-0.073615,0.000000,-0.033293,-0.056313,-0.017000,0.001900,-0.076400,-0.018912,-0.037338,-0.092756,-0.016435,-0.043064,-0.071567,-0.014733,-0.033076,-0.057005,-0.033100,-0.003774,-0.068300,-0.034884,-0.036157,-0.072979,-0.032009,-0.038691,-0.056715,-0.030318,-0.027119,-0.049233
fist,3,right,1782948365.5742116,0.000000,0.000000,0.000000,-0.025477,-0.012045,-0.022235,-0.037847,-0.027336,-0.041067,-0.026065,-0.048189,-0.062076,-0.003113,-0.049219,-0.059467,-0.020170,0.003226,-0.081594,-0.020183,-0.033691,-0.081751,-0.018296,-0.033783,-0.060198,-0.017099,-0.021095,-0.046527,0.000000,0.003975,-0.081300,0.000000,-0.040629,-0.081821,0.000000,-0.036822,-0.058655,0.000000,-0.021916,-0.045848,0.017000,0.001900,-0.076400,0.017099,-0.040640,-0.077492,0.015127,-0.037366,-0.055737,0.014291,-0.022236,-0.046511,0.033100,-0.003774,-0.068300,0.032129,-0.036429,-0.065770,0.029591,-0.035078,-0.049309,0.029083,-0.022039,-0.044568
index_point,1,left,1782948371.7161913,0.000000,0.000000,0.000000,0.025477,-0.012045,-0.022235,0.038044,-0.027336,-0.040936,0.026484,-0.048189,-0.062068,0.003506,-0.049219,-0.059700,0.020170,0.003226,-0.081594,0.024029,0.003226,-0.118309,0.026263,-0.000119,-0.139567,0.028107,-0.006275,-0.157117,0.000000,0.003975,-0.081300,0.000000,-0.040237,-0.087224,0.000000,-0.039267,-0.063769,0.000000,-0.026024,-0.049249,-0.017000,0.001900,-0.076400,-0.017678,-0.040097,-0.083224,-0.015494,-0.039818,-0.061246,-0.014384,-0.026084,-0.050071,-0.033100,-0.003774,-0.068300,-0.032479,-0.036496,-0.066681,-0.029885,-0.035630,-0.050196,-0.029224,-0.022735,-0.045096
index_point,1,right,1782948371.7175279,0.000000,0.000000,0.000000,-0.025477,-0.012045,-0.022235,-0.037847,-0.027336,-0.041067,-0.026065,-0.048189,-0.062076,-0.003113,-0.049219,-0.059467,-0.020170,0.003226,-0.081594,-0.023764,-0.004166,-0.117585,-0.024957,-0.022170,-0.129523,-0.025200,-0.040699,-0.131959,0.000000,0.003975,-0.081300,0.000000,-0.040629,-0.081821,0.000000,-0.036822,-0.058655,0.000000,-0.021916,-0.045848,0.017000,0.001900,-0.076400,0.017074,-0.040646,-0.077226,0.015121,-0.037235,-0.055491,0.014300,-0.022047,-0.046359,0.033100,-0.003774,-0.068300,0.032129,-0.036429,-0.065770,0.029591,-0.035078,-0.049309,0.029083,-0.022039,-0.044568
index_point,1,left,1782948371.930831,0.000000,0.000000,0.000000,0.025477,-0.012045,-0.022235,0.038044,-0.027336,-0.040936,0.026484,-0.048189,-0.062068,0.003506,-0.049219,-0.059700,0.020170,0.003226,-0.081594,0.024029,0.003226,-0.118309,0.026284,0.001666,-0.139770,0.028216,-0.001089,-0.158154,0.000000,0.003975,-0.081300,0.000000,-0.039454,-0.091485,0.000000,-0.040817,-0.068049,0.000000,-0.029084,-0.052284,-0.017000,0.001900,-0.076400,-0.017768,-0.039959,-0.084020,-0.015553,-0.040101,-0.062043,-0.014401,-0.026584,-0.050611,-0.033100,-0.003774,-0.068300,-0.033011,-0.036540,-0.068068,-0.030334,-0.036416,-0.051574,-0.029439,-0.023761,-0.045938
index_point,1,right,1782948371.9311032,0.000000,0.000000,0.000000,-0.025477,-0.012045,-0.022235,-0.038088,-0.025070,-0.042552,-0.031571,-0.044960,-0.066572,-0.009658,-0.051762,-0.069439,-0.020170,0.003226,-0.081594,-0.024029,0.003226,-0.118309,-0.026274,0.000663,-0.139674,-0.028164,-0.004062,-0.157658,0.000000,0.003975,-0.081300,0.000000,-0.040629,-0.081821,0.000000,-0.036822,-0.058655,0.000000,-0.021916,-0.045848,0.017000,0.001900,-0.076400,0.017074,-0.040646,-0.077226,0.015121,-0.037235,-0.055491,0.014300,-0.022047,-0.046359,0.033100,-0.003774,-0.068300,0.032187,-0.036442,-0.065921,0.029632,-0.035172,-0.049457,0.029097,-0.022156,-0.044656
index_point,1,left,1782948372.145861,0.000000,0.000000,0.000000,0.025477,-0.012045,-0.022235,0.038044,-0.027336,-0.040936,0.026484,-0.048189,-0.062068,0.003506,-0.049219,-0.059700,0.020170,0.003226,-0.081594,0.024029,0.003226,-0.118309,0.026284,0.001666,-0.139770,0.028216,-0.001089,-0.158154,0.000000,0.003975,-0.081300,0.000000,-0.038771,-0.094052,0.000000,-0.041728,-0.070763,0.000000,-0.031114,-0.054224,-0.017000,0.001900,-0.076400,-0.017884,-0.039762,-0.085019,-0.015632,-0.040444,-0.063057,-0.014426,-0.027214,-0.051299,-0.033100,-0.003774,-0.068300,-0.033539,-0.036518,-0.069449,-0.030791,-0.037133,-0.052978,-0.029668,-0.024743,-0.046818
index_point,1,right,1782948372.1460755,0.000000,0.000000,0.000000,-0.025477,-0.012045,-0.022235,-0.038182,-0.024620,-0.042776,-0.032698,-0.044163,-0.067332,-0.011290,-0.051886,-0.071419,-0.020170,0.003226,-0.081594,-0.024029,0.003226,-0.118309,-0.026282,0.001434,-0.139752,-0.028207,-0.001784,-0.158062,0.000000,0.003975,-0.081300,0.000000,-0.040629,-0.081821,0.000000,-0.036822,-0.058655,0.000000,-0.021916,-0.045848,0.017000,0.001900,-0.076400,0.017074,-0.040646,-0.077226,0.015121,-0.037235,-0.055491,0.014300,-0.022047,-0.046359,0.033100,-0.003774,-0.068300,0.032479,-0.036495,-0.066681,0.029845,-0.035630,-0.050202,0.029170,-0.022734,-0.045105
index_point,1,right,1782948372.3472826,0.000000,0.000000,0.000000,-0.025477,-0.012045,-0.022235,-0.038236,-0.024378,-0.042888,-0.033303,-0.043718,-0.067721,-0.012204,-0.051899,-0.072469,-0.020170,0.003226,-0.081594,-0.024029,0.003226,-0.118309,-0.026282,0.001434,-0.139752,-0.028207,-0.001784,-0.158062,0.000000,0.003975,-0.081300,0.000000,-0.040629,-0.081821,0.000000,-0.036822,-0.058655,0.000000,-0.021916,-0.045848,0.017000,0.001900,-0.076400,0.017074,-0.040646,-0.077226,0.015121,-0.037235,-0.055491,0.014300,-0.022047,-0.046359,0.033100,-0.003774,-0.068300,0.032479,-0.036495,-0.066681,0.029845,-0.035630,-0.050202,0.029170,-0.022734,-0.045105
index_point,1,left,1782948372.3485951,0.000000,0.000000,0.000000,0.025477,-0.012045,-0.022235,0.038205,-0.027131,-0.040993,0.027318,-0.047962,-0.062500,0.004318,-0.049582,-0.060754,0.020170,0.003226,-0.081594,0.024029,0.003226,-0.118309,0.026284,0.001666,-0.139770,0.028216,-0.001089,-0.158154,0.000000,0.003975,-0.081300,0.000000,-0.038349,-0.095389,0.000000,-0.042194,-0.072230,0.000000,-0.032232,-0.055290,-0.017000,0.001900,-0.076400,-0.018030,-0.039488,-0.086237,-0.015734,-0.040870,-0.064312,-0.014459,-0.028029,-0.052137,-0.033100,-0.003774,-0.068300,-0.033834,-0.036477,-0.070222,-0.031052,-0.037506,-0.053778,-0.029803,-0.025275,-0.047329
index_point,1,right,1782948372.554611,0.000000,0.000000,0.000000,-0.025477,-0.012045,-0.022235,-0.038262,-0.024265,-0.042939,-0.033586,-0.043506,-0.067899,-0.012641,-0.051893,-0.072958,-0.020170,0.003226,-0.081594,-0.024029,0.003226,-0.118309,-0.026282,0.001434,-0.139752,-0.028207,-0.001784,-0.158062,0.000000,0.003975,-0.081300,0.000000,-0.040629,-0.081821,0.000000,-0.036822,-0.058655,0.000000,-0.021916,-0.045848,0.017000,0.001900,-0.076400,0.017074,-0.040646,-0.077226,0.015121,-0.037235,-0.055491,0.014300,-0.022047,-0.046359,0.033100,-0.003774,-0.068300,0.032479,-0.036495,-0.066681,0.029845,-0.035630,-0.050202,0.029170,-0.022734,-0.045105
index_point,1,left,1782948372.5671282,0.000000,0.000000,0.000000,0.025477,-0.012045,-0.022235,0.038292,-0.027015,-0.041027,0.027778,-0.047826,-0.062738,0.004780,-0.049775,-0.061342,0.020170,0.003226,-0.081594,0.024029,0.003226,-0.118309,0.026284,0.001666,-0.139770,0.028216,-0.001089,-0.158154,0.000000,0.003975,-0.081300,0.000000,-0.038164,-0.095933,0.000000,-0.042380,-0.072839,0.000000,-0.032699,-0.055737,-0.017000,0.001900,-0.076400,-0.018097,-0.039355,-0.086775,-0.015782,-0.041060,-0.064875,-0.014474,-0.028406,-0.052509,-0.033100,-0.003774,-0.068300,-0.034101,-0.036421,-0.070922,-0.031291,-0.037825,-0.054510,-0.029929,-0.025746,-0.047803
index_point,1,right,1782948372.76701,0.000000,0.000000,0.000000,-0.025477,-0.012045,-0.022235,-0.038303,-0.024094,-0.043015,-0.034015,-0.043179,-0.068162,-0.013314,-0.051868,-0.073693,-0.020170,0.003226,-0.081594,-0.024029,0.003226,-0.118309,-0.026282,0.001434,-0.139752,-0.028207,-0.001784,-0.158062,0.000000,0.003975,-0.081300,0.000000,-0.040629,-0.081821,0.000000,-0.036822,-0.058655,0.000000,-0.021916,-0.045848,0.017000,0.001900,-0.076400,0.017074,-0.040646,-0.077226,0.015121,-0.037235,-0.055491,0.014300,-0.022047,-0.046359,0.033100,-0.003774,-0.068300,0.032637,-0.036516,-0.067094,0.029962,-0.035871,-0.050612,0.029212,-0.023044,-0.045354
index_point,1,left,1782948372.7678125,0.000000,0.000000,0.000000,0.025477,-0.012045,-0.022235,0.038364,-0.026915,-0.041057,0.028164,-0.047706,-0.062937,0.005175,-0.049934,-0.061839,0.020170,0.003226,-0.081594,0.024029,0.003226,-0.118309,0.026284,0.001666,-0.139770,0.028216,-0.001089,-0.158154,0.000000,0.003975,-0.081300,0.000000,-0.038068,-0.096206,0.000000,-0.042473,-0.073147,0.000000,-0.032935,-0.055965,-0.017000,0.001900,-0.076400,-0.018142,-0.039262,-0.087135,-0.015814,-0.041185,-0.065254,-0.014486,-0.028659,-0.052761,-0.033100,-0.003774,-0.068300,-0.034101,-0.036421,-0.070922,-0.031291,-0.037825,-0.054510,-0.029929,-0.025746,-0.047803
index_point,1,left,1782948372.9743264,0.000000,0.000000,0.000000,0.025477,-0.012045,-0.022235,0.038364,-0.026915,-0.041057,0.028164,-0.047706,-0.062937,0.005175,-0.049934,-0.061839,0.020170,0.003226,-0.081594,0.024029,0.003226,-0.118309,0.026284,0.001666,-0.139770,0.028216,-0.001089,-0.158154,0.000000,0.003975,-0.081300,0.000000,-0.037920,-0.096618,0.000000,-0.042611,-0.073615,0.000000,-0.033293,-0.056313,-0.017000,0.001900,-0.076400,-0.018284,-0.038953,-0.088242,-0.015920,-0.041572,-0.066437,-0.014522,-0.029469,-0.053541,-0.033100,-0.003774,-0.068300,-0.034384,-0.036343,-0.071665,-0.031547,-0.038146,-0.055297,-0.030067,-0.026235,-0.048319
index_point,1,right,1782948372.974545,0.000000,0.000000,0.000000,-0.025477,-0.012045,-0.022235,-0.038303,-0.024094,-0.043015,-0.034015,-0.043179,-0.068162,-0.013314,-0.051868,-0.073693,-0.020170,0.003226,-0.081594,-0.024029,0.003226,-0.118309,-0.026282,0.001434,-0.139752,-0.028207,-0.001784,-0.158062,0.000000,0.003975,-0.081300,0.000000,-0.040629,-0.081821,0.000000,-0.036822,-0.058655,0.000000,-0.021916,-0.045848,0.017000,0.001900,-0.076400,0.017074,-0.040646,-0.077226,0.015121,-0.037235,-0.055491,0.014300,-0.022047,-0.046359,0.033100,-0.003774,-0.068300,0.032796,-0.036530,-0.067507,0.030081,-0.036106,-0.051025,0.029256,-0.023350,-0.045608
index_point,1,right,1782948373.1838987,0.000000,0.000000,0.000000,-0.025477,-0.012045,-0.022235,-0.038321,-0.024017,-0.043048,-0.034208,-0.043031,-0.068279,-0.013620,-0.051851,-0.074021,-0.020170,0.003226,-0.081594,-0.024029,0.003226,-0.118309,-0.026282,0.001434,-0.139752,-0.028207,-0.001784,-0.158062,0.000000,0.003975,-0.081300,0.000000,-0.040629,-0.081821,0.000000,-0.036822,-0.058655,0.000000,-0.021916,-0.045848,0.017000,0.001900,-0.076400,0.017074,-0.040646,-0.077226,0.015121,-0.037235,-0.055491,0.014300,-0.022047,-0.046359,0.033100,-0.003774,-0.068300,0.032796,-0.036530,-0.067507,0.030081,-0.036106,-0.051025,0.029256,-0.023350,-0.045608
index_point,1,left,1782948373.1945775,0.000000,0.000000,0.000000,0.025477,-0.012045,-0.022235,0.038402,-0.026861,-0.041074,0.028372,-0.047639,-0.063044,0.005391,-0.050019,-0.062109,0.020170,0.003226,-0.081594,0.024029,0.003226,-0.118309,0.026284,0.001666,-0.139770,0.028216,-0.001089,-0.158154,0.000000,0.003975,-0.081300,0.000000,-0.037443,-0.097863,0.000000,-0.043020,-0.075059,0.000000,-0.034396,-0.057401,-0.017000,0.001900,-0.076400,-0.018284,-0.038953,-0.088242,-0.015920,-0.041572,-0.066437,-0.014522,-0.029469,-0.053541,-0.033100,-0.003774,-0.068300,-0.034384,-0.036343,-0.071665,-0.031547,-0.038146,-0.055297,-0.030067,-0.026235,-0.048319
index_point,1,left,1782948373.3952467,0.000000,0.000000,0.000000,0.025477,-0.012045,-0.022235,0.038478,-0.026751,-0.041107,0.028788,-0.047502,-0.063256,0.005829,-0.050182,-0.062649,0.020170,0.003226,-0.081594,0.024029,0.003226,-0.118309,0.026284,0.001666,-0.139770,0.028216,-0.001089,-0.158154,0.000000,0.003975,-0.081300,0.000000,-0.037443,-0.097863,0.000000,-0.043020,-0.075059,0.000000,-0.034396,-0.057401,-0.017000,0.001900,-0.076400,-0.018317,-0.038878,-0.088493,-0.015945,-0.041660,-0.066710,-0.014531,-0.029659,-0.053721,-0.033100,-0.003774,-0.068300,-0.034384,-0.036343,-0.071665,-0.031547,-0.038146,-0.055297,-0.030067,-0.026235,-0.048319
index_point,1,right,1782948373.4090955,0.000000,0.000000,0.000000,-0.025477,-0.012045,-0.022235,-0.038404,-0.023676,-0.043189,-0.035061,-0.042360,-0.068777,-0.015007,-0.051732,-0.075459,-0.020170,0.003226,-0.081594,-0.024029,0.003226,-0.118309,-0.026282,0.001434,-0.139752,-0.028207,-0.001784,-0.158062,0.000000,0.003975,-0.081300,0.000000,-0.040629,-0.081821,0.000000,-0.036822,-0.058655,0.000000,-0.021916,-0.045848,0.017000,0.001900,-0.076400,0.017074,-0.040646,-0.077226,0.015121,-0.037235,-0.055491,0.014300,-0.022047,-0.046359,0.033100,-0.003774,-0.068300,0.033147,-0.036541,-0.068424,0.030349,-0.036608,-0.051951,0.029359,-0.024018,-0.046184
index_point,1,left,1782948373.5964668,0.000000,0.000000,0.000000,0.025477,-0.012045,-0.022235,0.038492,-0.026730,-0.041114,0.028867,-0.047475,-0.063296,0.005913,-0.050213,-0.062752,0.020170,0.003226,-0.081594,0.024029,0.003226,-0.118309,0.026284,0.001666,-0.139770,0.028216,-0.001089,-0.158154,0.000000,0.003975,-0.081300,0.000000,-0.037387,-0.098003,0.000000,-0.043066,-0.075225,0.000000,-0.034523,-0.057526,-0.017000,0.001900,-0.076400,-0.018434,-0.038602,-0.089375,-0.016036,-0.041963,-0.067676,-0.014565,-0.030331,-0.054362,-0.033100,-0.003774,-0.068300,-0.034781,-0.036200,-0.072709,-0.031913,-0.038581,-0.056420,-0.030266,-0.026934,-0.049046
index_point,1,right,1782948373.6193628,0.000000,0.000000,0.000000,-0.025477,-0.012045,-0.022235,-0.038469,-0.023418,-0.043291,-0.035705,-0.041838,-0.069138,-0.016087,-0.051593,-0.076528,-0.020170,0.003226,-0.081594,-0.024029,0.003226,-0.118309,-0.026282,0.001434,-0.139752,-0.028207,-0.001784,-0.158062,0.000000,0.003975,-0.081300,0.000000,-0.040628,-0.081927,0.000000,-0.036877,-0.058753,0.000000,-0.022001,-0.045910,0.017000,0.001900,-0.076400,0.017074,-0.040646,-0.077226,0.015121,-0.037235,-0.055491,0.014300,-0.022047,-0.046359,0.033100,-0.003774,-0.068300,0.033500,-0.036522,-0.069346,0.030623,-0.037083,-0.052895,0.029471,-0.024672,-0.046781
index_point,1,left,1782948373.8178809,0.000000,0.000000,0.000000,0.025477,-0.012045,-0.022235,0.038809,-0.026225,-0.041278,0.030694,-0.046788,-0.064220,0.007954,-0.050866,-0.065175,0.020170,0.003226,-0.081594,0.024029,0.003226,-0.118309,0.026284,0.001666,-0.139770,0.028216,-0.001089,-0.158154,0.000000,0.003975,-0.081300,0.000000,-0.036917,-0.099123,0.000000,-0.043415,-0.076564,0.000000,-0.035538,-0.058560,-0.017000,0.001900,-0.076400,-0.018702,-0.037919,-0.091312,-0.016255,-0.042609,-0.069867,-0.014653,-0.031875,-0.055833,-0.033100,-0.003774,-0.068300,-0.035306,-0.035950,-0.074092,-0.032410,-0.039139,-0.057947,-0.030538,-0.027907,-0.050006
index_point,1,right,1782948373.8300824,0.000000,0.000000,0.000000,-0.025477,-0.012045,-0.022235,-0.038510,-0.023257,-0.043351,-0.036105,-0.041508,-0.069354,-0.016772,-0.051486,-0.077185,-0.020170,0.003226,-0.081594,-0.024029,0.003226,-0.118309,-0.026282,0.001434,-0.139752,-0.028207,-0.001784,-0.158062,0.000000,0.003975,-0.081300,0.000000,-0.040616,-0.082485,0.000000,-0.037155,-0.059265,0.000000,-0.022442,-0.046238,0.017000,0.001900,-0.076400,0.017074,-0.040646,-0.077226,0.015121,-0.037235,-0.055491,0.014300,-0.022047,-0.046359,0.033100,-0.003774,-0.068300,0.033921,-0.036461,-0.070448,0.030959,-0.037613,-0.054043,0.029615,-0.025431,-0.047521
index_point,1,left,1782948374.0261579,0.000000,0.000000,0.000000,0.025477,-0.012045,-0.022235,0.038983,-0.025921,-0.041380,0.031743,-0.046339,-0.064741,0.009210,-0.051183,-0.066591,0.020170,0.003226,-0.081594,0.024029,0.003226,-0.118309,0.026284,0.001666,-0.139770,0.028216,-0.001089,-0.158154,0.000000,0.003975,-0.081300,0.000000,-0.036343,-0.100386,0.000000,-0.043787,-0.078121,0.000000,-0.036701,-0.059791,-0.017000,0.001900,-0.076400,-0.018758,-0.037768,-0.091703,-0.016302,-0.042734,-0.070321,-0.014673,-0.032193,-0.056144,-0.033100,-0.003774,-0.068300,-0.035559,-0.035804,-0.074760,-0.032656,-0.039397,-0.058701,-0.030674,-0.028389,-0.050477
index_point,1,right,1782948374.0398107,0.000000,0.000000,0.000000,-0.025477,-0.012045,-0.022235,-0.038539,-0.023145,-0.043393,-0.036382,-0.041276,-0.069501,-0.017252,-0.051402,-0.077635,-0.020170,0.003226,-0.081594,-0.024029,0.003226,-0.118309,-0.026282,0.001434,-0.139752,-0.028207,-0.001784,-0.158062,0.000000,0.003975,-0.081300,0.000000,-0.040608,-0.082764,0.000000,-0.037292,-0.059523,0.000000,-0.022661,-0.046404,0.017000,0.001900,-0.076400,0.017074,-0.040646,-0.077226,0.015121,-0.037235,-0.055491,0.014300,-0.022047,-0.046359,0.033100,-0.003774,-0.068300,0.034102,-0.036421,-0.070922,0.031106,-0.037828,-0.054543,0.029681,-0.025750,-0.047848
index_point,1,left,1782948374.2261913,0.000000,0.000000,0.000000,0.025477,-0.012045,-0.022235,0.039074,-0.025751,-0.041437,0.032312,-0.046078,-0.065020,0.009918,-0.051335,-0.067366,0.020170,0.003226,-0.081594,0.024029,0.003226,-0.118309,0.026284,0.001666,-0.139770,0.028216,-0.001089,-0.158154,0.000000,0.003975,-0.081300,0.000000,-0.036343,-0.100386,0.000000,-0.043787,-0.078121,0.000000,-0.036701,-0.059791,-0.017000,0.001900,-0.076400,-0.018873,-0.037449,-0.092491,-0.016401,-0.042981,-0.071250,-0.014718,-0.032850,-0.056785,-0.033100,-0.003774,-0.068300,-0.035632,-0.035759,-0.074953,-0.032728,-0.039470,-0.058922,-0.030714,-0.028531,-0.050614
index_point,1,right,1782948374.2406316,0.000000,0.000000,0.000000,-0.025477,-0.012045,-0.022235,-0.038579,-0.022993,-0.043448,-0.036762,-0.040955,-0.069698,-0.017919,-0.051275,-0.078247,-0.020170,0.003226,-0.081594,-0.024029,0.003226,-0.118309,-0.026282,0.001434,-0.139752,-0.028207,-0.001784,-0.158062,0.000000,0.003975,-0.081300,0.000000,-0.040608,-0.082764,0.000000,-0.037292,-0.059523,0.000000,-0.022661,-0.046404,0.017000,0.001900,-0.076400,0.017074,-0.040646,-0.077226,0.015121,-0.037235,-0.055491,0.014300,-0.022047,-0.046359,0.033100,-0.003774,-0.068300,0.034194,-0.036398,-0.071166,0.031182,-0.037936,-0.054802,0.029715,-0.025913,-0.048018
index_point,1,left,1782948374.447433,0.000000,0.000000,0.000000,0.025477,-0.012045,-0.022235,0.039091,-0.025718,-0.041449,0.032421,-0.046027,-0.065073,0.010055,-0.051362,-0.067515,0.020170,0.003226,-0.081594,0.024029,0.003226,-0.118309,0.026284,0.001666,-0.139770,0.028216,-0.001089,-0.158154,0.000000,0.003975,-0.081300,0.000000,-0.036140,-0.100808,0.000000,-0.043905,-0.078653,0.000000,-0.037095,-0.060219,-0.017000,0.001900,-0.076400,-0.018991,-0.037110,-0.093284,-0.016505,-0.043222,-0.072204,-0.014766,-0.033522,-0.057452,-0.033100,-0.003774,-0.068300,-0.035854,-0.035613,-0.075541,-0.032949,-0.039689,-0.059599,-0.030838,-0.028967,-0.051035
index_point,1,right,1782948374.4476945,0.000000,0.000000,0.000000,-0.025477,-0.012045,-0.022235,-0.038603,-0.022901,-0.043480,-0.036991,-0.040760,-0.069814,-0.018325,-0.051192,-0.078613,-0.020170,0.003226,-0.081594,-0.024029,0.003226,-0.118309,-0.026282,0.001434,-0.139752,-0.028207,-0.001784,-0.158062,0.000000,0.003975,-0.081300,0.000000,-0.040608,-0.082764,0.000000,-0.037292,-0.059523,0.000000,-0.022661,-0.046404,0.017000,0.001900,-0.076400,0.017074,-0.040646,-0.077226,0.015121,-0.037235,-0.055491,0.014300,-0.022047,-0.046359,0.033100,-0.003774,-0.068300,0.034482,-0.036311,-0.071920,0.031420,-0.038258,-0.055609,0.029825,-0.026410,-0.048551
index_point,1,right,1782948374.6574154,0.000000,0.000000,0.000000,-0.025477,-0.012045,-0.022235,-0.038652,-0.022715,-0.043544,-0.037450,-0.040363,-0.070042,-0.019151,-0.051008,-0.079340,-0.020170,0.003226,-0.081594,-0.024029,0.003226,-0.118309,-0.026282,0.001434,-0.139752,-0.028207,-0.001784,-0.158062,0.000000,0.003975,-0.081300,0.000000,-0.040608,-0.082764,0.000000,-0.037292,-0.059523,0.000000,-0.022661,-0.046404,0.017000,0.001900,-0.076400,0.017074,-0.040646,-0.077226,0.015121,-0.037235,-0.055491,0.014300,-0.022047,-0.046359,0.033100,-0.003774,-0.068300,0.034631,-0.036258,-0.072315,0.031546,-0.038425,-0.056036,0.029884,-0.026678,-0.048827
index_point,1,left,1782948374.6586418,0.000000,0.000000,0.000000,0.025477,-0.012045,-0.022235,0.039151,-0.025603,-0.041488,0.032802,-0.045844,-0.065259,0.010543,-0.051453,-0.068037,0.020170,0.003226,-0.081594,0.024029,0.003226,-0.118309,0.026284,0.001666,-0.139770,0.028216,-0.001089,-0.158154,0.000000,0.003975,-0.081300,0.000000,-0.036140,-0.100808,0.000000,-0.043905,-0.078653,0.000000,-0.037095,-0.060219,-0.017000,0.001900,-0.076400,-0.018991,-0.037110,-0.093284,-0.016505,-0.043222,-0.072204,-0.014766,-0.033522,-0.057452,-0.033100,-0.003774,-0.068300,-0.035854,-0.035613,-0.075541,-0.032949,-0.039689,-0.059599,-0.030838,-0.028967,-0.051035
index_point,1,left,1782948374.8631926,0.000000,0.000000,0.000000,0.025477,-0.012045,-0.022235,0.039252,-0.025401,-0.041558,0.033457,-0.045516,-0.065575,0.011402,-0.051591,-0.068939,0.020170,0.003226,-0.081594,0.024029,0.003226,-0.118309,0.026284,0.001666,-0.139770,0.028216,-0.001089,-0.158154,0.000000,0.003975,-0.081300,0.000000,-0.035932,-0.101231,0.000000,-0.044022,-0.079194,0.000000,-0.037494,-0.060657,-0.017000,0.001900,-0.076400,-0.018991,-0.037110,-0.093284,-0.016505,-0.043222,-0.072204,-0.014766,-0.033522,-0.057452,-0.033100,-0.003774,-0.068300,-0.035854,-0.035613,-0.075541,-0.032949,-0.039689,-0.059599,-0.030838,-0.028967,-0.051035
index_point,1,right,1782948374.8635747,0.000000,0.000000,0.000000,-0.025477,-0.012045,-0.022235,-0.038652,-0.022715,-0.043544,-0.037450,-0.040363,-0.070042,-0.019151,-0.051008,-0.079340,-0.020170,0.003226,-0.081594,-0.024029,0.003226,-0.118309,-0.026282,0.001434,-0.139752,-0.028207,-0.001784,-0.158062,0.000000,0.003975,-0.081300,0.000000,-0.040608,-0.082764,0.000000,-0.037292,-0.059523,0.000000,-0.022661,-0.046404,0.017000,0.001900,-0.076400,0.017074,-0.040646,-0.077226,0.015121,-0.037235,-0.055491,0.014300,-0.022047,-0.046359,0.033100,-0.003774,-0.068300,0.034833,-0.036179,-0.072844,0.031718,-0.038643,-0.056613,0.029964,-0.027036,-0.049201
index_point,1,left,1782948375.082308,0.000000,0.000000,0.000000,0.025477,-0.012045,-0.022235,0.039276,-0.025349,-0.041575,0.033621,-0.045431,-0.065654,0.011621,-0.051623,-0.069166,0.020170,0.003226,-0.081594,0.024029,0.003226,-0.118309,0.026284,0.001666,-0.139770,0.028216,-0.001089,-0.158154,0.000000,0.003975,-0.081300,0.000000,-0.035719,-0.101652,0.000000,-0.044133,-0.079736,0.000000,-0.037889,-0.061103,-0.017000,0.001900,-0.076400,-0.019112,-0.036750,-0.094079,-0.016616,-0.043453,-0.073181,-0.014820,-0.034209,-0.058147,-0.033100,-0.003774,-0.068300,-0.036193,-0.035364,-0.076438,-0.033292,-0.040008,-0.060651,-0.031034,-0.029646,-0.051692
index_point,1,right,1782948375.0836954,0.000000,0.000000,0.000000,-0.025477,-0.012045,-0.022235,-0.038652,-0.022715,-0.043544,-0.037450,-0.040363,-0.070042,-0.019151,-0.051008,-0.079340,-0.020170,0.003226,-0.081594,-0.024029,0.003226,-0.118309,-0.026282,0.001434,-0.139752,-0.028207,-0.001784,-0.158062,0.000000,0.003975,-0.081300,0.000000,-0.040567,-0.083704,0.000000,-0.037742,-0.060398,0.000000,-0.023391,-0.046973,0.017000,0.001900,-0.076400,0.017074,-0.040646,-0.077226,0.015121,-0.037235,-0.055491,0.014300,-0.022047,-0.046359,0.033100,-0.003774,-0.068300,0.035092,-0.036060,-0.073528,0.031943,-0.038922,-0.057370,0.030070,-0.027514,-0.049683
index_point,1,left,1782948375.2938867,0.000000,0.000000,0.000000,0.025477,-0.012045,-0.022235,0.039326,-0.025246,-0.041611,0.033949,-0.045259,-0.065810,0.012065,-0.051680,-0.069620,0.020170,0.003226,-0.081594,0.024029,0.003226,-0.118309,0.026284,0.001666,-0.139770,0.028216,-0.001089,-0.158154,0.000000,0.003975,-0.081300,0.000000,-0.035719,-0.101652,0.000000,-0.044133,-0.079736,0.000000,-0.037889,-0.061103,-0.017000,0.001900,-0.076400,-0.019236,-0.036368,-0.094875,-0.016732,-0.043674,-0.074181,-0.014878,-0.034907,-0.058870,-0.033100,-0.003774,-0.068300,-0.036193,-0.035364,-0.076438,-0.033292,-0.040008,-0.060651,-0.031034,-0.029646,-0.051692
index_point,1,right,1782948375.294105,0.000000,0.000000,0.000000,-0.025477,-0.012045,-0.022235,-0.038685,-0.022590,-0.043585,-0.037758,-0.040093,-0.070190,-0.019712,-0.050872,-0.079822,-0.020170,0.003226,-0.081594,-0.024029,0.003226,-0.118309,-0.026282,0.001434,-0.139752,-0.028207,-0.001784,-0.158062,0.000000,0.003975,-0.081300,0.000000,-0.040567,-0.083704,0.000000,-0.037742,-0.060398,0.000000,-0.023391,-0.046973,0.017000,0.001900,-0.076400,0.017087,-0.040643,-0.077359,0.015124,-0.037301,-0.055614,0.014295,-0.022142,-0.046435,0.033100,-0.003774,-0.068300,0.035092,-0.036060,-0.073528,0.031943,-0.038922,-0.057370,0.030070,-0.027514,-0.049683
index_point,1,left,1782948375.498637,0.000000,0.000000,0.000000,0.025477,-0.012045,-0.022235,0.039326,-0.025246,-0.041611,0.033949,-0.045259,-0.065810,0.012065,-0.051680,-0.069620,0.020170,0.003226,-0.081594,0.024029,0.003226,-0.118309,0.026284,0.001666,-0.139770,0.028216,-0.001089,-0.158154,0.000000,0.003975,-0.081300,0.000000,-0.035719,-0.101652,0.000000,-0.044133,-0.079736,0.000000,-0.037889,-0.061103,-0.017000,0.001900,-0.076400,-0.019236,-0.036368,-0.094875,-0.016732,-0.043674,-0.074181,-0.014878,-0.034907,-0.058870,-0.033100,-0.003774,-0.068300,-0.036193,-0.035364,-0.076438,-0.033292,-0.040008,-0.060651,-0.031034,-0.029646,-0.051692
index_point,1,right,1782948375.4988842,0.000000,0.000000,0.000000,-0.025477,-0.012045,-0.022235,-0.038710,-0.022496,-0.043616,-0.037990,-0.039888,-0.070300,-0.020138,-0.050764,-0.080182,-0.020170,0.003226,-0.081594,-0.024029,0.003226,-0.118309,-0.026282,0.001434,-0.139752,-0.028207,-0.001784,-0.158062,0.000000,0.003975,-0.081300,0.000000,-0.040567,-0.083704,0.000000,-0.037742,-0.060398,0.000000,-0.023391,-0.046973,0.017000,0.001900,-0.076400,0.017099,-0.040640,-0.077492,0.015127,-0.037366,-0.055737,0.014291,-0.022236,-0.046511,0.033100,-0.003774,-0.068300,0.035198,-0.036007,-0.073808,0.032036,-0.039034,-0.057682,0.030114,-0.027713,-0.049880
index_point,1,left,1782948375.716824,0.000000,0.000000,0.000000,0.025477,-0.012045,-0.022235,0.039326,-0.025246,-0.041611,0.033949,-0.045259,-0.065810,0.012065,-0.051680,-0.069620,0.020170,0.003226,-0.081594,0.024029,0.003226,-0.118309,0.026284,0.001666,-0.139770,0.028216,-0.001089,-0.158154,0.000000,0.003975,-0.081300,0.000000,-0.035719,-0.101652,0.000000,-0.044133,-0.079736,0.000000,-0.037889,-0.061103,-0.017000,0.001900,-0.076400,-0.019236,-0.036368,-0.094875,-0.016732,-0.043674,-0.074181,-0.014878,-0.034907,-0.058870,-0.033100,-0.003774,-0.068300,-0.036193,-0.035364,-0.076438,-0.033292,-0.040008,-0.060651,-0.031034,-0.029646,-0.051692
index_point,1,right,1782948375.7170887,0.000000,0.000000,0.000000,-0.025477,-0.012045,-0.022235,-0.038743,-0.022371,-0.043656,-0.038299,-0.039612,-0.070444,-0.020712,-0.050611,-0.080658,-0.020170,0.003226,-0.081594,-0.024029,0.003226,-0.118309,-0.026282,0.001434,-0.139752,-0.028207,-0.001784,-0.158062,0.000000,0.003975,-0.081300,0.000000,-0.040567,-0.083704,0.000000,-0.037742,-0.060398,0.000000,-0.023391,-0.046973,0.017000,0.001900,-0.076400,0.017099,-0.040640,-0.077492,0.015127,-0.037366,-0.055737,0.014291,-0.022236,-0.046511,0.033100,-0.003774,-0.068300,0.035198,-0.036007,-0.073808,0.032036,-0.039034,-0.057682,0.030114,-0.027713,-0.049880
index_point,1,left,1782948375.9257298,0.000000,0.000000,0.000000,0.025477,-0.012045,-0.022235,0.039471,-0.024929,-0.041720,0.034936,-0.044714,-0.066276,0.013442,-0.051815,-0.070994,0.020170,0.003226,-0.081594,0.024029,0.003226,-0.118309,0.026284,0.001666,-0.139770,0.028216,-0.001089,-0.158154,0.000000,0.003975,-0.081300,0.000000,-0.035719,-0.101652,0.000000,-0.044133,-0.079736,0.000000,-0.037889,-0.061103,-0.017000,0.001900,-0.076400,-0.019236,-0.036368,-0.094875,-0.016732,-0.043674,-0.074181,-0.014878,-0.034907,-0.058870,-0.033100,-0.003774,-0.068300,-0.036307,-0.035273,-0.076741,-0.033409,-0.040112,-0.061012,-0.031103,-0.029879,-0.051918
index_point,1,right,1782948375.9381006,0.000000,0.000000,0.000000,-0.025477,-0.012045,-0.022235,-0.038809,-0.022128,-0.043731,-0.038895,-0.039072,-0.070711,-0.021834,-0.050290,-0.081561,-0.020170,0.003226,-0.081594,-0.024029,0.003226,-0.118309,-0.026282,0.001434,-0.139752,-0.028207,-0.001784,-0.158062,0.000000,0.003975,-0.081300,0.000000,-0.040567,-0.083704,0.000000,-0.037742,-0.060398,0.000000,-0.023391,-0.046973,0.017000,0.001900,-0.076400,0.017159,-0.040619,-0.078124,0.015144,-0.037672,-0.056326,0.014271,-0.022681,-0.046879,0.033100,-0.003774,-0.068300,0.035522,-0.035826,-0.074663,0.032325,-0.039370,-0.058649,0.030254,-0.028333,-0.050488
index_point,1,left,1782948376.1341405,0.000000,0.000000,0.000000,0.025477,-0.012045,-0.022235,0.039471,-0.024929,-0.041720,0.034936,-0.044714,-0.066276,0.013442,-0.051815,-0.070994,0.020170,0.003226,-0.081594,0.024029,0.003226,-0.118309,0.026284,0.001666,-0.139770,0.028216,-0.001089,-0.158154,0.000000,0.003975,-0.081300,0.000000,-0.035275,-0.102495,0.000000,-0.044346,-0.080843,0.000000,-0.038688,-0.062023,-0.017000,0.001900,-0.076400,-0.019236,-0.036368,-0.094875,-0.016732,-0.043674,-0.074181,-0.014878,-0.034907,-0.058870,-0.033100,-0.003774,-0.068300,-0.036307,-0.035273,-0.076741,-0.033409,-0.040112,-0.061012,-0.031103,-0.029879,-0.051918
index_point,1,right,1782948376.1574707,0.000000,0.000000,0.000000,-0.025477,-0.012045,-0.022235,-0.038855,-0.021958,-0.043781,-0.039311,-0.038689,-0.070890,-0.022630,-0.050043,-0.082180,-0.020170,0.003226,-0.081594,-0.024029,0.003226,-0.118309,-0.026282,0.001434,-0.139752,-0.028207,-0.001784,-0.158062,0.000000,0.003975,-0.081300,0.000000,-0.040542,-0.084138,0.000000,-0.037944,-0.060805,0.000000,-0.023724,-0.047241,0.017000,0.001900,-0.076400,0.017159,-0.040619,-0.078124,0.015144,-0.037672,-0.056326,0.014271,-0.022681,-0.046879,0.033100,-0.003774,-0.068300,0.035522,-0.035826,-0.074663,0.032325,-0.039370,-0.058649,0.030254,-0.028333,-0.050488
index_point,1,left,1782948376.3433816,0.000000,0.000000,0.000000,0.025477,-0.012045,-0.022235,0.039471,-0.024929,-0.041720,0.034936,-0.044714,-0.066276,0.013442,-0.051815,-0.070994,0.020170,0.003226,-0.081594,0.024029,0.003226,-0.118309,0.026284,0.001666,-0.139770,0.028216,-0.001089,-0.158154,0.000000,0.003975,-0.081300,0.000000,-0.035275,-0.102495,0.000000,-0.044346,-0.080843,0.000000,-0.038688,-0.062023,-0.017000,0.001900,-0.076400,-0.019363,-0.035966,-0.095671,-0.016853,-0.043883,-0.075204,-0.014943,-0.035615,-0.059624,-0.033100,-0.003774,-0.068300,-0.036537,-0.035078,-0.077352,-0.033649,-0.040314,-0.061748,-0.031243,-0.030352,-0.052382
index_point,1,right,1782948376.3650753,0.000000,0.000000,0.000000,-0.025477,-0.012045,-0.022235,-0.038890,-0.021830,-0.043818,-0.039624,-0.038398,-0.071021,-0.023235,-0.049846,-0.082639,-0.020170,0.003226,-0.081594,-0.024029,0.003226,-0.118309,-0.026282,0.001434,-0.139752,-0.028207,-0.001784,-0.158062,0.000000,0.003975,-0.081300,0.000000,-0.040542,-0.084138,0.000000,-0.037944,-0.060805,0.000000,-0.023724,-0.047241,0.017000,0.001900,-0.076400,0.017159,-0.040619,-0.078124,0.015144,-0.037672,-0.056326,0.014271,-0.022681,-0.046879,0.033100,-0.003774,-0.068300,0.035632,-0.035759,-0.074953,0.032425,-0.039482,-0.058982,0.030302,-0.028546,-0.050696
index_point,1,left,1782948376.5470433,0.000000,0.000000,0.000000,0.025477,-0.012045,-0.022235,0.039610,-0.024602,-0.041832,0.035923,-0.044129,-0.066734,0.014884,-0.051888,-0.072376,0.020170,0.003226,-0.081594,0.024029,0.003226,-0.118309,0.026284,0.001666,-0.139770,0.028216,-0.001089,-0.158154,0.000000,0.003975,-0.081300,0.000000,-0.035275,-0.102495,0.000000,-0.044346,-0.080843,0.000000,-0.038688,-0.062023,-0.017000,0.001900,-0.076400,-0.019363,-0.035966,-0.095671,-0.016853,-0.043883,-0.075204,-0.014943,-0.035615,-0.059624,-0.033100,-0.003774,-0.068300,-0.036537,-0.035078,-0.077352,-0.033649,-0.040314,-0.061748,-0.031243,-0.030352,-0.052382
index_point,1,right,1782948376.5790727,0.000000,0.000000,0.000000,-0.025477,-0.012045,-0.022235,-0.038925,-0.021701,-0.043854,-0.039937,-0.038103,-0.071148,-0.023847,-0.049639,-0.083093,-0.020170,0.003226,-0.081594,-0.024029,0.003226,-0.118309,-0.026282,0.001434,-0.139752,-0.028207,-0.001784,-0.158062,0.000000,0.003975,-0.081300,0.000000,-0.040542,-0.084138,0.000000,-0.037944,-0.060805,0.000000,-0.023724,-0.047241,0.017000,0.001900,-0.076400,0.017159,-0.040619,-0.078124,0.015144,-0.037672,-0.056326,0.014271,-0.022681,-0.046879,0.033100,-0.003774,-0.068300,0.035632,-0.035759,-0.074953,0.032425,-0.039482,-0.058982,0.030302,-0.028546,-0.050696
index_point,2,right,1782948382.7173867,0.000000,0.000000,0.000000,-0.025477,-0.012045,-0.022235,-0.040576,-0.015430,-0.044641,-0.053801,-0.021768,-0.072925,-0.057266,-0.028988,-0.094616,-0.020170,0.003226,-0.081594,-0.024029,0.003226,-0.118309,-0.026282,0.001434,-0.139752,-0.028207,-0.001784,-0.158062,0.000000,0.003975,-0.081300,0.000000,-0.039330,-0.091997,0.000000,-0.041006,-0.068580,0.000000,-0.029488,-0.052657,0.017000,0.001900,-0.076400,0.017074,-0.040646,-0.077226,0.015121,-0.037235,-0.055491,0.014300,-0.022047,-0.046359,0.033100,-0.003774,-0.068300,0.039609,-0.030846,-0.085576,0.036823,-0.041787,-0.073257,0.033019,-0.037293,-0.060684
index_point,2,left,1782948382.7186985,0.000000,0.000000,0.000000,0.025477,-0.012045,-0.022235,0.039873,-0.023920,-0.042064,0.037891,-0.042843,-0.067619,0.017957,-0.051825,-0.075145,0.020170,0.003226,-0.081594,0.024029,0.003226,-0.118309,0.026284,0.001666,-0.139770,0.028216,-0.001089,-0.158154,0.000000,0.003975,-0.081300,0.000000,-0.033815,-0.105001,0.000000,-0.044885,-0.084299,0.000000,-0.041099,-0.065015,-0.017000,0.001900,-0.076400,-0.019493,-0.035543,-0.096465,-0.016981,-0.044078,-0.076248,-0.015014,-0.036332,-0.060410,-0.033100,-0.003774,-0.068300,-0.037236,-0.034394,-0.079211,-0.034405,-0.040865,-0.064067,-0.031704,-0.031832,-0.053876
index_point,2,left,1782948382.9262102,0.000000,0.000000,0.000000,0.025477,-0.012045,-0.022235,0.039915,-0.023803,-0.042104,0.038217,-0.042613,-0.067762,0.018493,-0.051785,-0.075604,0.020170,0.003226,-0.081594,0.024029,0.003226,-0.118309,0.026284,0.001666,-0.139770,0.028216,-0.001089,-0.158154,0.000000,0.003975,-0.081300,0.000000,-0.033815,-0.105001,0.000000,-0.044885,-0.084299,0.000000,-0.041099,-0.065015,-0.017000,0.001900,-0.076400,-0.019493,-0.035543,-0.096465,-0.016981,-0.044078,-0.076248,-0.015014,-0.036332,-0.060410,-0.033100,-0.003774,-0.068300,-0.037470,-0.034131,-0.079836,-0.034668,-0.041026,-0.064876,-0.031871,-0.032341,-0.054411
index_point,2,right,1782948382.9386203,0.000000,0.000000,0.000000,-0.025477,-0.012045,-0.022235,-0.038629,-0.022807,-0.043511,-0.037225,-0.040560,-0.069929,-0.018744,-0.051102,-0.078982,-0.020170,0.003226,-0.081594,-0.024029,0.003226,-0.118309,-0.026283,0.001473,-0.139755,-0.028208,-0.001668,-0.158078,0.000000,0.003975,-0.081300,0.000000,-0.039567,-0.090989,0.000000,-0.040638,-0.067537,0.000000,-0.028707,-0.051920,0.017000,0.001900,-0.076400,0.017701,-0.040134,-0.082997,0.015372,-0.039737,-0.061036,0.014195,-0.025943,-0.049941,0.033100,-0.003774,-0.068300,0.037257,-0.034363,-0.079287,0.034022,-0.040923,-0.064263,0.031146,-0.031957,-0.054060
index_point,2,left,1782948383.14192,0.000000,0.000000,0.000000,0.025477,-0.012045,-0.022235,0.039915,-0.023803,-0.042104,0.038217,-0.042613,-0.067762,0.018493,-0.051785,-0.075604,0.020170,0.003226,-0.081594,0.024029,0.003226,-0.118309,0.026284,0.001666,-0.139770,0.028216,-0.001089,-0.158154,0.000000,0.003975,-0.081300,0.000000,-0.033815,-0.105001,0.000000,-0.044885,-0.084299,0.000000,-0.041099,-0.065015,-0.017000,0.001900,-0.076400,-0.019493,-0.035543,-0.096465,-0.016981,-0.044078,-0.076248,-0.015014,-0.036332,-0.060410,-0.033100,-0.003774,-0.068300,-0.037470,-0.034131,-0.079836,-0.034668,-0.041026,-0.064876,-0.031871,-0.032341,-0.054411
index_point,2,right,1782948383.1421633,0.000000,0.000000,0.000000,-0.025477,-0.012045,-0.022235,-0.038054,-0.025245,-0.042460,-0.031137,-0.045256,-0.066266,-0.009055,-0.051681,-0.068667,-0.020170,0.003226,-0.081594,-0.023930,0.000577,-0.118224,-0.025801,-0.010921,-0.136455,-0.026923,-0.026042,-0.147382,0.000000,0.003975,-0.081300,0.000000,-0.040555,-0.083926,0.000000,-0.037846,-0.060607,0.000000,-0.023562,-0.047110,0.017000,0.001900,-0.076400,0.017074,-0.040646,-0.077226,0.015121,-0.037235,-0.055491,0.014300,-0.022047,-0.046359,0.033100,-0.003774,-0.068300,0.032129,-0.036429,-0.065770,0.029591,-0.035078,-0.049309,0.029083,-0.022039,-0.044568
index_point,2,left,1782948383.345375,0.000000,0.000000,0.000000,0.025477,-0.012045,-0.022235,0.039949,-0.023705,-0.042137,0.038488,-0.042419,-0.067880,0.018944,-0.051745,-0.075987,0.020170,0.003226,-0.081594,0.024029,0.003226,-0.118309,0.026284,0.001666,-0.139770,0.028216,-0.001089,-0.158154,0.000000,0.003975,-0.081300,0.000000,-0.033815,-0.105001,0.000000,-0.044885,-0.084299,0.000000,-0.041099,-0.065015,-0.017000,0.001900,-0.076400,-0.019537,-0.035397,-0.096730,-0.017026,-0.044141,-0.076603,-0.015039,-0.036575,-0.060680,-0.033100,-0.003774,-0.068300,-0.037470,-0.034131,-0.079836,-0.034668,-0.041026,-0.064876,-0.031871,-0.032341,-0.054411
index_point,2,right,1782948383.3456473,0.000000,0.000000,0.000000,-0.025477,-0.012045,-0.022235,-0.037996,-0.025553,-0.042292,-0.030368,-0.045763,-0.065709,-0.008022,-0.051490,-0.067296,-0.020170,0.003226,-0.081594,-0.023897,-0.000300,-0.118153,-0.025652,-0.013289,-0.135366,-0.026608,-0.029424,-0.144749,0.000000,0.003975,-0.081300,0.000000,-0.040567,-0.083704,0.000000,-0.037742,-0.060398,0.000000,-0.023391,-0.046973,0.017000,0.001900,-0.076400,0.017074,-0.040646,-0.077226,0.015121,-0.037235,-0.055491,0.014300,-0.022047,-0.046359,0.033100,-0.003774,-0.068300,0.032129,-0.036429,-0.065770,0.029591,-0.035078,-0.049309,0.029083,-0.022039,-0.044568
index_point,2,right,1782948383.553739,0.000000,0.000000,0.000000,-0.025477,-0.012045,-0.022235,-0.038027,-0.025383,-0.042386,-0.030790,-0.045487,-0.066018,-0.008584,-0.051602,-0.068050,-0.020170,0.003226,-0.081594,-0.023967,0.001600,-0.118280,-0.025962,-0.008015,-0.137558,-0.027271,-0.021717,-0.150202,0.000000,0.003975,-0.081300,0.000000,-0.040567,-0.083704,0.000000,-0.037742,-0.060398,0.000000,-0.023391,-0.046973,0.017000,0.001900,-0.076400,0.017074,-0.040646,-0.077226,0.015121,-0.037235,-0.055491,0.014300,-0.022047,-0.046359,0.033100,-0.003774,-0.068300,0.032129,-0.036429,-0.065770,0.029591,-0.035078,-0.049309,0.029083,-0.022039,-0.044568
index_point,2,left,1782948383.5539973,0.000000,0.000000,0.000000,0.025477,-0.012045,-0.022235,0.039956,-0.023686,-0.042143,0.038542,-0.042380,-0.067903,0.019035,-0.051736,-0.076063,0.020170,0.003226,-0.081594,0.024029,0.003226,-0.118309,0.026284,0.001666,-0.139770,0.028216,-0.001089,-0.158154,0.000000,0.003975,-0.081300,0.000000,-0.033815,-0.105001,0.000000,-0.044885,-0.084299,0.000000,-0.041099,-0.065015,-0.017000,0.001900,-0.076400,-0.019625,-0.035099,-0.097256,-0.017115,-0.044258,-0.077314,-0.015091,-0.037055,-0.061228,-0.033100,-0.003774,-0.068300,-0.037470,-0.034131,-0.079836,-0.034668,-0.041026,-0.064876,-0.031871,-0.032341,-0.054411
index_point,2,left,1782948383.7634428,0.000000,0.000000,0.000000,0.025477,-0.012045,-0.022235,0.039996,-0.023567,-0.042183,0.038867,-0.042142,-0.068043,0.019583,-0.051678,-0.076520,0.020170,0.003226,-0.081594,0.024029,0.003226,-0.118309,0.026284,0.001666,-0.139770,0.028216,-0.001089,-0.158154,0.000000,0.003975,-0.081300,0.000000,-0.033815,-0.105001,0.000000,-0.044885,-0.084299,0.000000,-0.041099,-0.065015,-0.017000,0.001900,-0.076400,-0.019625,-0.035099,-0.097256,-0.017115,-0.044258,-0.077314,-0.015091,-0.037055,-0.061228,-0.033100,-0.003774,-0.068300,-0.037470,-0.034131,-0.079836,-0.034668,-0.041026,-0.064876,-0.031871,-0.032341,-0.054411
index_point,2,right,1782948383.763661,0.000000,0.000000,0.000000,-0.025477,-0.012045,-0.022235,-0.038033,-0.025349,-0.042405,-0.030875,-0.045431,-0.066079,-0.008698,-0.051622,-0.068201,-0.020170,0.003226,-0.081594,-0.023997,0.002422,-0.118304,-0.026088,-0.005447,-0.138348,-0.027562,-0.017585,-0.152483,0.000000,0.003975,-0.081300,0.000000,-0.040542,-0.084138,0.000000,-0.037944,-0.060805,0.000000,-0.023724,-0.047241,0.017000,0.001900,-0.076400,0.017074,-0.040646,-0.077226,0.015121,-0.037235,-0.055491,0.014300,-0.022047,-0.046359,0.033100,-0.003774,-0.068300,0.032129,-0.036429,-0.065770,0.029591,-0.035078,-0.049309,0.029083,-0.022039,-0.044568
index_point,2,left,1782948383.9687061,0.000000,0.000000,0.000000,0.025477,-0.012045,-0.022235,0.039996,-0.023567,-0.042183,0.038867,-0.042142,-0.068043,0.019583,-0.051678,-0.076520,0.020170,0.003226,-0.081594,0.024029,0.003226,-0.118309,0.026284,0.001666,-0.139770,0.028216,-0.001089,-0.158154,0.000000,0.003975,-0.081300,0.000000,-0.033286,-0.105824,0.000000,-0.045025,-0.085494,0.000000,-0.041898,-0.066092,-0.017000,0.001900,-0.076400,-0.019625,-0.035099,-0.097256,-0.017115,-0.044258,-0.077314,-0.015091,-0.037055,-0.061228,-0.033100,-0.003774,-0.068300,-0.037470,-0.034131,-0.079836,-0.034668,-0.041026,-0.064876,-0.031871,-0.032341,-0.054411
index_point,2,right,1782948383.9692242,0.000000,0.000000,0.000000,-0.025477,-0.012045,-0.022235,-0.038064,-0.025185,-0.042493,-0.031285,-0.045156,-0.066372,-0.009259,-0.051711,-0.068931,-0.020170,0.003226,-0.081594,-0.024017,0.002945,-0.118309,-0.026169,-0.003531,-0.138840,-0.027768,-0.014204,-0.154099,0.000000,0.003975,-0.081300,0.000000,-0.040537,-0.084215,0.000000,-0.037980,-0.060879,0.000000,-0.023783,-0.047289,0.017000,0.001900,-0.076400,0.017074,-0.040646,-0.077226,0.015121,-0.037235,-0.055491,0.014300,-0.022047,-0.046359,0.033100,-0.003774,-0.068300,0.032129,-0.036429,-0.065770,0.029591,-0.035078,-0.049309,0.029083,-0.022039,-0.044568
index_point,2,left,1782948384.1758914,0.000000,0.000000,0.000000,0.025477,-0.012045,-0.022235,0.039996,-0.023567,-0.042183,0.038867,-0.042142,-0.068043,0.019583,-0.051678,-0.076520,0.020170,0.003226,-0.081594,0.024029,0.003226,-0.118309,0.026284,0.001666,-0.139770,0.028216,-0.001089,-0.158154,0.000000,0.003975,-0.081300,0.000000,-0.033815,-0.105001,0.000000,-0.044885,-0.084299,0.000000,-0.041099,-0.065015,-0.017000,0.001900,-0.076400,-0.019625,-0.035099,-0.097256,-0.017115,-0.044258,-0.077314,-0.015091,-0.037055,-0.061228,-0.033100,-0.003774,-0.068300,-0.037470,-0.034131,-0.079836,-0.034668,-0.041026,-0.064876,-0.031871,-0.032341,-0.054411
index_point,2,right,1782948384.1871552,0.000000,0.000000,0.000000,-0.025477,-0.012045,-0.022235,-0.038100,-0.025009,-0.042584,-0.031725,-0.044853,-0.066679,-0.009876,-0.051787,-0.069711,-0.020170,0.003226,-0.081594,-0.024027,0.003182,-0.118309,-0.026213,-0.002328,-0.139117,-0.027894,-0.011831,-0.155122,0.000000,0.003975,-0.081300,0.000000,-0.040509,-0.084603,0.000000,-0.038156,-0.061245,0.000000,-0.024078,-0.047533,0.017000,0.001900,-0.076400,0.017074,-0.040646,-0.077226,0.015121,-0.037235,-0.055491,0.014300,-0.022047,-0.046359,0.033100,-0.003774,-0.068300,0.032129,-0.036429,-0.065770,0.029591,-0.035078,-0.049309,0.029083,-0.022039,-0.044568
index_point,2,left,1782948384.3822074,0.000000,0.000000,0.000000,0.025477,-0.012045,-0.022235,0.039956,-0.023686,-0.042143,0.038542,-0.042380,-0.067903,0.019035,-0.051736,-0.076063,0.020170,0.003226,-0.081594,0.024029,0.003226,-0.118309,0.026284,0.001666,-0.139770,0.028216,-0.001089,-0.158154,0.000000,0.003975,-0.081300,0.000000,-0.033815,-0.105001,0.000000,-0.044885,-0.084299,0.000000,-0.041099,-0.065015,-0.017000,0.001900,-0.076400,-0.019625,-0.035099,-0.097256,-0.017115,-0.044258,-0.077314,-0.015091,-0.037055,-0.061228,-0.033100,-0.003774,-0.068300,-0.037470,-0.034131,-0.079836,-0.034668,-0.041026,-0.064876,-0.031871,-0.032341,-0.054411
index_point,2,right,1782948384.403454,0.000000,0.000000,0.000000,-0.025477,-0.012045,-0.022235,-0.038154,-0.024748,-0.042714,-0.032377,-0.044394,-0.067121,-0.010816,-0.051863,-0.070858,-0.020170,0.003226,-0.081594,-0.024029,0.003226,-0.118309,-0.026251,-0.000754,-0.139459,-0.028053,-0.007990,-0.156596,0.000000,0.003975,-0.081300,0.000000,-0.040503,-0.084686,0.000000,-0.038193,-0.061323,0.000000,-0.024141,-0.047585,0.017000,0.001900,-0.076400,0.017074,-0.040646,-0.077226,0.015121,-0.037235,-0.055491,0.014300,-0.022047,-0.046359,0.033100,-0.003774,-0.068300,0.032129,-0.036429,-0.065770,0.029591,-0.035078,-0.049309,0.029083,-0.022039,-0.044568
index_point,2,left,1782948384.601791,0.000000,0.000000,0.000000,0.025477,-0.012045,-0.022235,0.039956,-0.023686,-0.042143,0.038542,-0.042380,-0.067903,0.019035,-0.051736,-0.076063,0.020170,0.003226,-0.081594,0.024029,0.003226,-0.118309,0.026284,0.001666,-0.139770,0.028216,-0.001089,-0.158154,0.000000,0.003975,-0.081300,0.000000,-0.033815,-0.105001,0.000000,-0.044885,-0.084299,0.000000,-0.041099,-0.065015,-0.017000,0.001900,-0.076400,-0.019625,-0.035099,-0.097256,-0.017115,-0.044258,-0.077314,-0.015091,-0.037055,-0.061228,-0.033100,-0.003774,-0.068300,-0.037470,-0.034131,-0.079836,-0.034668,-0.041026,-0.064876,-0.031871,-0.032341,-0.054411
index_point,2,right,1782948384.6142714,0.000000,0.000000,0.000000,-0.025477,-0.012045,-0.022235,-0.038211,-0.024490,-0.042837,-0.033023,-0.043926,-0.067543,-0.011777,-0.051897,-0.071984,-0.020170,0.003226,-0.081594,-0.024029,0.003226,-0.118309,-0.026263,-0.000133,-0.139565,-0.028106,-0.006318,-0.157105,0.000000,0.003975,-0.081300,0.000000,-0.040470,-0.085099,0.000000,-0.038377,-0.061716,0.000000,-0.024453,-0.047847,0.017000,0.001900,-0.076400,0.017074,-0.040646,-0.077226,0.015121,-0.037235,-0.055491,0.014300,-0.022047,-0.046359,0.033100,-0.003774,-0.068300,0.032129,-0.036429,-0.065770,0.029591,-0.035078,-0.049309,0.029083,-0.022039,-0.044568
index_point,2,left,1782948384.8229406,0.000000,0.000000,0.000000,0.025477,-0.012045,-0.022235,0.039956,-0.023686,-0.042143,0.038542,-0.042380,-0.067903,0.019035,-0.051736,-0.076063,0.020170,0.003226,-0.081594,0.024029,0.003226,-0.118309,0.026284,0.001666,-0.139770,0.028216,-0.001089,-0.158154,0.000000,0.003975,-0.081300,0.000000,-0.033815,-0.105001,0.000000,-0.044885,-0.084299,0.000000,-0.041099,-0.065015,-0.017000,0.001900,-0.076400,-0.019625,-0.035099,-0.097256,-0.017115,-0.044258,-0.077314,-0.015091,-0.037055,-0.061228,-0.033100,-0.003774,-0.068300,-0.037470,-0.034131,-0.079836,-0.034668,-0.041026,-0.064876,-0.031871,-0.032341,-0.054411
index_point,2,right,1782948384.8247123,0.000000,0.000000,0.000000,-0.025477,-0.012045,-0.022235,-0.038303,-0.024094,-0.043015,-0.034015,-0.043179,-0.068162,-0.013314,-0.051868,-0.073693,-0.020170,0.003226,-0.081594,-0.024029,0.003226,-0.118309,-0.026274,0.000663,-0.139674,-0.028164,-0.004062,-0.157658,0.000000,0.003975,-0.081300,0.000000,-0.040439,-0.085449,0.000000,-0.038530,-0.062050,0.000000,-0.024716,-0.048073,0.017000,0.001900,-0.076400,0.017074,-0.040646,-0.077226,0.015121,-0.037235,-0.055491,0.014300,-0.022047,-0.046359,0.033100,-0.003774,-0.068300,0.032129,-0.036429,-0.065770,0.029591,-0.035078,-0.049309,0.029083,-0.022039,-0.044568
index_point,2,left,1782948385.0319993,0.000000,0.000000,0.000000,0.025477,-0.012045,-0.022235,0.039996,-0.023567,-0.042183,0.038867,-0.042142,-0.068043,0.019583,-0.051678,-0.076520,0.020170,0.003226,-0.081594,0.024029,0.003226,-0.118309,0.026284,0.001666,-0.139770,0.028216,-0.001089,-0.158154,0.000000,0.003975,-0.081300,0.000000,-0.033815,-0.105001,0.000000,-0.044885,-0.084299,0.000000,-0.041099,-0.065015,-0.017000,0.001900,-0.076400,-0.019692,-0.034869,-0.097650,-0.017184,-0.044341,-0.077855,-0.015132,-0.037418,-0.061650,-0.033100,-0.003774,-0.068300,-0.037470,-0.034131,-0.079836,-0.034668,-0.041026,-0.064876,-0.031871,-0.032341,-0.054411
index_point,2,right,1782948385.0322385,0.000000,0.000000,0.000000,-0.025477,-0.012045,-0.022235,-0.038359,-0.023862,-0.043113,-0.034596,-0.042728,-0.068509,-0.014245,-0.051806,-0.074679,-0.020170,0.003226,-0.081594,-0.024029,0.003226,-0.118309,-0.026274,0.000663,-0.139674,-0.028164,-0.004062,-0.157658,0.000000,0.003975,-0.081300,0.000000,-0.040422,-0.085624,0.000000,-0.038606,-0.062218,0.000000,-0.024847,-0.048186,0.017000,0.001900,-0.076400,0.017074,-0.040646,-0.077226,0.015121,-0.037235,-0.055491,0.014300,-0.022047,-0.046359,0.033100,-0.003774,-0.068300,0.032129,-0.036429,-0.065770,0.029591,-0.035078,-0.049309,0.029083,-0.022039,-0.044568
index_point,2,right,1782948385.2403085,0.000000,0.000000,0.000000,-0.025477,-0.012045,-0.022235,-0.038412,-0.023646,-0.043201,-0.035135,-0.042301,-0.068820,-0.015129,-0.051718,-0.075583,-0.020170,0.003226,-0.081594,-0.024029,0.003226,-0.118309,-0.026274,0.000663,-0.139674,-0.028164,-0.004062,-0.157658,0.000000,0.003975,-0.081300,0.000000,-0.040364,-0.086177,0.000000,-0.038840,-0.062751,0.000000,-0.025257,-0.048548,0.017000,0.001900,-0.076400,0.017074,-0.040646,-0.077226,0.015121,-0.037235,-0.055491,0.014300,-0.022047,-0.046359,0.033100,-0.003774,-0.068300,0.032129,-0.036429,-0.065770,0.029591,-0.035078,-0.049309,0.029083,-0.022039,-0.044568
index_point,2,left,1782948385.253353,0.000000,0.000000,0.000000,0.025477,-0.012045,-0.022235,0.039996,-0.023567,-0.042183,0.038867,-0.042142,-0.068043,0.019583,-0.051678,-0.076520,0.020170,0.003226,-0.081594,0.024029,0.003226,-0.118309,0.026284,0.001666,-0.139770,0.028216,-0.001089,-0.158154,0.000000,0.003975,-0.081300,0.000000,-0.033815,-0.105001,0.000000,-0.044885,-0.084299,0.000000,-0.041099,-0.065015,-0.017000,0.001900,-0.076400,-0.019692,-0.034869,-0.097650,-0.017184,-0.044341,-0.077855,-0.015132,-0.037418,-0.061650,-0.033100,-0.003774,-0.068300,-0.037470,-0.034131,-0.079836,-0.034668,-0.041026,-0.064876,-0.031871,-0.032341,-0.054411
index_point,2,right,1782948385.440343,0.000000,0.000000,0.000000,-0.025477,-0.012045,-0.022235,-0.038500,-0.023297,-0.043336,-0.036005,-0.041591,-0.069300,-0.016600,-0.051514,-0.077021,-0.020170,0.003226,-0.081594,-0.024029,0.003226,-0.118309,-0.026274,0.000663,-0.139674,-0.028164,-0.004062,-0.157658,0.000000,0.003975,-0.081300,0.000000,-0.040348,-0.086321,0.000000,-0.038900,-0.062889,0.000000,-0.025363,-0.048643,0.017000,0.001900,-0.076400,0.017074,-0.040646,-0.077226,0.015121,-0.037235,-0.055491,0.014300,-0.022047,-0.046359,0.033100,-0.003774,-0.068300,0.032129,-0.036429,-0.065770,0.029591,-0.035078,-0.049309,0.029083,-0.022039,-0.044568
index_point,2,left,1782948385.4633179,0.000000,0.000000,0.000000,0.025477,-0.012045,-0.022235,0.039996,-0.023567,-0.042183,0.038867,-0.042142,-0.068043,0.019583,-0.051678,-0.076520,0.020170,0.003226,-0.081594,0.024029,0.003226,-0.118309,0.026284,0.001666,-0.139770,0.028216,-0.001089,-0.158154,0.000000,0.003975,-0.081300,0.000000,-0.033815,-0.105001,0.000000,-0.044885,-0.084299,0.000000,-0.041099,-0.065015,-0.017000,0.001900,-0.076400,-0.019692,-0.034869,-0.097650,-0.017184,-0.044341,-0.077855,-0.015132,-0.037418,-0.061650,-0.033100,-0.003774,-0.068300,-0.037470,-0.034131,-0.079836,-0.034668,-0.041026,-0.064876,-0.031871,-0.032341,-0.054411
index_point,2,right,1782948385.6497822,0.000000,0.000000,0.000000,-0.025477,-0.012045,-0.022235,-0.038611,-0.022869,-0.043491,-0.037068,-0.040694,-0.069852,-0.018463,-0.051162,-0.078735,-0.020170,0.003226,-0.081594,-0.024029,0.003226,-0.118309,-0.026280,0.001177,-0.139729,-0.028194,-0.002547,-0.157944,0.000000,0.003975,-0.081300,0.000000,-0.040332,-0.086464,0.000000,-0.038959,-0.063028,0.000000,-0.025469,-0.048738,0.017000,0.001900,-0.076400,0.017074,-0.040646,-0.077226,0.015121,-0.037235,-0.055491,0.014300,-0.022047,-0.046359,0.033100,-0.003774,-0.068300,0.032479,-0.036495,-0.066681,0.029845,-0.035630,-0.050202,0.029170,-0.022734,-0.045105
index_point,2,left,1782948385.6810336,0.000000,0.000000,0.000000,0.025477,-0.012045,-0.022235,0.039996,-0.023567,-0.042183,0.038867,-0.042142,-0.068043,0.019583,-0.051678,-0.076520,0.020170,0.003226,-0.081594,0.024029,0.003226,-0.118309,0.026284,0.001666,-0.139770,0.028216,-0.001089,-0.158154,0.000000,0.003975,-0.081300,0.000000,-0.033815,-0.105001,0.000000,-0.044885,-0.084299,0.000000,-0.041099,-0.065015,-0.017000,0.001900,-0.076400,-0.019692,-0.034869,-0.097650,-0.017184,-0.044341,-0.077855,-0.015132,-0.037418,-0.061650,-0.033100,-0.003774,-0.068300,-0.037470,-0.034131,-0.079836,-0.034668,-0.041026,-0.064876,-0.031871,-0.032341,-0.054411
index_point,2,right,1782948385.856861,0.000000,0.000000,0.000000,-0.025477,-0.012045,-0.022235,-0.038721,-0.022454,-0.043629,-0.038093,-0.039796,-0.070348,-0.020329,-0.050714,-0.080341,-0.020170,0.003226,-0.081594,-0.024029,0.003226,-0.118309,-0.026282,0.001434,-0.139752,-0.028207,-0.001784,-0.158062,0.000000,0.003975,-0.081300,0.000000,-0.040218,-0.087365,0.000000,-0.039322,-0.063905,0.000000,-0.026125,-0.049344,0.017000,0.001900,-0.076400,0.017074,-0.040646,-0.077226,0.015121,-0.037235,-0.055491,0.014300,-0.022047,-0.046359,0.033100,-0.003774,-0.068300,0.032924,-0.036538,-0.067841,0.030178,-0.036292,-0.051361,0.029292,-0.023596,-0.045815
index_point,2,left,1782948385.9011266,0.000000,0.000000,0.000000,0.025477,-0.012045,-0.022235,0.039996,-0.023567,-0.042183,0.038867,-0.042142,-0.068043,0.019583,-0.051678,-0.076520,0.020170,0.003226,-0.081594,0.024029,0.003226,-0.118309,0.026284,0.001666,-0.139770,0.028216,-0.001089,-0.158154,0.000000,0.003975,-0.081300,0.000000,-0.033815,-0.105001,0.000000,-0.044885,-0.084299,0.000000,-0.041099,-0.065015,-0.017000,0.001900,-0.076400,-0.019692,-0.034869,-0.097650,-0.017184,-0.044341,-0.077855,-0.015132,-0.037418,-0.061650,-0.033100,-0.003774,-0.068300,-0.037470,-0.034131,-0.079836,-0.034668,-0.041026,-0.064876,-0.031871,-0.032341,-0.054411
index_point,2,right,1782948386.0638962,0.000000,0.000000,0.000000,-0.025477,-0.012045,-0.022235,-0.038844,-0.022001,-0.043769,-0.039207,-0.038785,-0.070846,-0.022430,-0.050107,-0.082026,-0.020170,0.003226,-0.081594,-0.024029,0.003226,-0.118309,-0.026282,0.001434,-0.139752,-0.028207,-0.001784,-0.158062,0.000000,0.003975,-0.081300,0.000000,-0.040076,-0.088320,0.000000,-0.039689,-0.064847,0.000000,-0.026810,-0.050003,0.017000,0.001900,-0.076400,0.017074,-0.040646,-0.077226,0.015121,-0.037235,-0.055491,0.014300,-0.022047,-0.046359,0.033100,-0.003774,-0.068300,0.033381,-0.036532,-0.069035,0.030530,-0.036926,-0.052575,0.029432,-0.024453,-0.046578
index_point,2,left,1782948386.1096606,0.000000,0.000000,0.000000,0.025477,-0.012045,-0.022235,0.039996,-0.023567,-0.042183,0.038867,-0.042142,-0.068043,0.019583,-0.051678,-0.076520,0.020170,0.003226,-0.081594,0.024029,0.003226,-0.118309,0.026284,0.001666,-0.139770,0.028216,-0.001089,-0.158154,0.000000,0.003975,-0.081300,0.000000,-0.033815,-0.105001,0.000000,-0.044885,-0.084299,0.000000,-0.041099,-0.065015,-0.017000,0.001900,-0.076400,-0.019692,-0.034869,-0.097650,-0.017184,-0.044341,-0.077855,-0.015132,-0.037418,-0.061650,-0.033100,-0.003774,-0.068300,-0.037470,-0.034131,-0.079836,-0.034668,-0.041026,-0.064876,-0.031871,-0.032341,-0.054411
index_point,2,right,1782948386.2833066,0.000000,0.000000,0.000000,-0.025477,-0.012045,-0.022235,-0.038914,-0.021744,-0.043842,-0.039833,-0.038202,-0.071106,-0.023642,-0.049709,-0.082942,-0.020170,0.003226,-0.081594,-0.024029,0.003226,-0.118309,-0.026282,0.001434,-0.139752,-0.028207,-0.001784,-0.158062,0.000000,0.003975,-0.081300,0.000000,-0.040076,-0.088320,0.000000,-0.039689,-0.064847,0.000000,-0.026810,-0.050003,0.017000,0.001900,-0.076400,0.017099,-0.040640,-0.077492,0.015127,-0.037366,-0.055737,0.014291,-0.022236,-0.046511,0.033100,-0.003774,-0.068300,0.033663,-0.036504,-0.069772,0.030752,-0.037293,-0.053336,0.029525,-0.024968,-0.047064
index_point,2,left,1782948386.327708,0.000000,0.000000,0.000000,0.025477,-0.012045,-0.022235,0.040055,-0.023388,-0.042242,0.039352,-0.041777,-0.068249,0.020417,-0.051574,-0.077202,0.020170,0.003226,-0.081594,0.024029,0.003226,-0.118309,0.026284,0.001666,-0.139770,0.028216,-0.001089,-0.158154,0.000000,0.003975,-0.081300,0.000000,-0.033286,-0.105824,0.000000,-0.045025,-0.085494,0.000000,-0.041898,-0.066092,-0.017000,0.001900,-0.076400,-0.019692,-0.034869,-0.097650,-0.017184,-0.044341,-0.077855,-0.015132,-0.037418,-0.061650,-0.033100,-0.003774,-0.068300,-0.037470,-0.034131,-0.079836,-0.034668,-0.041026,-0.064876,-0.031871,-0.032341,-0.054411
index_point,2,right,1782948386.4914584,0.000000,0.000000,0.000000,-0.025477,-0.012045,-0.022235,-0.038961,-0.021572,-0.043889,-0.040250,-0.037805,-0.071272,-0.024465,-0.049422,-0.083541,-0.020170,0.003226,-0.081594,-0.024029,0.003226,-0.118309,-0.026282,0.001434,-0.139752,-0.028207,-0.001784,-0.158062,0.000000,0.003975,-0.081300,0.000000,-0.040076,-0.088320,0.000000,-0.039689,-0.064847,0.000000,-0.026810,-0.050003,0.017000,0.001900,-0.076400,0.017099,-0.040640,-0.077492,0.015127,-0.037366,-0.055737,0.014291,-0.022236,-0.046511,0.033100,-0.003774,-0.068300,0.033833,-0.036477,-0.070219,0.030889,-0.037506,-0.053803,0.029584,-0.025276,-0.047365
index_point,2,left,1782948386.5462618,0.000000,0.000000,0.000000,0.025477,-0.012045,-0.022235,0.040055,-0.023388,-0.042242,0.039352,-0.041777,-0.068249,0.020417,-0.051574,-0.077202,0.020170,0.003226,-0.081594,0.024029,0.003226,-0.118309,0.026284,0.001666,-0.139770,0.028216,-0.001089,-0.158154,0.000000,0.003975,-0.081300,0.000000,-0.033286,-0.105824,0.000000,-0.045025,-0.085494,0.000000,-0.041898,-0.066092,-0.017000,0.001900,-0.076400,-0.019805,-0.034475,-0.098304,-0.017303,-0.044472,-0.078767,-0.015204,-0.038027,-0.062372,-0.033100,-0.003774,-0.068300,-0.037705,-0.033850,-0.080464,-0.034937,-0.041175,-0.065703,-0.032045,-0.032862,-0.054967
index_point,2,right,1782948386.7061067,0.000000,0.000000,0.000000,-0.025477,-0.012045,-0.022235,-0.039014,-0.021378,-0.043940,-0.040721,-0.037353,-0.071452,-0.025403,-0.049076,-0.084203,-0.020170,0.003226,-0.081594,-0.024029,0.003226,-0.118309,-0.026282,0.001434,-0.139752,-0.028207,-0.001784,-0.158062,0.000000,0.003975,-0.081300,0.000000,-0.040076,-0.088320,0.000000,-0.039689,-0.064847,0.000000,-0.026810,-0.050003,0.017000,0.001900,-0.076400,0.017099,-0.040640,-0.077492,0.015127,-0.037366,-0.055737,0.014291,-0.022236,-0.046511,0.033100,-0.003774,-0.068300,0.034071,-0.036428,-0.070843,0.031081,-0.037793,-0.054460,0.029670,-0.025698,-0.047793
index_point,2,left,1782948386.7604802,0.000000,0.000000,0.000000,0.025477,-0.012045,-0.022235,0.040055,-0.023388,-0.042242,0.039352,-0.041777,-0.068249,0.020417,-0.051574,-0.077202,0.020170,0.003226,-0.081594,0.024029,0.003226,-0.118309,0.026284,0.001666,-0.139770,0.028216,-0.001089,-0.158154,0.000000,0.003975,-0.081300,0.000000,-0.033286,-0.105824,0.000000,-0.045025,-0.085494,0.000000,-0.041898,-0.066092,-0.017000,0.001900,-0.076400,-0.019896,-0.034150,-0.098824,-0.017401,-0.044565,-0.079506,-0.015265,-0.038512,-0.062967,-0.033100,-0.003774,-0.068300,-0.037822,-0.033703,-0.080776,-0.035072,-0.041242,-0.066119,-0.032135,-0.033117,-0.055252
index_point,2,right,1782948386.915371,0.000000,0.000000,0.000000,-0.025477,-0.012045,-0.022235,-0.039014,-0.021378,-0.043940,-0.040721,-0.037353,-0.071452,-0.025403,-0.049076,-0.084203,-0.020170,0.003226,-0.081594,-0.024029,0.003226,-0.118309,-0.026282,0.001434,-0.139752,-0.028207,-0.001784,-0.158062,0.000000,0.003975,-0.081300,0.000000,-0.040076,-0.088320,0.000000,-0.039689,-0.064847,0.000000,-0.026810,-0.050003,0.017000,0.001900,-0.076400,0.017099,-0.040640,-0.077492,0.015127,-0.037366,-0.055737,0.014291,-0.022236,-0.046511,0.033100,-0.003774,-0.068300,0.034102,-0.036421,-0.070922,0.031106,-0.037828,-0.054543,0.029681,-0.025750,-0.047848
index_point,2,left,1782948386.97852,0.000000,0.000000,0.000000,0.025477,-0.012045,-0.022235,0.040055,-0.023388,-0.042242,0.039352,-0.041777,-0.068249,0.020417,-0.051574,-0.077202,0.020170,0.003226,-0.081594,0.024029,0.003226,-0.118309,0.026284,0.001666,-0.139770,0.028216,-0.001089,-0.158154,0.000000,0.003975,-0.081300,0.000000,-0.033286,-0.105824,0.000000,-0.045025,-0.085494,0.000000,-0.041898,-0.066092,-0.017000,0.001900,-0.076400,-0.019896,-0.034150,-0.098824,-0.017401,-0.044565,-0.079506,-0.015265,-0.038512,-0.062967,-0.033100,-0.003774,-0.068300,-0.037822,-0.033703,-0.080776,-0.035072,-0.041242,-0.066119,-0.032135,-0.033117,-0.055252
index_point,2,right,1782948387.1215937,0.000000,0.000000,0.000000,-0.025477,-0.012045,-0.022235,-0.039038,-0.021292,-0.043962,-0.040930,-0.037149,-0.071530,-0.025824,-0.048915,-0.084493,-0.020170,0.003226,-0.081594,-0.024029,0.003226,-0.118309,-0.026282,0.001434,-0.139752,-0.028207,-0.001784,-0.158062,0.000000,0.003975,-0.081300,0.000000,-0.040076,-0.088320,0.000000,-0.039689,-0.064847,0.000000,-0.026810,-0.050003,0.017000,0.001900,-0.076400,0.017099,-0.040640,-0.077492,0.015127,-0.037366,-0.055737,0.014291,-0.022236,-0.046511,0.033100,-0.003774,-0.068300,0.034102,-0.036421,-0.070922,0.031106,-0.037828,-0.054543,0.029681,-0.025750,-0.047848
index_point,2,left,1782948387.185549,0.000000,0.000000,0.000000,0.025477,-0.012045,-0.022235,0.040055,-0.023388,-0.042242,0.039352,-0.041777,-0.068249,0.020417,-0.051574,-0.077202,0.020170,0.003226,-0.081594,0.024029,0.003226,-0.118309,0.026284,0.001666,-0.139770,0.028216,-0.001089,-0.158154,0.000000,0.003975,-0.081300,0.000000,-0.033286,-0.105824,0.000000,-0.045025,-0.085494,0.000000,-0.041898,-0.066092,-0.017000,0.001900,-0.076400,-0.019896,-0.034150,-0.098824,-0.017401,-0.044565,-0.079506,-0.015265,-0.038512,-0.062967,-0.033100,-0.003774,-0.068300,-0.037822,-0.033703,-0.080776,-0.035072,-0.041242,-0.066119,-0.032135,-0.033117,-0.055252
index_point,2,right,1782948387.3268318,0.000000,0.000000,0.000000,-0.025477,-0.012045,-0.022235,-0.039050,-0.021248,-0.043973,-0.041034,-0.037047,-0.071568,-0.026036,-0.048832,-0.084637,-0.020170,0.003226,-0.081594,-0.024029,0.003226,-0.118309,-0.026282,0.001434,-0.139752,-0.028207,-0.001784,-0.158062,0.000000,0.003975,-0.081300,0.000000,-0.039964,-0.088992,0.000000,-0.039935,-0.065516,0.000000,-0.027285,-0.050477,0.017000,0.001900,-0.076400,0.017149,-0.040623,-0.078019,0.015141,-0.037621,-0.056228,0.014274,-0.022607,-0.046817,0.033100,-0.003774,-0.068300,0.034179,-0.036402,-0.071125,0.031169,-0.037918,-0.054759,0.029709,-0.025886,-0.047989
index_point,2,left,1782948387.3951936,0.000000,0.000000,0.000000,0.025477,-0.012045,-0.022235,0.040094,-0.023267,-0.042282,0.039674,-0.041529,-0.068385,0.020980,-0.051493,-0.077654,0.020170,0.003226,-0.081594,0.024029,0.003226,-0.118309,0.026284,0.001666,-0.139770,0.028216,-0.001089,-0.158154,0.000000,0.003975,-0.081300,0.000000,-0.033286,-0.105824,0.000000,-0.045025,-0.085494,0.000000,-0.041898,-0.066092,-0.017000,0.001900,-0.076400,-0.019896,-0.034150,-0.098824,-0.017401,-0.044565,-0.079506,-0.015265,-0.038512,-0.062967,-0.033100,-0.003774,-0.068300,-0.037861,-0.033653,-0.080880,-0.035118,-0.041265,-0.066260,-0.032165,-0.033205,-0.055348
index_point,2,right,1782948387.5367703,0.000000,0.000000,0.000000,-0.025477,-0.012045,-0.022235,-0.039068,-0.021183,-0.043989,-0.041191,-0.036893,-0.071625,-0.026354,-0.048707,-0.084851,-0.020170,0.003226,-0.081594,-0.024029,0.003226,-0.118309,-0.026282,0.001434,-0.139752,-0.028207,-0.001784,-0.158062,0.000000,0.003975,-0.081300,0.000000,-0.039904,-0.089328,0.000000,-0.040054,-0.065852,0.000000,-0.027519,-0.050717,0.017000,0.001900,-0.076400,0.017159,-0.040619,-0.078124,0.015144,-0.037672,-0.056326,0.014271,-0.022681,-0.046879,0.033100,-0.003774,-0.068300,0.034194,-0.036398,-0.071166,0.031182,-0.037936,-0.054802,0.029715,-0.025913,-0.048018
index_point,2,left,1782948387.6006193,0.000000,0.000000,0.000000,0.025477,-0.012045,-0.022235,0.040094,-0.023267,-0.042282,0.039674,-0.041529,-0.068385,0.020980,-0.051493,-0.077654,0.020170,0.003226,-0.081594,0.024029,0.003226,-0.118309,0.026284,0.001666,-0.139770,0.028216,-0.001089,-0.158154,0.000000,0.003975,-0.081300,0.000000,-0.033286,-0.105824,0.000000,-0.045025,-0.085494,0.000000,-0.041898,-0.066092,-0.017000,0.001900,-0.076400,-0.019896,-0.034150,-0.098824,-0.017401,-0.044565,-0.079506,-0.015265,-0.038512,-0.062967,-0.033100,-0.003774,-0.068300,-0.037939,-0.033552,-0.081089,-0.035210,-0.041307,-0.066541,-0.032226,-0.033379,-0.055543
index_point,3,left,1782948393.7356963,0.000000,0.000000,0.000000,0.025477,-0.012045,-0.022235,0.038478,-0.026751,-0.041107,0.028788,-0.047502,-0.063256,0.005829,-0.050182,-0.062649,0.020170,0.003226,-0.081594,0.024029,0.003226,-0.118309,0.026284,0.001666,-0.139770,0.028216,-0.001089,-0.158154,0.000000,0.003975,-0.081300,0.000000,-0.035719,-0.101652,0.000000,-0.044133,-0.079736,0.000000,-0.037889,-0.061103,-0.017000,0.001900,-0.076400,-0.018758,-0.037768,-0.091703,-0.016302,-0.042734,-0.070321,-0.014673,-0.032193,-0.056144,-0.033100,-0.003774,-0.068300,-0.035632,-0.035759,-0.074953,-0.032728,-0.039470,-0.058922,-0.030714,-0.028531,-0.050614
index_point,3,right,1782948393.7360427,0.000000,0.000000,0.000000,-0.025477,-0.012045,-0.022235,-0.038652,-0.022715,-0.043544,-0.037450,-0.040363,-0.070042,-0.019151,-0.051008,-0.079340,-0.020170,0.003226,-0.081594,-0.024029,0.003226,-0.118309,-0.026282,0.001434,-0.139752,-0.028207,-0.001784,-0.158062,0.000000,0.003975,-0.081300,0.000000,-0.036731,-0.099542,0.000000,-0.043540,-0.077075,0.000000,-0.035920,-0.058960,0.017000,0.001900,-0.076400,0.017099,-0.040640,-0.077492,0.015127,-0.037366,-0.055737,0.014291,-0.022236,-0.046511,0.033100,-0.003774,-0.068300,0.037822,-0.033703,-0.080776,0.034630,-0.041269,-0.066223,0.031507,-0.033155,-0.055399
index_point,3,left,1782948393.9423318,0.000000,0.000000,0.000000,0.025477,-0.012045,-0.022235,0.038590,-0.026582,-0.041161,0.029418,-0.047281,-0.063577,0.006510,-0.050422,-0.063476,0.020170,0.003226,-0.081594,0.024029,0.003226,-0.118309,0.026284,0.001666,-0.139770,0.028216,-0.001089,-0.158154,0.000000,0.003975,-0.081300,0.000000,-0.035719,-0.101652,0.000000,-0.044133,-0.079736,0.000000,-0.037889,-0.061103,-0.017000,0.001900,-0.076400,-0.018971,-0.037168,-0.093152,-0.016488,-0.043183,-0.072045,-0.014758,-0.033411,-0.057339,-0.033100,-0.003774,-0.068300,-0.036023,-0.035492,-0.075991,-0.033119,-0.039853,-0.060124,-0.030935,-0.029309,-0.051360
index_point,3,right,1782948393.9425483,0.000000,0.000000,0.000000,-0.025477,-0.012045,-0.022235,-0.038718,-0.022465,-0.043626,-0.038067,-0.039819,-0.070336,-0.020281,-0.050727,-0.080302,-0.020170,0.003226,-0.081594,-0.024029,0.003226,-0.118309,-0.026282,0.001434,-0.139752,-0.028207,-0.001784,-0.158062,0.000000,0.003975,-0.081300,0.000000,-0.036731,-0.099542,0.000000,-0.043540,-0.077075,0.000000,-0.035920,-0.058960,0.017000,0.001900,-0.076400,0.017099,-0.040640,-0.077492,0.015127,-0.037366,-0.055737,0.014291,-0.022236,-0.046511,0.033100,-0.003774,-0.068300,0.037470,-0.034131,-0.079836,0.034245,-0.041050,-0.064972,0.031276,-0.032375,-0.054547
index_point,3,left,1782948394.152459,0.000000,0.000000,0.000000,0.025477,-0.012045,-0.022235,0.038646,-0.026495,-0.041189,0.029735,-0.047164,-0.063737,0.006860,-0.050537,-0.063895,0.020170,0.003226,-0.081594,0.024029,0.003226,-0.118309,0.026284,0.001666,-0.139770,0.028216,-0.001089,-0.158154,0.000000,0.003975,-0.081300,0.000000,-0.035719,-0.101652,0.000000,-0.044133,-0.079736,0.000000,-0.037889,-0.061103,-0.017000,0.001900,-0.076400,-0.018991,-0.037110,-0.093284,-0.016505,-0.043222,-0.072204,-0.014766,-0.033522,-0.057452,-0.033100,-0.003774,-0.068300,-0.036193,-0.035364,-0.076438,-0.033292,-0.040008,-0.060651,-0.031034,-0.029646,-0.051692
index_point,3,right,1782948394.1526723,0.000000,0.000000,0.000000,-0.025477,-0.012045,-0.022235,-0.038735,-0.022402,-0.043646,-0.038222,-0.039681,-0.070408,-0.020568,-0.050651,-0.080539,-0.020170,0.003226,-0.081594,-0.024029,0.003226,-0.118309,-0.026282,0.001434,-0.139752,-0.028207,-0.001784,-0.158062,0.000000,0.003975,-0.081300,0.000000,-0.036731,-0.099542,0.000000,-0.043540,-0.077075,0.000000,-0.035920,-0.058960,0.017000,0.001900,-0.076400,0.017099,-0.040640,-0.077492,0.015127,-0.037366,-0.055737,0.014291,-0.022236,-0.046511,0.033100,-0.003774,-0.068300,0.037470,-0.034131,-0.079836,0.034245,-0.041050,-0.064972,0.031276,-0.032375,-0.054547
index_point,3,left,1782948394.3556283,0.000000,0.000000,0.000000,0.025477,-0.012045,-0.022235,0.038737,-0.026347,-0.041238,0.030266,-0.046960,-0.064005,0.007460,-0.050724,-0.064601,0.020170,0.003226,-0.081594,0.024029,0.003226,-0.118309,0.026284,0.001666,-0.139770,0.028216,-0.001089,-0.158154,0.000000,0.003975,-0.081300,0.000000,-0.035719,-0.101652,0.000000,-0.044133,-0.079736,0.000000,-0.037889,-0.061103,-0.017000,0.001900,-0.076400,-0.018991,-0.037110,-0.093284,-0.016505,-0.043222,-0.072204,-0.014766,-0.033522,-0.057452,-0.033100,-0.003774,-0.068300,-0.036193,-0.035364,-0.076438,-0.033292,-0.040008,-0.060651,-0.031034,-0.029646,-0.051692
index_point,3,right,1782948394.3558424,0.000000,0.000000,0.000000,-0.025477,-0.012045,-0.022235,-0.038769,-0.022276,-0.043685,-0.038533,-0.039402,-0.070549,-0.021148,-0.050490,-0.081014,-0.020170,0.003226,-0.081594,-0.024029,0.003226,-0.118309,-0.026282,0.001434,-0.139752,-0.028207,-0.001784,-0.158062,0.000000,0.003975,-0.081300,0.000000,-0.036474,-0.100105,0.000000,-0.043707,-0.077771,0.000000,-0.036443,-0.059511,0.017000,0.001900,-0.076400,0.017099,-0.040640,-0.077492,0.015127,-0.037366,-0.055737,0.014291,-0.022236,-0.046511,0.033100,-0.003774,-0.068300,0.037822,-0.033703,-0.080776,0.034630,-0.041269,-0.066223,0.031507,-0.033155,-0.055399
index_point,3,left,1782948394.5641503,0.000000,0.000000,0.000000,0.025477,-0.012045,-0.022235,0.038810,-0.026226,-0.041278,0.030694,-0.046789,-0.064219,0.007953,-0.050866,-0.065173,0.020170,0.003226,-0.081594,0.024029,0.003226,-0.118309,0.026284,0.001666,-0.139770,0.028216,-0.001089,-0.158154,0.000000,0.003975,-0.081300,0.000000,-0.035719,-0.101652,0.000000,-0.044133,-0.079736,0.000000,-0.037889,-0.061103,-0.017000,0.001900,-0.076400,-0.018991,-0.037110,-0.093284,-0.016505,-0.043222,-0.072204,-0.014766,-0.033522,-0.057452,-0.033100,-0.003774,-0.068300,-0.036193,-0.035364,-0.076438,-0.033292,-0.040008,-0.060651,-0.031034,-0.029646,-0.051692
index_point,3,right,1782948394.5644403,0.000000,0.000000,0.000000,-0.025477,-0.012045,-0.022235,-0.038815,-0.022107,-0.043737,-0.038947,-0.039024,-0.070733,-0.021933,-0.050260,-0.081639,-0.020170,0.003226,-0.081594,-0.024029,0.003226,-0.118309,-0.026282,0.001434,-0.139752,-0.028207,-0.001784,-0.158062,0.000000,0.003975,-0.081300,0.000000,-0.036343,-0.100386,0.000000,-0.043786,-0.078121,0.000000,-0.036701,-0.059790,0.017000,0.001900,-0.076400,0.017159,-0.040619,-0.078124,0.015144,-0.037672,-0.056326,0.014271,-0.022681,-0.046879,0.033100,-0.003774,-0.068300,0.038173,-0.033237,-0.081714,0.035028,-0.041454,-0.067508,0.031755,-0.033945,-0.056299
index_point,3,left,1782948394.7785404,0.000000,0.000000,0.000000,0.025477,-0.012045,-0.022235,0.038810,-0.026226,-0.041278,0.030694,-0.046789,-0.064219,0.007953,-0.050866,-0.065173,0.020170,0.003226,-0.081594,0.024029,0.003226,-0.118309,0.026284,0.001666,-0.139770,0.028216,-0.001089,-0.158154,0.000000,0.003975,-0.081300,0.000000,-0.035719,-0.101652,0.000000,-0.044133,-0.079736,0.000000,-0.037889,-0.061103,-0.017000,0.001900,-0.076400,-0.019112,-0.036750,-0.094079,-0.016616,-0.043453,-0.073181,-0.014820,-0.034209,-0.058147,-0.033100,-0.003774,-0.068300,-0.036269,-0.035303,-0.076640,-0.033370,-0.040078,-0.060892,-0.031080,-0.029802,-0.051842
index_point,3,right,1782948394.7787876,0.000000,0.000000,0.000000,-0.025477,-0.012045,-0.022235,-0.038855,-0.021958,-0.043781,-0.039311,-0.038689,-0.070890,-0.022630,-0.050043,-0.082180,-0.020170,0.003226,-0.081594,-0.024029,0.003226,-0.118309,-0.026282,0.001434,-0.139752,-0.028207,-0.001784,-0.158062,0.000000,0.003975,-0.081300,0.000000,-0.036242,-0.100597,0.000000,-0.043846,-0.078386,0.000000,-0.036898,-0.060003,0.017000,0.001900,-0.076400,0.017187,-0.040607,-0.078404,0.015153,-0.037804,-0.056589,0.014263,-0.022877,-0.047043,0.033100,-0.003774,-0.068300,0.038173,-0.033237,-0.081714,0.035028,-0.041454,-0.067508,0.031755,-0.033945,-0.056299
index_point,3,left,1782948394.9816508,0.000000,0.000000,0.000000,0.025477,-0.012045,-0.022235,0.038845,-0.026164,-0.041298,0.030908,-0.046700,-0.064327,0.008206,-0.050935,-0.065462,0.020170,0.003226,-0.081594,0.024029,0.003226,-0.118309,0.026284,0.001666,-0.139770,0.028216,-0.001089,-0.158154,0.000000,0.003975,-0.081300,0.000000,-0.035719,-0.101652,0.000000,-0.044133,-0.079736,0.000000,-0.037889,-0.061103,-0.017000,0.001900,-0.076400,-0.019112,-0.036750,-0.094079,-0.016616,-0.043453,-0.073181,-0.014820,-0.034209,-0.058147,-0.033100,-0.003774,-0.068300,-0.036307,-0.035273,-0.076741,-0.033409,-0.040112,-0.061012,-0.031103,-0.029879,-0.051918
index_point,3,right,1782948394.982097,0.000000,0.000000,0.000000,-0.025477,-0.012045,-0.022235,-0.038919,-0.021723,-0.043848,-0.039885,-0.038152,-0.071127,-0.023744,-0.049675,-0.083018,-0.020170,0.003226,-0.081594,-0.024029,0.003226,-0.118309,-0.026282,0.001434,-0.139752,-0.028207,-0.001784,-0.158062,0.000000,0.003975,-0.081300,0.000000,-0.036140,-0.100808,0.000000,-0.043905,-0.078653,0.000000,-0.037095,-0.060218,0.017000,0.001900,-0.076400,0.017215,-0.040592,-0.078683,0.015162,-0.037935,-0.056852,0.014255,-0.023071,-0.047209,0.033100,-0.003774,-0.068300,0.038173,-0.033237,-0.081714,0.035028,-0.041454,-0.067508,0.031755,-0.033945,-0.056299
index_point,3,left,1782948395.1895926,0.000000,0.000000,0.000000,0.025477,-0.012045,-0.022235,0.038917,-0.026040,-0.041340,0.031338,-0.046517,-0.064540,0.008717,-0.051066,-0.066041,0.020170,0.003226,-0.081594,0.024029,0.003226,-0.118309,0.026284,0.001666,-0.139770,0.028216,-0.001089,-0.158154,0.000000,0.003975,-0.081300,0.000000,-0.035719,-0.101652,0.000000,-0.044133,-0.079736,0.000000,-0.037889,-0.061103,-0.017000,0.001900,-0.076400,-0.019236,-0.036368,-0.094875,-0.016732,-0.043674,-0.074181,-0.014878,-0.034907,-0.058870,-0.033100,-0.003774,-0.068300,-0.036537,-0.035078,-0.077352,-0.033649,-0.040314,-0.061748,-0.031243,-0.030352,-0.052382
index_point,3,right,1782948395.2006047,0.000000,0.000000,0.000000,-0.025477,-0.012045,-0.022235,-0.038961,-0.021572,-0.043889,-0.040250,-0.037805,-0.071272,-0.024465,-0.049422,-0.083541,-0.020170,0.003226,-0.081594,-0.024029,0.003226,-0.118309,-0.026282,0.001434,-0.139752,-0.028207,-0.001784,-0.158062,0.000000,0.003975,-0.081300,0.000000,-0.036140,-0.100808,0.000000,-0.043905,-0.078653,0.000000,-0.037095,-0.060218,0.017000,0.001900,-0.076400,0.017215,-0.040592,-0.078683,0.015162,-0.037935,-0.056852,0.014255,-0.023071,-0.047209,0.033100,-0.003774,-0.068300,0.038173,-0.033237,-0.081714,0.035028,-0.041454,-0.067508,0.031755,-0.033945,-0.056299
index_point,3,left,1782948395.3968606,0.000000,0.000000,0.000000,0.025477,-0.012045,-0.022235,0.038943,-0.025992,-0.041356,0.031500,-0.046447,-0.064621,0.008913,-0.051114,-0.066261,0.020170,0.003226,-0.081594,0.024029,0.003226,-0.118309,0.026284,0.001666,-0.139770,0.028216,-0.001089,-0.158154,0.000000,0.003975,-0.081300,0.000000,-0.035719,-0.101652,0.000000,-0.044133,-0.079736,0.000000,-0.037889,-0.061103,-0.017000,0.001900,-0.076400,-0.019321,-0.036102,-0.095407,-0.016812,-0.043816,-0.074862,-0.014921,-0.035381,-0.059370,-0.033100,-0.003774,-0.068300,-0.036537,-0.035078,-0.077352,-0.033649,-0.040314,-0.061748,-0.031243,-0.030352,-0.052382
index_point,3,right,1782948395.4101527,0.000000,0.000000,0.000000,-0.025477,-0.012045,-0.022235,-0.039014,-0.021378,-0.043940,-0.040721,-0.037353,-0.071452,-0.025403,-0.049076,-0.084203,-0.020170,0.003226,-0.081594,-0.024029,0.003226,-0.118309,-0.026282,0.001434,-0.139752,-0.028207,-0.001784,-0.158062,0.000000,0.003975,-0.081300,0.000000,-0.036140,-0.100808,0.000000,-0.043905,-0.078653,0.000000,-0.037095,-0.060218,0.017000,0.001900,-0.076400,0.017215,-0.040592,-0.078683,0.015162,-0.037935,-0.056852,0.014255,-0.023071,-0.047209,0.033100,-0.003774,-0.068300,0.038173,-0.033237,-0.081714,0.035028,-0.041454,-0.067508,0.031755,-0.033945,-0.056299
index_point,3,left,1782948395.597339,0.000000,0.000000,0.000000,0.025477,-0.012045,-0.022235,0.038996,-0.025897,-0.041388,0.031824,-0.046303,-0.064780,0.009309,-0.051206,-0.066700,0.020170,0.003226,-0.081594,0.024029,0.003226,-0.118309,0.026284,0.001666,-0.139770,0.028216,-0.001089,-0.158154,0.000000,0.003975,-0.081300,0.000000,-0.035719,-0.101652,0.000000,-0.044133,-0.079736,0.000000,-0.037889,-0.061103,-0.017000,0.001900,-0.076400,-0.019363,-0.035966,-0.095671,-0.016853,-0.043883,-0.075204,-0.014943,-0.035615,-0.059624,-0.033100,-0.003774,-0.068300,-0.036537,-0.035078,-0.077352,-0.033649,-0.040314,-0.061748,-0.031243,-0.030352,-0.052382
index_point,3,right,1782948395.6202323,0.000000,0.000000,0.000000,-0.025477,-0.012045,-0.022235,-0.039032,-0.021313,-0.043957,-0.040878,-0.037200,-0.071511,-0.025719,-0.048955,-0.084421,-0.020170,0.003226,-0.081594,-0.024029,0.003226,-0.118309,-0.026282,0.001434,-0.139752,-0.028207,-0.001784,-0.158062,0.000000,0.003975,-0.081300,0.000000,-0.036140,-0.100808,0.000000,-0.043905,-0.078653,0.000000,-0.037095,-0.060218,0.017000,0.001900,-0.076400,0.017257,-0.040568,-0.079095,0.015176,-0.038124,-0.057242,0.014245,-0.023355,-0.047456,0.033100,-0.003774,-0.068300,0.038173,-0.033237,-0.081714,0.035028,-0.041454,-0.067508,0.031755,-0.033945,-0.056299
index_point,3,left,1782948395.7978876,0.000000,0.000000,0.000000,0.025477,-0.012045,-0.022235,0.038996,-0.025897,-0.041388,0.031824,-0.046303,-0.064780,0.009309,-0.051206,-0.066700,0.020170,0.003226,-0.081594,0.024029,0.003226,-0.118309,0.026284,0.001666,-0.139770,0.028216,-0.001089,-0.158154,0.000000,0.003975,-0.081300,0.000000,-0.035719,-0.101652,0.000000,-0.044133,-0.079736,0.000000,-0.037889,-0.061103,-0.017000,0.001900,-0.076400,-0.019363,-0.035966,-0.095671,-0.016853,-0.043883,-0.075204,-0.014943,-0.035615,-0.059624,-0.033100,-0.003774,-0.068300,-0.036537,-0.035078,-0.077352,-0.033649,-0.040314,-0.061748,-0.031243,-0.030352,-0.052382
index_point,3,right,1782948395.840242,0.000000,0.000000,0.000000,-0.025477,-0.012045,-0.022235,-0.039050,-0.021248,-0.043973,-0.041034,-0.037047,-0.071568,-0.026036,-0.048832,-0.084637,-0.020170,0.003226,-0.081594,-0.024029,0.003226,-0.118309,-0.026282,0.001434,-0.139752,-0.028207,-0.001784,-0.158062,0.000000,0.003975,-0.081300,0.000000,-0.036140,-0.100808,0.000000,-0.043905,-0.078653,0.000000,-0.037095,-0.060218,0.017000,0.001900,-0.076400,0.017257,-0.040568,-0.079095,0.015176,-0.038124,-0.057242,0.014245,-0.023355,-0.047456,0.033100,-0.003774,-0.068300,0.038173,-0.033237,-0.081714,0.035028,-0.041454,-0.067508,0.031755,-0.033945,-0.056299
index_point,3,left,1782948396.005685,0.000000,0.000000,0.000000,0.025477,-0.012045,-0.022235,0.039074,-0.025751,-0.041437,0.032312,-0.046078,-0.065020,0.009918,-0.051335,-0.067366,0.020170,0.003226,-0.081594,0.024029,0.003226,-0.118309,0.026284,0.001666,-0.139770,0.028216,-0.001089,-0.158154,0.000000,0.003975,-0.081300,0.000000,-0.035719,-0.101652,0.000000,-0.044133,-0.079736,0.000000,-0.037889,-0.061103,-0.017000,0.001900,-0.076400,-0.019363,-0.035966,-0.095671,-0.016853,-0.043883,-0.075204,-0.014943,-0.035615,-0.059624,-0.033100,-0.003774,-0.068300,-0.036537,-0.035078,-0.077352,-0.033649,-0.040314,-0.061748,-0.031243,-0.030352,-0.052382
index_point,3,right,1782948396.0715728,0.000000,0.000000,0.000000,-0.025477,-0.012045,-0.022235,-0.039068,-0.021183,-0.043989,-0.041191,-0.036893,-0.071625,-0.026354,-0.048707,-0.084851,-0.020170,0.003226,-0.081594,-0.024029,0.003226,-0.118309,-0.026282,0.001434,-0.139752,-0.028207,-0.001784,-0.158062,0.000000,0.003975,-0.081300,0.000000,-0.035718,-0.101652,0.000000,-0.044133,-0.079736,0.000000,-0.037888,-0.061102,0.017000,0.001900,-0.076400,0.017257,-0.040568,-0.079095,0.015176,-0.038124,-0.057242,0.014245,-0.023355,-0.047456,0.033100,-0.003774,-0.068300,0.038173,-0.033237,-0.081714,0.035028,-0.041454,-0.067508,0.031755,-0.033945,-0.056299
index_point,3,left,1782948396.223298,0.000000,0.000000,0.000000,0.025477,-0.012045,-0.022235,0.039074,-0.025751,-0.041437,0.032312,-0.046078,-0.065020,0.009918,-0.051335,-0.067366,0.020170,0.003226,-0.081594,0.024029,0.003226,-0.118309,0.026284,0.001666,-0.139770,0.028216,-0.001089,-0.158154,0.000000,0.003975,-0.081300,0.000000,-0.035719,-0.101652,0.000000,-0.044133,-0.079736,0.000000,-0.037889,-0.061103,-0.017000,0.001900,-0.076400,-0.019363,-0.035966,-0.095671,-0.016853,-0.043883,-0.075204,-0.014943,-0.035615,-0.059624,-0.033100,-0.003774,-0.068300,-0.036885,-0.034755,-0.078277,-0.034020,-0.040601,-0.062887,-0.031466,-0.031082,-0.053109
index_point,3,right,1782948396.2764285,0.000000,0.000000,0.000000,-0.025477,-0.012045,-0.022235,-0.039140,-0.020922,-0.044052,-0.041818,-0.036271,-0.071842,-0.027641,-0.048179,-0.085692,-0.020170,0.003226,-0.081594,-0.024029,0.003226,-0.118309,-0.026282,0.001434,-0.139752,-0.028207,-0.001784,-0.158062,0.000000,0.003975,-0.081300,0.000000,-0.035718,-0.101652,0.000000,-0.044133,-0.079736,0.000000,-0.037888,-0.061102,0.017000,0.001900,-0.076400,0.017257,-0.040568,-0.079095,0.015176,-0.038124,-0.057242,0.014245,-0.023355,-0.047456,0.033100,-0.003774,-0.068300,0.038173,-0.033237,-0.081714,0.035028,-0.041454,-0.067508,0.031755,-0.033945,-0.056299
index_point,3,left,1782948396.4281774,0.000000,0.000000,0.000000,0.025477,-0.012045,-0.022235,0.039074,-0.025751,-0.041437,0.032312,-0.046078,-0.065020,0.009918,-0.051335,-0.067366,0.020170,0.003226,-0.081594,0.024029,0.003226,-0.118309,0.026284,0.001666,-0.139770,0.028216,-0.001089,-0.158154,0.000000,0.003975,-0.081300,0.000000,-0.035719,-0.101652,0.000000,-0.044133,-0.079736,0.000000,-0.037889,-0.061103,-0.017000,0.001900,-0.076400,-0.019363,-0.035966,-0.095671,-0.016853,-0.043883,-0.075204,-0.014943,-0.035615,-0.059624,-0.033100,-0.003774,-0.068300,-0.036885,-0.034755,-0.078277,-0.034020,-0.040601,-0.062887,-0.031466,-0.031082,-0.053109
index_point,3,right,1782948396.4822977,0.000000,0.000000,0.000000,-0.025477,-0.012045,-0.022235,-0.039140,-0.020922,-0.044052,-0.041818,-0.036271,-0.071842,-0.027641,-0.048179,-0.085692,-0.020170,0.003226,-0.081594,-0.024029,0.003226,-0.118309,-0.026282,0.001434,-0.139752,-0.028207,-0.001784,-0.158062,0.000000,0.003975,-0.081300,0.000000,-0.035718,-0.101652,0.000000,-0.044133,-0.079736,0.000000,-0.037888,-0.061102,0.017000,0.001900,-0.076400,0.017257,-0.040568,-0.079095,0.015176,-0.038124,-0.057242,0.014245,-0.023355,-0.047456,0.033100,-0.003774,-0.068300,0.038173,-0.033237,-0.081714,0.035028,-0.041454,-0.067508,0.031755,-0.033945,-0.056299
index_point,3,left,1782948396.6387372,0.000000,0.000000,0.000000,0.025477,-0.012045,-0.022235,0.039074,-0.025751,-0.041437,0.032312,-0.046078,-0.065020,0.009918,-0.051335,-0.067366,0.020170,0.003226,-0.081594,0.024029,0.003226,-0.118309,0.026284,0.001666,-0.139770,0.028216,-0.001089,-0.158154,0.000000,0.003975,-0.081300,0.000000,-0.035573,-0.101934,0.000000,-0.044207,-0.080104,0.000000,-0.038157,-0.061406,-0.017000,0.001900,-0.076400,-0.019363,-0.035966,-0.095671,-0.016853,-0.043883,-0.075204,-0.014943,-0.035615,-0.059624,-0.033100,-0.003774,-0.068300,-0.036885,-0.034755,-0.078277,-0.034020,-0.040601,-0.062887,-0.031466,-0.031082,-0.053109
index_point,3,right,1782948396.6840723,0.000000,0.000000,0.000000,-0.025477,-0.012045,-0.022235,-0.039153,-0.020878,-0.044062,-0.041923,-0.036166,-0.071877,-0.027857,-0.048087,-0.085830,-0.020170,0.003226,-0.081594,-0.024029,0.003226,-0.118309,-0.026282,0.001434,-0.139752,-0.028207,-0.001784,-0.158062,0.000000,0.003975,-0.081300,0.000000,-0.035718,-0.101652,0.000000,-0.044133,-0.079736,0.000000,-0.037888,-0.061102,0.017000,0.001900,-0.076400,0.017257,-0.040568,-0.079095,0.015176,-0.038124,-0.057242,0.014245,-0.023355,-0.047456,0.033100,-0.003774,-0.068300,0.038173,-0.033237,-0.081714,0.035028,-0.041454,-0.067508,0.031755,-0.033945,-0.056299
index_point,3,left,1782948396.8594112,0.000000,0.000000,0.000000,0.025477,-0.012045,-0.022235,0.039074,-0.025751,-0.041437,0.032312,-0.046078,-0.065020,0.009918,-0.051335,-0.067366,0.020170,0.003226,-0.081594,0.024029,0.003226,-0.118309,0.026284,0.001666,-0.139770,0.028216,-0.001089,-0.158154,0.000000,0.003975,-0.081300,0.000000,-0.035275,-0.102495,0.000000,-0.044346,-0.080843,0.000000,-0.038688,-0.062023,-0.017000,0.001900,-0.076400,-0.019363,-0.035966,-0.095671,-0.016853,-0.043883,-0.075204,-0.014943,-0.035615,-0.059624,-0.033100,-0.003774,-0.068300,-0.036885,-0.034755,-0.078277,-0.034020,-0.040601,-0.062887,-0.031466,-0.031082,-0.053109
index_point,3,right,1782948396.8939967,0.000000,0.000000,0.000000,-0.025477,-0.012045,-0.022235,-0.039201,-0.020703,-0.044102,-0.042340,-0.035743,-0.072012,-0.028727,-0.047708,-0.086371,-0.020170,0.003226,-0.081594,-0.024029,0.003226,-0.118309,-0.026282,0.001434,-0.139752,-0.028207,-0.001784,-0.158062,0.000000,0.003975,-0.081300,0.000000,-0.035275,-0.102495,0.000000,-0.044346,-0.080842,0.000000,-0.038688,-0.062022,0.017000,0.001900,-0.076400,0.017257,-0.040568,-0.079095,0.015176,-0.038124,-0.057242,0.014245,-0.023355,-0.047456,0.033100,-0.003774,-0.068300,0.038173,-0.033237,-0.081714,0.035028,-0.041454,-0.067508,0.031755,-0.033945,-0.056299
index_point,3,left,1782948397.0776777,0.000000,0.000000,0.000000,0.025477,-0.012045,-0.022235,0.039117,-0.025669,-0.041466,0.032584,-0.045949,-0.065153,0.010263,-0.051402,-0.067738,0.020170,0.003226,-0.081594,0.024029,0.003226,-0.118309,0.026284,0.001666,-0.139770,0.028216,-0.001089,-0.158154,0.000000,0.003975,-0.081300,0.000000,-0.035275,-0.102495,0.000000,-0.044346,-0.080843,0.000000,-0.038688,-0.062023,-0.017000,0.001900,-0.076400,-0.019363,-0.035966,-0.095671,-0.016853,-0.043883,-0.075204,-0.014943,-0.035615,-0.059624,-0.033100,-0.003774,-0.068300,-0.036885,-0.034755,-0.078277,-0.034020,-0.040601,-0.062887,-0.031466,-0.031082,-0.053109
index_point,3,right,1782948397.1098094,0.000000,0.000000,0.000000,-0.025477,-0.012045,-0.022235,-0.039250,-0.020527,-0.044140,-0.042757,-0.035317,-0.072140,-0.029605,-0.047311,-0.086899,-0.020170,0.003226,-0.081594,-0.024029,0.003226,-0.118309,-0.026282,0.001434,-0.139752,-0.028207,-0.001784,-0.158062,0.000000,0.003975,-0.081300,0.000000,-0.035275,-0.102495,0.000000,-0.044346,-0.080842,0.000000,-0.038688,-0.062022,0.017000,0.001900,-0.076400,0.017257,-0.040568,-0.079095,0.015176,-0.038124,-0.057242,0.014245,-0.023355,-0.047456,0.033100,-0.003774,-0.068300,0.038173,-0.033237,-0.081714,0.035028,-0.041454,-0.067508,0.031755,-0.033945,-0.056299
index_point,3,left,1782948397.2866094,0.000000,0.000000,0.000000,0.025477,-0.012045,-0.022235,0.039125,-0.025653,-0.041471,0.032639,-0.045923,-0.065179,0.010333,-0.051415,-0.067812,0.020170,0.003226,-0.081594,0.024029,0.003226,-0.118309,0.026284,0.001666,-0.139770,0.028216,-0.001089,-0.158154,0.000000,0.003975,-0.081300,0.000000,-0.035275,-0.102495,0.000000,-0.044346,-0.080843,0.000000,-0.038688,-0.062023,-0.017000,0.001900,-0.076400,-0.019363,-0.035966,-0.095671,-0.016853,-0.043883,-0.075204,-0.014943,-0.035615,-0.059624,-0.033100,-0.003774,-0.068300,-0.036885,-0.034755,-0.078277,-0.034020,-0.040601,-0.062887,-0.031466,-0.031082,-0.053109
index_point,3,right,1782948397.3186007,0.000000,0.000000,0.000000,-0.025477,-0.012045,-0.022235,-0.039262,-0.020483,-0.044150,-0.042861,-0.035209,-0.072171,-0.029826,-0.047209,-0.087029,-0.020170,0.003226,-0.081594,-0.024029,0.003226,-0.118309,-0.026282,0.001434,-0.139752,-0.028207,-0.001784,-0.158062,0.000000,0.003975,-0.081300,0.000000,-0.035275,-0.102495,0.000000,-0.044346,-0.080842,0.000000,-0.038688,-0.062022,0.017000,0.001900,-0.076400,0.017257,-0.040568,-0.079095,0.015176,-0.038124,-0.057242,0.014245,-0.023355,-0.047456,0.033100,-0.003774,-0.068300,0.038173,-0.033237,-0.081714,0.035028,-0.041454,-0.067508,0.031755,-0.033945,-0.056299
index_point,3,left,1782948397.4992986,0.000000,0.000000,0.000000,0.025477,-0.012045,-0.022235,0.039176,-0.025553,-0.041505,0.032965,-0.045763,-0.065338,0.010755,-0.051490,-0.068261,0.020170,0.003226,-0.081594,0.024029,0.003226,-0.118309,0.026284,0.001666,-0.139770,0.028216,-0.001089,-0.158154,0.000000,0.003975,-0.081300,0.000000,-0.035275,-0.102495,0.000000,-0.044346,-0.080843,0.000000,-0.038688,-0.062023,-0.017000,0.001900,-0.076400,-0.019363,-0.035966,-0.095671,-0.016853,-0.043883,-0.075204,-0.014943,-0.035615,-0.059624,-0.033100,-0.003774,-0.068300,-0.036885,-0.034755,-0.078277,-0.034020,-0.040601,-0.062887,-0.031466,-0.031082,-0.053109
index_point,3,right,1782948397.5245824,0.000000,0.000000,0.000000,-0.025477,-0.012045,-0.022235,-0.039286,-0.020395,-0.044168,-0.043069,-0.034994,-0.072232,-0.030268,-0.047002,-0.087286,-0.020170,0.003226,-0.081594,-0.024029,0.003226,-0.118309,-0.026282,0.001434,-0.139752,-0.028207,-0.001784,-0.158062,0.000000,0.003975,-0.081300,0.000000,-0.034809,-0.103335,0.000000,-0.044544,-0.081972,0.000000,-0.039491,-0.062980,0.017000,0.001900,-0.076400,0.017327,-0.040519,-0.079768,0.015202,-0.038426,-0.057883,0.014230,-0.023816,-0.047866,0.033100,-0.003774,-0.068300,0.038173,-0.033237,-0.081714,0.035028,-0.041454,-0.067508,0.031755,-0.033945,-0.056299
index_point,3,left,1782948397.7099056,0.000000,0.000000,0.000000,0.025477,-0.012045,-0.022235,0.039176,-0.025553,-0.041505,0.032965,-0.045763,-0.065338,0.010755,-0.051490,-0.068261,0.020170,0.003226,-0.081594,0.024029,0.003226,-0.118309,0.026284,0.001666,-0.139770,0.028216,-0.001089,-0.158154,0.000000,0.003975,-0.081300,0.000000,-0.035275,-0.102495,0.000000,-0.044346,-0.080843,0.000000,-0.038688,-0.062023,-0.017000,0.001900,-0.076400,-0.019363,-0.035966,-0.095671,-0.016853,-0.043883,-0.075204,-0.014943,-0.035615,-0.059624,-0.033100,-0.003774,-0.068300,-0.036885,-0.034755,-0.078277,-0.034020,-0.040601,-0.062887,-0.031466,-0.031082,-0.053109
index_point,3,right,1782948397.734271,0.000000,0.000000,0.000000,-0.025477,-0.012045,-0.022235,-0.039311,-0.020307,-0.044186,-0.043276,-0.034777,-0.072292,-0.030712,-0.046790,-0.087539,-0.020170,0.003226,-0.081594,-0.024029,0.003226,-0.118309,-0.026282,0.001434,-0.139752,-0.028207,-0.001784,-0.158062,0.000000,0.003975,-0.081300,0.000000,-0.034809,-0.103335,0.000000,-0.044544,-0.081972,0.000000,-0.039491,-0.062980,0.017000,0.001900,-0.076400,0.017327,-0.040519,-0.079768,0.015202,-0.038426,-0.057883,0.014230,-0.023816,-0.047866,0.033100,-0.003774,-0.068300,0.038173,-0.033237,-0.081714,0.035028,-0.041454,-0.067508,0.031755,-0.033945,-0.056299
index_point,3,left,1782948397.9187024,0.000000,0.000000,0.000000,0.025477,-0.012045,-0.022235,0.039142,-0.025619,-0.041483,0.032748,-0.045870,-0.065232,0.010473,-0.051440,-0.067962,0.020170,0.003226,-0.081594,0.024029,0.003226,-0.118309,0.026284,0.001666,-0.139770,0.028216,-0.001089,-0.158154,0.000000,0.003975,-0.081300,0.000000,-0.035275,-0.102495,0.000000,-0.044346,-0.080843,0.000000,-0.038688,-0.062023,-0.017000,0.001900,-0.076400,-0.019363,-0.035966,-0.095671,-0.016853,-0.043883,-0.075204,-0.014943,-0.035615,-0.059624,-0.033100,-0.003774,-0.068300,-0.036885,-0.034755,-0.078277,-0.034020,-0.040601,-0.062887,-0.031466,-0.031082,-0.053109
index_point,3,right,1782948397.9443676,0.000000,0.000000,0.000000,-0.025477,-0.012045,-0.022235,-0.039323,-0.020263,-0.044195,-0.043380,-0.034668,-0.072321,-0.030935,-0.046683,-0.087664,-0.020170,0.003226,-0.081594,-0.024029,0.003226,-0.118309,-0.026282,0.001434,-0.139752,-0.028207,-0.001784,-0.158062,0.000000,0.003975,-0.081300,0.000000,-0.034809,-0.103335,0.000000,-0.044544,-0.081972,0.000000,-0.039491,-0.062980,0.017000,0.001900,-0.076400,0.017327,-0.040519,-0.079768,0.015202,-0.038426,-0.057883,0.014230,-0.023816,-0.047866,0.033100,-0.003774,-0.068300,0.038173,-0.033237,-0.081714,0.035028,-0.041454,-0.067508,0.031755,-0.033945,-0.056299
index_point,3,left,1782948398.1241806,0.000000,0.000000,0.000000,0.025477,-0.012045,-0.022235,0.039125,-0.025653,-0.041471,0.032639,-0.045923,-0.065179,0.010333,-0.051415,-0.067812,0.020170,0.003226,-0.081594,0.024029,0.003226,-0.118309,0.026284,0.001666,-0.139770,0.028216,-0.001089,-0.158154,0.000000,0.003975,-0.081300,0.000000,-0.035275,-0.102495,0.000000,-0.044346,-0.080843,0.000000,-0.038688,-0.062023,-0.017000,0.001900,-0.076400,-0.019363,-0.035966,-0.095671,-0.016853,-0.043883,-0.075204,-0.014943,-0.035615,-0.059624,-0.033100,-0.003774,-0.068300,-0.036885,-0.034755,-0.078277,-0.034020,-0.040601,-0.062887,-0.031466,-0.031082,-0.053109
index_point,3,right,1782948398.157282,0.000000,0.000000,0.000000,-0.025477,-0.012045,-0.022235,-0.039360,-0.020131,-0.044221,-0.043690,-0.034341,-0.072405,-0.031605,-0.046354,-0.088034,-0.020170,0.003226,-0.081594,-0.024029,0.003226,-0.118309,-0.026282,0.001434,-0.139752,-0.028207,-0.001784,-0.158062,0.000000,0.003975,-0.081300,0.000000,-0.034809,-0.103335,0.000000,-0.044544,-0.081972,0.000000,-0.039491,-0.062980,0.017000,0.001900,-0.076400,0.017327,-0.040519,-0.079768,0.015202,-0.038426,-0.057883,0.014230,-0.023816,-0.047866,0.033100,-0.003774,-0.068300,0.038366,-0.032960,-0.082233,0.035253,-0.041542,-0.068237,0.031901,-0.034388,-0.056821
index_point,3,left,1782948398.3347902,0.000000,0.000000,0.000000,0.025477,-0.012045,-0.022235,0.039125,-0.025653,-0.041471,0.032639,-0.045923,-0.065179,0.010333,-0.051415,-0.067812,0.020170,0.003226,-0.081594,0.024029,0.003226,-0.118309,0.026284,0.001666,-0.139770,0.028216,-0.001089,-0.158154,0.000000,0.003975,-0.081300,0.000000,-0.035275,-0.102495,0.000000,-0.044346,-0.080843,0.000000,-0.038688,-0.062023,-0.017000,0.001900,-0.076400,-0.019363,-0.035966,-0.095671,-0.016853,-0.043883,-0.075204,-0.014943,-0.035615,-0.059624,-0.033100,-0.003774,-0.068300,-0.036885,-0.034755,-0.078277,-0.034020,-0.040601,-0.062887,-0.031466,-0.031082,-0.053109
index_point,3,right,1782948398.358594,0.000000,0.000000,0.000000,-0.025477,-0.012045,-0.022235,-0.039360,-0.020131,-0.044221,-0.043690,-0.034341,-0.072405,-0.031605,-0.046354,-0.088034,-0.020170,0.003226,-0.081594,-0.024029,0.003226,-0.118309,-0.026282,0.001434,-0.139752,-0.028207,-0.001784,-0.158062,0.000000,0.003975,-0.081300,0.000000,-0.034809,-0.103335,0.000000,-0.044544,-0.081972,0.000000,-0.039491,-0.062980,0.017000,0.001900,-0.076400,0.017327,-0.040519,-0.079768,0.015202,-0.038426,-0.057883,0.014230,-0.023816,-0.047866,0.033100,-0.003774,-0.068300,0.038405,-0.032904,-0.082336,0.035299,-0.041557,-0.068384,0.031931,-0.034476,-0.056927
index_point,3,left,1782948398.5405133,0.000000,0.000000,0.000000,0.025477,-0.012045,-0.022235,0.039125,-0.025653,-0.041471,0.032639,-0.045923,-0.065179,0.010333,-0.051415,-0.067812,0.020170,0.003226,-0.081594,0.024029,0.003226,-0.118309,0.026284,0.001666,-0.139770,0.028216,-0.001089,-0.158154,0.000000,0.003975,-0.081300,0.000000,-0.035275,-0.102495,0.000000,-0.044346,-0.080843,0.000000,-0.038688,-0.062023,-0.017000,0.001900,-0.076400,-0.019363,-0.035966,-0.095671,-0.016853,-0.043883,-0.075204,-0.014943,-0.035615,-0.059624,-0.033100,-0.003774,-0.068300,-0.036905,-0.034736,-0.078329,-0.034041,-0.040616,-0.062952,-0.031479,-0.031123,-0.053151
index_point,3,right,1782948398.5656757,0.000000,0.000000,0.000000,-0.025477,-0.012045,-0.022235,-0.039396,-0.019999,-0.044246,-0.044000,-0.034011,-0.072486,-0.032278,-0.046016,-0.088395,-0.020170,0.003226,-0.081594,-0.024029,0.003226,-0.118309,-0.026282,0.001434,-0.139752,-0.028207,-0.001784,-0.158062,0.000000,0.003975,-0.081300,0.000000,-0.034809,-0.103335,0.000000,-0.044544,-0.081972,0.000000,-0.039491,-0.062980,0.017000,0.001900,-0.076400,0.017327,-0.040519,-0.079768,0.015202,-0.038426,-0.057883,0.014230,-0.023816,-0.047866,0.033100,-0.003774,-0.068300,0.038405,-0.032904,-0.082336,0.035299,-0.041557,-0.068384,0.031931,-0.034476,-0.056927
thumbs_up,1,left,1782948404.7297482,0.000000,0.000000,0.000000,0.025477,-0.012045,-0.022235,0.041164,-0.015645,-0.044199,0.054833,-0.022370,-0.072180,0.058121,-0.030011,-0.093755,0.020170,0.003226,-0.081594,0.020183,-0.033691,-0.081751,0.018297,-0.033783,-0.060198,0.017100,-0.021095,-0.046527,0.000000,0.003975,-0.081300,0.000000,-0.038524,-0.094851,0.000000,-0.042009,-0.071635,0.000000,-0.031779,-0.054855,-0.017000,0.001900,-0.076400,-0.018873,-0.037449,-0.092491,-0.016401,-0.042981,-0.071250,-0.014718,-0.032850,-0.056785,-0.033100,-0.003774,-0.068300,-0.036537,-0.035078,-0.077352,-0.033649,-0.040314,-0.061748,-0.031243,-0.030352,-0.052382
thumbs_up,1,right,1782948404.7300763,0.000000,0.000000,0.000000,-0.025477,-0.012045,-0.022235,-0.039835,-0.018391,-0.044485,-0.047660,-0.029873,-0.073154,-0.040604,-0.041212,-0.092030,-0.020170,0.003226,-0.081594,-0.020183,-0.033691,-0.081751,-0.018296,-0.033783,-0.060198,-0.017099,-0.021095,-0.046527,0.000000,0.003975,-0.081300,0.000000,-0.037920,-0.096617,0.000000,-0.042611,-0.073614,0.000000,-0.033293,-0.056312,0.017000,0.001900,-0.076400,0.017865,-0.039907,-0.084289,0.015458,-0.040198,-0.062335,0.014196,-0.026758,-0.050823,0.033100,-0.003774,-0.068300,0.038173,-0.033237,-0.081714,0.035028,-0.041454,-0.067508,0.031755,-0.033945,-0.056299
thumbs_up,1,left,1782948404.931055,0.000000,0.000000,0.000000,0.025477,-0.012045,-0.022235,0.041157,-0.016103,-0.044124,0.054164,-0.023653,-0.072211,0.055833,-0.032137,-0.093656,0.020170,0.003226,-0.081594,0.020183,-0.033691,-0.081751,0.018297,-0.033783,-0.060198,0.017100,-0.021095,-0.046527,0.000000,0.003975,-0.081300,0.000000,-0.038849,-0.093786,0.000000,-0.041633,-0.070475,0.000000,-0.030893,-0.054018,-0.017000,0.001900,-0.076400,-0.018486,-0.038475,-0.089760,-0.016078,-0.042095,-0.068104,-0.014581,-0.030632,-0.054646,-0.033100,-0.003774,-0.068300,-0.035854,-0.035613,-0.075541,-0.032949,-0.039689,-0.059599,-0.030838,-0.028967,-0.051035
thumbs_up,1,right,1782948404.9312663,0.000000,0.000000,0.000000,-0.025477,-0.012045,-0.022235,-0.039777,-0.018610,-0.044459,-0.047174,-0.030449,-0.073097,-0.039441,-0.041940,-0.091612,-0.020170,0.003226,-0.081594,-0.020183,-0.033691,-0.081751,-0.018296,-0.033783,-0.060198,-0.017099,-0.021095,-0.046527,0.000000,0.003975,-0.081300,0.000000,-0.037920,-0.096617,0.000000,-0.042611,-0.073614,0.000000,-0.033293,-0.056312,0.017000,0.001900,-0.076400,0.017708,-0.040124,-0.083060,0.015374,-0.039760,-0.061099,0.014193,-0.025983,-0.049983,0.033100,-0.003774,-0.068300,0.037822,-0.033703,-0.080776,0.034630,-0.041269,-0.066223,0.031507,-0.033155,-0.055399
thumbs_up,1,left,1782948405.1516654,0.000000,0.000000,0.000000,0.025477,-0.012045,-0.022235,0.041143,-0.016605,-0.044036,0.053403,-0.025043,-0.072205,0.053304,-0.034352,-0.093370,0.020170,0.003226,-0.081594,0.020183,-0.033691,-0.081751,0.018297,-0.033783,-0.060198,0.017100,-0.021095,-0.046527,0.000000,0.003975,-0.081300,0.000000,-0.038771,-0.094052,0.000000,-0.041728,-0.070763,0.000000,-0.031114,-0.054224,-0.017000,0.001900,-0.076400,-0.018383,-0.038724,-0.088995,-0.015996,-0.041832,-0.067257,-0.014550,-0.030038,-0.054084,-0.033100,-0.003774,-0.068300,-0.035632,-0.035759,-0.074953,-0.032728,-0.039470,-0.058922,-0.030714,-0.028531,-0.050614
thumbs_up,1,right,1782948405.1520338,0.000000,0.000000,0.000000,-0.025477,-0.012045,-0.022235,-0.040857,-0.014063,-0.044615,-0.056298,-0.017880,-0.072219,-0.064556,-0.022156,-0.093390,-0.020170,0.003226,-0.081594,-0.020183,-0.033691,-0.081751,-0.018296,-0.033783,-0.060198,-0.017099,-0.021095,-0.046527,0.000000,0.003975,-0.081300,0.000000,-0.037525,-0.097657,0.000000,-0.042955,-0.074817,0.000000,-0.034214,-0.057215,0.017000,0.001900,-0.076400,0.017843,-0.039939,-0.084123,0.015446,-0.040139,-0.062166,0.014195,-0.026653,-0.050708,0.033100,-0.003774,-0.068300,0.037822,-0.033703,-0.080776,0.034630,-0.041269,-0.066223,0.031507,-0.033155,-0.055399
thumbs_up,1,left,1782948405.37151,0.000000,0.000000,0.000000,0.025477,-0.012045,-0.022235,0.041138,-0.016740,-0.044010,0.053192,-0.025415,-0.072197,0.052621,-0.034929,-0.093264,0.020170,0.003226,-0.081594,0.020183,-0.033691,-0.081751,0.018297,-0.033783,-0.060198,0.017100,-0.021095,-0.046527,0.000000,0.003975,-0.081300,0.000000,-0.038349,-0.095389,0.000000,-0.042194,-0.072230,0.000000,-0.032232,-0.055290,-0.017000,0.001900,-0.076400,-0.018434,-0.038602,-0.089375,-0.016036,-0.041963,-0.067676,-0.014565,-0.030331,-0.054362,-0.033100,-0.003774,-0.068300,-0.035632,-0.035759,-0.074953,-0.032728,-0.039470,-0.058922,-0.030714,-0.028531,-0.050614
thumbs_up,1,right,1782948405.3725538,0.000000,0.000000,0.000000,-0.025477,-0.012045,-0.022235,-0.041070,-0.012777,-0.044546,-0.058411,-0.014176,-0.071236,-0.070443,-0.015515,-0.090937,-0.020170,0.003226,-0.081594,-0.020183,-0.033691,-0.081751,-0.018296,-0.033783,-0.060198,-0.017099,-0.021095,-0.046527,0.000000,0.003975,-0.081300,0.000000,-0.037098,-0.098701,0.000000,-0.043284,-0.076054,0.000000,-0.035151,-0.058164,0.017000,0.001900,-0.076400,0.017961,-0.039763,-0.085011,0.015512,-0.040445,-0.063070,0.014201,-0.027214,-0.051324,0.033100,-0.003774,-0.068300,0.037822,-0.033703,-0.080776,0.034630,-0.041269,-0.066223,0.031507,-0.033155,-0.055399
thumbs_up,1,left,1782948405.5728512,0.000000,0.000000,0.000000,0.025477,-0.012045,-0.022235,0.041140,-0.016677,-0.044022,0.053290,-0.025244,-0.072201,0.052937,-0.034664,-0.093315,0.020170,0.003226,-0.081594,0.020183,-0.033691,-0.081751,0.018297,-0.033783,-0.060198,0.017100,-0.021095,-0.046527,0.000000,0.003975,-0.081300,0.000000,-0.038349,-0.095389,0.000000,-0.042194,-0.072230,0.000000,-0.032232,-0.055290,-0.017000,0.001900,-0.076400,-0.018434,-0.038602,-0.089375,-0.016036,-0.041963,-0.067676,-0.014565,-0.030331,-0.054362,-0.033100,-0.003774,-0.068300,-0.035854,-0.035613,-0.075541,-0.032949,-0.039689,-0.059599,-0.030838,-0.028967,-0.051035
thumbs_up,1,right,1782948405.5731938,0.000000,0.000000,0.000000,-0.025477,-0.012045,-0.022235,-0.040845,-0.014150,-0.044615,-0.056153,-0.018130,-0.072271,-0.064178,-0.022579,-0.093495,-0.020170,0.003226,-0.081594,-0.020183,-0.033691,-0.081751,-0.018296,-0.033783,-0.060198,-0.017099,-0.021095,-0.046527,0.000000,0.003975,-0.081300,0.000000,-0.037098,-0.098701,0.000000,-0.043284,-0.076054,0.000000,-0.035151,-0.058164,0.017000,0.001900,-0.076400,0.017961,-0.039763,-0.085011,0.015512,-0.040445,-0.063070,0.014201,-0.027214,-0.051324,0.033100,-0.003774,-0.068300,0.037822,-0.033703,-0.080776,0.034630,-0.041269,-0.066223,0.031507,-0.033155,-0.055399
thumbs_up,1,left,1782948405.7842495,0.000000,0.000000,0.000000,0.025477,-0.012045,-0.022235,0.041142,-0.016615,-0.044034,0.053387,-0.025072,-0.072204,0.053252,-0.034397,-0.093363,0.020170,0.003226,-0.081594,0.020183,-0.033691,-0.081751,0.018297,-0.033783,-0.060198,0.017100,-0.021095,-0.046527,0.000000,0.003975,-0.081300,0.000000,-0.038349,-0.095389,0.000000,-0.042194,-0.072230,0.000000,-0.032232,-0.055290,-0.017000,0.001900,-0.076400,-0.018538,-0.038344,-0.090143,-0.016120,-0.042223,-0.068533,-0.014598,-0.030932,-0.054934,-0.033100,-0.003774,-0.068300,-0.036193,-0.035364,-0.076438,-0.033292,-0.040008,-0.060651,-0.031034,-0.029646,-0.051692
thumbs_up,1,right,1782948405.784462,0.000000,0.000000,0.000000,-0.025477,-0.012045,-0.022235,-0.040320,-0.016513,-0.044622,-0.051657,-0.024791,-0.073223,-0.051092,-0.033957,-0.094443,-0.020170,0.003226,-0.081594,-0.020183,-0.033691,-0.081751,-0.018296,-0.033783,-0.060198,-0.017099,-0.021095,-0.046527,0.000000,0.003975,-0.081300,0.000000,-0.037098,-0.098701,0.000000,-0.043284,-0.076054,0.000000,-0.035151,-0.058164,0.017000,0.001900,-0.076400,0.017961,-0.039763,-0.085011,0.015512,-0.040445,-0.063070,0.014201,-0.027214,-0.051324,0.033100,-0.003774,-0.068300,0.037822,-0.033703,-0.080776,0.034630,-0.041269,-0.066223,0.031507,-0.033155,-0.055399
thumbs_up,1,left,1782948405.9943955,0.000000,0.000000,0.000000,0.025477,-0.012045,-0.022235,0.041151,-0.016347,-0.044082,0.053798,-0.024330,-0.072213,0.054605,-0.033229,-0.093539,0.020170,0.003226,-0.081594,0.020183,-0.033691,-0.081751,0.018297,-0.033783,-0.060198,0.017100,-0.021095,-0.046527,0.000000,0.003975,-0.081300,0.000000,-0.038349,-0.095389,0.000000,-0.042194,-0.072230,0.000000,-0.032232,-0.055290,-0.017000,0.001900,-0.076400,-0.018538,-0.038344,-0.090143,-0.016120,-0.042223,-0.068533,-0.014598,-0.030932,-0.054934,-0.033100,-0.003774,-0.068300,-0.036193,-0.035364,-0.076438,-0.033292,-0.040008,-0.060651,-0.031034,-0.029646,-0.051692
thumbs_up,1,right,1782948406.0049849,0.000000,0.000000,0.000000,-0.025477,-0.012045,-0.022235,-0.040092,-0.017416,-0.044574,-0.049776,-0.027263,-0.073284,-0.045951,-0.037673,-0.093573,-0.020170,0.003226,-0.081594,-0.020183,-0.033691,-0.081751,-0.018296,-0.033783,-0.060198,-0.017099,-0.021095,-0.046527,0.000000,0.003975,-0.081300,0.000000,-0.037098,-0.098701,0.000000,-0.043284,-0.076054,0.000000,-0.035151,-0.058164,0.017000,0.001900,-0.076400,0.017961,-0.039763,-0.085011,0.015512,-0.040445,-0.063070,0.014201,-0.027214,-0.051324,0.033100,-0.003774,-0.068300,0.037939,-0.033552,-0.081090,0.034762,-0.041336,-0.066650,0.031588,-0.033422,-0.055694
thumbs_up,1,left,1782948406.2040215,0.000000,0.000000,0.000000,0.025477,-0.012045,-0.022235,0.041157,-0.016093,-0.044126,0.054179,-0.023624,-0.072210,0.055884,-0.032090,-0.093660,0.020170,0.003226,-0.081594,0.020183,-0.033691,-0.081751,0.018297,-0.033783,-0.060198,0.017100,-0.021095,-0.046527,0.000000,0.003975,-0.081300,0.000000,-0.038349,-0.095389,0.000000,-0.042194,-0.072230,0.000000,-0.032232,-0.055290,-0.017000,0.001900,-0.076400,-0.018538,-0.038344,-0.090143,-0.016120,-0.042223,-0.068533,-0.014598,-0.030932,-0.054934,-0.033100,-0.003774,-0.068300,-0.036307,-0.035273,-0.076741,-0.033409,-0.040112,-0.061012,-0.031103,-0.029879,-0.051918
thumbs_up,1,right,1782948406.2149458,0.000000,0.000000,0.000000,-0.025477,-0.012045,-0.022235,-0.040003,-0.017760,-0.044547,-0.049039,-0.028192,-0.073262,-0.044032,-0.038978,-0.093092,-0.020170,0.003226,-0.081594,-0.020183,-0.033691,-0.081751,-0.018296,-0.033783,-0.060198,-0.017099,-0.021095,-0.046527,0.000000,0.003975,-0.081300,0.000000,-0.037098,-0.098701,0.000000,-0.043284,-0.076054,0.000000,-0.035151,-0.058164,0.017000,0.001900,-0.076400,0.018080,-0.039572,-0.085876,0.015583,-0.040749,-0.063962,0.014210,-0.027793,-0.051921,0.033100,-0.003774,-0.068300,0.038173,-0.033237,-0.081714,0.035028,-0.041454,-0.067508,0.031755,-0.033945,-0.056299
thumbs_up,1,left,1782948406.4139466,0.000000,0.000000,0.000000,0.025477,-0.012045,-0.022235,0.041159,-0.016012,-0.044140,0.054299,-0.023399,-0.072207,0.056288,-0.031723,-0.093688,0.020170,0.003226,-0.081594,0.020183,-0.033691,-0.081751,0.018297,-0.033783,-0.060198,0.017100,-0.021095,-0.046527,0.000000,0.003975,-0.081300,0.000000,-0.038609,-0.094582,0.000000,-0.041913,-0.071339,0.000000,-0.031551,-0.054641,-0.017000,0.001900,-0.076400,-0.018538,-0.038344,-0.090143,-0.016120,-0.042223,-0.068533,-0.014598,-0.030932,-0.054934,-0.033100,-0.003774,-0.068300,-0.036307,-0.035273,-0.076741,-0.033409,-0.040112,-0.061012,-0.031103,-0.029879,-0.051918
thumbs_up,1,right,1782948406.4351273,0.000000,0.000000,0.000000,-0.025477,-0.012045,-0.022235,-0.039943,-0.017987,-0.044526,-0.048546,-0.028801,-0.073233,-0.042782,-0.039807,-0.092734,-0.020170,0.003226,-0.081594,-0.020183,-0.033691,-0.081751,-0.018296,-0.033783,-0.060198,-0.017099,-0.021095,-0.046527,0.000000,0.003975,-0.081300,0.000000,-0.037098,-0.098701,0.000000,-0.043284,-0.076054,0.000000,-0.035151,-0.058164,0.017000,0.001900,-0.076400,0.018121,-0.039503,-0.086167,0.015607,-0.040849,-0.064264,0.014214,-0.027988,-0.052123,0.033100,-0.003774,-0.068300,0.038173,-0.033237,-0.081714,0.035028,-0.041454,-0.067508,0.031755,-0.033945,-0.056299
thumbs_up,1,left,1782948406.6140754,0.000000,0.000000,0.000000,0.025477,-0.012045,-0.022235,0.041161,-0.015882,-0.044161,0.054490,-0.023035,-0.072200,0.056940,-0.031123,-0.093723,0.020170,0.003226,-0.081594,0.020183,-0.033691,-0.081751,0.018297,-0.033783,-0.060198,0.017100,-0.021095,-0.046527,0.000000,0.003975,-0.081300,0.000000,-0.038609,-0.094582,0.000000,-0.041913,-0.071339,0.000000,-0.031551,-0.054641,-0.017000,0.001900,-0.076400,-0.018538,-0.038344,-0.090143,-0.016120,-0.042223,-0.068533,-0.014598,-0.030932,-0.054934,-0.033100,-0.003774,-0.068300,-0.036307,-0.035273,-0.076741,-0.033409,-0.040112,-0.061012,-0.031103,-0.029879,-0.051918
thumbs_up,1,right,1782948406.635486,0.000000,0.000000,0.000000,-0.025477,-0.012045,-0.022235,-0.040042,-0.017610,-0.044559,-0.049363,-0.027788,-0.073274,-0.044873,-0.038416,-0.093313,-0.020170,0.003226,-0.081594,-0.020183,-0.033691,-0.081751,-0.018296,-0.033783,-0.060198,-0.017099,-0.021095,-0.046527,0.000000,0.003975,-0.081300,0.000000,-0.035926,-0.101242,0.000000,-0.044037,-0.079211,0.000000,-0.037527,-0.060668,0.017000,0.001900,-0.076400,0.018555,-0.038697,-0.089061,0.015894,-0.041877,-0.067366,0.014275,-0.030131,-0.054169,0.033100,-0.003774,-0.068300,0.038173,-0.033237,-0.081714,0.035028,-0.041454,-0.067508,0.031755,-0.033945,-0.056299
thumbs_up,1,left,1782948406.8144252,0.000000,0.000000,0.000000,0.025477,-0.012045,-0.022235,0.041163,-0.015763,-0.044180,0.054663,-0.022702,-0.072192,0.057534,-0.030568,-0.093745,0.020170,0.003226,-0.081594,0.020183,-0.033691,-0.081751,0.018297,-0.033783,-0.060198,0.017100,-0.021095,-0.046527,0.000000,0.003975,-0.081300,0.000000,-0.038567,-0.094717,0.000000,-0.041961,-0.071487,0.000000,-0.031665,-0.054748,-0.017000,0.001900,-0.076400,-0.018538,-0.038344,-0.090143,-0.016120,-0.042223,-0.068533,-0.014598,-0.030932,-0.054934,-0.033100,-0.003774,-0.068300,-0.036307,-0.035273,-0.076741,-0.033409,-0.040112,-0.061012,-0.031103,-0.029879,-0.051918
thumbs_up,1,right,1782948406.835539,0.000000,0.000000,0.000000,-0.025477,-0.012045,-0.022235,-0.040486,-0.015823,-0.044639,-0.053039,-0.022869,-0.073061,-0.055042,-0.030846,-0.094671,-0.020170,0.003226,-0.081594,-0.020183,-0.033691,-0.081751,-0.018296,-0.033783,-0.060198,-0.017099,-0.021095,-0.046527,0.000000,0.003975,-0.081300,0.000000,-0.024570,-0.115578,0.000000,-0.044330,-0.102901,0.000000,-0.050958,-0.084401,0.017000,0.001900,-0.076400,0.022799,-0.024806,-0.109020,0.020803,-0.043723,-0.097793,0.017799,-0.048209,-0.080893,0.033100,-0.003774,-0.068300,0.042198,-0.023750,-0.092629,0.041132,-0.039316,-0.086647,0.037182,-0.043141,-0.073899
thumbs_up,1,left,1782948407.0147748,0.000000,0.000000,0.000000,0.025477,-0.012045,-0.022235,0.041166,-0.015431,-0.044232,0.055137,-0.021769,-0.072155,0.059176,-0.028990,-0.093746,0.020170,0.003226,-0.081594,0.020183,-0.033691,-0.081751,0.018297,-0.033783,-0.060198,0.017100,-0.021095,-0.046527,0.000000,0.003975,-0.081300,0.000000,-0.037242,-0.098358,0.000000,-0.043183,-0.075647,0.000000,-0.034853,-0.057848,-0.017000,0.001900,-0.076400,-0.018912,-0.037337,-0.092758,-0.016436,-0.043066,-0.071570,-0.014734,-0.033080,-0.057006,-0.033100,-0.003774,-0.068300,-0.037060,-0.034579,-0.078744,-0.034211,-0.040737,-0.063474,-0.031583,-0.031457,-0.053488
thumbs_up,1,right,1782948407.0358267,0.000000,0.000000,0.000000,-0.025477,-0.012045,-0.022235,-0.039308,-0.020380,-0.044160,-0.043132,-0.034962,-0.072227,-0.030411,-0.046978,-0.087342,-0.020170,0.003226,-0.081594,-0.020183,-0.033691,-0.081751,-0.018296,-0.033783,-0.060198,-0.017099,-0.021095,-0.046527,0.000000,0.003975,-0.081300,0.000000,-0.036462,-0.100131,0.000000,-0.043739,-0.077811,0.000000,-0.036514,-0.059535,0.017000,0.001900,-0.076400,0.017305,-0.040540,-0.079504,0.015198,-0.038309,-0.057630,0.014240,-0.023636,-0.047703,0.033100,-0.003774,-0.068300,0.034689,-0.036235,-0.072475,0.031596,-0.038501,-0.056212,0.029905,-0.026802,-0.048930
thumbs_up,1,left,1782948407.219824,0.000000,0.000000,0.000000,0.025477,-0.012045,-0.022235,0.041166,-0.014976,-0.044297,0.055766,-0.020482,-0.072074,0.061381,-0.026761,-0.093607,0.020170,0.003226,-0.081594,0.020734,-0.033138,-0.087935,0.018844,-0.036869,-0.066708,0.017454,-0.026671,-0.051108,0.000000,0.003975,-0.081300,0.000000,-0.018829,-0.119638,0.000000,-0.041420,-0.113254,0.000000,-0.053508,-0.097759,-0.017000,0.001900,-0.076400,-0.021939,-0.025468,-0.108609,-0.020119,-0.043991,-0.096714,-0.017496,-0.047821,-0.079591,-0.033100,-0.003774,-0.068300,-0.041367,-0.026537,-0.090373,-0.040080,-0.040734,-0.081654,-0.036315,-0.041424,-0.068310
thumbs_up,1,right,1782948407.2409294,0.000000,0.000000,0.000000,-0.025477,-0.012045,-0.022235,-0.038657,-0.022694,-0.043551,-0.037502,-0.040318,-0.070067,-0.019244,-0.050986,-0.079421,-0.020170,0.003226,-0.081594,-0.020183,-0.033691,-0.081751,-0.018296,-0.033783,-0.060198,-0.017099,-0.021095,-0.046527,0.000000,0.003975,-0.081300,0.000000,-0.038887,-0.093655,0.000000,-0.041587,-0.070335,0.000000,-0.030788,-0.053916,0.017000,0.001900,-0.076400,0.017074,-0.040646,-0.077226,0.015121,-0.037235,-0.055491,0.014300,-0.022047,-0.046359,0.033100,-0.003774,-0.068300,0.032479,-0.036495,-0.066681,0.029845,-0.035630,-0.050202,0.029170,-0.022734,-0.045105
thumbs_up,1,left,1782948407.4255111,0.000000,0.000000,0.000000,0.025477,-0.012045,-0.022235,0.040899,-0.019538,-0.043389,0.048232,-0.032851,-0.071389,0.038888,-0.044771,-0.088861,0.020170,0.003226,-0.081594,0.020280,-0.033670,-0.082855,0.018389,-0.034412,-0.061315,0.017156,-0.022142,-0.047272,0.000000,0.003975,-0.081300,0.000000,-0.038043,-0.096277,0.000000,-0.042499,-0.073228,0.000000,-0.033000,-0.056024,-0.017000,0.001900,-0.076400,-0.019267,-0.036286,-0.095041,-0.016763,-0.043751,-0.074404,-0.014895,-0.035118,-0.059018,-0.033100,-0.003774,-0.068300,-0.033539,-0.036518,-0.069449,-0.030791,-0.037133,-0.052978,-0.029668,-0.024743,-0.046818
thumbs_up,1,right,1782948407.4483867,0.000000,0.000000,0.000000,-0.025477,-0.012045,-0.022235,-0.038611,-0.022870,-0.043491,-0.037067,-0.040694,-0.069852,-0.018461,-0.051162,-0.078734,-0.020170,0.003226,-0.081594,-0.020183,-0.033691,-0.081751,-0.018296,-0.033783,-0.060198,-0.017099,-0.021095,-0.046527,0.000000,0.003975,-0.081300,0.000000,-0.039070,-0.093003,0.000000,-0.041354,-0.069637,0.000000,-0.030259,-0.053417,0.017000,0.001900,-0.076400,0.017074,-0.040646,-0.077226,0.015121,-0.037235,-0.055491,0.014300,-0.022047,-0.046359,0.033100,-0.003774,-0.068300,0.032479,-0.036495,-0.066681,0.029845,-0.035630,-0.050202,0.029170,-0.022734,-0.045105
thumbs_up,1,left,1782948407.625676,0.000000,0.000000,0.000000,0.025477,-0.012045,-0.022235,0.040449,-0.021990,-0.042690,0.042899,-0.038761,-0.069667,0.027049,-0.050091,-0.082120,0.020170,0.003226,-0.081594,0.020183,-0.033691,-0.081751,0.018297,-0.033783,-0.060198,0.017100,-0.021095,-0.046527,0.000000,0.003975,-0.081300,0.000000,-0.039034,-0.093133,0.000000,-0.041402,-0.069777,0.000000,-0.030366,-0.053517,-0.017000,0.001900,-0.076400,-0.018375,-0.038743,-0.088933,-0.015990,-0.041812,-0.067189,-0.014548,-0.029993,-0.054038,-0.033100,-0.003774,-0.068300,-0.033193,-0.036540,-0.068543,-0.030490,-0.036670,-0.052054,-0.029516,-0.024103,-0.046236
thumbs_up,1,right,1782948407.6582663,0.000000,0.000000,0.000000,-0.025477,-0.012045,-0.022235,-0.038587,-0.022962,-0.043458,-0.036838,-0.040890,-0.069736,-0.018054,-0.051248,-0.078369,-0.020170,0.003226,-0.081594,-0.020183,-0.033691,-0.081751,-0.018296,-0.033783,-0.060198,-0.017099,-0.021095,-0.046527,0.000000,0.003975,-0.081300,0.000000,-0.039318,-0.092047,0.000000,-0.041015,-0.068632,0.000000,-0.029511,-0.052699,0.017000,0.001900,-0.076400,0.017074,-0.040646,-0.077226,0.015121,-0.037235,-0.055491,0.014300,-0.022047,-0.046359,0.033100,-0.003774,-0.068300,0.032479,-0.036495,-0.066681,0.029845,-0.035630,-0.050202,0.029170,-0.022734,-0.045105
thumbs_up,1,left,1782948407.8468795,0.000000,0.000000,0.000000,0.025477,-0.012045,-0.022235,0.040345,-0.022402,-0.042561,0.041894,-0.039681,-0.069283,0.025073,-0.050651,-0.080745,0.020170,0.003226,-0.081594,0.020183,-0.033691,-0.081751,0.018297,-0.033783,-0.060198,0.017100,-0.021095,-0.046527,0.000000,0.003975,-0.081300,0.000000,-0.039272,-0.092234,0.000000,-0.041080,-0.068827,0.000000,-0.029653,-0.052840,-0.017000,0.001900,-0.076400,-0.018284,-0.038953,-0.088242,-0.015920,-0.041572,-0.066437,-0.014522,-0.029469,-0.053541,-0.033100,-0.003774,-0.068300,-0.032920,-0.036538,-0.067830,-0.030256,-0.036286,-0.051336,-0.029401,-0.023588,-0.045790
thumbs_up,1,right,1782948407.8593743,0.000000,0.000000,0.000000,-0.025477,-0.012045,-0.022235,-0.038727,-0.022434,-0.043636,-0.038145,-0.039750,-0.070372,-0.020424,-0.050689,-0.080421,-0.020170,0.003226,-0.081594,-0.020183,-0.033691,-0.081751,-0.018296,-0.033783,-0.060198,-0.017099,-0.021095,-0.046527,0.000000,0.003975,-0.081300,0.000000,-0.039540,-0.091110,0.000000,-0.040680,-0.067661,0.000000,-0.028795,-0.052009,0.017000,0.001900,-0.076400,0.017074,-0.040646,-0.077226,0.015121,-0.037235,-0.055491,0.014300,-0.022047,-0.046359,0.033100,-0.003774,-0.068300,0.032479,-0.036495,-0.066681,0.029845,-0.035630,-0.050202,0.029170,-0.022734,-0.045105
thumbs_up,1,left,1782948408.0569065,0.000000,0.000000,0.000000,0.025477,-0.012045,-0.022235,0.040361,-0.022339,-0.042581,0.042050,-0.039542,-0.069344,0.025374,-0.050572,-0.080959,0.020170,0.003226,-0.081594,0.020183,-0.033691,-0.081751,0.018297,-0.033783,-0.060198,0.017100,-0.021095,-0.046527,0.000000,0.003975,-0.081300,0.000000,-0.038849,-0.093786,0.000000,-0.041633,-0.070475,0.000000,-0.030893,-0.054018,-0.017000,0.001900,-0.076400,-0.018284,-0.038953,-0.088242,-0.015920,-0.041572,-0.066437,-0.014522,-0.029469,-0.053541,-0.033100,-0.003774,-0.068300,-0.033193,-0.036540,-0.068543,-0.030490,-0.036670,-0.052054,-0.029516,-0.024103,-0.046236
thumbs_up,1,right,1782948408.0674827,0.000000,0.000000,0.000000,-0.025477,-0.012045,-0.022235,-0.039057,-0.021226,-0.043978,-0.041089,-0.036996,-0.071586,-0.026145,-0.048791,-0.084709,-0.020170,0.003226,-0.081594,-0.020183,-0.033691,-0.081751,-0.018296,-0.033783,-0.060198,-0.017099,-0.021095,-0.046527,0.000000,0.003975,-0.081300,0.000000,-0.039540,-0.091110,0.000000,-0.040680,-0.067661,0.000000,-0.028795,-0.052009,0.017000,0.001900,-0.076400,0.017074,-0.040646,-0.077226,0.015121,-0.037235,-0.055491,0.014300,-0.022047,-0.046359,0.033100,-0.003774,-0.068300,0.033494,-0.036523,-0.069336,0.030619,-0.037078,-0.052885,0.029469,-0.024665,-0.046774
thumbs_up,1,left,1782948408.2649815,0.000000,0.000000,0.000000,0.025477,-0.012045,-0.022235,0.040558,-0.021518,-0.042833,0.044009,-0.037680,-0.070072,0.029324,-0.049328,-0.083611,0.020170,0.003226,-0.081594,0.020183,-0.033691,-0.081751,0.018297,-0.033783,-0.060198,0.017100,-0.021095,-0.046527,0.000000,0.003975,-0.081300,0.000000,-0.038731,-0.094184,0.000000,-0.041775,-0.070906,0.000000,-0.031223,-0.054327,-0.017000,0.001900,-0.076400,-0.018391,-0.038704,-0.089058,-0.016003,-0.041854,-0.067327,-0.014553,-0.030087,-0.054130,-0.033100,-0.003774,-0.068300,-0.033847,-0.036474,-0.070262,-0.031063,-0.037527,-0.053819,-0.029808,-0.025307,-0.047352
thumbs_up,1,right,1782948408.2764008,0.000000,0.000000,0.000000,-0.025477,-0.012045,-0.022235,-0.039494,-0.019646,-0.044308,-0.044820,-0.033122,-0.072682,-0.034083,-0.045070,-0.089313,-0.020170,0.003226,-0.081594,-0.020183,-0.033691,-0.081751,-0.018296,-0.033783,-0.060198,-0.017099,-0.021095,-0.046527,0.000000,0.003975,-0.081300,0.000000,-0.039540,-0.091110,0.000000,-0.040680,-0.067661,0.000000,-0.028795,-0.052009,0.017000,0.001900,-0.076400,0.017178,-0.040611,-0.078310,0.015150,-0.037760,-0.056501,0.014266,-0.022812,-0.046988,0.033100,-0.003774,-0.068300,0.034884,-0.036156,-0.072981,0.031762,-0.038700,-0.056764,0.029985,-0.027132,-0.049296
thumbs_up,1,left,1782948408.4713845,0.000000,0.000000,0.000000,0.025477,-0.012045,-0.022235,0.040978,-0.018929,-0.043538,0.049424,-0.031283,-0.071664,0.041826,-0.042959,-0.090119,0.020170,0.003226,-0.081594,0.020183,-0.033691,-0.081751,0.018297,-0.033783,-0.060198,0.017100,-0.021095,-0.046527,0.000000,0.003975,-0.081300,0.000000,-0.038349,-0.095389,0.000000,-0.042194,-0.072230,0.000000,-0.032232,-0.055290,-0.017000,0.001900,-0.076400,-0.018834,-0.037557,-0.092229,-0.016368,-0.042901,-0.070940,-0.014702,-0.032632,-0.056569,-0.033100,-0.003774,-0.068300,-0.036441,-0.035161,-0.077098,-0.033549,-0.040232,-0.061442,-0.031184,-0.030157,-0.052188
thumbs_up,1,right,1782948408.4928603,0.000000,0.000000,0.000000,-0.025477,-0.012045,-0.022235,-0.039512,-0.019579,-0.044320,-0.044973,-0.032954,-0.072715,-0.034423,-0.044886,-0.089478,-0.020170,0.003226,-0.081594,-0.020183,-0.033691,-0.081751,-0.018296,-0.033783,-0.060198,-0.017099,-0.021095,-0.046527,0.000000,0.003975,-0.081300,0.000000,-0.039454,-0.091485,0.000000,-0.040816,-0.068048,0.000000,-0.029083,-0.052283,0.017000,0.001900,-0.076400,0.017280,-0.040553,-0.079320,0.015185,-0.038226,-0.057455,0.014240,-0.023510,-0.047592,0.033100,-0.003774,-0.068300,0.035306,-0.035950,-0.074093,0.032131,-0.039150,-0.058003,0.030160,-0.027921,-0.050080
thumbs_up,1,left,1782948408.6825452,0.000000,0.000000,0.000000,0.025477,-0.012045,-0.022235,0.041056,-0.018107,-0.043729,0.050920,-0.029120,-0.071951,0.045784,-0.040232,-0.091567,0.020170,0.003226,-0.081594,0.020183,-0.033691,-0.081751,0.018297,-0.033783,-0.060198,0.017100,-0.021095,-0.046527,0.000000,0.003975,-0.081300,0.000000,-0.038349,-0.095389,0.000000,-0.042194,-0.072230,0.000000,-0.032232,-0.055290,-0.017000,0.001900,-0.076400,-0.018991,-0.037110,-0.093284,-0.016505,-0.043222,-0.072204,-0.014766,-0.033522,-0.057452,-0.033100,-0.003774,-0.068300,-0.037431,-0.034175,-0.079732,-0.034624,-0.041000,-0.064741,-0.031843,-0.032257,-0.054321
thumbs_up,1,right,1782948408.693558,0.000000,0.000000,0.000000,-0.025477,-0.012045,-0.022235,-0.039542,-0.019469,-0.044338,-0.045227,-0.032673,-0.072769,-0.034991,-0.044573,-0.089748,-0.020170,0.003226,-0.081594,-0.020183,-0.033691,-0.081751,-0.018296,-0.033783,-0.060198,-0.017099,-0.021095,-0.046527,0.000000,0.003975,-0.081300,0.000000,-0.039271,-0.092234,0.000000,-0.041080,-0.068827,0.000000,-0.029653,-0.052839,0.017000,0.001900,-0.076400,0.017327,-0.040519,-0.079768,0.015202,-0.038426,-0.057883,0.014230,-0.023816,-0.047866,0.033100,-0.003774,-0.068300,0.035632,-0.035759,-0.074953,0.032425,-0.039482,-0.058982,0.030302,-0.028546,-0.050696
thumbs_up,1,left,1782948408.8889413,0.000000,0.000000,0.000000,0.025477,-0.012045,-0.022235,0.041098,-0.017523,-0.043855,0.051922,-0.027553,-0.072091,0.048677,-0.038086,-0.092418,0.020170,0.003226,-0.081594,0.020183,-0.033691,-0.081751,0.018297,-0.033783,-0.060198,0.017100,-0.021095,-0.046527,0.000000,0.003975,-0.081300,0.000000,-0.038349,-0.095389,0.000000,-0.042194,-0.072230,0.000000,-0.032232,-0.055290,-0.017000,0.001900,-0.076400,-0.019072,-0.036872,-0.093815,-0.016579,-0.043379,-0.072855,-0.014801,-0.033981,-0.057913,-0.033100,-0.003774,-0.068300,-0.037822,-0.033703,-0.080776,-0.035072,-0.041242,-0.066119,-0.032135,-0.033117,-0.055252
thumbs_up,1,right,1782948408.9101129,0.000000,0.000000,0.000000,-0.025477,-0.012045,-0.022235,-0.039542,-0.019469,-0.044338,-0.045227,-0.032673,-0.072769,-0.034991,-0.044573,-0.089748,-0.020170,0.003226,-0.081594,-0.020183,-0.033691,-0.081751,-0.018296,-0.033783,-0.060198,-0.017099,-0.021095,-0.046527,0.000000,0.003975,-0.081300,0.000000,-0.039271,-0.092234,0.000000,-0.041080,-0.068827,0.000000,-0.029653,-0.052839,0.017000,0.001900,-0.076400,0.017436,-0.040428,-0.080764,0.015246,-0.038854,-0.058841,0.014212,-0.024486,-0.048486,0.033100,-0.003774,-0.068300,0.035854,-0.035612,-0.075541,0.032630,-0.039702,-0.059663,0.030404,-0.028985,-0.051123
thumbs_up,1,left,1782948409.1073275,0.000000,0.000000,0.000000,0.025477,-0.012045,-0.022235,0.041107,-0.017373,-0.043886,0.052171,-0.027147,-0.072119,0.049427,-0.037507,-0.092608,0.020170,0.003226,-0.081594,0.020183,-0.033691,-0.081751,0.018297,-0.033783,-0.060198,0.017100,-0.021095,-0.046527,0.000000,0.003975,-0.081300,0.000000,-0.038349,-0.095389,0.000000,-0.042194,-0.072230,0.000000,-0.032232,-0.055290,-0.017000,0.001900,-0.076400,-0.019112,-0.036750,-0.094079,-0.016616,-0.043453,-0.073181,-0.014820,-0.034209,-0.058147,-0.033100,-0.003774,-0.068300,-0.037939,-0.033552,-0.081089,-0.035210,-0.041307,-0.066541,-0.032226,-0.033379,-0.055543
thumbs_up,1,right,1782948409.1287694,0.000000,0.000000,0.000000,-0.025477,-0.012045,-0.022235,-0.039579,-0.019336,-0.044359,-0.045531,-0.032335,-0.072830,-0.035673,-0.044190,-0.090062,-0.020170,0.003226,-0.081594,-0.020183,-0.033691,-0.081751,-0.018296,-0.033783,-0.060198,-0.017099,-0.021095,-0.046527,0.000000,0.003975,-0.081300,0.000000,-0.039070,-0.093003,0.000000,-0.041354,-0.069637,0.000000,-0.030259,-0.053417,0.017000,0.001900,-0.076400,0.017499,-0.040366,-0.081315,0.015274,-0.039082,-0.059377,0.014205,-0.024852,-0.048837,0.033100,-0.003774,-0.068300,0.036193,-0.035364,-0.076438,0.032950,-0.040024,-0.060723,0.030565,-0.029667,-0.051790
thumbs_up,1,left,1782948409.3079693,0.000000,0.000000,0.000000,0.025477,-0.012045,-0.022235,0.041111,-0.017309,-0.043899,0.052277,-0.026973,-0.072130,0.049749,-0.037256,-0.092685,0.020170,0.003226,-0.081594,0.020183,-0.033691,-0.081751,0.018297,-0.033783,-0.060198,0.017100,-0.021095,-0.046527,0.000000,0.003975,-0.081300,0.000000,-0.038234,-0.095728,0.000000,-0.042311,-0.072609,0.000000,-0.032523,-0.055568,-0.017000,0.001900,-0.076400,-0.019112,-0.036750,-0.094079,-0.016616,-0.043453,-0.073181,-0.014820,-0.034209,-0.058147,-0.033100,-0.003774,-0.068300,-0.038173,-0.033237,-0.081714,-0.035488,-0.041425,-0.067398,-0.032416,-0.033904,-0.056140
thumbs_up,1,right,1782948409.3293614,0.000000,0.000000,0.000000,-0.025477,-0.012045,-0.022235,-0.039588,-0.019303,-0.044364,-0.045607,-0.032250,-0.072845,-0.035844,-0.044093,-0.090139,-0.020170,0.003226,-0.081594,-0.020183,-0.033691,-0.081751,-0.018296,-0.033783,-0.060198,-0.017099,-0.021095,-0.046527,0.000000,0.003975,-0.081300,0.000000,-0.038849,-0.093786,0.000000,-0.041632,-0.070475,0.000000,-0.030893,-0.054017,0.017000,0.001900,-0.076400,0.017659,-0.040186,-0.082662,0.015350,-0.039611,-0.060703,0.014195,-0.025729,-0.049717,0.033100,-0.003774,-0.068300,0.039557,-0.030912,-0.085491,0.036774,-0.041823,-0.073145,0.032987,-0.037305,-0.060576
thumbs_up,1,left,1782948409.5138211,0.000000,0.000000,0.000000,0.025477,-0.012045,-0.022235,0.041126,-0.017013,-0.043958,0.052759,-0.026164,-0.072171,0.051244,-0.036064,-0.093012,0.020170,0.003226,-0.081594,0.020183,-0.033691,-0.081751,0.018297,-0.033783,-0.060198,0.017100,-0.021095,-0.046527,0.000000,0.003975,-0.081300,0.000000,-0.038211,-0.095796,0.000000,-0.042334,-0.072685,0.000000,-0.032581,-0.055624,-0.017000,0.001900,-0.076400,-0.019112,-0.036750,-0.094079,-0.016616,-0.043453,-0.073181,-0.014820,-0.034209,-0.058147,-0.033100,-0.003774,-0.068300,-0.038520,-0.032730,-0.082648,-0.035914,-0.041573,-0.068711,-0.032714,-0.034700,-0.057080
thumbs_up,1,right,1782948409.5346375,0.000000,0.000000,0.000000,-0.025477,-0.012045,-0.022235,-0.039469,-0.019734,-0.044293,-0.044616,-0.033346,-0.072635,-0.033630,-0.045313,-0.089090,-0.020170,0.003226,-0.081594,-0.020183,-0.033691,-0.081751,-0.018296,-0.033783,-0.060198,-0.017099,-0.021095,-0.046527,0.000000,0.003975,-0.081300,0.000000,-0.038849,-0.093786,0.000000,-0.041632,-0.070475,0.000000,-0.030893,-0.054017,0.017000,0.001900,-0.076400,0.017809,-0.039988,-0.083855,0.015427,-0.040046,-0.061896,0.014194,-0.026485,-0.050523,0.033100,-0.003774,-0.068300,0.040779,-0.028200,-0.088748,0.038545,-0.041347,-0.078679,0.034474,-0.040067,-0.065468
thumbs_up,2,left,1782948415.7526965,0.000000,0.000000,0.000000,0.025477,-0.012045,-0.022235,0.041165,-0.014735,-0.044329,0.056089,-0.019800,-0.072017,0.062520,-0.025558,-0.093468,0.020170,0.003226,-0.081594,0.020200,-0.033690,-0.081943,0.018313,-0.033895,-0.060391,0.017110,-0.021279,-0.046654,0.000000,0.003975,-0.081300,0.000000,-0.035275,-0.102495,0.000000,-0.044346,-0.080843,0.000000,-0.038688,-0.062023,-0.017000,0.001900,-0.076400,-0.020317,-0.032580,-0.101118,-0.017877,-0.044876,-0.082932,-0.015584,-0.040692,-0.065845,-0.033100,-0.003774,-0.068300,-0.040483,-0.028940,-0.087944,-0.038621,-0.041498,-0.077079,-0.034896,-0.039309,-0.063885
thumbs_up,2,right,1782948415.7534087,0.000000,0.000000,0.000000,-0.025477,-0.012045,-0.022235,-0.040330,-0.016471,-0.044624,-0.051744,-0.024673,-0.073216,-0.051331,-0.033772,-0.094469,-0.020170,0.003226,-0.081594,-0.020183,-0.033691,-0.081751,-0.018296,-0.033783,-0.060198,-0.017099,-0.021095,-0.046527,0.000000,0.003975,-0.081300,0.000000,-0.034809,-0.103335,0.000000,-0.044544,-0.081972,0.000000,-0.039491,-0.062980,0.017000,0.001900,-0.076400,0.019096,-0.037504,-0.092330,0.016303,-0.042942,-0.071105,0.014410,-0.032742,-0.056714,0.033100,-0.003774,-0.068300,0.036307,-0.035273,-0.076741,0.033059,-0.040128,-0.061086,0.030622,-0.029901,-0.052019
thumbs_up,2,left,1782948415.959418,0.000000,0.000000,0.000000,0.025477,-0.012045,-0.022235,0.041160,-0.014300,-0.044381,0.056659,-0.018559,-0.071888,0.064521,-0.023343,-0.093101,0.020170,0.003226,-0.081594,0.020286,-0.033667,-0.082914,0.018394,-0.034444,-0.061375,0.017159,-0.022197,-0.047312,0.000000,0.003975,-0.081300,0.000000,-0.034487,-0.103894,0.000000,-0.044667,-0.082740,0.000000,-0.040030,-0.063642,-0.017000,0.001900,-0.076400,-0.020460,-0.032019,-0.101862,-0.018047,-0.044935,-0.084107,-0.015706,-0.041408,-0.066879,-0.033100,-0.003774,-0.068300,-0.040483,-0.028940,-0.087944,-0.038621,-0.041498,-0.077079,-0.034896,-0.039309,-0.063885
thumbs_up,2,right,1782948415.9717376,0.000000,0.000000,0.000000,-0.025477,-0.012045,-0.022235,-0.040509,-0.015724,-0.044640,-0.053233,-0.022591,-0.073029,-0.055606,-0.030383,-0.094670,-0.020170,0.003226,-0.081594,-0.020183,-0.033691,-0.081751,-0.018296,-0.033783,-0.060198,-0.017099,-0.021095,-0.046527,0.000000,0.003975,-0.081300,0.000000,-0.034323,-0.104171,0.000000,-0.044724,-0.083124,0.000000,-0.040296,-0.063977,0.017000,0.001900,-0.076400,0.019119,-0.037450,-0.092461,0.016322,-0.042982,-0.071261,0.014417,-0.032850,-0.056822,0.033100,-0.003774,-0.068300,0.036307,-0.035273,-0.076741,0.033059,-0.040128,-0.061086,0.030622,-0.029901,-0.052019
thumbs_up,2,left,1782948416.1618588,0.000000,0.000000,0.000000,0.025477,-0.012045,-0.022235,0.041157,-0.014102,-0.044402,0.056912,-0.017994,-0.071819,0.065400,-0.022326,-0.092886,0.020170,0.003226,-0.081594,0.020329,-0.033646,-0.083407,0.018436,-0.034713,-0.061881,0.017185,-0.022656,-0.047655,0.000000,0.003975,-0.081300,0.000000,-0.033815,-0.105001,0.000000,-0.044885,-0.084299,0.000000,-0.041099,-0.065015,-0.017000,0.001900,-0.076400,-0.020556,-0.031636,-0.102352,-0.018165,-0.044961,-0.084899,-0.015793,-0.041882,-0.067589,-0.033100,-0.003774,-0.068300,-0.040483,-0.028940,-0.087944,-0.038621,-0.041498,-0.077079,-0.034896,-0.039309,-0.063885
thumbs_up,2,right,1782948416.1830199,0.000000,0.000000,0.000000,-0.025477,-0.012045,-0.022235,-0.040279,-0.016680,-0.044616,-0.051316,-0.025251,-0.073247,-0.050142,-0.034673,-0.094330,-0.020170,0.003226,-0.081594,-0.020183,-0.033691,-0.081751,-0.018296,-0.033783,-0.060198,-0.017099,-0.021095,-0.046527,0.000000,0.003975,-0.081300,0.000000,-0.035198,-0.102636,0.000000,-0.044381,-0.081030,0.000000,-0.038823,-0.062180,0.017000,0.001900,-0.076400,0.018155,-0.039445,-0.086405,0.015628,-0.040934,-0.064513,0.014217,-0.028155,-0.052288,0.033100,-0.003774,-0.068300,0.036885,-0.034755,-0.078277,0.033633,-0.040621,-0.062972,0.030928,-0.031110,-0.053227
thumbs_up,2,left,1782948416.3646476,0.000000,0.000000,0.000000,0.025477,-0.012045,-0.022235,0.041153,-0.013903,-0.044423,0.057164,-0.017422,-0.071741,0.066266,-0.021295,-0.092641,0.020170,0.003226,-0.081594,0.020329,-0.033646,-0.083407,0.018436,-0.034713,-0.061881,0.017185,-0.022656,-0.047655,0.000000,0.003975,-0.081300,0.000000,-0.033815,-0.105001,0.000000,-0.044885,-0.084299,0.000000,-0.041099,-0.065015,-0.017000,0.001900,-0.076400,-0.020604,-0.031442,-0.102595,-0.018224,-0.044968,-0.085296,-0.015838,-0.042114,-0.067950,-0.033100,-0.003774,-0.068300,-0.040567,-0.028737,-0.088170,-0.038750,-0.041450,-0.077480,-0.035013,-0.039506,-0.064251
thumbs_up,2,right,1782948416.3879805,0.000000,0.000000,0.000000,-0.025477,-0.012045,-0.022235,-0.040011,-0.017728,-0.044550,-0.049109,-0.028105,-0.073265,-0.044212,-0.038858,-0.093140,-0.020170,0.003226,-0.081594,-0.020232,-0.033685,-0.082299,-0.018340,-0.034099,-0.060751,-0.017124,-0.021617,-0.046893,0.000000,0.003975,-0.081300,0.000000,-0.034725,-0.103484,0.000000,-0.044592,-0.082181,0.000000,-0.039664,-0.063157,0.017000,0.001900,-0.076400,0.018215,-0.039357,-0.086755,0.015672,-0.041139,-0.064886,0.014226,-0.028544,-0.052477,0.033100,-0.003774,-0.068300,0.037197,-0.034430,-0.079123,0.033958,-0.040874,-0.064050,0.031110,-0.031816,-0.053923
thumbs_up,2,left,1782948416.5711918,0.000000,0.000000,0.000000,0.025477,-0.012045,-0.022235,0.041154,-0.013953,-0.044418,0.057101,-0.017568,-0.071761,0.066047,-0.021558,-0.092706,0.020170,0.003226,-0.081594,0.020329,-0.033646,-0.083407,0.018436,-0.034713,-0.061881,0.017185,-0.022656,-0.047655,0.000000,0.003975,-0.081300,0.000000,-0.033815,-0.105001,0.000000,-0.044885,-0.084299,0.000000,-0.041099,-0.065015,-0.017000,0.001900,-0.076400,-0.020436,-0.032114,-0.101739,-0.018018,-0.044927,-0.083910,-0.015686,-0.041290,-0.066704,-0.033100,-0.003774,-0.068300,-0.040567,-0.028737,-0.088170,-0.038750,-0.041450,-0.077480,-0.035013,-0.039506,-0.064251
thumbs_up,2,right,1782948416.6029103,0.000000,0.000000,0.000000,-0.025477,-0.012045,-0.022235,-0.040513,-0.015708,-0.044640,-0.053265,-0.022549,-0.073023,-0.055741,-0.030297,-0.094668,-0.020170,0.003226,-0.081594,-0.022695,-0.022989,-0.107465,-0.021502,-0.040789,-0.095226,-0.019767,-0.046251,-0.077436,0.000000,0.003975,-0.081300,0.000000,0.002065,-0.125866,0.000000,-0.007814,-0.147162,0.000000,-0.022263,-0.160483,0.017000,0.001900,-0.076400,0.024706,-0.006904,-0.117314,0.026783,-0.025931,-0.128338,0.026655,-0.043658,-0.127655,0.033100,-0.003774,-0.068300,0.044400,-0.009898,-0.098442,0.048575,-0.022983,-0.107958,0.049602,-0.036807,-0.108716
thumbs_up,2,left,1782948416.7807872,0.000000,0.000000,0.000000,0.025477,-0.012045,-0.022235,0.041165,-0.015518,-0.044219,0.055013,-0.022015,-0.072166,0.058746,-0.029409,-0.093754,0.020170,0.003226,-0.081594,0.020894,-0.032810,-0.089578,0.019025,-0.038076,-0.068677,0.017554,-0.029240,-0.052274,0.000000,0.003975,-0.081300,0.000000,-0.028288,-0.112104,0.000000,-0.045933,-0.096620,0.000000,-0.049679,-0.077328,-0.017000,0.001900,-0.076400,-0.020982,-0.030004,-0.104276,-0.018740,-0.045135,-0.088342,-0.016254,-0.044214,-0.070800,-0.033100,-0.003774,-0.068300,-0.040245,-0.029443,-0.087373,-0.038288,-0.041657,-0.076139,-0.034607,-0.038970,-0.063025
thumbs_up,2,right,1782948416.8039854,0.000000,0.000000,0.000000,-0.025477,-0.012045,-0.022235,-0.041018,-0.013151,-0.044567,-0.057827,-0.015259,-0.071549,-0.068911,-0.017418,-0.091727,-0.020170,0.003226,-0.081594,-0.023220,-0.016860,-0.112418,-0.023221,-0.038493,-0.112158,-0.022264,-0.054287,-0.102210,0.000000,0.003975,-0.081300,0.000000,0.003376,-0.125903,0.000000,-0.001994,-0.148757,0.000000,-0.011176,-0.166132,0.017000,0.001900,-0.076400,0.025857,-0.001280,-0.117900,0.029742,-0.013214,-0.136077,0.031657,-0.028421,-0.145010,0.033100,-0.003774,-0.068300,0.044741,-0.005475,-0.098883,0.050164,-0.013010,-0.112776,0.053342,-0.024050,-0.120572
thumbs_up,2,left,1782948416.997495,0.000000,0.000000,0.000000,0.025477,-0.012045,-0.022235,0.041143,-0.013352,-0.044469,0.057851,-0.015839,-0.071481,0.068498,-0.018463,-0.091838,0.020170,0.003226,-0.081594,0.023875,-0.002239,-0.117916,0.025378,-0.018014,-0.132646,0.025986,-0.035717,-0.138605,0.000000,0.003975,-0.081300,0.000000,0.003953,-0.125907,0.000000,0.000082,-0.149062,0.000000,-0.007448,-0.167214,-0.017000,0.001900,-0.076400,-0.026135,-0.000566,-0.117888,-0.030247,-0.011626,-0.136560,-0.032363,-0.026387,-0.146171,-0.033100,-0.003774,-0.068300,-0.044417,-0.009667,-0.098481,-0.048531,-0.022557,-0.108287,-0.049504,-0.036357,-0.109445
thumbs_up,2,right,1782948417.009526,0.000000,0.000000,0.000000,-0.025477,-0.012045,-0.022235,-0.039477,-0.019768,-0.044277,-0.044564,-0.033437,-0.072601,-0.033541,-0.045416,-0.089022,-0.020170,0.003226,-0.081594,-0.020183,-0.033691,-0.081751,-0.018296,-0.033783,-0.060198,-0.017099,-0.021095,-0.046527,0.000000,0.003975,-0.081300,0.000000,-0.033282,-0.105829,0.000000,-0.045041,-0.085510,0.000000,-0.041935,-0.066105,0.017000,0.001900,-0.076400,0.017571,-0.040318,-0.081706,0.015326,-0.039298,-0.059757,0.014220,-0.025204,-0.049038,0.033100,-0.003774,-0.068300,0.036176,-0.035359,-0.076464,0.032944,-0.040096,-0.060770,0.030553,-0.029814,-0.051752
thumbs_up,2,left,1782948417.2163143,0.000000,0.000000,0.000000,0.025477,-0.012045,-0.022235,0.041132,-0.012868,-0.044500,0.058434,-0.014440,-0.071205,0.070321,-0.015970,-0.090979,0.020170,0.003226,-0.081594,0.023520,-0.010883,-0.115544,0.023709,-0.032434,-0.117455,0.022885,-0.049132,-0.109102,0.000000,0.003975,-0.081300,0.000000,0.003699,-0.125906,0.000000,-0.003046,-0.148392,0.000000,-0.014782,-0.164155,-0.017000,0.001900,-0.076400,-0.025750,-0.002762,-0.117782,-0.029216,-0.017164,-0.134167,-0.030505,-0.033776,-0.140259,-0.033100,-0.003774,-0.068300,-0.043865,-0.014784,-0.097224,-0.046091,-0.030985,-0.100661,-0.044630,-0.043200,-0.094228
thumbs_up,2,right,1782948417.2290747,0.000000,0.000000,0.000000,-0.025477,-0.012045,-0.022235,-0.038763,-0.022297,-0.043679,-0.038481,-0.039449,-0.070526,-0.021051,-0.050517,-0.080935,-0.020170,0.003226,-0.081594,-0.020183,-0.033691,-0.081751,-0.018296,-0.033783,-0.060198,-0.017099,-0.021095,-0.046527,0.000000,0.003975,-0.081300,0.000000,-0.035499,-0.102075,0.000000,-0.044243,-0.080288,0.000000,-0.038291,-0.061558,0.017000,0.001900,-0.076400,0.017074,-0.040646,-0.077226,0.015121,-0.037235,-0.055491,0.014300,-0.022047,-0.046359,0.033100,-0.003774,-0.068300,0.033236,-0.036539,-0.068657,0.030417,-0.036731,-0.052188,0.029386,-0.024185,-0.046333
thumbs_up,2,left,1782948417.4246793,0.000000,0.000000,0.000000,0.025477,-0.012045,-0.022235,0.041032,-0.018301,-0.043691,0.050551,-0.029639,-0.071903,0.044994,-0.040888,-0.091325,0.020170,0.003226,-0.081594,0.020271,-0.033673,-0.082744,0.018380,-0.034350,-0.061201,0.017151,-0.022037,-0.047195,0.000000,0.003975,-0.081300,0.000000,-0.036729,-0.099549,0.000000,-0.043548,-0.077085,0.000000,-0.035938,-0.058966,-0.017000,0.001900,-0.076400,-0.018725,-0.037861,-0.091462,-0.016275,-0.042674,-0.070045,-0.014662,-0.032028,-0.055945,-0.033100,-0.003774,-0.068300,-0.035414,-0.035890,-0.074377,-0.032515,-0.039250,-0.058267,-0.030595,-0.028111,-0.050206
thumbs_up,2,right,1782948417.436779,0.000000,0.000000,0.000000,-0.025477,-0.012045,-0.022235,-0.038663,-0.022673,-0.043558,-0.037553,-0.040273,-0.070091,-0.019337,-0.050964,-0.079501,-0.020170,0.003226,-0.081594,-0.020183,-0.033691,-0.081751,-0.018296,-0.033783,-0.060198,-0.017099,-0.021095,-0.046527,0.000000,0.003975,-0.081300,0.000000,-0.036140,-0.100808,0.000000,-0.043905,-0.078653,0.000000,-0.037095,-0.060218,0.017000,0.001900,-0.076400,0.017074,-0.040646,-0.077226,0.015121,-0.037235,-0.055491,0.014300,-0.022047,-0.046359,0.033100,-0.003774,-0.068300,0.032796,-0.036530,-0.067507,0.030081,-0.036106,-0.051025,0.029256,-0.023350,-0.045608
thumbs_up,2,left,1782948417.6451504,0.000000,0.000000,0.000000,0.025477,-0.012045,-0.022235,0.040832,-0.020043,-0.043253,0.047232,-0.034121,-0.071107,0.036478,-0.046130,-0.087684,0.020170,0.003226,-0.081594,0.020183,-0.033691,-0.081751,0.018297,-0.033783,-0.060198,0.017100,-0.021095,-0.046527,0.000000,0.003975,-0.081300,0.000000,-0.037443,-0.097863,0.000000,-0.043020,-0.075059,0.000000,-0.034396,-0.057401,-0.017000,0.001900,-0.076400,-0.018260,-0.039006,-0.088058,-0.015902,-0.041509,-0.066239,-0.014516,-0.029335,-0.053409,-0.033100,-0.003774,-0.068300,-0.034884,-0.036156,-0.072981,-0.032009,-0.038693,-0.056717,-0.030318,-0.027122,-0.049233
thumbs_up,2,right,1782948417.6453838,0.000000,0.000000,0.000000,-0.025477,-0.012045,-0.022235,-0.038652,-0.022715,-0.043544,-0.037450,-0.040363,-0.070042,-0.019151,-0.051008,-0.079340,-0.020170,0.003226,-0.081594,-0.020183,-0.033691,-0.081751,-0.018296,-0.033783,-0.060198,-0.017099,-0.021095,-0.046527,0.000000,0.003975,-0.081300,0.000000,-0.036343,-0.100386,0.000000,-0.043786,-0.078121,0.000000,-0.036701,-0.059790,0.017000,0.001900,-0.076400,0.017074,-0.040646,-0.077226,0.015121,-0.037235,-0.055491,0.014300,-0.022047,-0.046359,0.033100,-0.003774,-0.068300,0.032796,-0.036530,-0.067507,0.030081,-0.036106,-0.051025,0.029256,-0.023350,-0.045608
thumbs_up,2,right,1782948417.8531408,0.000000,0.000000,0.000000,-0.025477,-0.012045,-0.022235,-0.038652,-0.022715,-0.043544,-0.037450,-0.040363,-0.070042,-0.019151,-0.051008,-0.079340,-0.020170,0.003226,-0.081594,-0.020183,-0.033691,-0.081751,-0.018296,-0.033783,-0.060198,-0.017099,-0.021095,-0.046527,0.000000,0.003975,-0.081300,0.000000,-0.036343,-0.100386,0.000000,-0.043786,-0.078121,0.000000,-0.036701,-0.059790,0.017000,0.001900,-0.076400,0.017074,-0.040646,-0.077226,0.015121,-0.037235,-0.055491,0.014300,-0.022047,-0.046359,0.033100,-0.003774,-0.068300,0.032796,-0.036530,-0.067507,0.030081,-0.036106,-0.051025,0.029256,-0.023350,-0.045608
thumbs_up,2,left,1782948417.8664932,0.000000,0.000000,0.000000,0.025477,-0.012045,-0.022235,0.040786,-0.020329,-0.043175,0.046636,-0.034831,-0.070933,0.035092,-0.046844,-0.086967,0.020170,0.003226,-0.081594,0.020183,-0.033691,-0.081751,0.018297,-0.033783,-0.060198,0.017100,-0.021095,-0.046527,0.000000,0.003975,-0.081300,0.000000,-0.037098,-0.098701,0.000000,-0.043284,-0.076055,0.000000,-0.035152,-0.058164,-0.017000,0.001900,-0.076400,-0.018052,-0.039445,-0.086414,-0.015749,-0.040931,-0.064497,-0.014464,-0.028151,-0.052260,-0.033100,-0.003774,-0.068300,-0.034384,-0.036343,-0.071665,-0.031547,-0.038146,-0.055297,-0.030067,-0.026235,-0.048319
thumbs_up,2,right,1782948418.0645564,0.000000,0.000000,0.000000,-0.025477,-0.012045,-0.022235,-0.038652,-0.022715,-0.043544,-0.037450,-0.040363,-0.070042,-0.019151,-0.051008,-0.079340,-0.020170,0.003226,-0.081594,-0.020183,-0.033691,-0.081751,-0.018296,-0.033783,-0.060198,-0.017099,-0.021095,-0.046527,0.000000,0.003975,-0.081300,0.000000,-0.036343,-0.100386,0.000000,-0.043786,-0.078121,0.000000,-0.036701,-0.059790,0.017000,0.001900,-0.076400,0.017074,-0.040646,-0.077226,0.015121,-0.037235,-0.055491,0.014300,-0.022047,-0.046359,0.033100,-0.003774,-0.068300,0.032796,-0.036530,-0.067507,0.030081,-0.036106,-0.051025,0.029256,-0.023350,-0.045608
thumbs_up,2,left,1782948418.075851,0.000000,0.000000,0.000000,0.025477,-0.012045,-0.022235,0.040786,-0.020329,-0.043175,0.046636,-0.034831,-0.070933,0.035092,-0.046844,-0.086967,0.020170,0.003226,-0.081594,0.020183,-0.033691,-0.081751,0.018297,-0.033783,-0.060198,0.017100,-0.021095,-0.046527,0.000000,0.003975,-0.081300,0.000000,-0.037098,-0.098701,0.000000,-0.043284,-0.076055,0.000000,-0.035152,-0.058164,-0.017000,0.001900,-0.076400,-0.018052,-0.039445,-0.086414,-0.015749,-0.040931,-0.064497,-0.014464,-0.028151,-0.052260,-0.033100,-0.003774,-0.068300,-0.034384,-0.036343,-0.071665,-0.031547,-0.038146,-0.055297,-0.030067,-0.026235,-0.048319
thumbs_up,2,right,1782948418.2696915,0.000000,0.000000,0.000000,-0.025477,-0.012045,-0.022235,-0.038652,-0.022715,-0.043544,-0.037450,-0.040363,-0.070042,-0.019151,-0.051008,-0.079340,-0.020170,0.003226,-0.081594,-0.020183,-0.033691,-0.081751,-0.018296,-0.033783,-0.060198,-0.017099,-0.021095,-0.046527,0.000000,0.003975,-0.081300,0.000000,-0.036343,-0.100386,0.000000,-0.043786,-0.078121,0.000000,-0.036701,-0.059790,0.017000,0.001900,-0.076400,0.017074,-0.040646,-0.077226,0.015121,-0.037235,-0.055491,0.014300,-0.022047,-0.046359,0.033100,-0.003774,-0.068300,0.032920,-0.036538,-0.067830,0.030175,-0.036286,-0.051349,0.029291,-0.023587,-0.045808
thumbs_up,2,left,1782948418.2925828,0.000000,0.000000,0.000000,0.025477,-0.012045,-0.022235,0.040825,-0.020087,-0.043241,0.047141,-0.034231,-0.071081,0.036264,-0.046243,-0.087576,0.020170,0.003226,-0.081594,0.020183,-0.033691,-0.081751,0.018297,-0.033783,-0.060198,0.017100,-0.021095,-0.046527,0.000000,0.003975,-0.081300,0.000000,-0.036917,-0.099123,0.000000,-0.043415,-0.076564,0.000000,-0.035538,-0.058560,-0.017000,0.001900,-0.076400,-0.018016,-0.039517,-0.086118,-0.015724,-0.040828,-0.064189,-0.014455,-0.027947,-0.052056,-0.033100,-0.003774,-0.068300,-0.034401,-0.036338,-0.071708,-0.031562,-0.038164,-0.055342,-0.030075,-0.026263,-0.048349
thumbs_up,2,right,1782948418.4749193,0.000000,0.000000,0.000000,-0.025477,-0.012045,-0.022235,-0.038652,-0.022715,-0.043544,-0.037450,-0.040363,-0.070042,-0.019151,-0.051008,-0.079340,-0.020170,0.003226,-0.081594,-0.020183,-0.033691,-0.081751,-0.018296,-0.033783,-0.060198,-0.017099,-0.021095,-0.046527,0.000000,0.003975,-0.081300,0.000000,-0.036343,-0.100386,0.000000,-0.043786,-0.078121,0.000000,-0.036701,-0.059790,0.017000,0.001900,-0.076400,0.017074,-0.040646,-0.077226,0.015121,-0.037235,-0.055491,0.014300,-0.022047,-0.046359,0.033100,-0.003774,-0.068300,0.033193,-0.036540,-0.068543,0.030384,-0.036670,-0.052072,0.029373,-0.024103,-0.046260
thumbs_up,2,left,1782948418.4971771,0.000000,0.000000,0.000000,0.025477,-0.012045,-0.022235,0.040855,-0.019888,-0.043294,0.047548,-0.033735,-0.071196,0.037225,-0.045728,-0.088055,0.020170,0.003226,-0.081594,0.020183,-0.033691,-0.081751,0.018297,-0.033783,-0.060198,0.017100,-0.021095,-0.046527,0.000000,0.003975,-0.081300,0.000000,-0.036732,-0.099542,0.000000,-0.043541,-0.077075,0.000000,-0.035921,-0.058961,-0.017000,0.001900,-0.076400,-0.018052,-0.039445,-0.086414,-0.015749,-0.040931,-0.064497,-0.014464,-0.028151,-0.052260,-0.033100,-0.003774,-0.068300,-0.034953,-0.036126,-0.073162,-0.032074,-0.038767,-0.056916,-0.030354,-0.027248,-0.049359
thumbs_up,2,right,1782948418.6804798,0.000000,0.000000,0.000000,-0.025477,-0.012045,-0.022235,-0.038652,-0.022715,-0.043544,-0.037450,-0.040363,-0.070042,-0.019151,-0.051008,-0.079340,-0.020170,0.003226,-0.081594,-0.020183,-0.033691,-0.081751,-0.018296,-0.033783,-0.060198,-0.017099,-0.021095,-0.046527,0.000000,0.003975,-0.081300,0.000000,-0.036343,-0.100386,0.000000,-0.043786,-0.078121,0.000000,-0.036701,-0.059790,0.017000,0.001900,-0.076400,0.017074,-0.040646,-0.077226,0.015121,-0.037235,-0.055491,0.014300,-0.022047,-0.046359,0.033100,-0.003774,-0.068300,0.033342,-0.036534,-0.068932,0.030499,-0.036873,-0.052469,0.029419,-0.024380,-0.046510
thumbs_up,2,left,1782948418.7053003,0.000000,0.000000,0.000000,0.025477,-0.012045,-0.022235,0.040877,-0.019734,-0.043334,0.047860,-0.033346,-0.071281,0.037971,-0.045313,-0.088416,0.020170,0.003226,-0.081594,0.020183,-0.033691,-0.081751,0.018297,-0.033783,-0.060198,0.017100,-0.021095,-0.046527,0.000000,0.003975,-0.081300,0.000000,-0.036732,-0.099542,0.000000,-0.043541,-0.077075,0.000000,-0.035921,-0.058961,-0.017000,0.001900,-0.076400,-0.018052,-0.039445,-0.086414,-0.015749,-0.040931,-0.064497,-0.014464,-0.028151,-0.052260,-0.033100,-0.003774,-0.068300,-0.035092,-0.036060,-0.073528,-0.032206,-0.038914,-0.057319,-0.030426,-0.027503,-0.049614
thumbs_up,2,right,1782948418.8888383,0.000000,0.000000,0.000000,-0.025477,-0.012045,-0.022235,-0.038652,-0.022715,-0.043544,-0.037450,-0.040363,-0.070042,-0.019151,-0.051008,-0.079340,-0.020170,0.003226,-0.081594,-0.020183,-0.033691,-0.081751,-0.018296,-0.033783,-0.060198,-0.017099,-0.021095,-0.046527,0.000000,0.003975,-0.081300,0.000000,-0.036140,-0.100808,0.000000,-0.043905,-0.078653,0.000000,-0.037095,-0.060218,0.017000,0.001900,-0.076400,0.017099,-0.040640,-0.077492,0.015127,-0.037366,-0.055737,0.014291,-0.022236,-0.046511,0.033100,-0.003774,-0.068300,0.033579,-0.036514,-0.069553,0.030686,-0.037185,-0.053109,0.029497,-0.024816,-0.046918
thumbs_up,2,left,1782948418.9221961,0.000000,0.000000,0.000000,0.025477,-0.012045,-0.022235,0.040896,-0.019601,-0.043369,0.048125,-0.033010,-0.071350,0.038609,-0.044947,-0.088717,0.020170,0.003226,-0.081594,0.020183,-0.033691,-0.081751,0.018297,-0.033783,-0.060198,0.017100,-0.021095,-0.046527,0.000000,0.003975,-0.081300,0.000000,-0.036343,-0.100386,0.000000,-0.043787,-0.078121,0.000000,-0.036701,-0.059791,-0.017000,0.001900,-0.076400,-0.018112,-0.039324,-0.086895,-0.015793,-0.041102,-0.065001,-0.014478,-0.028491,-0.052593,-0.033100,-0.003774,-0.068300,-0.035341,-0.035931,-0.074186,-0.032445,-0.039175,-0.058052,-0.030557,-0.027973,-0.050072
thumbs_up,2,right,1782948419.105649,0.000000,0.000000,0.000000,-0.025477,-0.012045,-0.022235,-0.038652,-0.022715,-0.043544,-0.037450,-0.040363,-0.070042,-0.019151,-0.051008,-0.079340,-0.020170,0.003226,-0.081594,-0.020183,-0.033691,-0.081751,-0.018296,-0.033783,-0.060198,-0.017099,-0.021095,-0.046527,0.000000,0.003975,-0.081300,0.000000,-0.036140,-0.100808,0.000000,-0.043905,-0.078653,0.000000,-0.037095,-0.060218,0.017000,0.001900,-0.076400,0.017099,-0.040640,-0.077492,0.015127,-0.037366,-0.055737,0.014291,-0.022236,-0.046511,0.033100,-0.003774,-0.068300,0.033921,-0.036461,-0.070448,0.030959,-0.037613,-0.054043,0.029615,-0.025431,-0.047521
thumbs_up,2,left,1782948419.1281567,0.000000,0.000000,0.000000,0.025477,-0.012045,-0.022235,0.040926,-0.019370,-0.043428,0.048581,-0.032420,-0.071466,0.039722,-0.044287,-0.089224,0.020170,0.003226,-0.081594,0.020183,-0.033691,-0.081751,0.018297,-0.033783,-0.060198,0.017100,-0.021095,-0.046527,0.000000,0.003975,-0.081300,0.000000,-0.036343,-0.100386,0.000000,-0.043787,-0.078121,0.000000,-0.036701,-0.059791,-0.017000,0.001900,-0.076400,-0.018142,-0.039262,-0.087135,-0.015814,-0.041185,-0.065254,-0.014486,-0.028659,-0.052761,-0.033100,-0.003774,-0.068300,-0.035595,-0.035782,-0.074856,-0.032692,-0.039434,-0.058811,-0.030694,-0.028460,-0.050545
thumbs_up,2,right,1782948419.3307776,0.000000,0.000000,0.000000,-0.025477,-0.012045,-0.022235,-0.038652,-0.022715,-0.043544,-0.037450,-0.040363,-0.070042,-0.019151,-0.051008,-0.079340,-0.020170,0.003226,-0.081594,-0.020183,-0.033691,-0.081751,-0.018296,-0.033783,-0.060198,-0.017099,-0.021095,-0.046527,0.000000,0.003975,-0.081300,0.000000,-0.036140,-0.100808,0.000000,-0.043905,-0.078653,0.000000,-0.037095,-0.060218,0.017000,0.001900,-0.076400,0.017159,-0.040619,-0.078124,0.015144,-0.037672,-0.056326,0.014271,-0.022681,-0.046879,0.033100,-0.003774,-0.068300,0.033921,-0.036461,-0.070448,0.030959,-0.037613,-0.054043,0.029615,-0.025431,-0.047521
thumbs_up,2,left,1782948419.3322518,0.000000,0.000000,0.000000,0.025477,-0.012045,-0.022235,0.040952,-0.019160,-0.043481,0.048986,-0.031881,-0.071564,0.040725,-0.043667,-0.089661,0.020170,0.003226,-0.081594,0.020183,-0.033691,-0.081751,0.018297,-0.033783,-0.060198,0.017100,-0.021095,-0.046527,0.000000,0.003975,-0.081300,0.000000,-0.036242,-0.100597,0.000000,-0.043847,-0.078387,0.000000,-0.036899,-0.060004,-0.017000,0.001900,-0.076400,-0.018142,-0.039262,-0.087135,-0.015814,-0.041185,-0.065254,-0.014486,-0.028659,-0.052761,-0.033100,-0.003774,-0.068300,-0.035854,-0.035613,-0.075541,-0.032949,-0.039689,-0.059599,-0.030838,-0.028967,-0.051035
thumbs_up,2,left,1782948419.5323913,0.000000,0.000000,0.000000,0.025477,-0.012045,-0.022235,0.040984,-0.018873,-0.043551,0.049529,-0.031139,-0.071686,0.042090,-0.042785,-0.090224,0.020170,0.003226,-0.081594,0.020183,-0.033691,-0.081751,0.018297,-0.033783,-0.060198,0.017100,-0.021095,-0.046527,0.000000,0.003975,-0.081300,0.000000,-0.036140,-0.100808,0.000000,-0.043905,-0.078653,0.000000,-0.037095,-0.060219,-0.017000,0.001900,-0.076400,-0.018260,-0.039006,-0.088058,-0.015902,-0.041509,-0.066239,-0.014516,-0.029335,-0.053409,-0.033100,-0.003774,-0.068300,-0.035854,-0.035613,-0.075541,-0.032949,-0.039689,-0.059599,-0.030838,-0.028967,-0.051035
thumbs_up,2,right,1782948419.5454621,0.000000,0.000000,0.000000,-0.025477,-0.012045,-0.022235,-0.038652,-0.022715,-0.043544,-0.037450,-0.040363,-0.070042,-0.019151,-0.051008,-0.079340,-0.020170,0.003226,-0.081594,-0.020183,-0.033691,-0.081751,-0.018296,-0.033783,-0.060198,-0.017099,-0.021095,-0.046527,0.000000,0.003975,-0.081300,0.000000,-0.036140,-0.100808,0.000000,-0.043905,-0.078653,0.000000,-0.037095,-0.060218,0.017000,0.001900,-0.076400,0.017159,-0.040619,-0.078124,0.015144,-0.037672,-0.056326,0.014271,-0.022681,-0.046879,0.033100,-0.003774,-0.068300,0.033921,-0.036461,-0.070448,0.030959,-0.037613,-0.054043,0.029615,-0.025431,-0.047521
thumbs_up,2,left,1782948419.7410407,0.000000,0.000000,0.000000,0.025477,-0.012045,-0.022235,0.040986,-0.018851,-0.043556,0.049570,-0.031082,-0.071695,0.042194,-0.042716,-0.090266,0.020170,0.003226,-0.081594,0.020183,-0.033691,-0.081751,0.018297,-0.033783,-0.060198,0.017100,-0.021095,-0.046527,0.000000,0.003975,-0.081300,0.000000,-0.036140,-0.100808,0.000000,-0.043905,-0.078653,0.000000,-0.037095,-0.060219,-0.017000,0.001900,-0.076400,-0.018284,-0.038953,-0.088242,-0.015920,-0.041572,-0.066437,-0.014522,-0.029469,-0.053541,-0.033100,-0.003774,-0.068300,-0.035854,-0.035613,-0.075541,-0.032949,-0.039689,-0.059599,-0.030838,-0.028967,-0.051035
thumbs_up,2,right,1782948419.7538521,0.000000,0.000000,0.000000,-0.025477,-0.012045,-0.022235,-0.038652,-0.022715,-0.043544,-0.037450,-0.040363,-0.070042,-0.019151,-0.051008,-0.079340,-0.020170,0.003226,-0.081594,-0.020183,-0.033691,-0.081751,-0.018296,-0.033783,-0.060198,-0.017099,-0.021095,-0.046527,0.000000,0.003975,-0.081300,0.000000,-0.036140,-0.100808,0.000000,-0.043905,-0.078653,0.000000,-0.037095,-0.060218,0.017000,0.001900,-0.076400,0.017159,-0.040619,-0.078124,0.015144,-0.037672,-0.056326,0.014271,-0.022681,-0.046879,0.033100,-0.003774,-0.068300,0.033921,-0.036461,-0.070448,0.030959,-0.037613,-0.054043,0.029615,-0.025431,-0.047521
thumbs_up,2,left,1782948419.95203,0.000000,0.000000,0.000000,0.025477,-0.012045,-0.022235,0.041005,-0.018675,-0.043598,0.049897,-0.030622,-0.071763,0.043030,-0.042154,-0.090591,0.020170,0.003226,-0.081594,0.020183,-0.033691,-0.081751,0.018297,-0.033783,-0.060198,0.017100,-0.021095,-0.046527,0.000000,0.003975,-0.081300,0.000000,-0.036140,-0.100808,0.000000,-0.043905,-0.078653,0.000000,-0.037095,-0.060219,-0.017000,0.001900,-0.076400,-0.018284,-0.038953,-0.088242,-0.015920,-0.041572,-0.066437,-0.014522,-0.029469,-0.053541,-0.033100,-0.003774,-0.068300,-0.035854,-0.035613,-0.075541,-0.032949,-0.039689,-0.059599,-0.030838,-0.028967,-0.051035
thumbs_up,2,right,1782948419.963586,0.000000,0.000000,0.000000,-0.025477,-0.012045,-0.022235,-0.038652,-0.022715,-0.043544,-0.037450,-0.040363,-0.070042,-0.019151,-0.051008,-0.079340,-0.020170,0.003226,-0.081594,-0.020183,-0.033691,-0.081751,-0.018296,-0.033783,-0.060198,-0.017099,-0.021095,-0.046527,0.000000,0.003975,-0.081300,0.000000,-0.036140,-0.100808,0.000000,-0.043905,-0.078653,0.000000,-0.037095,-0.060218,0.017000,0.001900,-0.076400,0.017159,-0.040619,-0.078124,0.015144,-0.037672,-0.056326,0.014271,-0.022681,-0.046879,0.033100,-0.003774,-0.068300,0.034194,-0.036398,-0.071166,0.031182,-0.037936,-0.054802,0.029715,-0.025913,-0.048018
thumbs_up,2,left,1782948420.1674092,0.000000,0.000000,0.000000,0.025477,-0.012045,-0.022235,0.041018,-0.018544,-0.043629,0.050138,-0.030276,-0.071811,0.043661,-0.041724,-0.090828,0.020170,0.003226,-0.081594,0.020183,-0.033691,-0.081751,0.018297,-0.033783,-0.060198,0.017100,-0.021095,-0.046527,0.000000,0.003975,-0.081300,0.000000,-0.035719,-0.101652,0.000000,-0.044133,-0.079736,0.000000,-0.037889,-0.061103,-0.017000,0.001900,-0.076400,-0.018284,-0.038953,-0.088242,-0.015920,-0.041572,-0.066437,-0.014522,-0.029469,-0.053541,-0.033100,-0.003774,-0.068300,-0.035854,-0.035613,-0.075541,-0.032949,-0.039689,-0.059599,-0.030838,-0.028967,-0.051035
thumbs_up,2,right,1782948420.1676738,0.000000,0.000000,0.000000,-0.025477,-0.012045,-0.022235,-0.038652,-0.022715,-0.043544,-0.037450,-0.040363,-0.070042,-0.019151,-0.051008,-0.079340,-0.020170,0.003226,-0.081594,-0.020183,-0.033691,-0.081751,-0.018296,-0.033783,-0.060198,-0.017099,-0.021095,-0.046527,0.000000,0.003975,-0.081300,0.000000,-0.035718,-0.101652,0.000000,-0.044133,-0.079736,0.000000,-0.037888,-0.061102,0.017000,0.001900,-0.076400,0.017215,-0.040592,-0.078683,0.015162,-0.037935,-0.056852,0.014255,-0.023071,-0.047209,0.033100,-0.003774,-0.068300,0.034631,-0.036258,-0.072315,0.031546,-0.038425,-0.056036,0.029884,-0.026678,-0.048827
thumbs_up,2,left,1782948420.3755808,0.000000,0.000000,0.000000,0.025477,-0.012045,-0.022235,0.041030,-0.018412,-0.043660,0.050376,-0.029930,-0.071856,0.044294,-0.041285,-0.091058,0.020170,0.003226,-0.081594,0.020183,-0.033691,-0.081751,0.018297,-0.033783,-0.060198,0.017100,-0.021095,-0.046527,0.000000,0.003975,-0.081300,0.000000,-0.035719,-0.101652,0.000000,-0.044133,-0.079736,0.000000,-0.037889,-0.061103,-0.017000,0.001900,-0.076400,-0.018284,-0.038953,-0.088242,-0.015920,-0.041572,-0.066437,-0.014522,-0.029469,-0.053541,-0.033100,-0.003774,-0.068300,-0.036193,-0.035364,-0.076438,-0.033292,-0.040008,-0.060651,-0.031034,-0.029646,-0.051692
thumbs_up,2,right,1782948420.375867,0.000000,0.000000,0.000000,-0.025477,-0.012045,-0.022235,-0.038652,-0.022715,-0.043544,-0.037450,-0.040363,-0.070042,-0.019151,-0.051008,-0.079340,-0.020170,0.003226,-0.081594,-0.020183,-0.033691,-0.081751,-0.018296,-0.033783,-0.060198,-0.017099,-0.021095,-0.046527,0.000000,0.003975,-0.081300,0.000000,-0.035718,-0.101652,0.000000,-0.044133,-0.079736,0.000000,-0.037888,-0.061102,0.017000,0.001900,-0.076400,0.017215,-0.040592,-0.078683,0.015162,-0.037935,-0.056852,0.014255,-0.023071,-0.047209,0.033100,-0.003774,-0.068300,0.034781,-0.036200,-0.072709,0.031674,-0.038587,-0.056465,0.029944,-0.026942,-0.049107
thumbs_up,2,left,1782948420.5858698,0.000000,0.000000,0.000000,0.025477,-0.012045,-0.022235,0.041047,-0.018216,-0.043705,0.050728,-0.029410,-0.071919,0.045251,-0.040613,-0.091390,0.020170,0.003226,-0.081594,0.020183,-0.033691,-0.081751,0.018297,-0.033783,-0.060198,0.017100,-0.021095,-0.046527,0.000000,0.003975,-0.081300,0.000000,-0.035719,-0.101652,0.000000,-0.044133,-0.079736,0.000000,-0.037889,-0.061103,-0.017000,0.001900,-0.076400,-0.018383,-0.038724,-0.088995,-0.015996,-0.041832,-0.067257,-0.014550,-0.030038,-0.054084,-0.033100,-0.003774,-0.068300,-0.036537,-0.035078,-0.077352,-0.033649,-0.040314,-0.061748,-0.031243,-0.030352,-0.052382
thumbs_up,2,right,1782948420.597863,0.000000,0.000000,0.000000,-0.025477,-0.012045,-0.022235,-0.038685,-0.022590,-0.043585,-0.037758,-0.040093,-0.070190,-0.019712,-0.050872,-0.079822,-0.020170,0.003226,-0.081594,-0.020183,-0.033691,-0.081751,-0.018296,-0.033783,-0.060198,-0.017099,-0.021095,-0.046527,0.000000,0.003975,-0.081300,0.000000,-0.035718,-0.101652,0.000000,-0.044133,-0.079736,0.000000,-0.037888,-0.061102,0.017000,0.001900,-0.076400,0.017257,-0.040568,-0.079095,0.015176,-0.038124,-0.057242,0.014245,-0.023355,-0.047456,0.033100,-0.003774,-0.068300,0.034798,-0.036193,-0.072754,0.031688,-0.038606,-0.056515,0.029950,-0.026974,-0.049138
thumbs_up,3,left,1782948426.7577922,0.000000,0.000000,0.000000,0.025477,-0.012045,-0.022235,0.041138,-0.016740,-0.044010,0.053192,-0.025415,-0.072197,0.052621,-0.034929,-0.093264,0.020170,0.003226,-0.081594,0.020183,-0.033691,-0.081751,0.018297,-0.033783,-0.060198,0.017100,-0.021095,-0.046527,0.000000,0.003975,-0.081300,0.000000,-0.033815,-0.105001,0.000000,-0.044885,-0.084299,0.000000,-0.041099,-0.065015,-0.017000,0.001900,-0.076400,-0.019493,-0.035543,-0.096465,-0.016981,-0.044078,-0.076248,-0.015014,-0.036332,-0.060410,-0.033100,-0.003774,-0.068300,-0.039681,-0.030702,-0.085772,-0.037444,-0.041744,-0.073431,-0.033882,-0.037409,-0.060732
thumbs_up,3,right,1782948426.7581227,0.000000,0.000000,0.000000,-0.025477,-0.012045,-0.022235,-0.039360,-0.020131,-0.044221,-0.043690,-0.034341,-0.072405,-0.031605,-0.046354,-0.088034,-0.020170,0.003226,-0.081594,-0.020393,-0.033604,-0.084122,-0.018490,-0.035091,-0.062622,-0.017210,-0.023315,-0.048166,0.000000,0.003975,-0.081300,0.000000,-0.032737,-0.106638,0.000000,-0.045143,-0.086707,0.000000,-0.042690,-0.067209,0.017000,0.001900,-0.076400,0.018104,-0.039531,-0.086049,0.015597,-0.040807,-0.064141,0.014212,-0.027907,-0.052042,0.033100,-0.003774,-0.068300,0.036905,-0.034736,-0.078329,0.033653,-0.040636,-0.063037,0.030939,-0.031151,-0.053269
thumbs_up,3,left,1782948426.9594617,0.000000,0.000000,0.000000,0.025477,-0.012045,-0.022235,0.041138,-0.016740,-0.044010,0.053192,-0.025415,-0.072197,0.052621,-0.034929,-0.093264,0.020170,0.003226,-0.081594,0.020183,-0.033691,-0.081751,0.018297,-0.033783,-0.060198,0.017100,-0.021095,-0.046527,0.000000,0.003975,-0.081300,0.000000,-0.033815,-0.105001,0.000000,-0.044885,-0.084299,0.000000,-0.041099,-0.065015,-0.017000,0.001900,-0.076400,-0.019493,-0.035543,-0.096465,-0.016981,-0.044078,-0.076248,-0.015014,-0.036332,-0.060410,-0.033100,-0.003774,-0.068300,-0.039753,-0.030557,-0.085966,-0.037545,-0.041736,-0.073744,-0.033966,-0.037579,-0.060991
thumbs_up,3,right,1782948426.9596672,0.000000,0.000000,0.000000,-0.025477,-0.012045,-0.022235,-0.039396,-0.019999,-0.044246,-0.044000,-0.034011,-0.072486,-0.032278,-0.046016,-0.088395,-0.020170,0.003226,-0.081594,-0.020448,-0.033557,-0.084726,-0.018542,-0.035400,-0.063253,-0.017241,-0.023864,-0.048606,0.000000,0.003975,-0.081300,0.000000,-0.032737,-0.106638,0.000000,-0.045143,-0.086707,0.000000,-0.042690,-0.067209,0.017000,0.001900,-0.076400,0.018104,-0.039531,-0.086049,0.015597,-0.040807,-0.064141,0.014212,-0.027907,-0.052042,0.033100,-0.003774,-0.068300,0.037002,-0.034639,-0.078587,0.033752,-0.040712,-0.063363,0.030994,-0.031359,-0.053482
thumbs_up,3,left,1782948427.1608353,0.000000,0.000000,0.000000,0.025477,-0.012045,-0.022235,0.041142,-0.016615,-0.044034,0.053387,-0.025072,-0.072204,0.053252,-0.034397,-0.093363,0.020170,0.003226,-0.081594,0.020183,-0.033691,-0.081751,0.018297,-0.033783,-0.060198,0.017100,-0.021095,-0.046527,0.000000,0.003975,-0.081300,0.000000,-0.033464,-0.105551,0.000000,-0.044982,-0.085094,0.000000,-0.041634,-0.065729,-0.017000,0.001900,-0.076400,-0.019625,-0.035099,-0.097256,-0.017115,-0.044258,-0.077314,-0.015091,-0.037055,-0.061228,-0.033100,-0.003774,-0.068300,-0.039753,-0.030557,-0.085966,-0.037545,-0.041736,-0.073744,-0.033966,-0.037579,-0.060991
thumbs_up,3,right,1782948427.1610715,0.000000,0.000000,0.000000,-0.025477,-0.012045,-0.022235,-0.039396,-0.019999,-0.044246,-0.044000,-0.034011,-0.072486,-0.032278,-0.046016,-0.088395,-0.020170,0.003226,-0.081594,-0.020448,-0.033557,-0.084726,-0.018542,-0.035400,-0.063253,-0.017241,-0.023864,-0.048606,0.000000,0.003975,-0.081300,0.000000,-0.032737,-0.106638,0.000000,-0.045143,-0.086707,0.000000,-0.042690,-0.067209,0.017000,0.001900,-0.076400,0.018121,-0.039503,-0.086167,0.015607,-0.040849,-0.064264,0.014214,-0.027988,-0.052123,0.033100,-0.003774,-0.068300,0.037002,-0.034639,-0.078587,0.033752,-0.040712,-0.063363,0.030994,-0.031359,-0.053482
thumbs_up,3,left,1782948427.361233,0.000000,0.000000,0.000000,0.025477,-0.012045,-0.022235,0.041142,-0.016615,-0.044034,0.053387,-0.025072,-0.072204,0.053252,-0.034397,-0.093363,0.020170,0.003226,-0.081594,0.020183,-0.033691,-0.081751,0.018297,-0.033783,-0.060198,0.017100,-0.021095,-0.046527,0.000000,0.003975,-0.081300,0.000000,-0.033286,-0.105824,0.000000,-0.045025,-0.085494,0.000000,-0.041898,-0.066092,-0.017000,0.001900,-0.076400,-0.019625,-0.035099,-0.097256,-0.017115,-0.044258,-0.077314,-0.015091,-0.037055,-0.061228,-0.033100,-0.003774,-0.068300,-0.039753,-0.030557,-0.085966,-0.037545,-0.041736,-0.073744,-0.033966,-0.037579,-0.060991
thumbs_up,3,right,1782948427.3616953,0.000000,0.000000,0.000000,-0.025477,-0.012045,-0.022235,-0.039396,-0.019999,-0.044246,-0.044000,-0.034011,-0.072486,-0.032278,-0.046016,-0.088395,-0.020170,0.003226,-0.081594,-0.020448,-0.033557,-0.084726,-0.018542,-0.035400,-0.063253,-0.017241,-0.023864,-0.048606,0.000000,0.003975,-0.081300,0.000000,-0.032737,-0.106638,0.000000,-0.045143,-0.086707,0.000000,-0.042690,-0.067209,0.017000,0.001900,-0.076400,0.018155,-0.039446,-0.086403,0.015628,-0.040932,-0.064510,0.014217,-0.028151,-0.052287,0.033100,-0.003774,-0.068300,0.037041,-0.034599,-0.078691,0.033793,-0.040742,-0.063495,0.031017,-0.031443,-0.053568
thumbs_up,3,left,1782948427.5628247,0.000000,0.000000,0.000000,0.025477,-0.012045,-0.022235,0.041142,-0.016615,-0.044034,0.053387,-0.025072,-0.072204,0.053252,-0.034397,-0.093363,0.020170,0.003226,-0.081594,0.020183,-0.033691,-0.081751,0.018297,-0.033783,-0.060198,0.017100,-0.021095,-0.046527,0.000000,0.003975,-0.081300,0.000000,-0.033286,-0.105824,0.000000,-0.045025,-0.085494,0.000000,-0.041898,-0.066092,-0.017000,0.001900,-0.076400,-0.019625,-0.035099,-0.097256,-0.017115,-0.044258,-0.077314,-0.015091,-0.037055,-0.061228,-0.033100,-0.003774,-0.068300,-0.039967,-0.030112,-0.086544,-0.037851,-0.041697,-0.074690,-0.034221,-0.038086,-0.061785
thumbs_up,3,right,1782948427.563033,0.000000,0.000000,0.000000,-0.025477,-0.012045,-0.022235,-0.039396,-0.019999,-0.044246,-0.044000,-0.034011,-0.072486,-0.032278,-0.046016,-0.088395,-0.020170,0.003226,-0.081594,-0.020448,-0.033557,-0.084726,-0.018542,-0.035400,-0.063253,-0.017241,-0.023864,-0.048606,0.000000,0.003975,-0.081300,0.000000,-0.032737,-0.106638,0.000000,-0.045143,-0.086707,0.000000,-0.042690,-0.067209,0.017000,0.001900,-0.076400,0.018155,-0.039446,-0.086403,0.015628,-0.040932,-0.064510,0.014217,-0.028151,-0.052287,0.033100,-0.003774,-0.068300,0.037197,-0.034436,-0.079107,0.033955,-0.040859,-0.064026,0.031108,-0.031779,-0.053917
thumbs_up,3,left,1782948427.7668262,0.000000,0.000000,0.000000,0.025477,-0.012045,-0.022235,0.041144,-0.016584,-0.044039,0.053435,-0.024986,-0.072206,0.053409,-0.034263,-0.093386,0.020170,0.003226,-0.081594,0.020183,-0.033691,-0.081751,0.018297,-0.033783,-0.060198,0.017100,-0.021095,-0.046527,0.000000,0.003975,-0.081300,0.000000,-0.033286,-0.105824,0.000000,-0.045025,-0.085494,0.000000,-0.041898,-0.066092,-0.017000,0.001900,-0.076400,-0.019692,-0.034869,-0.097650,-0.017184,-0.044341,-0.077855,-0.015132,-0.037418,-0.061650,-0.033100,-0.003774,-0.068300,-0.039967,-0.030112,-0.086544,-0.037851,-0.041697,-0.074690,-0.034221,-0.038086,-0.061785
thumbs_up,3,right,1782948427.781426,0.000000,0.000000,0.000000,-0.025477,-0.012045,-0.022235,-0.039396,-0.019999,-0.044246,-0.044000,-0.034011,-0.072486,-0.032278,-0.046016,-0.088395,-0.020170,0.003226,-0.081594,-0.020448,-0.033557,-0.084726,-0.018542,-0.035400,-0.063253,-0.017241,-0.023864,-0.048606,0.000000,0.003975,-0.081300,0.000000,-0.032737,-0.106638,0.000000,-0.045143,-0.086707,0.000000,-0.042690,-0.067209,0.017000,0.001900,-0.076400,0.018155,-0.039446,-0.086403,0.015628,-0.040932,-0.064510,0.014217,-0.028151,-0.052287,0.033100,-0.003774,-0.068300,0.037236,-0.034394,-0.079211,0.033996,-0.040887,-0.064159,0.031132,-0.031863,-0.054005
thumbs_up,3,left,1782948427.9781287,0.000000,0.000000,0.000000,0.025477,-0.012045,-0.022235,0.041145,-0.016553,-0.044045,0.053483,-0.024900,-0.072207,0.053566,-0.034129,-0.093408,0.020170,0.003226,-0.081594,0.020183,-0.033691,-0.081751,0.018297,-0.033783,-0.060198,0.017100,-0.021095,-0.046527,0.000000,0.003975,-0.081300,0.000000,-0.033286,-0.105824,0.000000,-0.045025,-0.085494,0.000000,-0.041898,-0.066092,-0.017000,0.001900,-0.076400,-0.019692,-0.034869,-0.097650,-0.017184,-0.044341,-0.077855,-0.015132,-0.037418,-0.061650,-0.033100,-0.003774,-0.068300,-0.039967,-0.030112,-0.086544,-0.037851,-0.041697,-0.074690,-0.034221,-0.038086,-0.061785
thumbs_up,3,right,1782948427.988816,0.000000,0.000000,0.000000,-0.025477,-0.012045,-0.022235,-0.039433,-0.019866,-0.044270,-0.044308,-0.033679,-0.072562,-0.032953,-0.045669,-0.088747,-0.020170,0.003226,-0.081594,-0.020448,-0.033557,-0.084726,-0.018542,-0.035400,-0.063253,-0.017241,-0.023864,-0.048606,0.000000,0.003975,-0.081300,0.000000,-0.032737,-0.106638,0.000000,-0.045143,-0.086707,0.000000,-0.042690,-0.067209,0.017000,0.001900,-0.076400,0.018155,-0.039446,-0.086403,0.015628,-0.040932,-0.064510,0.014217,-0.028151,-0.052287,0.033100,-0.003774,-0.068300,0.037236,-0.034394,-0.079211,0.033996,-0.040887,-0.064159,0.031132,-0.031863,-0.054005
thumbs_up,3,left,1782948428.1915576,0.000000,0.000000,0.000000,0.025477,-0.012045,-0.022235,0.041147,-0.016491,-0.044056,0.053578,-0.024729,-0.072210,0.053878,-0.033861,-0.093451,0.020170,0.003226,-0.081594,0.020183,-0.033691,-0.081751,0.018297,-0.033783,-0.060198,0.017100,-0.021095,-0.046527,0.000000,0.003975,-0.081300,0.000000,-0.033286,-0.105824,0.000000,-0.045025,-0.085494,0.000000,-0.041898,-0.066092,-0.017000,0.001900,-0.076400,-0.019692,-0.034869,-0.097650,-0.017184,-0.044341,-0.077855,-0.015132,-0.037418,-0.061650,-0.033100,-0.003774,-0.068300,-0.039967,-0.030112,-0.086544,-0.037851,-0.041697,-0.074690,-0.034221,-0.038086,-0.061785
thumbs_up,3,right,1782948428.204501,0.000000,0.000000,0.000000,-0.025477,-0.012045,-0.022235,-0.039433,-0.019866,-0.044270,-0.044308,-0.033679,-0.072562,-0.032953,-0.045669,-0.088747,-0.020170,0.003226,-0.081594,-0.020448,-0.033557,-0.084726,-0.018542,-0.035400,-0.063253,-0.017241,-0.023864,-0.048606,0.000000,0.003975,-0.081300,0.000000,-0.032737,-0.106638,0.000000,-0.045143,-0.086707,0.000000,-0.042690,-0.067209,0.017000,0.001900,-0.076400,0.018155,-0.039446,-0.086403,0.015628,-0.040932,-0.064510,0.014217,-0.028151,-0.052287,0.033100,-0.003774,-0.068300,0.037236,-0.034394,-0.079211,0.033996,-0.040887,-0.064159,0.031132,-0.031863,-0.054005
thumbs_up,3,left,1782948428.393383,0.000000,0.000000,0.000000,0.025477,-0.012045,-0.022235,0.041156,-0.016154,-0.044116,0.054089,-0.023793,-0.072212,0.055579,-0.032366,-0.093635,0.020170,0.003226,-0.081594,0.020192,-0.033690,-0.081847,0.018305,-0.033839,-0.060294,0.017105,-0.021187,-0.046591,0.000000,0.003975,-0.081300,0.000000,-0.032784,-0.106571,0.000000,-0.045134,-0.086606,0.000000,-0.042625,-0.067115,-0.017000,0.001900,-0.076400,-0.019760,-0.034634,-0.098044,-0.017255,-0.044422,-0.078401,-0.015175,-0.037785,-0.062081,-0.033100,-0.003774,-0.068300,-0.040177,-0.029653,-0.087112,-0.038158,-0.041635,-0.075642,-0.034484,-0.038584,-0.062606
thumbs_up,3,right,1782948428.4057739,0.000000,0.000000,0.000000,-0.025477,-0.012045,-0.022235,-0.039463,-0.019756,-0.044289,-0.044565,-0.033401,-0.072623,-0.033517,-0.045373,-0.089033,-0.020170,0.003226,-0.081594,-0.020448,-0.033557,-0.084726,-0.018542,-0.035400,-0.063253,-0.017241,-0.023864,-0.048606,0.000000,0.003975,-0.081300,0.000000,-0.032168,-0.107442,0.000000,-0.045238,-0.087940,0.000000,-0.043474,-0.068368,0.017000,0.001900,-0.076400,0.018155,-0.039446,-0.086403,0.015628,-0.040932,-0.064510,0.014217,-0.028151,-0.052287,0.033100,-0.003774,-0.068300,0.037236,-0.034394,-0.079211,0.033996,-0.040887,-0.064159,0.031132,-0.031863,-0.054005
thumbs_up,3,left,1782948428.5936072,0.000000,0.000000,0.000000,0.025477,-0.012045,-0.022235,0.041158,-0.016063,-0.044131,0.054225,-0.023539,-0.072209,0.056036,-0.031952,-0.093671,0.020170,0.003226,-0.081594,0.020200,-0.033690,-0.081943,0.018313,-0.033895,-0.060391,0.017110,-0.021279,-0.046654,0.000000,0.003975,-0.081300,0.000000,-0.032737,-0.106638,0.000000,-0.045143,-0.086708,0.000000,-0.042690,-0.067210,-0.017000,0.001900,-0.076400,-0.019828,-0.034395,-0.098434,-0.017327,-0.044495,-0.078951,-0.015219,-0.038147,-0.062519,-0.033100,-0.003774,-0.068300,-0.040483,-0.028940,-0.087944,-0.038621,-0.041498,-0.077079,-0.034896,-0.039309,-0.063885
thumbs_up,3,right,1782948428.6156096,0.000000,0.000000,0.000000,-0.025477,-0.012045,-0.022235,-0.039469,-0.019734,-0.044293,-0.044616,-0.033346,-0.072635,-0.033630,-0.045313,-0.089090,-0.020170,0.003226,-0.081594,-0.020467,-0.033538,-0.084939,-0.018560,-0.035506,-0.063478,-0.017252,-0.024056,-0.048764,0.000000,0.003975,-0.081300,0.000000,-0.032168,-0.107442,0.000000,-0.045238,-0.087940,0.000000,-0.043474,-0.068368,0.017000,0.001900,-0.076400,0.018155,-0.039446,-0.086403,0.015628,-0.040932,-0.064510,0.014217,-0.028151,-0.052287,0.033100,-0.003774,-0.068300,0.037470,-0.034131,-0.079836,0.034245,-0.041050,-0.064972,0.031276,-0.032375,-0.054547
thumbs_up,3,left,1782948428.8029437,0.000000,0.000000,0.000000,0.025477,-0.012045,-0.022235,0.041159,-0.016032,-0.044136,0.054269,-0.023455,-0.072208,0.056188,-0.031815,-0.093681,0.020170,0.003226,-0.081594,0.020200,-0.033690,-0.081943,0.018313,-0.033895,-0.060391,0.017110,-0.021279,-0.046654,0.000000,0.003975,-0.081300,0.000000,-0.032737,-0.106638,0.000000,-0.045143,-0.086708,0.000000,-0.042690,-0.067210,-0.017000,0.001900,-0.076400,-0.019828,-0.034395,-0.098434,-0.017327,-0.044495,-0.078951,-0.015219,-0.038147,-0.062519,-0.033100,-0.003774,-0.068300,-0.040483,-0.028940,-0.087944,-0.038621,-0.041498,-0.077079,-0.034896,-0.039309,-0.063885
thumbs_up,3,right,1782948428.826111,0.000000,0.000000,0.000000,-0.025477,-0.012045,-0.022235,-0.039469,-0.019734,-0.044293,-0.044616,-0.033346,-0.072635,-0.033630,-0.045313,-0.089090,-0.020170,0.003226,-0.081594,-0.020467,-0.033538,-0.084939,-0.018560,-0.035506,-0.063478,-0.017252,-0.024056,-0.048764,0.000000,0.003975,-0.081300,0.000000,-0.032168,-0.107442,0.000000,-0.045238,-0.087940,0.000000,-0.043474,-0.068368,0.017000,0.001900,-0.076400,0.018155,-0.039446,-0.086403,0.015628,-0.040932,-0.064510,0.014217,-0.028151,-0.052287,0.033100,-0.003774,-0.068300,0.037470,-0.034131,-0.079836,0.034245,-0.041050,-0.064972,0.031276,-0.032375,-0.054547
thumbs_up,3,left,1782948429.0101533,0.000000,0.000000,0.000000,0.025477,-0.012045,-0.022235,0.041159,-0.016002,-0.044141,0.054314,-0.023371,-0.072207,0.056339,-0.031676,-0.093691,0.020170,0.003226,-0.081594,0.020200,-0.033690,-0.081943,0.018313,-0.033895,-0.060391,0.017110,-0.021279,-0.046654,0.000000,0.003975,-0.081300,0.000000,-0.032737,-0.106638,0.000000,-0.045143,-0.086708,0.000000,-0.042690,-0.067210,-0.017000,0.001900,-0.076400,-0.019828,-0.034395,-0.098434,-0.017327,-0.044495,-0.078951,-0.015219,-0.038147,-0.062519,-0.033100,-0.003774,-0.068300,-0.040483,-0.028940,-0.087944,-0.038621,-0.041498,-0.077079,-0.034896,-0.039309,-0.063885
thumbs_up,3,right,1782948429.0359313,0.000000,0.000000,0.000000,-0.025477,-0.012045,-0.022235,-0.039469,-0.019734,-0.044293,-0.044616,-0.033346,-0.072635,-0.033630,-0.045313,-0.089090,-0.020170,0.003226,-0.081594,-0.020467,-0.033538,-0.084939,-0.018560,-0.035506,-0.063478,-0.017252,-0.024056,-0.048764,0.000000,0.003975,-0.081300,0.000000,-0.032168,-0.107442,0.000000,-0.045238,-0.087940,0.000000,-0.043474,-0.068368,0.017000,0.001900,-0.076400,0.018155,-0.039446,-0.086403,0.015628,-0.040932,-0.064510,0.014217,-0.028151,-0.052287,0.033100,-0.003774,-0.068300,0.037470,-0.034131,-0.079836,0.034245,-0.041050,-0.064972,0.031276,-0.032375,-0.054547
thumbs_up,3,left,1782948429.218749,0.000000,0.000000,0.000000,0.025477,-0.012045,-0.022235,0.041159,-0.016002,-0.044141,0.054314,-0.023371,-0.072207,0.056339,-0.031676,-0.093691,0.020170,0.003226,-0.081594,0.020200,-0.033690,-0.081943,0.018313,-0.033895,-0.060391,0.017110,-0.021279,-0.046654,0.000000,0.003975,-0.081300,0.000000,-0.032737,-0.106638,0.000000,-0.045143,-0.086708,0.000000,-0.042690,-0.067210,-0.017000,0.001900,-0.076400,-0.019828,-0.034395,-0.098434,-0.017327,-0.044495,-0.078951,-0.015219,-0.038147,-0.062519,-0.033100,-0.003774,-0.068300,-0.040483,-0.028940,-0.087944,-0.038621,-0.041498,-0.077079,-0.034896,-0.039309,-0.063885
thumbs_up,3,right,1782948429.2397108,0.000000,0.000000,0.000000,-0.025477,-0.012045,-0.022235,-0.039469,-0.019734,-0.044293,-0.044616,-0.033346,-0.072635,-0.033630,-0.045313,-0.089090,-0.020170,0.003226,-0.081594,-0.020467,-0.033538,-0.084939,-0.018560,-0.035506,-0.063478,-0.017252,-0.024056,-0.048764,0.000000,0.003975,-0.081300,0.000000,-0.032168,-0.107442,0.000000,-0.045238,-0.087940,0.000000,-0.043474,-0.068368,0.017000,0.001900,-0.076400,0.018172,-0.039416,-0.086523,0.015638,-0.040975,-0.064636,0.014219,-0.028237,-0.052370,0.033100,-0.003774,-0.068300,0.037470,-0.034131,-0.079836,0.034245,-0.041050,-0.064972,0.031276,-0.032375,-0.054547
thumbs_up,3,left,1782948429.419541,0.000000,0.000000,0.000000,0.025477,-0.012045,-0.022235,0.041160,-0.015942,-0.044151,0.054402,-0.023203,-0.072204,0.056640,-0.031401,-0.093709,0.020170,0.003226,-0.081594,0.020264,-0.033676,-0.082668,0.018373,-0.034307,-0.061124,0.017146,-0.021965,-0.047143,0.000000,0.003975,-0.081300,0.000000,-0.032737,-0.106638,0.000000,-0.045143,-0.086708,0.000000,-0.042690,-0.067210,-0.017000,0.001900,-0.076400,-0.019828,-0.034395,-0.098434,-0.017327,-0.044495,-0.078951,-0.015219,-0.038147,-0.062519,-0.033100,-0.003774,-0.068300,-0.040483,-0.028940,-0.087944,-0.038621,-0.041498,-0.077079,-0.034896,-0.039309,-0.063885
thumbs_up,3,right,1782948429.4405923,0.000000,0.000000,0.000000,-0.025477,-0.012045,-0.022235,-0.039506,-0.019601,-0.044316,-0.044922,-0.033010,-0.072704,-0.034310,-0.044947,-0.089424,-0.020170,0.003226,-0.081594,-0.020467,-0.033538,-0.084939,-0.018560,-0.035506,-0.063478,-0.017252,-0.024056,-0.048764,0.000000,0.003975,-0.081300,0.000000,-0.032168,-0.107442,0.000000,-0.045238,-0.087940,0.000000,-0.043474,-0.068368,0.017000,0.001900,-0.076400,0.018259,-0.039262,-0.087122,0.015693,-0.041185,-0.065268,0.014228,-0.028660,-0.052790,0.033100,-0.003774,-0.068300,0.037470,-0.034131,-0.079836,0.034245,-0.041050,-0.064972,0.031276,-0.032375,-0.054547
thumbs_up,3,left,1782948429.6254778,0.000000,0.000000,0.000000,0.025477,-0.012045,-0.022235,0.041161,-0.015882,-0.044161,0.054490,-0.023035,-0.072200,0.056940,-0.031123,-0.093723,0.020170,0.003226,-0.081594,0.020264,-0.033676,-0.082668,0.018373,-0.034307,-0.061124,0.017146,-0.021965,-0.047143,0.000000,0.003975,-0.081300,0.000000,-0.032550,-0.106908,0.000000,-0.045178,-0.087118,0.000000,-0.042955,-0.067592,-0.017000,0.001900,-0.076400,-0.019828,-0.034395,-0.098434,-0.017327,-0.044495,-0.078951,-0.015219,-0.038147,-0.062519,-0.033100,-0.003774,-0.068300,-0.040483,-0.028940,-0.087944,-0.038621,-0.041498,-0.077079,-0.034896,-0.039309,-0.063885
thumbs_up,3,right,1782948429.6569018,0.000000,0.000000,0.000000,-0.025477,-0.012045,-0.022235,-0.039506,-0.019601,-0.044316,-0.044922,-0.033010,-0.072704,-0.034310,-0.044947,-0.089424,-0.020170,0.003226,-0.081594,-0.020467,-0.033538,-0.084939,-0.018560,-0.035506,-0.063478,-0.017252,-0.024056,-0.048764,0.000000,0.003975,-0.081300,0.000000,-0.032168,-0.107442,0.000000,-0.045238,-0.087940,0.000000,-0.043474,-0.068368,0.017000,0.001900,-0.076400,0.018259,-0.039262,-0.087122,0.015693,-0.041185,-0.065268,0.014228,-0.028660,-0.052790,0.033100,-0.003774,-0.068300,0.037470,-0.034131,-0.079836,0.034245,-0.041050,-0.064972,0.031276,-0.032375,-0.054547
thumbs_up,3,left,1782948429.8311455,0.000000,0.000000,0.000000,0.025477,-0.012045,-0.022235,0.041163,-0.015763,-0.044180,0.054663,-0.022702,-0.072192,0.057534,-0.030568,-0.093745,0.020170,0.003226,-0.081594,0.020264,-0.033676,-0.082668,0.018373,-0.034307,-0.061124,0.017146,-0.021965,-0.047143,0.000000,0.003975,-0.081300,0.000000,-0.032169,-0.107443,0.000000,-0.045238,-0.087941,0.000000,-0.043474,-0.068368,-0.017000,0.001900,-0.076400,-0.019828,-0.034395,-0.098434,-0.017327,-0.044495,-0.078951,-0.015219,-0.038147,-0.062519,-0.033100,-0.003774,-0.068300,-0.040483,-0.028940,-0.087944,-0.038621,-0.041498,-0.077079,-0.034896,-0.039309,-0.063885
thumbs_up,3,right,1782948429.8634908,0.000000,0.000000,0.000000,-0.025477,-0.012045,-0.022235,-0.039506,-0.019601,-0.044316,-0.044922,-0.033010,-0.072704,-0.034310,-0.044947,-0.089424,-0.020170,0.003226,-0.081594,-0.020467,-0.033538,-0.084939,-0.018560,-0.035506,-0.063478,-0.017252,-0.024056,-0.048764,0.000000,0.003975,-0.081300,0.000000,-0.032168,-0.107442,0.000000,-0.045238,-0.087940,0.000000,-0.043474,-0.068368,0.017000,0.001900,-0.076400,0.018259,-0.039262,-0.087122,0.015693,-0.041185,-0.065268,0.014228,-0.028660,-0.052790,0.033100,-0.003774,-0.068300,0.037470,-0.034131,-0.079836,0.034245,-0.041050,-0.064972,0.031276,-0.032375,-0.054547
thumbs_up,3,left,1782948430.039986,0.000000,0.000000,0.000000,0.025477,-0.012045,-0.022235,0.041163,-0.015763,-0.044180,0.054663,-0.022702,-0.072192,0.057534,-0.030568,-0.093745,0.020170,0.003226,-0.081594,0.020264,-0.033676,-0.082668,0.018373,-0.034307,-0.061124,0.017146,-0.021965,-0.047143,0.000000,0.003975,-0.081300,0.000000,-0.032169,-0.107443,0.000000,-0.045238,-0.087941,0.000000,-0.043474,-0.068368,-0.017000,0.001900,-0.076400,-0.019896,-0.034150,-0.098824,-0.017401,-0.044565,-0.079506,-0.015265,-0.038512,-0.062967,-0.033100,-0.003774,-0.068300,-0.040483,-0.028940,-0.087944,-0.038621,-0.041498,-0.077079,-0.034896,-0.039309,-0.063885
thumbs_up,3,right,1782948430.0719156,0.000000,0.000000,0.000000,-0.025477,-0.012045,-0.022235,-0.039506,-0.019601,-0.044316,-0.044922,-0.033010,-0.072704,-0.034310,-0.044947,-0.089424,-0.020170,0.003226,-0.081594,-0.020467,-0.033538,-0.084939,-0.018560,-0.035506,-0.063478,-0.017252,-0.024056,-0.048764,0.000000,0.003975,-0.081300,0.000000,-0.032168,-0.107442,0.000000,-0.045238,-0.087940,0.000000,-0.043474,-0.068368,0.017000,0.001900,-0.076400,0.018259,-0.039262,-0.087122,0.015693,-0.041185,-0.065268,0.014228,-0.028660,-0.052790,0.033100,-0.003774,-0.068300,0.037470,-0.034131,-0.079836,0.034245,-0.041050,-0.064972,0.031276,-0.032375,-0.054547
thumbs_up,3,left,1782948430.2447383,0.000000,0.000000,0.000000,0.025477,-0.012045,-0.022235,0.041164,-0.015645,-0.044199,0.054833,-0.022370,-0.072180,0.058121,-0.030011,-0.093755,0.020170,0.003226,-0.081594,0.020264,-0.033676,-0.082668,0.018373,-0.034307,-0.061124,0.017146,-0.021965,-0.047143,0.000000,0.003975,-0.081300,0.000000,-0.032169,-0.107443,0.000000,-0.045238,-0.087941,0.000000,-0.043474,-0.068368,-0.017000,0.001900,-0.076400,-0.019896,-0.034150,-0.098824,-0.017401,-0.044565,-0.079506,-0.015265,-0.038512,-0.062967,-0.033100,-0.003774,-0.068300,-0.040583,-0.028696,-0.088215,-0.038776,-0.041440,-0.077560,-0.035037,-0.039545,-0.064324
thumbs_up,3,right,1782948430.2898562,0.000000,0.000000,0.000000,-0.025477,-0.012045,-0.022235,-0.039506,-0.019601,-0.044316,-0.044922,-0.033010,-0.072704,-0.034310,-0.044947,-0.089424,-0.020170,0.003226,-0.081594,-0.020467,-0.033538,-0.084939,-0.018560,-0.035506,-0.063478,-0.017252,-0.024056,-0.048764,0.000000,0.003975,-0.081300,0.000000,-0.032168,-0.107442,0.000000,-0.045238,-0.087940,0.000000,-0.043474,-0.068368,0.017000,0.001900,-0.076400,0.018259,-0.039262,-0.087122,0.015693,-0.041185,-0.065268,0.014228,-0.028660,-0.052790,0.033100,-0.003774,-0.068300,0.037822,-0.033703,-0.080776,0.034630,-0.041269,-0.066223,0.031507,-0.033155,-0.055399
thumbs_up,3,left,1782948430.446673,0.000000,0.000000,0.000000,0.025477,-0.012045,-0.022235,0.041164,-0.015645,-0.044199,0.054833,-0.022370,-0.072180,0.058121,-0.030011,-0.093755,0.020170,0.003226,-0.081594,0.020264,-0.033676,-0.082668,0.018373,-0.034307,-0.061124,0.017146,-0.021965,-0.047143,0.000000,0.003975,-0.081300,0.000000,-0.032169,-0.107443,0.000000,-0.045238,-0.087941,0.000000,-0.043474,-0.068368,-0.017000,0.001900,-0.076400,-0.019896,-0.034150,-0.098824,-0.017401,-0.044565,-0.079506,-0.015265,-0.038512,-0.062967,-0.033100,-0.003774,-0.068300,-0.040583,-0.028696,-0.088215,-0.038776,-0.041440,-0.077560,-0.035037,-0.039545,-0.064324
thumbs_up,3,right,1782948430.5014002,0.000000,0.000000,0.000000,-0.025477,-0.012045,-0.022235,-0.039506,-0.019601,-0.044316,-0.044922,-0.033010,-0.072704,-0.034310,-0.044947,-0.089424,-0.020170,0.003226,-0.081594,-0.020528,-0.033470,-0.085615,-0.018619,-0.035836,-0.064194,-0.017289,-0.024660,-0.049273,0.000000,0.003975,-0.081300,0.000000,-0.032168,-0.107442,0.000000,-0.045238,-0.087940,0.000000,-0.043474,-0.068368,0.017000,0.001900,-0.076400,0.018259,-0.039262,-0.087122,0.015693,-0.041185,-0.065268,0.014228,-0.028660,-0.052790,0.033100,-0.003774,-0.068300,0.037822,-0.033703,-0.080776,0.034630,-0.041269,-0.066223,0.031507,-0.033155,-0.055399
thumbs_up,3,left,1782948430.653583,0.000000,0.000000,0.000000,0.025477,-0.012045,-0.022235,0.041166,-0.015498,-0.044222,0.055042,-0.021959,-0.072164,0.058844,-0.029314,-0.093753,0.020170,0.003226,-0.081594,0.020264,-0.033676,-0.082668,0.018373,-0.034307,-0.061124,0.017146,-0.021965,-0.047143,0.000000,0.003975,-0.081300,0.000000,-0.032169,-0.107443,0.000000,-0.045238,-0.087941,0.000000,-0.043474,-0.068368,-0.017000,0.001900,-0.076400,-0.019896,-0.034150,-0.098824,-0.017401,-0.044565,-0.079506,-0.015265,-0.038512,-0.062967,-0.033100,-0.003774,-0.068300,-0.040583,-0.028696,-0.088215,-0.038776,-0.041440,-0.077560,-0.035037,-0.039545,-0.064324
thumbs_up,3,right,1782948430.7078097,0.000000,0.000000,0.000000,-0.025477,-0.012045,-0.022235,-0.039506,-0.019601,-0.044316,-0.044922,-0.033010,-0.072704,-0.034310,-0.044947,-0.089424,-0.020170,0.003226,-0.081594,-0.020528,-0.033470,-0.085615,-0.018619,-0.035836,-0.064194,-0.017289,-0.024660,-0.049273,0.000000,0.003975,-0.081300,0.000000,-0.032168,-0.107442,0.000000,-0.045238,-0.087940,0.000000,-0.043474,-0.068368,0.017000,0.001900,-0.076400,0.018259,-0.039262,-0.087122,0.015693,-0.041185,-0.065268,0.014228,-0.028660,-0.052790,0.033100,-0.003774,-0.068300,0.037822,-0.033703,-0.080776,0.034630,-0.041269,-0.066223,0.031507,-0.033155,-0.055399
thumbs_up,3,left,1782948430.865393,0.000000,0.000000,0.000000,0.025477,-0.012045,-0.022235,0.041166,-0.015469,-0.044226,0.055083,-0.021876,-0.072160,0.058988,-0.029174,-0.093750,0.020170,0.003226,-0.081594,0.020264,-0.033676,-0.082668,0.018373,-0.034307,-0.061124,0.017146,-0.021965,-0.047143,0.000000,0.003975,-0.081300,0.000000,-0.032169,-0.107443,0.000000,-0.045238,-0.087941,0.000000,-0.043474,-0.068368,-0.017000,0.001900,-0.076400,-0.019896,-0.034150,-0.098824,-0.017401,-0.044565,-0.079506,-0.015265,-0.038512,-0.062967,-0.033100,-0.003774,-0.068300,-0.040583,-0.028696,-0.088215,-0.038776,-0.041440,-0.077560,-0.035037,-0.039545,-0.064324
thumbs_up,3,right,1782948430.9181445,0.000000,0.000000,0.000000,-0.025477,-0.012045,-0.022235,-0.039506,-0.019601,-0.044316,-0.044922,-0.033010,-0.072704,-0.034310,-0.044947,-0.089424,-0.020170,0.003226,-0.081594,-0.020528,-0.033470,-0.085615,-0.018619,-0.035836,-0.064194,-0.017289,-0.024660,-0.049273,0.000000,0.003975,-0.081300,0.000000,-0.032168,-0.107442,0.000000,-0.045238,-0.087940,0.000000,-0.043474,-0.068368,0.017000,0.001900,-0.076400,0.018259,-0.039262,-0.087122,0.015693,-0.041185,-0.065268,0.014228,-0.028660,-0.052790,0.033100,-0.003774,-0.068300,0.037822,-0.033703,-0.080776,0.034630,-0.041269,-0.066223,0.031507,-0.033155,-0.055399
thumbs_up,3,left,1782948431.070632,0.000000,0.000000,0.000000,0.025477,-0.012045,-0.022235,0.041166,-0.015469,-0.044226,0.055083,-0.021876,-0.072160,0.058988,-0.029174,-0.093750,0.020170,0.003226,-0.081594,0.020264,-0.033676,-0.082668,0.018373,-0.034307,-0.061124,0.017146,-0.021965,-0.047143,0.000000,0.003975,-0.081300,0.000000,-0.032169,-0.107443,0.000000,-0.045238,-0.087941,0.000000,-0.043474,-0.068368,-0.017000,0.001900,-0.076400,-0.019896,-0.034150,-0.098824,-0.017401,-0.044565,-0.079506,-0.015265,-0.038512,-0.062967,-0.033100,-0.003774,-0.068300,-0.040583,-0.028696,-0.088215,-0.038776,-0.041440,-0.077560,-0.035037,-0.039545,-0.064324
thumbs_up,3,right,1782948431.1338546,0.000000,0.000000,0.000000,-0.025477,-0.012045,-0.022235,-0.039506,-0.019601,-0.044316,-0.044922,-0.033010,-0.072704,-0.034310,-0.044947,-0.089424,-0.020170,0.003226,-0.081594,-0.020528,-0.033470,-0.085615,-0.018619,-0.035836,-0.064194,-0.017289,-0.024660,-0.049273,0.000000,0.003975,-0.081300,0.000000,-0.032168,-0.107442,0.000000,-0.045238,-0.087940,0.000000,-0.043474,-0.068368,0.017000,0.001900,-0.076400,0.018259,-0.039262,-0.087122,0.015693,-0.041185,-0.065268,0.014228,-0.028660,-0.052790,0.033100,-0.003774,-0.068300,0.037822,-0.033703,-0.080776,0.034630,-0.041269,-0.066223,0.031507,-0.033155,-0.055399
thumbs_up,3,left,1782948431.2774758,0.000000,0.000000,0.000000,0.025477,-0.012045,-0.022235,0.041166,-0.015469,-0.044226,0.055083,-0.021876,-0.072160,0.058988,-0.029174,-0.093750,0.020170,0.003226,-0.081594,0.020264,-0.033676,-0.082668,0.018373,-0.034307,-0.061124,0.017146,-0.021965,-0.047143,0.000000,0.003975,-0.081300,0.000000,-0.032169,-0.107443,0.000000,-0.045238,-0.087941,0.000000,-0.043474,-0.068368,-0.017000,0.001900,-0.076400,-0.019896,-0.034150,-0.098824,-0.017401,-0.044565,-0.079506,-0.015265,-0.038512,-0.062967,-0.033100,-0.003774,-0.068300,-0.040583,-0.028696,-0.088215,-0.038776,-0.041440,-0.077560,-0.035037,-0.039545,-0.064324
thumbs_up,3,right,1782948431.340993,0.000000,0.000000,0.000000,-0.025477,-0.012045,-0.022235,-0.039506,-0.019601,-0.044316,-0.044922,-0.033010,-0.072704,-0.034310,-0.044947,-0.089424,-0.020170,0.003226,-0.081594,-0.020528,-0.033470,-0.085615,-0.018619,-0.035836,-0.064194,-0.017289,-0.024660,-0.049273,0.000000,0.003975,-0.081300,0.000000,-0.032168,-0.107442,0.000000,-0.045238,-0.087940,0.000000,-0.043474,-0.068368,0.017000,0.001900,-0.076400,0.018259,-0.039262,-0.087122,0.015693,-0.041185,-0.065268,0.014228,-0.028660,-0.052790,0.033100,-0.003774,-0.068300,0.037822,-0.033703,-0.080776,0.034630,-0.041269,-0.066223,0.031507,-0.033155,-0.055399
thumbs_up,3,left,1782948431.4774938,0.000000,0.000000,0.000000,0.025477,-0.012045,-0.022235,0.041166,-0.015353,-0.044243,0.055246,-0.021550,-0.072143,0.059556,-0.028615,-0.093734,0.020170,0.003226,-0.081594,0.020264,-0.033676,-0.082668,0.018373,-0.034307,-0.061124,0.017146,-0.021965,-0.047143,0.000000,0.003975,-0.081300,0.000000,-0.032169,-0.107443,0.000000,-0.045238,-0.087941,0.000000,-0.043474,-0.068368,-0.017000,0.001900,-0.076400,-0.019896,-0.034150,-0.098824,-0.017401,-0.044565,-0.079506,-0.015265,-0.038512,-0.062967,-0.033100,-0.003774,-0.068300,-0.040583,-0.028696,-0.088215,-0.038776,-0.041440,-0.077560,-0.035037,-0.039545,-0.064324
thumbs_up,3,right,1782948431.5729053,0.000000,0.000000,0.000000,-0.025477,-0.012045,-0.022235,-0.039506,-0.019601,-0.044316,-0.044922,-0.033010,-0.072704,-0.034310,-0.044947,-0.089424,-0.020170,0.003226,-0.081594,-0.020528,-0.033470,-0.085615,-0.018619,-0.035836,-0.064194,-0.017289,-0.024660,-0.049273,0.000000,0.003975,-0.081300,0.000000,-0.032168,-0.107442,0.000000,-0.045238,-0.087940,0.000000,-0.043474,-0.068368,0.017000,0.001900,-0.076400,0.018259,-0.039262,-0.087122,0.015693,-0.041185,-0.065268,0.014228,-0.028660,-0.052790,0.033100,-0.003774,-0.068300,0.037822,-0.033703,-0.080776,0.034630,-0.041269,-0.066223,0.031507,-0.033155,-0.055399
thumbs_up,3,left,1782948431.6828816,0.000000,0.000000,0.000000,0.025477,-0.012045,-0.022235,0.041166,-0.015353,-0.044243,0.055246,-0.021550,-0.072143,0.059556,-0.028615,-0.093734,0.020170,0.003226,-0.081594,0.020264,-0.033676,-0.082668,0.018373,-0.034307,-0.061124,0.017146,-0.021965,-0.047143,0.000000,0.003975,-0.081300,0.000000,-0.032169,-0.107443,0.000000,-0.045238,-0.087941,0.000000,-0.043474,-0.068368,-0.017000,0.001900,-0.076400,-0.019896,-0.034150,-0.098824,-0.017401,-0.044565,-0.079506,-0.015265,-0.038512,-0.062967,-0.033100,-0.003774,-0.068300,-0.040550,-0.028778,-0.088125,-0.038724,-0.041460,-0.077399,-0.034990,-0.039467,-0.064177
peace,1,left,1782948437.7935305,0.000000,0.000000,0.000000,0.025477,-0.012045,-0.022235,0.039074,-0.025751,-0.041437,0.032312,-0.046078,-0.065020,0.009918,-0.051335,-0.067366,0.020170,0.003226,-0.081594,0.024029,0.003226,-0.118309,0.026284,0.001666,-0.139770,0.028216,-0.001089,-0.158154,0.000000,0.003975,-0.081300,0.000000,0.003975,-0.125907,0.000000,0.002498,-0.149337,0.000000,-0.000406,-0.168773,-0.017000,0.001900,-0.076400,-0.020317,-0.032580,-0.101118,-0.017877,-0.044876,-0.082932,-0.015584,-0.040692,-0.065845,-0.033100,-0.003774,-0.068300,-0.037002,-0.034639,-0.078587,-0.034147,-0.040691,-0.063276,-0.031544,-0.031330,-0.053360
peace,1,right,1782948437.795782,0.000000,0.000000,0.000000,-0.025477,-0.012045,-0.022235,-0.037868,-0.026495,-0.041707,-0.028052,-0.047164,-0.063876,-0.005190,-0.050537,-0.063107,-0.020170,0.003226,-0.081594,-0.024029,0.003226,-0.118309,-0.026282,0.001434,-0.139752,-0.028207,-0.001784,-0.158062,0.000000,0.003975,-0.081300,0.000000,0.003975,-0.125907,0.000000,0.001640,-0.149267,0.000000,-0.003077,-0.168344,0.017000,0.001900,-0.076400,0.018368,-0.039061,-0.087855,0.015764,-0.041442,-0.066050,0.014243,-0.029193,-0.053307,0.033100,-0.003774,-0.068300,0.036537,-0.035078,-0.077352,0.033284,-0.040331,-0.061826,0.030740,-0.030377,-0.052490
peace,1,left,1782948437.994583,0.000000,0.000000,0.000000,0.025477,-0.012045,-0.022235,0.039301,-0.025298,-0.041593,0.033785,-0.045345,-0.065732,0.011843,-0.051652,-0.069393,0.020170,0.003226,-0.081594,0.024029,0.003226,-0.118309,0.026284,0.001666,-0.139770,0.028216,-0.001089,-0.158154,0.000000,0.003975,-0.081300,0.000000,0.003975,-0.125907,0.000000,0.002498,-0.149337,0.000000,-0.000406,-0.168773,-0.017000,0.001900,-0.076400,-0.020317,-0.032580,-0.101118,-0.017877,-0.044876,-0.082932,-0.015584,-0.040692,-0.065845,-0.033100,-0.003774,-0.068300,-0.037392,-0.034220,-0.079628,-0.034579,-0.040974,-0.064605,-0.031814,-0.032171,-0.054231
peace,1,right,1782948438.0151868,0.000000,0.000000,0.000000,-0.025477,-0.012045,-0.022235,-0.037868,-0.026495,-0.041707,-0.028052,-0.047164,-0.063876,-0.005190,-0.050537,-0.063107,-0.020170,0.003226,-0.081594,-0.024029,0.003226,-0.118309,-0.026282,0.001434,-0.139752,-0.028207,-0.001784,-0.158062,0.000000,0.003975,-0.081300,0.000000,0.003975,-0.125907,0.000000,0.001640,-0.149267,0.000000,-0.003077,-0.168344,0.017000,0.001900,-0.076400,0.018368,-0.039061,-0.087855,0.015764,-0.041442,-0.066050,0.014243,-0.029193,-0.053307,0.033100,-0.003774,-0.068300,0.036885,-0.034755,-0.078277,0.033633,-0.040621,-0.062972,0.030928,-0.031110,-0.053227
peace,1,left,1782948438.214704,0.000000,0.000000,0.000000,0.025477,-0.012045,-0.022235,0.039326,-0.025246,-0.041611,0.033949,-0.045259,-0.065810,0.012065,-0.051680,-0.069620,0.020170,0.003226,-0.081594,0.024029,0.003226,-0.118309,0.026284,0.001666,-0.139770,0.028216,-0.001089,-0.158154,0.000000,0.003975,-0.081300,0.000000,0.003975,-0.125907,0.000000,0.002498,-0.149337,0.000000,-0.000406,-0.168773,-0.017000,0.001900,-0.076400,-0.020317,-0.032580,-0.101118,-0.017877,-0.044876,-0.082932,-0.015584,-0.040692,-0.065845,-0.033100,-0.003774,-0.068300,-0.037470,-0.034131,-0.079836,-0.034668,-0.041026,-0.064876,-0.031871,-0.032341,-0.054411
peace,1,right,1782948438.2176619,0.000000,0.000000,0.000000,-0.025477,-0.012045,-0.022235,-0.037868,-0.026495,-0.041707,-0.028052,-0.047164,-0.063876,-0.005190,-0.050537,-0.063107,-0.020170,0.003226,-0.081594,-0.024029,0.003226,-0.118309,-0.026282,0.001434,-0.139752,-0.028207,-0.001784,-0.158062,0.000000,0.003975,-0.081300,0.000000,0.003975,-0.125907,0.000000,0.001640,-0.149267,0.000000,-0.003077,-0.168344,0.017000,0.001900,-0.076400,0.018368,-0.039061,-0.087855,0.015764,-0.041442,-0.066050,0.014243,-0.029193,-0.053307,0.033100,-0.003774,-0.068300,0.036885,-0.034755,-0.078277,0.033633,-0.040621,-0.062972,0.030928,-0.031110,-0.053227
peace,1,left,1782948438.4183328,0.000000,0.000000,0.000000,0.025477,-0.012045,-0.022235,0.039399,-0.025089,-0.041665,0.034442,-0.044991,-0.066044,0.012745,-0.051755,-0.070305,0.020170,0.003226,-0.081594,0.024029,0.003226,-0.118309,0.026284,0.001666,-0.139770,0.028216,-0.001089,-0.158154,0.000000,0.003975,-0.081300,0.000000,0.003975,-0.125907,0.000000,0.002498,-0.149337,0.000000,-0.000406,-0.168773,-0.017000,0.001900,-0.076400,-0.020317,-0.032580,-0.101118,-0.017877,-0.044876,-0.082932,-0.015584,-0.040692,-0.065845,-0.033100,-0.003774,-0.068300,-0.037705,-0.033850,-0.080464,-0.034937,-0.041175,-0.065703,-0.032045,-0.032862,-0.054967
peace,1,right,1782948438.4302964,0.000000,0.000000,0.000000,-0.025477,-0.012045,-0.022235,-0.037868,-0.026495,-0.041707,-0.028052,-0.047164,-0.063876,-0.005190,-0.050537,-0.063107,-0.020170,0.003226,-0.081594,-0.024029,0.003226,-0.118309,-0.026282,0.001434,-0.139752,-0.028207,-0.001784,-0.158062,0.000000,0.003975,-0.081300,0.000000,0.003975,-0.125907,0.000000,0.001640,-0.149267,0.000000,-0.003077,-0.168344,0.017000,0.001900,-0.076400,0.018368,-0.039061,-0.087855,0.015764,-0.041442,-0.066050,0.014243,-0.029193,-0.053307,0.033100,-0.003774,-0.068300,0.036885,-0.034755,-0.078277,0.033633,-0.040621,-0.062972,0.030928,-0.031110,-0.053227
peace,1,left,1782948438.6275003,0.000000,0.000000,0.000000,0.025477,-0.012045,-0.022235,0.039459,-0.024955,-0.041711,0.034853,-0.044761,-0.066238,0.013325,-0.051806,-0.070879,0.020170,0.003226,-0.081594,0.024029,0.003226,-0.118309,0.026284,0.001666,-0.139770,0.028216,-0.001089,-0.158154,0.000000,0.003975,-0.081300,0.000000,0.003975,-0.125907,0.000000,0.002498,-0.149337,0.000000,-0.000406,-0.168773,-0.017000,0.001900,-0.076400,-0.020317,-0.032580,-0.101118,-0.017877,-0.044876,-0.082932,-0.015584,-0.040692,-0.065845,-0.033100,-0.003774,-0.068300,-0.037881,-0.033628,-0.080932,-0.035141,-0.041276,-0.066330,-0.032180,-0.033248,-0.055397
peace,1,right,1782948438.6400573,0.000000,0.000000,0.000000,-0.025477,-0.012045,-0.022235,-0.037872,-0.026451,-0.041736,-0.028160,-0.047104,-0.063966,-0.005312,-0.050595,-0.063303,-0.020170,0.003226,-0.081594,-0.024029,0.003226,-0.118309,-0.026282,0.001434,-0.139752,-0.028207,-0.001784,-0.158062,0.000000,0.003975,-0.081300,0.000000,0.003975,-0.125907,0.000000,0.001640,-0.149267,0.000000,-0.003077,-0.168344,0.017000,0.001900,-0.076400,0.018482,-0.038840,-0.088604,0.015842,-0.041706,-0.066862,0.014261,-0.029759,-0.053843,0.033100,-0.003774,-0.068300,0.036885,-0.034755,-0.078277,0.033633,-0.040621,-0.062972,0.030928,-0.031110,-0.053227
peace,1,left,1782948438.8367572,0.000000,0.000000,0.000000,0.025477,-0.012045,-0.022235,0.039482,-0.024902,-0.041729,0.035018,-0.044666,-0.066315,0.013560,-0.051823,-0.071109,0.020170,0.003226,-0.081594,0.024029,0.003226,-0.118309,0.026284,0.001666,-0.139770,0.028216,-0.001089,-0.158154,0.000000,0.003975,-0.081300,0.000000,0.003975,-0.125907,0.000000,0.002498,-0.149337,0.000000,-0.000406,-0.168773,-0.017000,0.001900,-0.076400,-0.020317,-0.032580,-0.101118,-0.017877,-0.044876,-0.082932,-0.015584,-0.040692,-0.065845,-0.033100,-0.003774,-0.068300,-0.037939,-0.033552,-0.081089,-0.035210,-0.041307,-0.066541,-0.032226,-0.033379,-0.055543
peace,1,right,1782948438.8475797,0.000000,0.000000,0.000000,-0.025477,-0.012045,-0.022235,-0.037881,-0.026362,-0.041796,-0.028375,-0.046981,-0.064146,-0.005559,-0.050705,-0.063695,-0.020170,0.003226,-0.081594,-0.024029,0.003226,-0.118309,-0.026282,0.001434,-0.139752,-0.028207,-0.001784,-0.158062,0.000000,0.003975,-0.081300,0.000000,0.003975,-0.125907,0.000000,0.001640,-0.149267,0.000000,-0.003077,-0.168344,0.017000,0.001900,-0.076400,0.018540,-0.038724,-0.088976,0.015882,-0.041833,-0.067271,0.014271,-0.030038,-0.054116,0.033100,-0.003774,-0.068300,0.036885,-0.034755,-0.078277,0.033633,-0.040621,-0.062972,0.030928,-0.031110,-0.053227
peace,1,left,1782948439.0452714,0.000000,0.000000,0.000000,0.025477,-0.012045,-0.022235,0.039610,-0.024602,-0.041832,0.035923,-0.044129,-0.066734,0.014884,-0.051888,-0.072376,0.020170,0.003226,-0.081594,0.024029,0.003226,-0.118309,0.026284,0.001666,-0.139770,0.028216,-0.001089,-0.158154,0.000000,0.003975,-0.081300,0.000000,0.003975,-0.125907,0.000000,0.002498,-0.149337,0.000000,-0.000406,-0.168773,-0.017000,0.001900,-0.076400,-0.020317,-0.032580,-0.101118,-0.017877,-0.044876,-0.082932,-0.015584,-0.040692,-0.065845,-0.033100,-0.003774,-0.068300,-0.038173,-0.033237,-0.081714,-0.035488,-0.041425,-0.067398,-0.032416,-0.033904,-0.056140
peace,1,right,1782948439.0562625,0.000000,0.000000,0.000000,-0.025477,-0.012045,-0.022235,-0.037881,-0.026362,-0.041796,-0.028375,-0.046981,-0.064146,-0.005559,-0.050705,-0.063695,-0.020170,0.003226,-0.081594,-0.024029,0.003226,-0.118309,-0.026282,0.001434,-0.139752,-0.028207,-0.001784,-0.158062,0.000000,0.003975,-0.081300,0.000000,0.003975,-0.125907,0.000000,0.001640,-0.149267,0.000000,-0.003077,-0.168344,0.017000,0.001900,-0.076400,0.018540,-0.038724,-0.088976,0.015882,-0.041833,-0.067271,0.014271,-0.030038,-0.054116,0.033100,-0.003774,-0.068300,0.036885,-0.034755,-0.078277,0.033633,-0.040621,-0.062972,0.030928,-0.031110,-0.053227
peace,1,left,1782948439.2496967,0.000000,0.000000,0.000000,0.025477,-0.012045,-0.022235,0.039610,-0.024602,-0.041832,0.035923,-0.044129,-0.066734,0.014884,-0.051888,-0.072376,0.020170,0.003226,-0.081594,0.024029,0.003226,-0.118309,0.026284,0.001666,-0.139770,0.028216,-0.001089,-0.158154,0.000000,0.003975,-0.081300,0.000000,0.003975,-0.125907,0.000000,0.002498,-0.149337,0.000000,-0.000406,-0.168773,-0.017000,0.001900,-0.076400,-0.020317,-0.032580,-0.101118,-0.017877,-0.044876,-0.082932,-0.015584,-0.040692,-0.065845,-0.033100,-0.003774,-0.068300,-0.038250,-0.033127,-0.081922,-0.035582,-0.041462,-0.067687,-0.032480,-0.034081,-0.056345
peace,1,right,1782948439.261554,0.000000,0.000000,0.000000,-0.025477,-0.012045,-0.022235,-0.037881,-0.026362,-0.041796,-0.028375,-0.046981,-0.064146,-0.005559,-0.050705,-0.063695,-0.020170,0.003226,-0.081594,-0.024029,0.003226,-0.118309,-0.026282,0.001434,-0.139752,-0.028207,-0.001784,-0.158062,0.000000,0.003975,-0.081300,0.000000,0.003975,-0.125907,0.000000,0.001640,-0.149267,0.000000,-0.003077,-0.168344,0.017000,0.001900,-0.076400,0.018540,-0.038724,-0.088976,0.015882,-0.041833,-0.067271,0.014271,-0.030038,-0.054116,0.033100,-0.003774,-0.068300,0.036943,-0.034698,-0.078432,0.033692,-0.040667,-0.063168,0.030961,-0.031235,-0.053354
peace,1,left,1782948439.4697688,0.000000,0.000000,0.000000,0.025477,-0.012045,-0.022235,0.039610,-0.024602,-0.041832,0.035923,-0.044129,-0.066734,0.014884,-0.051888,-0.072376,0.020170,0.003226,-0.081594,0.024029,0.003226,-0.118309,0.026284,0.001666,-0.139770,0.028216,-0.001089,-0.158154,0.000000,0.003975,-0.081300,0.000000,0.003975,-0.125907,0.000000,0.002498,-0.149337,0.000000,-0.000406,-0.168773,-0.017000,0.001900,-0.076400,-0.020175,-0.033122,-0.100362,-0.017712,-0.044795,-0.081773,-0.015470,-0.039969,-0.064849,-0.033100,-0.003774,-0.068300,-0.038405,-0.032904,-0.082336,-0.035771,-0.041527,-0.068268,-0.032612,-0.034432,-0.056761
peace,1,right,1782948439.4700575,0.000000,0.000000,0.000000,-0.025477,-0.012045,-0.022235,-0.037886,-0.026317,-0.041826,-0.028485,-0.046918,-0.064237,-0.005686,-0.050760,-0.063894,-0.020170,0.003226,-0.081594,-0.024029,0.003226,-0.118309,-0.026282,0.001434,-0.139752,-0.028207,-0.001784,-0.158062,0.000000,0.003975,-0.081300,0.000000,0.003975,-0.125907,0.000000,0.001640,-0.149267,0.000000,-0.003077,-0.168344,0.017000,0.001900,-0.076400,0.018540,-0.038724,-0.088976,0.015882,-0.041833,-0.067271,0.014271,-0.030038,-0.054116,0.033100,-0.003774,-0.068300,0.037002,-0.034639,-0.078587,0.033752,-0.040712,-0.063363,0.030994,-0.031359,-0.053482
peace,1,right,1782948439.6701212,0.000000,0.000000,0.000000,-0.025477,-0.012045,-0.022235,-0.037886,-0.026317,-0.041826,-0.028485,-0.046918,-0.064237,-0.005686,-0.050760,-0.063894,-0.020170,0.003226,-0.081594,-0.024029,0.003226,-0.118309,-0.026282,0.001434,-0.139752,-0.028207,-0.001784,-0.158062,0.000000,0.003975,-0.081300,0.000000,0.003975,-0.125907,0.000000,0.001640,-0.149267,0.000000,-0.003077,-0.168344,0.017000,0.001900,-0.076400,0.018540,-0.038724,-0.088976,0.015882,-0.041833,-0.067271,0.014271,-0.030038,-0.054116,0.033100,-0.003774,-0.068300,0.037002,-0.034639,-0.078587,0.033752,-0.040712,-0.063363,0.030994,-0.031359,-0.053482
peace,1,left,1782948439.683044,0.000000,0.000000,0.000000,0.025477,-0.012045,-0.022235,0.039610,-0.024602,-0.041832,0.035923,-0.044129,-0.066734,0.014884,-0.051888,-0.072376,0.020170,0.003226,-0.081594,0.024029,0.003226,-0.118309,0.026284,0.001666,-0.139770,0.028216,-0.001089,-0.158154,0.000000,0.003975,-0.081300,0.000000,0.003975,-0.125907,0.000000,0.002498,-0.149337,0.000000,-0.000406,-0.168773,-0.017000,0.001900,-0.076400,-0.020175,-0.033122,-0.100362,-0.017712,-0.044795,-0.081773,-0.015470,-0.039969,-0.064849,-0.033100,-0.003774,-0.068300,-0.038405,-0.032904,-0.082336,-0.035771,-0.041527,-0.068268,-0.032612,-0.034432,-0.056761
peace,1,left,1782948439.8879762,0.000000,0.000000,0.000000,0.025477,-0.012045,-0.022235,0.039678,-0.024435,-0.041890,0.036416,-0.043822,-0.066959,0.015629,-0.051899,-0.073069,0.020170,0.003226,-0.081594,0.024029,0.003226,-0.118309,0.026284,0.001666,-0.139770,0.028216,-0.001089,-0.158154,0.000000,0.003975,-0.081300,0.000000,0.003975,-0.125907,0.000000,0.002498,-0.149337,0.000000,-0.000406,-0.168773,-0.017000,0.001900,-0.076400,-0.020175,-0.033122,-0.100362,-0.017712,-0.044795,-0.081773,-0.015470,-0.039969,-0.064849,-0.033100,-0.003774,-0.068300,-0.038751,-0.032372,-0.083264,-0.036203,-0.041646,-0.069599,-0.032923,-0.035226,-0.057735
peace,1,right,1782948439.900455,0.000000,0.000000,0.000000,-0.025477,-0.012045,-0.022235,-0.037908,-0.026134,-0.041944,-0.028933,-0.046655,-0.064601,-0.006217,-0.050968,-0.064708,-0.020170,0.003226,-0.081594,-0.024029,0.003226,-0.118309,-0.026282,0.001434,-0.139752,-0.028207,-0.001784,-0.158062,0.000000,0.003975,-0.081300,0.000000,0.003975,-0.125907,0.000000,0.001640,-0.149267,0.000000,-0.003077,-0.168344,0.017000,0.001900,-0.076400,0.018600,-0.038602,-0.089356,0.015924,-0.041963,-0.067690,0.014283,-0.030331,-0.054395,0.033100,-0.003774,-0.068300,0.037138,-0.034498,-0.078951,0.033894,-0.040816,-0.063827,0.031074,-0.031654,-0.053785
peace,1,left,1782948440.0880744,0.000000,0.000000,0.000000,0.025477,-0.012045,-0.022235,0.039744,-0.024265,-0.041947,0.036909,-0.043506,-0.067182,0.016390,-0.051893,-0.073762,0.020170,0.003226,-0.081594,0.024029,0.003226,-0.118309,0.026284,0.001666,-0.139770,0.028216,-0.001089,-0.158154,0.000000,0.003975,-0.081300,0.000000,0.003975,-0.125907,0.000000,0.002498,-0.149337,0.000000,-0.000406,-0.168773,-0.017000,0.001900,-0.076400,-0.020175,-0.033122,-0.100362,-0.017712,-0.044795,-0.081773,-0.015470,-0.039969,-0.064849,-0.033100,-0.003774,-0.068300,-0.038978,-0.031997,-0.083876,-0.036496,-0.041702,-0.070502,-0.033140,-0.035755,-0.058415
peace,1,right,1782948440.1098652,0.000000,0.000000,0.000000,-0.025477,-0.012045,-0.022235,-0.037908,-0.026134,-0.041944,-0.028933,-0.046655,-0.064601,-0.006217,-0.050968,-0.064708,-0.020170,0.003226,-0.081594,-0.024029,0.003226,-0.118309,-0.026282,0.001434,-0.139752,-0.028207,-0.001784,-0.158062,0.000000,0.003975,-0.081300,0.000000,0.003975,-0.125907,0.000000,0.001640,-0.149267,0.000000,-0.003077,-0.168344,0.017000,0.001900,-0.076400,0.018600,-0.038602,-0.089356,0.015924,-0.041963,-0.067690,0.014283,-0.030331,-0.054395,0.033100,-0.003774,-0.068300,0.037470,-0.034131,-0.079836,0.034245,-0.041050,-0.064972,0.031276,-0.032375,-0.054547
peace,1,left,1782948440.2960799,0.000000,0.000000,0.000000,0.025477,-0.012045,-0.022235,0.039788,-0.024151,-0.041986,0.037236,-0.043289,-0.067329,0.016906,-0.051879,-0.074223,0.020170,0.003226,-0.081594,0.024029,0.003226,-0.118309,0.026284,0.001666,-0.139770,0.028216,-0.001089,-0.158154,0.000000,0.003975,-0.081300,0.000000,0.003975,-0.125907,0.000000,0.002498,-0.149337,0.000000,-0.000406,-0.168773,-0.017000,0.001900,-0.076400,-0.020175,-0.033122,-0.100362,-0.017712,-0.044795,-0.081773,-0.015470,-0.039969,-0.064849,-0.033100,-0.003774,-0.068300,-0.039072,-0.031836,-0.084130,-0.036619,-0.041719,-0.070882,-0.033233,-0.035975,-0.058705
peace,1,right,1782948440.3185413,0.000000,0.000000,0.000000,-0.025477,-0.012045,-0.022235,-0.037921,-0.026040,-0.042003,-0.029164,-0.046517,-0.064785,-0.006496,-0.051067,-0.065126,-0.020170,0.003226,-0.081594,-0.024029,0.003226,-0.118309,-0.026282,0.001434,-0.139752,-0.028207,-0.001784,-0.158062,0.000000,0.003975,-0.081300,0.000000,0.003975,-0.125907,0.000000,0.001640,-0.149267,0.000000,-0.003077,-0.168344,0.017000,0.001900,-0.076400,0.018723,-0.038344,-0.090121,0.016014,-0.042223,-0.068546,0.014309,-0.030932,-0.054968,0.033100,-0.003774,-0.068300,0.037764,-0.033777,-0.080620,0.034565,-0.041236,-0.066014,0.031467,-0.033027,-0.055254
peace,1,left,1782948440.5053153,0.000000,0.000000,0.000000,0.025477,-0.012045,-0.022235,0.039901,-0.023842,-0.042091,0.038108,-0.042690,-0.067714,0.018314,-0.051799,-0.075452,0.020170,0.003226,-0.081594,0.024029,0.003226,-0.118309,0.026284,0.001666,-0.139770,0.028216,-0.001089,-0.158154,0.000000,0.003975,-0.081300,0.000000,0.003975,-0.125907,0.000000,0.002498,-0.149337,0.000000,-0.000406,-0.168773,-0.017000,0.001900,-0.076400,-0.020175,-0.033122,-0.100362,-0.017712,-0.044795,-0.081773,-0.015470,-0.039969,-0.064849,-0.033100,-0.003774,-0.068300,-0.039241,-0.031538,-0.084583,-0.036842,-0.041742,-0.071570,-0.033403,-0.036370,-0.059239
peace,1,right,1782948440.5405188,0.000000,0.000000,0.000000,-0.025477,-0.012045,-0.022235,-0.037937,-0.025921,-0.042076,-0.029457,-0.046339,-0.065016,-0.006857,-0.051183,-0.065656,-0.020170,0.003226,-0.081594,-0.024029,0.003226,-0.118309,-0.026282,0.001434,-0.139752,-0.028207,-0.001784,-0.158062,0.000000,0.003975,-0.081300,0.000000,0.003975,-0.125907,0.000000,0.001640,-0.149267,0.000000,-0.003077,-0.168344,0.017000,0.001900,-0.076400,0.018723,-0.038344,-0.090121,0.016014,-0.042223,-0.068546,0.014309,-0.030932,-0.054968,0.033100,-0.003774,-0.068300,0.038173,-0.033237,-0.081714,0.035028,-0.041454,-0.067508,0.031755,-0.033945,-0.056299
peace,1,left,1782948440.7074044,0.000000,0.000000,0.000000,0.025477,-0.012045,-0.022235,0.039956,-0.023686,-0.042143,0.038542,-0.042380,-0.067903,0.019035,-0.051736,-0.076063,0.020170,0.003226,-0.081594,0.024029,0.003226,-0.118309,0.026284,0.001666,-0.139770,0.028216,-0.001089,-0.158154,0.000000,0.003975,-0.081300,0.000000,0.003975,-0.125907,0.000000,0.002498,-0.149337,0.000000,-0.000406,-0.168773,-0.017000,0.001900,-0.076400,-0.020317,-0.032580,-0.101118,-0.017877,-0.044876,-0.082932,-0.015584,-0.040692,-0.065845,-0.033100,-0.003774,-0.068300,-0.039463,-0.031128,-0.085182,-0.037141,-0.041754,-0.072496,-0.033639,-0.036893,-0.059973
peace,1,right,1782948440.7422662,0.000000,0.000000,0.000000,-0.025477,-0.012045,-0.022235,-0.037948,-0.025849,-0.042120,-0.029635,-0.046229,-0.065154,-0.007079,-0.051250,-0.065976,-0.020170,0.003226,-0.081594,-0.024029,0.003226,-0.118309,-0.026282,0.001434,-0.139752,-0.028207,-0.001784,-0.158062,0.000000,0.003975,-0.081300,0.000000,0.003975,-0.125907,0.000000,0.001640,-0.149267,0.000000,-0.003077,-0.168344,0.017000,0.001900,-0.076400,0.018723,-0.038344,-0.090121,0.016014,-0.042223,-0.068546,0.014309,-0.030932,-0.054968,0.033100,-0.003774,-0.068300,0.038173,-0.033237,-0.081714,0.035028,-0.041454,-0.067508,0.031755,-0.033945,-0.056299
peace,1,left,1782948440.9154186,0.000000,0.000000,0.000000,0.025477,-0.012045,-0.022235,0.039982,-0.023607,-0.042170,0.038758,-0.042221,-0.067996,0.019400,-0.051698,-0.076368,0.020170,0.003226,-0.081594,0.024029,0.003226,-0.118309,0.026284,0.001666,-0.139770,0.028216,-0.001089,-0.158154,0.000000,0.003975,-0.081300,0.000000,0.003975,-0.125907,0.000000,0.002498,-0.149337,0.000000,-0.000406,-0.168773,-0.017000,0.001900,-0.076400,-0.020317,-0.032580,-0.101118,-0.017877,-0.044876,-0.082932,-0.015584,-0.040692,-0.065845,-0.033100,-0.003774,-0.068300,-0.039536,-0.030988,-0.085379,-0.037242,-0.041753,-0.072806,-0.033719,-0.037064,-0.060223
peace,1,right,1782948440.9489267,0.000000,0.000000,0.000000,-0.025477,-0.012045,-0.022235,-0.037948,-0.025849,-0.042120,-0.029635,-0.046229,-0.065154,-0.007079,-0.051250,-0.065976,-0.020170,0.003226,-0.081594,-0.024029,0.003226,-0.118309,-0.026282,0.001434,-0.139752,-0.028207,-0.001784,-0.158062,0.000000,0.003975,-0.081300,0.000000,0.003975,-0.125907,0.000000,0.001640,-0.149267,0.000000,-0.003077,-0.168344,0.017000,0.001900,-0.076400,0.018723,-0.038344,-0.090121,0.016014,-0.042223,-0.068546,0.014309,-0.030932,-0.054968,0.033100,-0.003774,-0.068300,0.038173,-0.033237,-0.081714,0.035028,-0.041454,-0.067508,0.031755,-0.033945,-0.056299
peace,1,left,1782948441.1304662,0.000000,0.000000,0.000000,0.025477,-0.012045,-0.022235,0.039996,-0.023567,-0.042183,0.038867,-0.042142,-0.068043,0.019583,-0.051678,-0.076520,0.020170,0.003226,-0.081594,0.024029,0.003226,-0.118309,0.026284,0.001666,-0.139770,0.028216,-0.001089,-0.158154,0.000000,0.003975,-0.081300,0.000000,0.003975,-0.125907,0.000000,0.002498,-0.149337,0.000000,-0.000406,-0.168773,-0.017000,0.001900,-0.076400,-0.020317,-0.032580,-0.101118,-0.017877,-0.044876,-0.082932,-0.015584,-0.040692,-0.065845,-0.033100,-0.003774,-0.068300,-0.039536,-0.030988,-0.085379,-0.037242,-0.041753,-0.072806,-0.033719,-0.037064,-0.060223
peace,1,right,1782948441.1544144,0.000000,0.000000,0.000000,-0.025477,-0.012045,-0.022235,-0.037952,-0.025824,-0.042134,-0.029695,-0.046191,-0.065200,-0.007155,-0.051272,-0.066085,-0.020170,0.003226,-0.081594,-0.024029,0.003226,-0.118309,-0.026282,0.001434,-0.139752,-0.028207,-0.001784,-0.158062,0.000000,0.003975,-0.081300,0.000000,0.003975,-0.125907,0.000000,0.001640,-0.149267,0.000000,-0.003077,-0.168344,0.017000,0.001900,-0.076400,0.018723,-0.038344,-0.090121,0.016014,-0.042223,-0.068546,0.014309,-0.030932,-0.054968,0.033100,-0.003774,-0.068300,0.038173,-0.033237,-0.081714,0.035028,-0.041454,-0.067508,0.031755,-0.033945,-0.056299
peace,1,left,1782948441.3506777,0.000000,0.000000,0.000000,0.025477,-0.012045,-0.022235,0.040016,-0.023507,-0.042203,0.039028,-0.042021,-0.068112,0.019860,-0.051646,-0.076748,0.020170,0.003226,-0.081594,0.024029,0.003226,-0.118309,0.026284,0.001666,-0.139770,0.028216,-0.001089,-0.158154,0.000000,0.003975,-0.081300,0.000000,0.003975,-0.125907,0.000000,0.002498,-0.149337,0.000000,-0.000406,-0.168773,-0.017000,0.001900,-0.076400,-0.020317,-0.032580,-0.101118,-0.017877,-0.044876,-0.082932,-0.015584,-0.040692,-0.065845,-0.033100,-0.003774,-0.068300,-0.039536,-0.030988,-0.085379,-0.037242,-0.041753,-0.072806,-0.033719,-0.037064,-0.060223
peace,1,right,1782948441.3621473,0.000000,0.000000,0.000000,-0.025477,-0.012045,-0.022235,-0.037971,-0.025702,-0.042206,-0.029998,-0.046001,-0.065431,-0.007540,-0.051375,-0.066630,-0.020170,0.003226,-0.081594,-0.024029,0.003226,-0.118309,-0.026282,0.001434,-0.139752,-0.028207,-0.001784,-0.158062,0.000000,0.003975,-0.081300,0.000000,0.003975,-0.125907,0.000000,0.001640,-0.149267,0.000000,-0.003077,-0.168344,0.017000,0.001900,-0.076400,0.018723,-0.038344,-0.090121,0.016014,-0.042223,-0.068546,0.014309,-0.030932,-0.054968,0.033100,-0.003774,-0.068300,0.038173,-0.033237,-0.081714,0.035028,-0.041454,-0.067508,0.031755,-0.033945,-0.056299
peace,1,left,1782948441.5671577,0.000000,0.000000,0.000000,0.025477,-0.012045,-0.022235,0.040055,-0.023388,-0.042242,0.039352,-0.041777,-0.068249,0.020417,-0.051574,-0.077202,0.020170,0.003226,-0.081594,0.024029,0.003226,-0.118309,0.026284,0.001666,-0.139770,0.028216,-0.001089,-0.158154,0.000000,0.003975,-0.081300,0.000000,0.003975,-0.125907,0.000000,0.002498,-0.149337,0.000000,-0.000406,-0.168773,-0.017000,0.001900,-0.076400,-0.020317,-0.032580,-0.101118,-0.017877,-0.044876,-0.082932,-0.015584,-0.040692,-0.065845,-0.033100,-0.003774,-0.068300,-0.039753,-0.030557,-0.085966,-0.037545,-0.041736,-0.073744,-0.033966,-0.037579,-0.060991
peace,1,right,1782948441.567434,0.000000,0.000000,0.000000,-0.025477,-0.012045,-0.022235,-0.037977,-0.025669,-0.042225,-0.030079,-0.045949,-0.065493,-0.007646,-0.051402,-0.066777,-0.020170,0.003226,-0.081594,-0.024029,0.003226,-0.118309,-0.026282,0.001434,-0.139752,-0.028207,-0.001784,-0.158062,0.000000,0.003975,-0.081300,0.000000,0.003975,-0.125907,0.000000,0.001640,-0.149267,0.000000,-0.003077,-0.168344,0.017000,0.001900,-0.076400,0.018723,-0.038344,-0.090121,0.016014,-0.042223,-0.068546,0.014309,-0.030932,-0.054968,0.033100,-0.003774,-0.068300,0.038173,-0.033237,-0.081714,0.035028,-0.041454,-0.067508,0.031755,-0.033945,-0.056299
peace,1,left,1782948441.7723184,0.000000,0.000000,0.000000,0.025477,-0.012045,-0.022235,0.040055,-0.023388,-0.042242,0.039352,-0.041777,-0.068249,0.020417,-0.051574,-0.077202,0.020170,0.003226,-0.081594,0.024029,0.003226,-0.118309,0.026284,0.001666,-0.139770,0.028216,-0.001089,-0.158154,0.000000,0.003975,-0.081300,0.000000,0.003975,-0.125907,0.000000,0.002498,-0.149337,0.000000,-0.000406,-0.168773,-0.017000,0.001900,-0.076400,-0.020317,-0.032580,-0.101118,-0.017877,-0.044876,-0.082932,-0.015584,-0.040692,-0.065845,-0.033100,-0.003774,-0.068300,-0.039753,-0.030557,-0.085966,-0.037545,-0.041736,-0.073744,-0.033966,-0.037579,-0.060991
peace,1,right,1782948441.786377,0.000000,0.000000,0.000000,-0.025477,-0.012045,-0.022235,-0.037994,-0.025569,-0.042282,-0.030327,-0.045790,-0.065678,-0.007968,-0.051478,-0.067222,-0.020170,0.003226,-0.081594,-0.024029,0.003226,-0.118309,-0.026282,0.001434,-0.139752,-0.028207,-0.001784,-0.158062,0.000000,0.003975,-0.081300,0.000000,0.003975,-0.125907,0.000000,0.001640,-0.149267,0.000000,-0.003077,-0.168344,0.017000,0.001900,-0.076400,0.018723,-0.038344,-0.090121,0.016014,-0.042223,-0.068546,0.014309,-0.030932,-0.054968,0.033100,-0.003774,-0.068300,0.038173,-0.033237,-0.081714,0.035028,-0.041454,-0.067508,0.031755,-0.033945,-0.056299
peace,1,left,1782948441.9849536,0.000000,0.000000,0.000000,0.025477,-0.012045,-0.022235,0.040055,-0.023388,-0.042242,0.039352,-0.041777,-0.068249,0.020417,-0.051574,-0.077202,0.020170,0.003226,-0.081594,0.024029,0.003226,-0.118309,0.026284,0.001666,-0.139770,0.028216,-0.001089,-0.158154,0.000000,0.003975,-0.081300,0.000000,0.003975,-0.125907,0.000000,0.002498,-0.149337,0.000000,-0.000406,-0.168773,-0.017000,0.001900,-0.076400,-0.020317,-0.032580,-0.101118,-0.017877,-0.044876,-0.082932,-0.015584,-0.040692,-0.065845,-0.033100,-0.003774,-0.068300,-0.039753,-0.030557,-0.085966,-0.037545,-0.041736,-0.073744,-0.033966,-0.037579,-0.060991
peace,1,right,1782948442.00706,0.000000,0.000000,0.000000,-0.025477,-0.012045,-0.022235,-0.038033,-0.025349,-0.042405,-0.030875,-0.045431,-0.066079,-0.008698,-0.051622,-0.068201,-0.020170,0.003226,-0.081594,-0.024029,0.003226,-0.118309,-0.026282,0.001434,-0.139752,-0.028207,-0.001784,-0.158062,0.000000,0.003975,-0.081300,0.000000,0.003975,-0.125907,0.000000,0.001640,-0.149267,0.000000,-0.003077,-0.168344,0.017000,0.001900,-0.076400,0.018723,-0.038344,-0.090121,0.016014,-0.042223,-0.068546,0.014309,-0.030932,-0.054968,0.033100,-0.003774,-0.068300,0.038173,-0.033237,-0.081714,0.035028,-0.041454,-0.067508,0.031755,-0.033945,-0.056299
peace,1,left,1782948442.2015433,0.000000,0.000000,0.000000,0.025477,-0.012045,-0.022235,0.040094,-0.023267,-0.042282,0.039674,-0.041529,-0.068385,0.020980,-0.051493,-0.077654,0.020170,0.003226,-0.081594,0.024029,0.003226,-0.118309,0.026284,0.001666,-0.139770,0.028216,-0.001089,-0.158154,0.000000,0.003975,-0.081300,0.000000,0.003975,-0.125907,0.000000,0.002498,-0.149337,0.000000,-0.000406,-0.168773,-0.017000,0.001900,-0.076400,-0.020317,-0.032580,-0.101118,-0.017877,-0.044876,-0.082932,-0.015584,-0.040692,-0.065845,-0.033100,-0.003774,-0.068300,-0.039753,-0.030557,-0.085966,-0.037545,-0.041736,-0.073744,-0.033966,-0.037579,-0.060991
peace,1,right,1782948442.214326,0.000000,0.000000,0.000000,-0.025477,-0.012045,-0.022235,-0.038033,-0.025349,-0.042405,-0.030875,-0.045431,-0.066079,-0.008698,-0.051622,-0.068201,-0.020170,0.003226,-0.081594,-0.024029,0.003226,-0.118309,-0.026282,0.001434,-0.139752,-0.028207,-0.001784,-0.158062,0.000000,0.003975,-0.081300,0.000000,0.003975,-0.125907,0.000000,0.001640,-0.149267,0.000000,-0.003077,-0.168344,0.017000,0.001900,-0.076400,0.018723,-0.038344,-0.090121,0.016014,-0.042223,-0.068546,0.014309,-0.030932,-0.054968,0.033100,-0.003774,-0.068300,0.038173,-0.033237,-0.081714,0.035028,-0.041454,-0.067508,0.031755,-0.033945,-0.056299
peace,1,left,1782948442.419122,0.000000,0.000000,0.000000,0.025477,-0.012045,-0.022235,0.040094,-0.023267,-0.042282,0.039674,-0.041529,-0.068385,0.020980,-0.051493,-0.077654,0.020170,0.003226,-0.081594,0.024029,0.003226,-0.118309,0.026284,0.001666,-0.139770,0.028216,-0.001089,-0.158154,0.000000,0.003975,-0.081300,0.000000,0.003975,-0.125907,0.000000,0.002498,-0.149337,0.000000,-0.000406,-0.168773,-0.017000,0.001900,-0.076400,-0.020317,-0.032580,-0.101118,-0.017877,-0.044876,-0.082932,-0.015584,-0.040692,-0.065845,-0.033100,-0.003774,-0.068300,-0.039753,-0.030557,-0.085966,-0.037545,-0.041736,-0.073744,-0.033966,-0.037579,-0.060991
peace,1,right,1782948442.4193497,0.000000,0.000000,0.000000,-0.025477,-0.012045,-0.022235,-0.038063,-0.025194,-0.042488,-0.031263,-0.045171,-0.066357,-0.009229,-0.051707,-0.068892,-0.020170,0.003226,-0.081594,-0.024029,0.003226,-0.118309,-0.026282,0.001434,-0.139752,-0.028207,-0.001784,-0.158062,0.000000,0.003975,-0.081300,0.000000,0.003975,-0.125907,0.000000,0.001640,-0.149267,0.000000,-0.003077,-0.168344,0.017000,0.001900,-0.076400,0.018723,-0.038344,-0.090121,0.016014,-0.042223,-0.068546,0.014309,-0.030932,-0.054968,0.033100,-0.003774,-0.068300,0.038173,-0.033237,-0.081714,0.035028,-0.041454,-0.067508,0.031755,-0.033945,-0.056299
peace,1,right,1782948442.6259003,0.000000,0.000000,0.000000,-0.025477,-0.012045,-0.022235,-0.038063,-0.025194,-0.042488,-0.031263,-0.045171,-0.066357,-0.009229,-0.051707,-0.068892,-0.020170,0.003226,-0.081594,-0.024029,0.003226,-0.118309,-0.026282,0.001434,-0.139752,-0.028207,-0.001784,-0.158062,0.000000,0.003975,-0.081300,0.000000,0.003975,-0.125907,0.000000,0.001640,-0.149267,0.000000,-0.003077,-0.168344,0.017000,0.001900,-0.076400,0.018723,-0.038344,-0.090121,0.016014,-0.042223,-0.068546,0.014309,-0.030932,-0.054968,0.033100,-0.003774,-0.068300,0.038173,-0.033237,-0.081714,0.035028,-0.041454,-0.067508,0.031755,-0.033945,-0.056299
peace,1,left,1782948442.6377573,0.000000,0.000000,0.000000,0.025477,-0.012045,-0.022235,0.040094,-0.023267,-0.042282,0.039674,-0.041529,-0.068385,0.020980,-0.051493,-0.077654,0.020170,0.003226,-0.081594,0.024029,0.003226,-0.118309,0.026284,0.001666,-0.139770,0.028216,-0.001089,-0.158154,0.000000,0.003975,-0.081300,0.000000,0.003975,-0.125907,0.000000,0.002498,-0.149337,0.000000,-0.000406,-0.168773,-0.017000,0.001900,-0.076400,-0.020317,-0.032580,-0.101118,-0.017877,-0.044876,-0.082932,-0.015584,-0.040692,-0.065845,-0.033100,-0.003774,-0.068300,-0.039753,-0.030557,-0.085966,-0.037545,-0.041736,-0.073744,-0.033966,-0.037579,-0.060991
peace,2,right,1782948448.8318179,0.000000,0.000000,0.000000,-0.025477,-0.012045,-0.022235,-0.037948,-0.025849,-0.042120,-0.029635,-0.046229,-0.065154,-0.007079,-0.051250,-0.065976,-0.020170,0.003226,-0.081594,-0.024029,0.003226,-0.118309,-0.026282,0.001434,-0.139752,-0.028207,-0.001784,-0.158062,0.000000,0.003975,-0.081300,0.000000,0.003975,-0.125907,0.000000,0.001640,-0.149267,0.000000,-0.003077,-0.168344,0.017000,0.001900,-0.076400,0.018138,-0.039475,-0.086285,0.015617,-0.040891,-0.064387,0.014215,-0.028070,-0.052205,0.033100,-0.003774,-0.068300,0.036307,-0.035273,-0.076741,0.033059,-0.040128,-0.061086,0.030622,-0.029901,-0.052019
peace,2,left,1782948448.832545,0.000000,0.000000,0.000000,0.025477,-0.012045,-0.022235,0.040265,-0.022694,-0.042468,0.041162,-0.040318,-0.068994,0.023681,-0.050986,-0.079732,0.020170,0.003226,-0.081594,0.024029,0.003226,-0.118309,0.026284,0.001666,-0.139770,0.028216,-0.001089,-0.158154,0.000000,0.003975,-0.081300,0.000000,0.003975,-0.125907,0.000000,0.002498,-0.149337,0.000000,-0.000406,-0.168773,-0.017000,0.001900,-0.076400,-0.020460,-0.032019,-0.101862,-0.018047,-0.044935,-0.084107,-0.015706,-0.041408,-0.066879,-0.033100,-0.003774,-0.068300,-0.040583,-0.028696,-0.088215,-0.038776,-0.041440,-0.077560,-0.035037,-0.039545,-0.064324
peace,2,left,1782948449.052196,0.000000,0.000000,0.000000,0.025477,-0.012045,-0.022235,0.040241,-0.022777,-0.042442,0.040951,-0.040496,-0.068910,0.023289,-0.051071,-0.079439,0.020170,0.003226,-0.081594,0.024029,0.003226,-0.118309,0.026284,0.001666,-0.139770,0.028216,-0.001089,-0.158154,0.000000,0.003975,-0.081300,0.000000,0.003975,-0.125907,0.000000,0.002498,-0.149337,0.000000,-0.000406,-0.168773,-0.017000,0.001900,-0.076400,-0.020460,-0.032019,-0.101862,-0.018047,-0.044935,-0.084107,-0.015706,-0.041408,-0.066879,-0.033100,-0.003774,-0.068300,-0.040500,-0.028900,-0.087989,-0.038647,-0.041489,-0.077159,-0.034919,-0.039349,-0.063958
peace,2,right,1782948449.0524385,0.000000,0.000000,0.000000,-0.025477,-0.012045,-0.022235,-0.037948,-0.025849,-0.042120,-0.029635,-0.046229,-0.065154,-0.007079,-0.051250,-0.065976,-0.020170,0.003226,-0.081594,-0.024029,0.003226,-0.118309,-0.026282,0.001434,-0.139752,-0.028207,-0.001784,-0.158062,0.000000,0.003975,-0.081300,0.000000,0.003975,-0.125907,0.000000,0.001640,-0.149267,0.000000,-0.003077,-0.168344,0.017000,0.001900,-0.076400,0.018104,-0.039531,-0.086049,0.015597,-0.040807,-0.064141,0.014212,-0.027907,-0.052042,0.033100,-0.003774,-0.068300,0.036307,-0.035273,-0.076741,0.033059,-0.040128,-0.061086,0.030622,-0.029901,-0.052019
peace,2,left,1782948449.254667,0.000000,0.000000,0.000000,0.025477,-0.012045,-0.022235,0.040241,-0.022777,-0.042442,0.040951,-0.040496,-0.068910,0.023289,-0.051071,-0.079439,0.020170,0.003226,-0.081594,0.024029,0.003226,-0.118309,0.026284,0.001666,-0.139770,0.028216,-0.001089,-0.158154,0.000000,0.003975,-0.081300,0.000000,0.003975,-0.125907,0.000000,0.002498,-0.149337,0.000000,-0.000406,-0.168773,-0.017000,0.001900,-0.076400,-0.020460,-0.032019,-0.101862,-0.018047,-0.044935,-0.084107,-0.015706,-0.041408,-0.066879,-0.033100,-0.003774,-0.068300,-0.040483,-0.028940,-0.087944,-0.038621,-0.041498,-0.077079,-0.034896,-0.039309,-0.063885
peace,2,right,1782948449.2678027,0.000000,0.000000,0.000000,-0.025477,-0.012045,-0.022235,-0.037948,-0.025849,-0.042120,-0.029635,-0.046229,-0.065154,-0.007079,-0.051250,-0.065976,-0.020170,0.003226,-0.081594,-0.024029,0.003226,-0.118309,-0.026282,0.001434,-0.139752,-0.028207,-0.001784,-0.158062,0.000000,0.003975,-0.081300,0.000000,0.003975,-0.125907,0.000000,0.001640,-0.149267,0.000000,-0.003077,-0.168344,0.017000,0.001900,-0.076400,0.018104,-0.039531,-0.086049,0.015597,-0.040807,-0.064141,0.014212,-0.027907,-0.052042,0.033100,-0.003774,-0.068300,0.036307,-0.035273,-0.076741,0.033059,-0.040128,-0.061086,0.030622,-0.029901,-0.052019
peace,2,left,1782948449.4564877,0.000000,0.000000,0.000000,0.025477,-0.012045,-0.022235,0.040241,-0.022777,-0.042442,0.040951,-0.040496,-0.068910,0.023289,-0.051071,-0.079439,0.020170,0.003226,-0.081594,0.024029,0.003226,-0.118309,0.026284,0.001666,-0.139770,0.028216,-0.001089,-0.158154,0.000000,0.003975,-0.081300,0.000000,0.003975,-0.125907,0.000000,0.002498,-0.149337,0.000000,-0.000406,-0.168773,-0.017000,0.001900,-0.076400,-0.020460,-0.032019,-0.101862,-0.018047,-0.044935,-0.084107,-0.015706,-0.041408,-0.066879,-0.033100,-0.003774,-0.068300,-0.040483,-0.028940,-0.087944,-0.038621,-0.041498,-0.077079,-0.034896,-0.039309,-0.063885
peace,2,right,1782948449.468299,0.000000,0.000000,0.000000,-0.025477,-0.012045,-0.022235,-0.037948,-0.025849,-0.042120,-0.029635,-0.046229,-0.065154,-0.007079,-0.051250,-0.065976,-0.020170,0.003226,-0.081594,-0.024029,0.003226,-0.118309,-0.026282,0.001434,-0.139752,-0.028207,-0.001784,-0.158062,0.000000,0.003975,-0.081300,0.000000,0.003975,-0.125907,0.000000,0.001640,-0.149267,0.000000,-0.003077,-0.168344,0.017000,0.001900,-0.076400,0.018146,-0.039460,-0.086344,0.015623,-0.040911,-0.064449,0.014216,-0.028111,-0.052246,0.033100,-0.003774,-0.068300,0.036307,-0.035273,-0.076741,0.033059,-0.040128,-0.061086,0.030622,-0.029901,-0.052019
peace,2,left,1782948449.6567721,0.000000,0.000000,0.000000,0.025477,-0.012045,-0.022235,0.040241,-0.022777,-0.042442,0.040951,-0.040496,-0.068910,0.023289,-0.051071,-0.079439,0.020170,0.003226,-0.081594,0.024029,0.003226,-0.118309,0.026284,0.001666,-0.139770,0.028216,-0.001089,-0.158154,0.000000,0.003975,-0.081300,0.000000,0.003975,-0.125907,0.000000,0.002498,-0.149337,0.000000,-0.000406,-0.168773,-0.017000,0.001900,-0.076400,-0.020460,-0.032019,-0.101862,-0.018047,-0.044935,-0.084107,-0.015706,-0.041408,-0.066879,-0.033100,-0.003774,-0.068300,-0.040483,-0.028940,-0.087944,-0.038621,-0.041498,-0.077079,-0.034896,-0.039309,-0.063885
peace,2,right,1782948449.6792016,0.000000,0.000000,0.000000,-0.025477,-0.012045,-0.022235,-0.037964,-0.025751,-0.042177,-0.029877,-0.046078,-0.065339,-0.007385,-0.051335,-0.066412,-0.020170,0.003226,-0.081594,-0.024029,0.003226,-0.118309,-0.026282,0.001434,-0.139752,-0.028207,-0.001784,-0.158062,0.000000,0.003975,-0.081300,0.000000,0.003975,-0.125907,0.000000,0.001640,-0.149267,0.000000,-0.003077,-0.168344,0.017000,0.001900,-0.076400,0.018155,-0.039446,-0.086403,0.015628,-0.040932,-0.064510,0.014217,-0.028151,-0.052287,0.033100,-0.003774,-0.068300,0.036307,-0.035273,-0.076741,0.033059,-0.040128,-0.061086,0.030622,-0.029901,-0.052019
peace,2,left,1782948449.857504,0.000000,0.000000,0.000000,0.025477,-0.012045,-0.022235,0.040241,-0.022777,-0.042442,0.040951,-0.040496,-0.068910,0.023289,-0.051071,-0.079439,0.020170,0.003226,-0.081594,0.024029,0.003226,-0.118309,0.026284,0.001666,-0.139770,0.028216,-0.001089,-0.158154,0.000000,0.003975,-0.081300,0.000000,0.003975,-0.125907,0.000000,0.002498,-0.149337,0.000000,-0.000406,-0.168773,-0.017000,0.001900,-0.076400,-0.020388,-0.032302,-0.101492,-0.017961,-0.044909,-0.083518,-0.015644,-0.041053,-0.066358,-0.033100,-0.003774,-0.068300,-0.040483,-0.028940,-0.087944,-0.038621,-0.041498,-0.077079,-0.034896,-0.039309,-0.063885
peace,2,right,1782948449.8796172,0.000000,0.000000,0.000000,-0.025477,-0.012045,-0.022235,-0.037971,-0.025702,-0.042206,-0.029998,-0.046001,-0.065431,-0.007540,-0.051375,-0.066630,-0.020170,0.003226,-0.081594,-0.024029,0.003226,-0.118309,-0.026282,0.001434,-0.139752,-0.028207,-0.001784,-0.158062,0.000000,0.003975,-0.081300,0.000000,0.003975,-0.125907,0.000000,0.001640,-0.149267,0.000000,-0.003077,-0.168344,0.017000,0.001900,-0.076400,0.018155,-0.039446,-0.086403,0.015628,-0.040932,-0.064510,0.014217,-0.028151,-0.052287,0.033100,-0.003774,-0.068300,0.036537,-0.035078,-0.077352,0.033284,-0.040331,-0.061826,0.030740,-0.030377,-0.052490
peace,2,left,1782948450.0679314,0.000000,0.000000,0.000000,0.025477,-0.012045,-0.022235,0.040241,-0.022777,-0.042442,0.040951,-0.040496,-0.068910,0.023289,-0.051071,-0.079439,0.020170,0.003226,-0.081594,0.024029,0.003226,-0.118309,0.026284,0.001666,-0.139770,0.028216,-0.001089,-0.158154,0.000000,0.003975,-0.081300,0.000000,0.003975,-0.125907,0.000000,0.002498,-0.149337,0.000000,-0.000406,-0.168773,-0.017000,0.001900,-0.076400,-0.020364,-0.032395,-0.101367,-0.017933,-0.044899,-0.083323,-0.015624,-0.040934,-0.066186,-0.033100,-0.003774,-0.068300,-0.040483,-0.028940,-0.087944,-0.038621,-0.041498,-0.077079,-0.034896,-0.039309,-0.063885
peace,2,right,1782948450.0803716,0.000000,0.000000,0.000000,-0.025477,-0.012045,-0.022235,-0.037979,-0.025653,-0.042235,-0.030120,-0.045923,-0.065524,-0.007699,-0.051415,-0.066851,-0.020170,0.003226,-0.081594,-0.024029,0.003226,-0.118309,-0.026282,0.001434,-0.139752,-0.028207,-0.001784,-0.158062,0.000000,0.003975,-0.081300,0.000000,0.003975,-0.125907,0.000000,0.001640,-0.149267,0.000000,-0.003077,-0.168344,0.017000,0.001900,-0.076400,0.018155,-0.039446,-0.086403,0.015628,-0.040932,-0.064510,0.014217,-0.028151,-0.052287,0.033100,-0.003774,-0.068300,0.036537,-0.035078,-0.077352,0.033284,-0.040331,-0.061826,0.030740,-0.030377,-0.052490
peace,2,left,1782948450.2879786,0.000000,0.000000,0.000000,0.025477,-0.012045,-0.022235,0.040241,-0.022777,-0.042442,0.040951,-0.040496,-0.068910,0.023289,-0.051071,-0.079439,0.020170,0.003226,-0.081594,0.024029,0.003226,-0.118309,0.026284,0.001666,-0.139770,0.028216,-0.001089,-0.158154,0.000000,0.003975,-0.081300,0.000000,0.003975,-0.125907,0.000000,0.002498,-0.149337,0.000000,-0.000406,-0.168773,-0.017000,0.001900,-0.076400,-0.020460,-0.032019,-0.101862,-0.018047,-0.044935,-0.084107,-0.015706,-0.041408,-0.066879,-0.033100,-0.003774,-0.068300,-0.040483,-0.028940,-0.087944,-0.038621,-0.041498,-0.077079,-0.034896,-0.039309,-0.063885
peace,2,right,1782948450.288257,0.000000,0.000000,0.000000,-0.025477,-0.012045,-0.022235,-0.037979,-0.025653,-0.042235,-0.030120,-0.045923,-0.065524,-0.007699,-0.051415,-0.066851,-0.020170,0.003226,-0.081594,-0.024029,0.003226,-0.118309,-0.026282,0.001434,-0.139752,-0.028207,-0.001784,-0.158062,0.000000,0.003975,-0.081300,0.000000,0.003975,-0.125907,0.000000,0.001640,-0.149267,0.000000,-0.003077,-0.168344,0.017000,0.001900,-0.076400,0.018155,-0.039446,-0.086403,0.015628,-0.040932,-0.064510,0.014217,-0.028151,-0.052287,0.033100,-0.003774,-0.068300,0.036537,-0.035078,-0.077352,0.033284,-0.040331,-0.061826,0.030740,-0.030377,-0.052490
peace,2,left,1782948450.497856,0.000000,0.000000,0.000000,0.025477,-0.012045,-0.022235,0.040241,-0.022777,-0.042442,0.040951,-0.040496,-0.068910,0.023289,-0.051071,-0.079439,0.020170,0.003226,-0.081594,0.024029,0.003226,-0.118309,0.026284,0.001666,-0.139770,0.028216,-0.001089,-0.158154,0.000000,0.003975,-0.081300,0.000000,0.003975,-0.125907,0.000000,0.002498,-0.149337,0.000000,-0.000406,-0.168773,-0.017000,0.001900,-0.076400,-0.020460,-0.032019,-0.101862,-0.018047,-0.044935,-0.084107,-0.015706,-0.041408,-0.066879,-0.033100,-0.003774,-0.068300,-0.040483,-0.028940,-0.087944,-0.038621,-0.041498,-0.077079,-0.034896,-0.039309,-0.063885
peace,2,right,1782948450.4980664,0.000000,0.000000,0.000000,-0.025477,-0.012045,-0.022235,-0.037979,-0.025653,-0.042235,-0.030120,-0.045923,-0.065524,-0.007699,-0.051415,-0.066851,-0.020170,0.003226,-0.081594,-0.024029,0.003226,-0.118309,-0.026282,0.001434,-0.139752,-0.028207,-0.001784,-0.158062,0.000000,0.003975,-0.081300,0.000000,0.003975,-0.125907,0.000000,0.001640,-0.149267,0.000000,-0.003077,-0.168344,0.017000,0.001900,-0.076400,0.018155,-0.039446,-0.086403,0.015628,-0.040932,-0.064510,0.014217,-0.028151,-0.052287,0.033100,-0.003774,-0.068300,0.036537,-0.035078,-0.077352,0.033284,-0.040331,-0.061826,0.030740,-0.030377,-0.052490
peace,2,left,1782948450.7026212,0.000000,0.000000,0.000000,0.025477,-0.012045,-0.022235,0.040241,-0.022777,-0.042442,0.040951,-0.040496,-0.068910,0.023289,-0.051071,-0.079439,0.020170,0.003226,-0.081594,0.024029,0.003226,-0.118309,0.026284,0.001666,-0.139770,0.028216,-0.001089,-0.158154,0.000000,0.003975,-0.081300,0.000000,0.003975,-0.125907,0.000000,0.002498,-0.149337,0.000000,-0.000406,-0.168773,-0.017000,0.001900,-0.076400,-0.020460,-0.032019,-0.101862,-0.018047,-0.044935,-0.084107,-0.015706,-0.041408,-0.066879,-0.033100,-0.003774,-0.068300,-0.040483,-0.028940,-0.087944,-0.038621,-0.041498,-0.077079,-0.034896,-0.039309,-0.063885
peace,2,right,1782948450.7145057,0.000000,0.000000,0.000000,-0.025477,-0.012045,-0.022235,-0.037996,-0.025553,-0.042292,-0.030368,-0.045763,-0.065709,-0.008022,-0.051490,-0.067296,-0.020170,0.003226,-0.081594,-0.024029,0.003226,-0.118309,-0.026282,0.001434,-0.139752,-0.028207,-0.001784,-0.158062,0.000000,0.003975,-0.081300,0.000000,0.003975,-0.125907,0.000000,0.001640,-0.149267,0.000000,-0.003077,-0.168344,0.017000,0.001900,-0.076400,0.018155,-0.039446,-0.086403,0.015628,-0.040932,-0.064510,0.014217,-0.028151,-0.052287,0.033100,-0.003774,-0.068300,0.036537,-0.035078,-0.077352,0.033284,-0.040331,-0.061826,0.030740,-0.030377,-0.052490
peace,2,left,1782948450.9231086,0.000000,0.000000,0.000000,0.025477,-0.012045,-0.022235,0.040241,-0.022777,-0.042442,0.040951,-0.040496,-0.068910,0.023289,-0.051071,-0.079439,0.020170,0.003226,-0.081594,0.024029,0.003226,-0.118309,0.026284,0.001666,-0.139770,0.028216,-0.001089,-0.158154,0.000000,0.003975,-0.081300,0.000000,0.003975,-0.125907,0.000000,0.002498,-0.149337,0.000000,-0.000406,-0.168773,-0.017000,0.001900,-0.076400,-0.020460,-0.032019,-0.101862,-0.018047,-0.044935,-0.084107,-0.015706,-0.041408,-0.066879,-0.033100,-0.003774,-0.068300,-0.040483,-0.028940,-0.087944,-0.038621,-0.041498,-0.077079,-0.034896,-0.039309,-0.063885
peace,2,right,1782948450.923388,0.000000,0.000000,0.000000,-0.025477,-0.012045,-0.022235,-0.038003,-0.025519,-0.042311,-0.030453,-0.045709,-0.065771,-0.008134,-0.051513,-0.067447,-0.020170,0.003226,-0.081594,-0.024029,0.003226,-0.118309,-0.026282,0.001434,-0.139752,-0.028207,-0.001784,-0.158062,0.000000,0.003975,-0.081300,0.000000,0.003975,-0.125907,0.000000,0.001640,-0.149267,0.000000,-0.003077,-0.168344,0.017000,0.001900,-0.076400,0.018155,-0.039446,-0.086403,0.015628,-0.040932,-0.064510,0.014217,-0.028151,-0.052287,0.033100,-0.003774,-0.068300,0.036537,-0.035078,-0.077352,0.033284,-0.040331,-0.061826,0.030740,-0.030377,-0.052490
peace,2,right,1782948451.1273327,0.000000,0.000000,0.000000,-0.025477,-0.012045,-0.022235,-0.038033,-0.025349,-0.042405,-0.030875,-0.045431,-0.066079,-0.008698,-0.051622,-0.068201,-0.020170,0.003226,-0.081594,-0.024029,0.003226,-0.118309,-0.026282,0.001434,-0.139752,-0.028207,-0.001784,-0.158062,0.000000,0.003975,-0.081300,0.000000,0.003975,-0.125907,0.000000,0.001640,-0.149267,0.000000,-0.003077,-0.168344,0.017000,0.001900,-0.076400,0.018155,-0.039446,-0.086403,0.015628,-0.040932,-0.064510,0.014217,-0.028151,-0.052287,0.033100,-0.003774,-0.068300,0.036885,-0.034755,-0.078277,0.033633,-0.040621,-0.062972,0.030928,-0.031110,-0.053227
peace,2,left,1782948451.1387749,0.000000,0.000000,0.000000,0.025477,-0.012045,-0.022235,0.040241,-0.022777,-0.042442,0.040951,-0.040496,-0.068910,0.023289,-0.051071,-0.079439,0.020170,0.003226,-0.081594,0.024029,0.003226,-0.118309,0.026284,0.001666,-0.139770,0.028216,-0.001089,-0.158154,0.000000,0.003975,-0.081300,0.000000,0.003975,-0.125907,0.000000,0.002498,-0.149337,0.000000,-0.000406,-0.168773,-0.017000,0.001900,-0.076400,-0.020460,-0.032019,-0.101862,-0.018047,-0.044935,-0.084107,-0.015706,-0.041408,-0.066879,-0.033100,-0.003774,-0.068300,-0.040483,-0.028940,-0.087944,-0.038621,-0.041498,-0.077079,-0.034896,-0.039309,-0.063885
peace,2,right,1782948451.336298,0.000000,0.000000,0.000000,-0.025477,-0.012045,-0.022235,-0.038063,-0.025194,-0.042488,-0.031263,-0.045171,-0.066357,-0.009229,-0.051707,-0.068892,-0.020170,0.003226,-0.081594,-0.024029,0.003226,-0.118309,-0.026282,0.001434,-0.139752,-0.028207,-0.001784,-0.158062,0.000000,0.003975,-0.081300,0.000000,0.003975,-0.125907,0.000000,0.001640,-0.149267,0.000000,-0.003077,-0.168344,0.017000,0.001900,-0.076400,0.018259,-0.039262,-0.087122,0.015693,-0.041185,-0.065268,0.014228,-0.028660,-0.052790,0.033100,-0.003774,-0.068300,0.036885,-0.034755,-0.078277,0.033633,-0.040621,-0.062972,0.030928,-0.031110,-0.053227
peace,2,left,1782948451.347005,0.000000,0.000000,0.000000,0.025477,-0.012045,-0.022235,0.040241,-0.022777,-0.042442,0.040951,-0.040496,-0.068910,0.023289,-0.051071,-0.079439,0.020170,0.003226,-0.081594,0.024029,0.003226,-0.118309,0.026284,0.001666,-0.139770,0.028216,-0.001089,-0.158154,0.000000,0.003975,-0.081300,0.000000,0.003975,-0.125907,0.000000,0.002498,-0.149337,0.000000,-0.000406,-0.168773,-0.017000,0.001900,-0.076400,-0.020460,-0.032019,-0.101862,-0.018047,-0.044935,-0.084107,-0.015706,-0.041408,-0.066879,-0.033100,-0.003774,-0.068300,-0.040483,-0.028940,-0.087944,-0.038621,-0.041498,-0.077079,-0.034896,-0.039309,-0.063885
peace,2,right,1782948451.551507,0.000000,0.000000,0.000000,-0.025477,-0.012045,-0.022235,-0.038071,-0.025150,-0.042511,-0.031372,-0.045096,-0.066434,-0.009380,-0.051727,-0.069086,-0.020170,0.003226,-0.081594,-0.024029,0.003226,-0.118309,-0.026282,0.001434,-0.139752,-0.028207,-0.001784,-0.158062,0.000000,0.003975,-0.081300,0.000000,0.003975,-0.125907,0.000000,0.001640,-0.149267,0.000000,-0.003077,-0.168344,0.017000,0.001900,-0.076400,0.018259,-0.039262,-0.087122,0.015693,-0.041185,-0.065268,0.014228,-0.028660,-0.052790,0.033100,-0.003774,-0.068300,0.037002,-0.034639,-0.078587,0.033752,-0.040712,-0.063363,0.030994,-0.031359,-0.053482
peace,2,left,1782948451.552544,0.000000,0.000000,0.000000,0.025477,-0.012045,-0.022235,0.040241,-0.022777,-0.042442,0.040951,-0.040496,-0.068910,0.023289,-0.051071,-0.079439,0.020170,0.003226,-0.081594,0.024029,0.003226,-0.118309,0.026284,0.001666,-0.139770,0.028216,-0.001089,-0.158154,0.000000,0.003975,-0.081300,0.000000,0.003975,-0.125907,0.000000,0.002498,-0.149337,0.000000,-0.000406,-0.168773,-0.017000,0.001900,-0.076400,-0.020460,-0.032019,-0.101862,-0.018047,-0.044935,-0.084107,-0.015706,-0.041408,-0.066879,-0.033100,-0.003774,-0.068300,-0.040483,-0.028940,-0.087944,-0.038621,-0.041498,-0.077079,-0.034896,-0.039309,-0.063885
peace,2,left,1782948451.7531288,0.000000,0.000000,0.000000,0.025477,-0.012045,-0.022235,0.040241,-0.022777,-0.042442,0.040951,-0.040496,-0.068910,0.023289,-0.051071,-0.079439,0.020170,0.003226,-0.081594,0.024029,0.003226,-0.118309,0.026284,0.001666,-0.139770,0.028216,-0.001089,-0.158154,0.000000,0.003975,-0.081300,0.000000,0.003975,-0.125907,0.000000,0.002498,-0.149337,0.000000,-0.000406,-0.168773,-0.017000,0.001900,-0.076400,-0.020460,-0.032019,-0.101862,-0.018047,-0.044935,-0.084107,-0.015706,-0.041408,-0.066879,-0.033100,-0.003774,-0.068300,-0.040483,-0.028940,-0.087944,-0.038621,-0.041498,-0.077079,-0.034896,-0.039309,-0.063885
peace,2,right,1782948451.7654626,0.000000,0.000000,0.000000,-0.025477,-0.012045,-0.022235,-0.038094,-0.025036,-0.042570,-0.031658,-0.044900,-0.066633,-0.009781,-0.051776,-0.069593,-0.020170,0.003226,-0.081594,-0.024029,0.003226,-0.118309,-0.026282,0.001434,-0.139752,-0.028207,-0.001784,-0.158062,0.000000,0.003975,-0.081300,0.000000,0.003975,-0.125907,0.000000,0.001640,-0.149267,0.000000,-0.003077,-0.168344,0.017000,0.001900,-0.076400,0.018259,-0.039262,-0.087122,0.015693,-0.041185,-0.065268,0.014228,-0.028660,-0.052790,0.033100,-0.003774,-0.068300,0.037080,-0.034559,-0.078795,0.033833,-0.040772,-0.063628,0.031040,-0.031527,-0.053654
peace,2,left,1782948451.959142,0.000000,0.000000,0.000000,0.025477,-0.012045,-0.022235,0.040241,-0.022777,-0.042442,0.040951,-0.040496,-0.068910,0.023289,-0.051071,-0.079439,0.020170,0.003226,-0.081594,0.024029,0.003226,-0.118309,0.026284,0.001666,-0.139770,0.028216,-0.001089,-0.158154,0.000000,0.003975,-0.081300,0.000000,0.003975,-0.125907,0.000000,0.002498,-0.149337,0.000000,-0.000406,-0.168773,-0.017000,0.001900,-0.076400,-0.020460,-0.032019,-0.101862,-0.018047,-0.044935,-0.084107,-0.015706,-0.041408,-0.066879,-0.033100,-0.003774,-0.068300,-0.040483,-0.028940,-0.087944,-0.038621,-0.041498,-0.077079,-0.034896,-0.039309,-0.063885
peace,2,right,1782948451.9700646,0.000000,0.000000,0.000000,-0.025477,-0.012045,-0.022235,-0.038127,-0.024875,-0.042652,-0.032060,-0.044619,-0.066908,-0.010355,-0.051831,-0.070302,-0.020170,0.003226,-0.081594,-0.024029,0.003226,-0.118309,-0.026282,0.001434,-0.139752,-0.028207,-0.001784,-0.158062,0.000000,0.003975,-0.081300,0.000000,0.003975,-0.125907,0.000000,0.001640,-0.149267,0.000000,-0.003077,-0.168344,0.017000,0.001900,-0.076400,0.018368,-0.039061,-0.087855,0.015764,-0.041442,-0.066050,0.014243,-0.029193,-0.053307,0.033100,-0.003774,-0.068300,0.037236,-0.034394,-0.079211,0.033996,-0.040887,-0.064159,0.031132,-0.031863,-0.054005
peace,2,left,1782948452.177956,0.000000,0.000000,0.000000,0.025477,-0.012045,-0.022235,0.040241,-0.022777,-0.042442,0.040951,-0.040496,-0.068910,0.023289,-0.051071,-0.079439,0.020170,0.003226,-0.081594,0.024029,0.003226,-0.118309,0.026284,0.001666,-0.139770,0.028216,-0.001089,-0.158154,0.000000,0.003975,-0.081300,0.000000,0.003975,-0.125907,0.000000,0.002498,-0.149337,0.000000,-0.000406,-0.168773,-0.017000,0.001900,-0.076400,-0.020460,-0.032019,-0.101862,-0.018047,-0.044935,-0.084107,-0.015706,-0.041408,-0.066879,-0.033100,-0.003774,-0.068300,-0.040483,-0.028940,-0.087944,-0.038621,-0.041498,-0.077079,-0.034896,-0.039309,-0.063885
peace,2,right,1782948452.1910646,0.000000,0.000000,0.000000,-0.025477,-0.012045,-0.022235,-0.038146,-0.024784,-0.042696,-0.032286,-0.044459,-0.067060,-0.010683,-0.051855,-0.070699,-0.020170,0.003226,-0.081594,-0.024029,0.003226,-0.118309,-0.026282,0.001434,-0.139752,-0.028207,-0.001784,-0.158062,0.000000,0.003975,-0.081300,0.000000,0.003975,-0.125907,0.000000,0.001640,-0.149267,0.000000,-0.003077,-0.168344,0.017000,0.001900,-0.076400,0.018368,-0.039061,-0.087855,0.015764,-0.041442,-0.066050,0.014243,-0.029193,-0.053307,0.033100,-0.003774,-0.068300,0.037470,-0.034131,-0.079836,0.034245,-0.041050,-0.064972,0.031276,-0.032375,-0.054547
peace,2,left,1782948452.3879657,0.000000,0.000000,0.000000,0.025477,-0.012045,-0.022235,0.040241,-0.022777,-0.042442,0.040951,-0.040496,-0.068910,0.023289,-0.051071,-0.079439,0.020170,0.003226,-0.081594,0.024029,0.003226,-0.118309,0.026284,0.001666,-0.139770,0.028216,-0.001089,-0.158154,0.000000,0.003975,-0.081300,0.000000,0.003975,-0.125907,0.000000,0.002498,-0.149337,0.000000,-0.000406,-0.168773,-0.017000,0.001900,-0.076400,-0.020460,-0.032019,-0.101862,-0.018047,-0.044935,-0.084107,-0.015706,-0.041408,-0.066879,-0.033100,-0.003774,-0.068300,-0.040483,-0.028940,-0.087944,-0.038621,-0.041498,-0.077079,-0.034896,-0.039309,-0.063885
peace,2,right,1782948452.4004543,0.000000,0.000000,0.000000,-0.025477,-0.012045,-0.022235,-0.038150,-0.024766,-0.042705,-0.032331,-0.044427,-0.067090,-0.010749,-0.051859,-0.070778,-0.020170,0.003226,-0.081594,-0.024029,0.003226,-0.118309,-0.026282,0.001434,-0.139752,-0.028207,-0.001784,-0.158062,0.000000,0.003975,-0.081300,0.000000,0.003975,-0.125907,0.000000,0.001640,-0.149267,0.000000,-0.003077,-0.168344,0.017000,0.001900,-0.076400,0.018368,-0.039061,-0.087855,0.015764,-0.041442,-0.066050,0.014243,-0.029193,-0.053307,0.033100,-0.003774,-0.068300,0.037470,-0.034131,-0.079836,0.034245,-0.041050,-0.064972,0.031276,-0.032375,-0.054547
peace,2,left,1782948452.5963273,0.000000,0.000000,0.000000,0.025477,-0.012045,-0.022235,0.040241,-0.022777,-0.042442,0.040951,-0.040496,-0.068910,0.023289,-0.051071,-0.079439,0.020170,0.003226,-0.081594,0.024029,0.003226,-0.118309,0.026284,0.001666,-0.139770,0.028216,-0.001089,-0.158154,0.000000,0.003975,-0.081300,0.000000,0.003975,-0.125907,0.000000,0.002498,-0.149337,0.000000,-0.000406,-0.168773,-0.017000,0.001900,-0.076400,-0.020460,-0.032019,-0.101862,-0.018047,-0.044935,-0.084107,-0.015706,-0.041408,-0.066879,-0.033100,-0.003774,-0.068300,-0.040483,-0.028940,-0.087944,-0.038621,-0.041498,-0.077079,-0.034896,-0.039309,-0.063885
peace,2,right,1782948452.6072388,0.000000,0.000000,0.000000,-0.025477,-0.012045,-0.022235,-0.038160,-0.024721,-0.042727,-0.032445,-0.044345,-0.067166,-0.010916,-0.051869,-0.070978,-0.020170,0.003226,-0.081594,-0.024029,0.003226,-0.118309,-0.026282,0.001434,-0.139752,-0.028207,-0.001784,-0.158062,0.000000,0.003975,-0.081300,0.000000,0.003975,-0.125907,0.000000,0.001640,-0.149267,0.000000,-0.003077,-0.168344,0.017000,0.001900,-0.076400,0.018368,-0.039061,-0.087855,0.015764,-0.041442,-0.066050,0.014243,-0.029193,-0.053307,0.033100,-0.003774,-0.068300,0.037470,-0.034131,-0.079836,0.034245,-0.041050,-0.064972,0.031276,-0.032375,-0.054547
peace,2,left,1782948452.8028865,0.000000,0.000000,0.000000,0.025477,-0.012045,-0.022235,0.040241,-0.022777,-0.042442,0.040951,-0.040496,-0.068910,0.023289,-0.051071,-0.079439,0.020170,0.003226,-0.081594,0.024029,0.003226,-0.118309,0.026284,0.001666,-0.139770,0.028216,-0.001089,-0.158154,0.000000,0.003975,-0.081300,0.000000,0.003975,-0.125907,0.000000,0.002498,-0.149337,0.000000,-0.000406,-0.168773,-0.017000,0.001900,-0.076400,-0.020460,-0.032019,-0.101862,-0.018047,-0.044935,-0.084107,-0.015706,-0.041408,-0.066879,-0.033100,-0.003774,-0.068300,-0.040483,-0.028940,-0.087944,-0.038621,-0.041498,-0.077079,-0.034896,-0.039309,-0.063885
peace,2,right,1782948452.81472,0.000000,0.000000,0.000000,-0.025477,-0.012045,-0.022235,-0.038162,-0.024712,-0.042732,-0.032468,-0.044329,-0.067181,-0.010950,-0.051871,-0.071018,-0.020170,0.003226,-0.081594,-0.024029,0.003226,-0.118309,-0.026282,0.001434,-0.139752,-0.028207,-0.001784,-0.158062,0.000000,0.003975,-0.081300,0.000000,0.003975,-0.125907,0.000000,0.001640,-0.149267,0.000000,-0.003077,-0.168344,0.017000,0.001900,-0.076400,0.018368,-0.039061,-0.087855,0.015764,-0.041442,-0.066050,0.014243,-0.029193,-0.053307,0.033100,-0.003774,-0.068300,0.037822,-0.033703,-0.080776,0.034630,-0.041269,-0.066223,0.031507,-0.033155,-0.055399
peace,2,left,1782948453.0105097,0.000000,0.000000,0.000000,0.025477,-0.012045,-0.022235,0.040241,-0.022777,-0.042442,0.040951,-0.040496,-0.068910,0.023289,-0.051071,-0.079439,0.020170,0.003226,-0.081594,0.024029,0.003226,-0.118309,0.026284,0.001666,-0.139770,0.028216,-0.001089,-0.158154,0.000000,0.003975,-0.081300,0.000000,0.003975,-0.125907,0.000000,0.002498,-0.149337,0.000000,-0.000406,-0.168773,-0.017000,0.001900,-0.076400,-0.020460,-0.032019,-0.101862,-0.018047,-0.044935,-0.084107,-0.015706,-0.041408,-0.066879,-0.033100,-0.003774,-0.068300,-0.040483,-0.028940,-0.087944,-0.038621,-0.041498,-0.077079,-0.034896,-0.039309,-0.063885
peace,2,right,1782948453.0327535,0.000000,0.000000,0.000000,-0.025477,-0.012045,-0.022235,-0.038162,-0.024712,-0.042732,-0.032468,-0.044329,-0.067181,-0.010950,-0.051871,-0.071018,-0.020170,0.003226,-0.081594,-0.024029,0.003226,-0.118309,-0.026282,0.001434,-0.139752,-0.028207,-0.001784,-0.158062,0.000000,0.003975,-0.081300,0.000000,0.003975,-0.125907,0.000000,0.001640,-0.149267,0.000000,-0.003077,-0.168344,0.017000,0.001900,-0.076400,0.018368,-0.039061,-0.087855,0.015764,-0.041442,-0.066050,0.014243,-0.029193,-0.053307,0.033100,-0.003774,-0.068300,0.038173,-0.033237,-0.081714,0.035028,-0.041454,-0.067508,0.031755,-0.033945,-0.056299
peace,2,left,1782948453.2204382,0.000000,0.000000,0.000000,0.025477,-0.012045,-0.022235,0.040276,-0.022653,-0.042482,0.041267,-0.040228,-0.069036,0.023879,-0.050941,-0.079877,0.020170,0.003226,-0.081594,0.024029,0.003226,-0.118309,0.026284,0.001666,-0.139770,0.028216,-0.001089,-0.158154,0.000000,0.003975,-0.081300,0.000000,0.003975,-0.125907,0.000000,0.002498,-0.149337,0.000000,-0.000406,-0.168773,-0.017000,0.001900,-0.076400,-0.020460,-0.032019,-0.101862,-0.018047,-0.044935,-0.084107,-0.015706,-0.041408,-0.066879,-0.033100,-0.003774,-0.068300,-0.040483,-0.028940,-0.087944,-0.038621,-0.041498,-0.077079,-0.034896,-0.039309,-0.063885
peace,2,right,1782948453.2422018,0.000000,0.000000,0.000000,-0.025477,-0.012045,-0.022235,-0.038162,-0.024712,-0.042732,-0.032468,-0.044329,-0.067181,-0.010950,-0.051871,-0.071018,-0.020170,0.003226,-0.081594,-0.024029,0.003226,-0.118309,-0.026282,0.001434,-0.139752,-0.028207,-0.001784,-0.158062,0.000000,0.003975,-0.081300,0.000000,0.003975,-0.125907,0.000000,0.001640,-0.149267,0.000000,-0.003077,-0.168344,0.017000,0.001900,-0.076400,0.018368,-0.039061,-0.087855,0.015764,-0.041442,-0.066050,0.014243,-0.029193,-0.053307,0.033100,-0.003774,-0.068300,0.038173,-0.033237,-0.081714,0.035028,-0.041454,-0.067508,0.031755,-0.033945,-0.056299
peace,2,left,1782948453.4290469,0.000000,0.000000,0.000000,0.025477,-0.012045,-0.022235,0.040276,-0.022653,-0.042482,0.041267,-0.040228,-0.069036,0.023879,-0.050941,-0.079877,0.020170,0.003226,-0.081594,0.024029,0.003226,-0.118309,0.026284,0.001666,-0.139770,0.028216,-0.001089,-0.158154,0.000000,0.003975,-0.081300,0.000000,0.003975,-0.125907,0.000000,0.002498,-0.149337,0.000000,-0.000406,-0.168773,-0.017000,0.001900,-0.076400,-0.020460,-0.032019,-0.101862,-0.018047,-0.044935,-0.084107,-0.015706,-0.041408,-0.066879,-0.033100,-0.003774,-0.068300,-0.040483,-0.028940,-0.087944,-0.038621,-0.041498,-0.077079,-0.034896,-0.039309,-0.063885
peace,2,right,1782948453.451627,0.000000,0.000000,0.000000,-0.025477,-0.012045,-0.022235,-0.038162,-0.024712,-0.042732,-0.032468,-0.044329,-0.067181,-0.010950,-0.051871,-0.071018,-0.020170,0.003226,-0.081594,-0.024029,0.003226,-0.118309,-0.026282,0.001434,-0.139752,-0.028207,-0.001784,-0.158062,0.000000,0.003975,-0.081300,0.000000,0.003975,-0.125907,0.000000,0.001640,-0.149267,0.000000,-0.003077,-0.168344,0.017000,0.001900,-0.076400,0.018368,-0.039061,-0.087855,0.015764,-0.041442,-0.066050,0.014243,-0.029193,-0.053307,0.033100,-0.003774,-0.068300,0.038173,-0.033237,-0.081714,0.035028,-0.041454,-0.067508,0.031755,-0.033945,-0.056299
peace,2,left,1782948453.636516,0.000000,0.000000,0.000000,0.025477,-0.012045,-0.022235,0.040276,-0.022653,-0.042482,0.041267,-0.040228,-0.069036,0.023879,-0.050941,-0.079877,0.020170,0.003226,-0.081594,0.024029,0.003226,-0.118309,0.026284,0.001666,-0.139770,0.028216,-0.001089,-0.158154,0.000000,0.003975,-0.081300,0.000000,0.003975,-0.125907,0.000000,0.002498,-0.149337,0.000000,-0.000406,-0.168773,-0.017000,0.001900,-0.076400,-0.020460,-0.032019,-0.101862,-0.018047,-0.044935,-0.084107,-0.015706,-0.041408,-0.066879,-0.033100,-0.003774,-0.068300,-0.040483,-0.028940,-0.087944,-0.038621,-0.041498,-0.077079,-0.034896,-0.039309,-0.063885
peace,2,right,1782948453.65957,0.000000,0.000000,0.000000,-0.025477,-0.012045,-0.022235,-0.038162,-0.024712,-0.042732,-0.032468,-0.044329,-0.067181,-0.010950,-0.051871,-0.071018,-0.020170,0.003226,-0.081594,-0.024029,0.003226,-0.118309,-0.026282,0.001434,-0.139752,-0.028207,-0.001784,-0.158062,0.000000,0.003975,-0.081300,0.000000,0.003975,-0.125907,0.000000,0.001640,-0.149267,0.000000,-0.003077,-0.168344,0.017000,0.001900,-0.076400,0.018368,-0.039061,-0.087855,0.015764,-0.041442,-0.066050,0.014243,-0.029193,-0.053307,0.033100,-0.003774,-0.068300,0.038173,-0.033237,-0.081714,0.035028,-0.041454,-0.067508,0.031755,-0.033945,-0.056299
peace,3,right,1782948459.8229816,0.000000,0.000000,0.000000,-0.025477,-0.012045,-0.022235,-0.038236,-0.024378,-0.042888,-0.033303,-0.043718,-0.067721,-0.012204,-0.051899,-0.072469,-0.020170,0.003226,-0.081594,-0.024029,0.003226,-0.118309,-0.026282,0.001434,-0.139752,-0.028207,-0.001784,-0.158062,0.000000,0.003975,-0.081300,0.000000,0.003975,-0.125907,0.000000,0.001640,-0.149267,0.000000,-0.003077,-0.168344,0.017000,0.001900,-0.076400,0.018540,-0.038724,-0.088976,0.015882,-0.041833,-0.067271,0.014271,-0.030038,-0.054116,0.033100,-0.003774,-0.068300,0.038636,-0.032554,-0.082956,0.035575,-0.041643,-0.069272,0.032116,-0.035007,-0.057579
peace,3,left,1782948459.8240306,0.000000,0.000000,0.000000,0.025477,-0.012045,-0.022235,0.040294,-0.022590,-0.042502,0.041424,-0.040093,-0.069099,0.024175,-0.050872,-0.080096,0.020170,0.003226,-0.081594,0.024029,0.003226,-0.118309,0.026284,0.001666,-0.139770,0.028216,-0.001089,-0.158154,0.000000,0.003975,-0.081300,0.000000,0.003975,-0.125907,0.000000,0.002498,-0.149337,0.000000,-0.000406,-0.168773,-0.017000,0.001900,-0.076400,-0.020604,-0.031442,-0.102595,-0.018224,-0.044968,-0.085296,-0.015838,-0.042114,-0.067950,-0.033100,-0.003774,-0.068300,-0.040583,-0.028696,-0.088215,-0.038776,-0.041440,-0.077560,-0.035037,-0.039545,-0.064324
peace,3,left,1782948460.0335793,0.000000,0.000000,0.000000,0.025477,-0.012045,-0.022235,0.040294,-0.022590,-0.042502,0.041424,-0.040093,-0.069099,0.024175,-0.050872,-0.080096,0.020170,0.003226,-0.081594,0.024029,0.003226,-0.118309,0.026284,0.001666,-0.139770,0.028216,-0.001089,-0.158154,0.000000,0.003975,-0.081300,0.000000,0.003975,-0.125907,0.000000,0.002498,-0.149337,0.000000,-0.000406,-0.168773,-0.017000,0.001900,-0.076400,-0.020604,-0.031442,-0.102595,-0.018224,-0.044968,-0.085296,-0.015838,-0.042114,-0.067950,-0.033100,-0.003774,-0.068300,-0.040583,-0.028696,-0.088215,-0.038776,-0.041440,-0.077560,-0.035037,-0.039545,-0.064324
peace,3,right,1782948460.0338244,0.000000,0.000000,0.000000,-0.025477,-0.012045,-0.022235,-0.038236,-0.024378,-0.042888,-0.033303,-0.043718,-0.067721,-0.012204,-0.051899,-0.072469,-0.020170,0.003226,-0.081594,-0.024029,0.003226,-0.118309,-0.026282,0.001434,-0.139752,-0.028207,-0.001784,-0.158062,0.000000,0.003975,-0.081300,0.000000,0.003975,-0.125907,0.000000,0.001640,-0.149267,0.000000,-0.003077,-0.168344,0.017000,0.001900,-0.076400,0.018540,-0.038724,-0.088976,0.015882,-0.041833,-0.067271,0.014271,-0.030038,-0.054116,0.033100,-0.003774,-0.068300,0.038865,-0.032187,-0.083571,0.035856,-0.041709,-0.070174,0.032309,-0.035539,-0.058254
peace,3,right,1782948460.2346926,0.000000,0.000000,0.000000,-0.025477,-0.012045,-0.022235,-0.038236,-0.024378,-0.042888,-0.033303,-0.043718,-0.067721,-0.012204,-0.051899,-0.072469,-0.020170,0.003226,-0.081594,-0.024029,0.003226,-0.118309,-0.026282,0.001434,-0.139752,-0.028207,-0.001784,-0.158062,0.000000,0.003975,-0.081300,0.000000,0.003975,-0.125907,0.000000,0.001640,-0.149267,0.000000,-0.003077,-0.168344,0.017000,0.001900,-0.076400,0.018540,-0.038724,-0.088976,0.015882,-0.041833,-0.067271,0.014271,-0.030038,-0.054116,0.033100,-0.003774,-0.068300,0.038865,-0.032187,-0.083571,0.035856,-0.041709,-0.070174,0.032309,-0.035539,-0.058254
peace,3,left,1782948460.2455888,0.000000,0.000000,0.000000,0.025477,-0.012045,-0.022235,0.040294,-0.022590,-0.042502,0.041424,-0.040093,-0.069099,0.024175,-0.050872,-0.080096,0.020170,0.003226,-0.081594,0.024029,0.003226,-0.118309,0.026284,0.001666,-0.139770,0.028216,-0.001089,-0.158154,0.000000,0.003975,-0.081300,0.000000,0.003975,-0.125907,0.000000,0.002498,-0.149337,0.000000,-0.000406,-0.168773,-0.017000,0.001900,-0.076400,-0.020604,-0.031442,-0.102595,-0.018224,-0.044968,-0.085296,-0.015838,-0.042114,-0.067950,-0.033100,-0.003774,-0.068300,-0.040583,-0.028696,-0.088215,-0.038776,-0.041440,-0.077560,-0.035037,-0.039545,-0.064324
peace,3,right,1782948460.435539,0.000000,0.000000,0.000000,-0.025477,-0.012045,-0.022235,-0.038236,-0.024378,-0.042888,-0.033303,-0.043718,-0.067721,-0.012204,-0.051899,-0.072469,-0.020170,0.003226,-0.081594,-0.024029,0.003226,-0.118309,-0.026282,0.001434,-0.139752,-0.028207,-0.001784,-0.158062,0.000000,0.003975,-0.081300,0.000000,0.003975,-0.125907,0.000000,0.001640,-0.149267,0.000000,-0.003077,-0.168344,0.017000,0.001900,-0.076400,0.018540,-0.038724,-0.088976,0.015882,-0.041833,-0.067271,0.014271,-0.030038,-0.054116,0.033100,-0.003774,-0.068300,0.038865,-0.032187,-0.083571,0.035856,-0.041709,-0.070174,0.032309,-0.035539,-0.058254
peace,3,left,1782948460.4596329,0.000000,0.000000,0.000000,0.025477,-0.012045,-0.022235,0.040294,-0.022590,-0.042502,0.041424,-0.040093,-0.069099,0.024175,-0.050872,-0.080096,0.020170,0.003226,-0.081594,0.024029,0.003226,-0.118309,0.026284,0.001666,-0.139770,0.028216,-0.001089,-0.158154,0.000000,0.003975,-0.081300,0.000000,0.003975,-0.125907,0.000000,0.002498,-0.149337,0.000000,-0.000406,-0.168773,-0.017000,0.001900,-0.076400,-0.020604,-0.031442,-0.102595,-0.018224,-0.044968,-0.085296,-0.015838,-0.042114,-0.067950,-0.033100,-0.003774,-0.068300,-0.040583,-0.028696,-0.088215,-0.038776,-0.041440,-0.077560,-0.035037,-0.039545,-0.064324
peace,3,right,1782948460.6481888,0.000000,0.000000,0.000000,-0.025477,-0.012045,-0.022235,-0.038236,-0.024378,-0.042888,-0.033303,-0.043718,-0.067721,-0.012204,-0.051899,-0.072469,-0.020170,0.003226,-0.081594,-0.024029,0.003226,-0.118309,-0.026282,0.001434,-0.139752,-0.028207,-0.001784,-0.158062,0.000000,0.003975,-0.081300,0.000000,0.003975,-0.125907,0.000000,0.001640,-0.149267,0.000000,-0.003077,-0.168344,0.017000,0.001900,-0.076400,0.018540,-0.038724,-0.088976,0.015882,-0.041833,-0.067271,0.014271,-0.030038,-0.054116,0.033100,-0.003774,-0.068300,0.038865,-0.032187,-0.083571,0.035856,-0.041709,-0.070174,0.032309,-0.035539,-0.058254
peace,3,left,1782948460.669568,0.000000,0.000000,0.000000,0.025477,-0.012045,-0.022235,0.040294,-0.022590,-0.042502,0.041424,-0.040093,-0.069099,0.024175,-0.050872,-0.080096,0.020170,0.003226,-0.081594,0.024029,0.003226,-0.118309,0.026284,0.001666,-0.139770,0.028216,-0.001089,-0.158154,0.000000,0.003975,-0.081300,0.000000,0.003975,-0.125907,0.000000,0.002498,-0.149337,0.000000,-0.000406,-0.168773,-0.017000,0.001900,-0.076400,-0.020604,-0.031442,-0.102595,-0.018224,-0.044968,-0.085296,-0.015838,-0.042114,-0.067950,-0.033100,-0.003774,-0.068300,-0.040583,-0.028696,-0.088215,-0.038776,-0.041440,-0.077560,-0.035037,-0.039545,-0.064324
peace,3,right,1782948460.8520634,0.000000,0.000000,0.000000,-0.025477,-0.012045,-0.022235,-0.038236,-0.024378,-0.042888,-0.033303,-0.043718,-0.067721,-0.012204,-0.051899,-0.072469,-0.020170,0.003226,-0.081594,-0.024029,0.003226,-0.118309,-0.026282,0.001434,-0.139752,-0.028207,-0.001784,-0.158062,0.000000,0.003975,-0.081300,0.000000,0.003975,-0.125907,0.000000,0.001640,-0.149267,0.000000,-0.003077,-0.168344,0.017000,0.001900,-0.076400,0.018540,-0.038724,-0.088976,0.015882,-0.041833,-0.067271,0.014271,-0.030038,-0.054116,0.033100,-0.003774,-0.068300,0.038865,-0.032187,-0.083571,0.035856,-0.041709,-0.070174,0.032309,-0.035539,-0.058254
peace,3,left,1782948460.8753097,0.000000,0.000000,0.000000,0.025477,-0.012045,-0.022235,0.040294,-0.022590,-0.042502,0.041424,-0.040093,-0.069099,0.024175,-0.050872,-0.080096,0.020170,0.003226,-0.081594,0.024029,0.003226,-0.118309,0.026284,0.001666,-0.139770,0.028216,-0.001089,-0.158154,0.000000,0.003975,-0.081300,0.000000,0.003975,-0.125907,0.000000,0.002498,-0.149337,0.000000,-0.000406,-0.168773,-0.017000,0.001900,-0.076400,-0.020604,-0.031442,-0.102595,-0.018224,-0.044968,-0.085296,-0.015838,-0.042114,-0.067950,-0.033100,-0.003774,-0.068300,-0.040583,-0.028696,-0.088215,-0.038776,-0.041440,-0.077560,-0.035037,-0.039545,-0.064324
peace,3,right,1782948461.0708938,0.000000,0.000000,0.000000,-0.025477,-0.012045,-0.022235,-0.038236,-0.024378,-0.042888,-0.033303,-0.043718,-0.067721,-0.012204,-0.051899,-0.072469,-0.020170,0.003226,-0.081594,-0.024029,0.003226,-0.118309,-0.026282,0.001434,-0.139752,-0.028207,-0.001784,-0.158062,0.000000,0.003975,-0.081300,0.000000,0.003975,-0.125907,0.000000,0.001640,-0.149267,0.000000,-0.003077,-0.168344,0.017000,0.001900,-0.076400,0.018540,-0.038724,-0.088976,0.015882,-0.041833,-0.067271,0.014271,-0.030038,-0.054116,0.033100,-0.003774,-0.068300,0.038865,-0.032187,-0.083571,0.035856,-0.041709,-0.070174,0.032309,-0.035539,-0.058254
peace,3,left,1782948461.0816147,0.000000,0.000000,0.000000,0.025477,-0.012045,-0.022235,0.040294,-0.022590,-0.042502,0.041424,-0.040093,-0.069099,0.024175,-0.050872,-0.080096,0.020170,0.003226,-0.081594,0.024029,0.003226,-0.118309,0.026284,0.001666,-0.139770,0.028216,-0.001089,-0.158154,0.000000,0.003975,-0.081300,0.000000,0.003975,-0.125907,0.000000,0.002498,-0.149337,0.000000,-0.000406,-0.168773,-0.017000,0.001900,-0.076400,-0.020604,-0.031442,-0.102595,-0.018224,-0.044968,-0.085296,-0.015838,-0.042114,-0.067950,-0.033100,-0.003774,-0.068300,-0.040583,-0.028696,-0.088215,-0.038776,-0.041440,-0.077560,-0.035037,-0.039545,-0.064324
peace,3,left,1782948461.2849052,0.000000,0.000000,0.000000,0.025477,-0.012045,-0.022235,0.040294,-0.022590,-0.042502,0.041424,-0.040093,-0.069099,0.024175,-0.050872,-0.080096,0.020170,0.003226,-0.081594,0.024029,0.003226,-0.118309,0.026284,0.001666,-0.139770,0.028216,-0.001089,-0.158154,0.000000,0.003975,-0.081300,0.000000,0.003975,-0.125907,0.000000,0.002498,-0.149337,0.000000,-0.000406,-0.168773,-0.017000,0.001900,-0.076400,-0.020604,-0.031442,-0.102595,-0.018224,-0.044968,-0.085296,-0.015838,-0.042114,-0.067950,-0.033100,-0.003774,-0.068300,-0.040583,-0.028696,-0.088215,-0.038776,-0.041440,-0.077560,-0.035037,-0.039545,-0.064324
peace,3,right,1782948461.2851684,0.000000,0.000000,0.000000,-0.025477,-0.012045,-0.022235,-0.038236,-0.024378,-0.042888,-0.033303,-0.043718,-0.067721,-0.012204,-0.051899,-0.072469,-0.020170,0.003226,-0.081594,-0.024029,0.003226,-0.118309,-0.026282,0.001434,-0.139752,-0.028207,-0.001784,-0.158062,0.000000,0.003975,-0.081300,0.000000,0.003975,-0.125907,0.000000,0.001640,-0.149267,0.000000,-0.003077,-0.168344,0.017000,0.001900,-0.076400,0.018540,-0.038724,-0.088976,0.015882,-0.041833,-0.067271,0.014271,-0.030038,-0.054116,0.033100,-0.003774,-0.068300,0.038865,-0.032187,-0.083571,0.035856,-0.041709,-0.070174,0.032309,-0.035539,-0.058254
peace,3,left,1782948461.4943464,0.000000,0.000000,0.000000,0.025477,-0.012045,-0.022235,0.040294,-0.022590,-0.042502,0.041424,-0.040093,-0.069099,0.024175,-0.050872,-0.080096,0.020170,0.003226,-0.081594,0.024029,0.003226,-0.118309,0.026284,0.001666,-0.139770,0.028216,-0.001089,-0.158154,0.000000,0.003975,-0.081300,0.000000,0.003975,-0.125907,0.000000,0.002498,-0.149337,0.000000,-0.000406,-0.168773,-0.017000,0.001900,-0.076400,-0.020604,-0.031442,-0.102595,-0.018224,-0.044968,-0.085296,-0.015838,-0.042114,-0.067950,-0.033100,-0.003774,-0.068300,-0.040583,-0.028696,-0.088215,-0.038776,-0.041440,-0.077560,-0.035037,-0.039545,-0.064324
peace,3,right,1782948461.5053031,0.000000,0.000000,0.000000,-0.025477,-0.012045,-0.022235,-0.038258,-0.024284,-0.042931,-0.033539,-0.043541,-0.067869,-0.012567,-0.051895,-0.072876,-0.020170,0.003226,-0.081594,-0.024029,0.003226,-0.118309,-0.026282,0.001434,-0.139752,-0.028207,-0.001784,-0.158062,0.000000,0.003975,-0.081300,0.000000,0.003975,-0.125907,0.000000,0.001640,-0.149267,0.000000,-0.003077,-0.168344,0.017000,0.001900,-0.076400,0.018550,-0.038704,-0.089040,0.015889,-0.041855,-0.067340,0.014273,-0.030087,-0.054163,0.033100,-0.003774,-0.068300,0.038865,-0.032187,-0.083571,0.035856,-0.041709,-0.070174,0.032309,-0.035539,-0.058254
peace,3,left,1782948461.6988435,0.000000,0.000000,0.000000,0.025477,-0.012045,-0.022235,0.040294,-0.022590,-0.042502,0.041424,-0.040093,-0.069099,0.024175,-0.050872,-0.080096,0.020170,0.003226,-0.081594,0.024029,0.003226,-0.118309,0.026284,0.001666,-0.139770,0.028216,-0.001089,-0.158154,0.000000,0.003975,-0.081300,0.000000,0.003975,-0.125907,0.000000,0.002498,-0.149337,0.000000,-0.000406,-0.168773,-0.017000,0.001900,-0.076400,-0.020604,-0.031442,-0.102595,-0.018224,-0.044968,-0.085296,-0.015838,-0.042114,-0.067950,-0.033100,-0.003774,-0.068300,-0.040583,-0.028696,-0.088215,-0.038776,-0.041440,-0.077560,-0.035037,-0.039545,-0.064324
peace,3,right,1782948461.719647,0.000000,0.000000,0.000000,-0.025477,-0.012045,-0.022235,-0.038262,-0.024265,-0.042939,-0.033586,-0.043506,-0.067899,-0.012641,-0.051893,-0.072958,-0.020170,0.003226,-0.081594,-0.024029,0.003226,-0.118309,-0.026282,0.001434,-0.139752,-0.028207,-0.001784,-0.158062,0.000000,0.003975,-0.081300,0.000000,0.003975,-0.125907,0.000000,0.001640,-0.149267,0.000000,-0.003077,-0.168344,0.017000,0.001900,-0.076400,0.018600,-0.038602,-0.089356,0.015924,-0.041963,-0.067690,0.014283,-0.030331,-0.054395,0.033100,-0.003774,-0.068300,0.038865,-0.032187,-0.083571,0.035856,-0.041709,-0.070174,0.032309,-0.035539,-0.058254
peace,3,left,1782948461.9056778,0.000000,0.000000,0.000000,0.025477,-0.012045,-0.022235,0.040294,-0.022590,-0.042502,0.041424,-0.040093,-0.069099,0.024175,-0.050872,-0.080096,0.020170,0.003226,-0.081594,0.024029,0.003226,-0.118309,0.026284,0.001666,-0.139770,0.028216,-0.001089,-0.158154,0.000000,0.003975,-0.081300,0.000000,0.003975,-0.125907,0.000000,0.002498,-0.149337,0.000000,-0.000406,-0.168773,-0.017000,0.001900,-0.076400,-0.020604,-0.031442,-0.102595,-0.018224,-0.044968,-0.085296,-0.015838,-0.042114,-0.067950,-0.033100,-0.003774,-0.068300,-0.040583,-0.028696,-0.088215,-0.038776,-0.041440,-0.077560,-0.035037,-0.039545,-0.064324
peace,3,right,1782948461.9285944,0.000000,0.000000,0.000000,-0.025477,-0.012045,-0.022235,-0.038262,-0.024265,-0.042939,-0.033586,-0.043506,-0.067899,-0.012641,-0.051893,-0.072958,-0.020170,0.003226,-0.081594,-0.024029,0.003226,-0.118309,-0.026282,0.001434,-0.139752,-0.028207,-0.001784,-0.158062,0.000000,0.003975,-0.081300,0.000000,0.003975,-0.125907,0.000000,0.001640,-0.149267,0.000000,-0.003077,-0.168344,0.017000,0.001900,-0.076400,0.018600,-0.038602,-0.089356,0.015924,-0.041963,-0.067690,0.014283,-0.030331,-0.054395,0.033100,-0.003774,-0.068300,0.038978,-0.031997,-0.083876,0.035999,-0.041735,-0.070629,0.032409,-0.035804,-0.058601
peace,3,left,1782948462.1079874,0.000000,0.000000,0.000000,0.025477,-0.012045,-0.022235,0.040294,-0.022590,-0.042502,0.041424,-0.040093,-0.069099,0.024175,-0.050872,-0.080096,0.020170,0.003226,-0.081594,0.024029,0.003226,-0.118309,0.026284,0.001666,-0.139770,0.028216,-0.001089,-0.158154,0.000000,0.003975,-0.081300,0.000000,0.003975,-0.125907,0.000000,0.002498,-0.149337,0.000000,-0.000406,-0.168773,-0.017000,0.001900,-0.076400,-0.020604,-0.031442,-0.102595,-0.018224,-0.044968,-0.085296,-0.015838,-0.042114,-0.067950,-0.033100,-0.003774,-0.068300,-0.040583,-0.028696,-0.088215,-0.038776,-0.041440,-0.077560,-0.035037,-0.039545,-0.064324
peace,3,right,1782948462.131823,0.000000,0.000000,0.000000,-0.025477,-0.012045,-0.022235,-0.038303,-0.024094,-0.043015,-0.034015,-0.043179,-0.068162,-0.013314,-0.051868,-0.073693,-0.020170,0.003226,-0.081594,-0.024029,0.003226,-0.118309,-0.026282,0.001434,-0.139752,-0.028207,-0.001784,-0.158062,0.000000,0.003975,-0.081300,0.000000,0.003975,-0.125907,0.000000,0.001640,-0.149267,0.000000,-0.003077,-0.168344,0.017000,0.001900,-0.076400,0.018600,-0.038602,-0.089356,0.015924,-0.041963,-0.067690,0.014283,-0.030331,-0.054395,0.033100,-0.003774,-0.068300,0.038978,-0.031997,-0.083876,0.035999,-0.041735,-0.070629,0.032409,-0.035804,-0.058601
peace,3,left,1782948462.309192,0.000000,0.000000,0.000000,0.025477,-0.012045,-0.022235,0.040294,-0.022590,-0.042502,0.041424,-0.040093,-0.069099,0.024175,-0.050872,-0.080096,0.020170,0.003226,-0.081594,0.024029,0.003226,-0.118309,0.026284,0.001666,-0.139770,0.028216,-0.001089,-0.158154,0.000000,0.003975,-0.081300,0.000000,0.003975,-0.125907,0.000000,0.002498,-0.149337,0.000000,-0.000406,-0.168773,-0.017000,0.001900,-0.076400,-0.020604,-0.031442,-0.102595,-0.018224,-0.044968,-0.085296,-0.015838,-0.042114,-0.067950,-0.033100,-0.003774,-0.068300,-0.040583,-0.028696,-0.088215,-0.038776,-0.041440,-0.077560,-0.035037,-0.039545,-0.064324
peace,3,right,1782948462.342154,0.000000,0.000000,0.000000,-0.025477,-0.012045,-0.022235,-0.038310,-0.024065,-0.043027,-0.034087,-0.043124,-0.068206,-0.013428,-0.051862,-0.073816,-0.020170,0.003226,-0.081594,-0.024029,0.003226,-0.118309,-0.026282,0.001434,-0.139752,-0.028207,-0.001784,-0.158062,0.000000,0.003975,-0.081300,0.000000,0.003975,-0.125907,0.000000,0.001640,-0.149267,0.000000,-0.003077,-0.168344,0.017000,0.001900,-0.076400,0.018600,-0.038602,-0.089356,0.015924,-0.041963,-0.067690,0.014283,-0.030331,-0.054395,0.033100,-0.003774,-0.068300,0.039091,-0.031803,-0.084180,0.036142,-0.041757,-0.071087,0.032511,-0.036069,-0.058954
peace,3,left,1782948462.5291378,0.000000,0.000000,0.000000,0.025477,-0.012045,-0.022235,0.040294,-0.022590,-0.042502,0.041424,-0.040093,-0.069099,0.024175,-0.050872,-0.080096,0.020170,0.003226,-0.081594,0.024029,0.003226,-0.118309,0.026284,0.001666,-0.139770,0.028216,-0.001089,-0.158154,0.000000,0.003975,-0.081300,0.000000,0.003975,-0.125907,0.000000,0.002498,-0.149337,0.000000,-0.000406,-0.168773,-0.017000,0.001900,-0.076400,-0.020604,-0.031442,-0.102595,-0.018224,-0.044968,-0.085296,-0.015838,-0.042114,-0.067950,-0.033100,-0.003774,-0.068300,-0.040583,-0.028696,-0.088215,-0.038776,-0.041440,-0.077560,-0.035037,-0.039545,-0.064324
peace,3,right,1782948462.552929,0.000000,0.000000,0.000000,-0.025477,-0.012045,-0.022235,-0.038316,-0.024036,-0.043040,-0.034160,-0.043068,-0.068250,-0.013543,-0.051856,-0.073939,-0.020170,0.003226,-0.081594,-0.024029,0.003226,-0.118309,-0.026282,0.001434,-0.139752,-0.028207,-0.001784,-0.158062,0.000000,0.003975,-0.081300,0.000000,0.003975,-0.125907,0.000000,0.001640,-0.149267,0.000000,-0.003077,-0.168344,0.017000,0.001900,-0.076400,0.018600,-0.038602,-0.089356,0.015924,-0.041963,-0.067690,0.014283,-0.030331,-0.054395,0.033100,-0.003774,-0.068300,0.039091,-0.031803,-0.084180,0.036142,-0.041757,-0.071087,0.032511,-0.036069,-0.058954
peace,3,left,1782948462.7293072,0.000000,0.000000,0.000000,0.025477,-0.012045,-0.022235,0.040294,-0.022590,-0.042502,0.041424,-0.040093,-0.069099,0.024175,-0.050872,-0.080096,0.020170,0.003226,-0.081594,0.024029,0.003226,-0.118309,0.026284,0.001666,-0.139770,0.028216,-0.001089,-0.158154,0.000000,0.003975,-0.081300,0.000000,0.003975,-0.125907,0.000000,0.002498,-0.149337,0.000000,-0.000406,-0.168773,-0.017000,0.001900,-0.076400,-0.020604,-0.031442,-0.102595,-0.018224,-0.044968,-0.085296,-0.015838,-0.042114,-0.067950,-0.033100,-0.003774,-0.068300,-0.040583,-0.028696,-0.088215,-0.038776,-0.041440,-0.077560,-0.035037,-0.039545,-0.064324
peace,3,right,1782948462.7633572,0.000000,0.000000,0.000000,-0.025477,-0.012045,-0.022235,-0.038316,-0.024036,-0.043040,-0.034160,-0.043068,-0.068250,-0.013543,-0.051856,-0.073939,-0.020170,0.003226,-0.081594,-0.024029,0.003226,-0.118309,-0.026282,0.001434,-0.139752,-0.028207,-0.001784,-0.158062,0.000000,0.003975,-0.081300,0.000000,0.003975,-0.125907,0.000000,0.001640,-0.149267,0.000000,-0.003077,-0.168344,0.017000,0.001900,-0.076400,0.018600,-0.038602,-0.089356,0.015924,-0.041963,-0.067690,0.014283,-0.030331,-0.054395,0.033100,-0.003774,-0.068300,0.039091,-0.031803,-0.084180,0.036142,-0.041757,-0.071087,0.032511,-0.036069,-0.058954
peace,3,left,1782948462.940347,0.000000,0.000000,0.000000,0.025477,-0.012045,-0.022235,0.040294,-0.022590,-0.042502,0.041424,-0.040093,-0.069099,0.024175,-0.050872,-0.080096,0.020170,0.003226,-0.081594,0.024029,0.003226,-0.118309,0.026284,0.001666,-0.139770,0.028216,-0.001089,-0.158154,0.000000,0.003975,-0.081300,0.000000,0.003975,-0.125907,0.000000,0.002498,-0.149337,0.000000,-0.000406,-0.168773,-0.017000,0.001900,-0.076400,-0.020604,-0.031442,-0.102595,-0.018224,-0.044968,-0.085296,-0.015838,-0.042114,-0.067950,-0.033100,-0.003774,-0.068300,-0.040583,-0.028696,-0.088215,-0.038776,-0.041440,-0.077560,-0.035037,-0.039545,-0.064324
peace,3,right,1782948462.975043,0.000000,0.000000,0.000000,-0.025477,-0.012045,-0.022235,-0.038316,-0.024036,-0.043040,-0.034160,-0.043068,-0.068250,-0.013543,-0.051856,-0.073939,-0.020170,0.003226,-0.081594,-0.024029,0.003226,-0.118309,-0.026282,0.001434,-0.139752,-0.028207,-0.001784,-0.158062,0.000000,0.003975,-0.081300,0.000000,0.003975,-0.125907,0.000000,0.001640,-0.149267,0.000000,-0.003077,-0.168344,0.017000,0.001900,-0.076400,0.018600,-0.038602,-0.089356,0.015924,-0.041963,-0.067690,0.014283,-0.030331,-0.054395,0.033100,-0.003774,-0.068300,0.039091,-0.031803,-0.084180,0.036142,-0.041757,-0.071087,0.032511,-0.036069,-0.058954
peace,3,left,1782948463.1498477,0.000000,0.000000,0.000000,0.025477,-0.012045,-0.022235,0.040294,-0.022590,-0.042502,0.041424,-0.040093,-0.069099,0.024175,-0.050872,-0.080096,0.020170,0.003226,-0.081594,0.024029,0.003226,-0.118309,0.026284,0.001666,-0.139770,0.028216,-0.001089,-0.158154,0.000000,0.003975,-0.081300,0.000000,0.003975,-0.125907,0.000000,0.002498,-0.149337,0.000000,-0.000406,-0.168773,-0.017000,0.001900,-0.076400,-0.020604,-0.031442,-0.102595,-0.018224,-0.044968,-0.085296,-0.015838,-0.042114,-0.067950,-0.033100,-0.003774,-0.068300,-0.040583,-0.028696,-0.088215,-0.038776,-0.041440,-0.077560,-0.035037,-0.039545,-0.064324
peace,3,right,1782948463.1818085,0.000000,0.000000,0.000000,-0.025477,-0.012045,-0.022235,-0.038344,-0.023920,-0.043089,-0.034450,-0.042843,-0.068423,-0.014008,-0.051825,-0.074431,-0.020170,0.003226,-0.081594,-0.024029,0.003226,-0.118309,-0.026282,0.001434,-0.139752,-0.028207,-0.001784,-0.158062,0.000000,0.003975,-0.081300,0.000000,0.003975,-0.125907,0.000000,0.001640,-0.149267,0.000000,-0.003077,-0.168344,0.017000,0.001900,-0.076400,0.018600,-0.038602,-0.089356,0.015924,-0.041963,-0.067690,0.014283,-0.030331,-0.054395,0.033100,-0.003774,-0.068300,0.039091,-0.031803,-0.084180,0.036142,-0.041757,-0.071087,0.032511,-0.036069,-0.058954
peace,3,left,1782948463.367286,0.000000,0.000000,0.000000,0.025477,-0.012045,-0.022235,0.040276,-0.022653,-0.042482,0.041267,-0.040228,-0.069036,0.023879,-0.050941,-0.079877,0.020170,0.003226,-0.081594,0.024029,0.003226,-0.118309,0.026284,0.001666,-0.139770,0.028216,-0.001089,-0.158154,0.000000,0.003975,-0.081300,0.000000,0.003975,-0.125907,0.000000,0.002498,-0.149337,0.000000,-0.000406,-0.168773,-0.017000,0.001900,-0.076400,-0.020604,-0.031442,-0.102595,-0.018224,-0.044968,-0.085296,-0.015838,-0.042114,-0.067950,-0.033100,-0.003774,-0.068300,-0.040583,-0.028696,-0.088215,-0.038776,-0.041440,-0.077560,-0.035037,-0.039545,-0.064324
peace,3,right,1782948463.3998218,0.000000,0.000000,0.000000,-0.025477,-0.012045,-0.022235,-0.038344,-0.023920,-0.043089,-0.034450,-0.042843,-0.068423,-0.014008,-0.051825,-0.074431,-0.020170,0.003226,-0.081594,-0.024029,0.003226,-0.118309,-0.026282,0.001434,-0.139752,-0.028207,-0.001784,-0.158062,0.000000,0.003975,-0.081300,0.000000,0.003975,-0.125907,0.000000,0.001640,-0.149267,0.000000,-0.003077,-0.168344,0.017000,0.001900,-0.076400,0.018600,-0.038602,-0.089356,0.015924,-0.041963,-0.067690,0.014283,-0.030331,-0.054395,0.033100,-0.003774,-0.068300,0.039091,-0.031803,-0.084180,0.036142,-0.041757,-0.071087,0.032511,-0.036069,-0.058954
peace,3,left,1782948463.5720239,0.000000,0.000000,0.000000,0.025477,-0.012045,-0.022235,0.040276,-0.022653,-0.042482,0.041267,-0.040228,-0.069036,0.023879,-0.050941,-0.079877,0.020170,0.003226,-0.081594,0.024029,0.003226,-0.118309,0.026284,0.001666,-0.139770,0.028216,-0.001089,-0.158154,0.000000,0.003975,-0.081300,0.000000,0.003975,-0.125907,0.000000,0.002498,-0.149337,0.000000,-0.000406,-0.168773,-0.017000,0.001900,-0.076400,-0.020604,-0.031442,-0.102595,-0.018224,-0.044968,-0.085296,-0.015838,-0.042114,-0.067950,-0.033100,-0.003774,-0.068300,-0.040583,-0.028696,-0.088215,-0.038776,-0.041440,-0.077560,-0.035037,-0.039545,-0.064324
peace,3,right,1782948463.6044517,0.000000,0.000000,0.000000,-0.025477,-0.012045,-0.022235,-0.038344,-0.023920,-0.043089,-0.034450,-0.042843,-0.068423,-0.014008,-0.051825,-0.074431,-0.020170,0.003226,-0.081594,-0.024029,0.003226,-0.118309,-0.026282,0.001434,-0.139752,-0.028207,-0.001784,-0.158062,0.000000,0.003975,-0.081300,0.000000,0.003975,-0.125907,0.000000,0.001640,-0.149267,0.000000,-0.003077,-0.168344,0.017000,0.001900,-0.076400,0.018600,-0.038602,-0.089356,0.015924,-0.041963,-0.067690,0.014283,-0.030331,-0.054395,0.033100,-0.003774,-0.068300,0.039315,-0.031403,-0.084783,0.036431,-0.041783,-0.072010,0.032723,-0.036596,-0.059678
peace,3,left,1782948463.7792244,0.000000,0.000000,0.000000,0.025477,-0.012045,-0.022235,0.040276,-0.022653,-0.042482,0.041267,-0.040228,-0.069036,0.023879,-0.050941,-0.079877,0.020170,0.003226,-0.081594,0.024029,0.003226,-0.118309,0.026284,0.001666,-0.139770,0.028216,-0.001089,-0.158154,0.000000,0.003975,-0.081300,0.000000,0.003975,-0.125907,0.000000,0.002498,-0.149337,0.000000,-0.000406,-0.168773,-0.017000,0.001900,-0.076400,-0.020604,-0.031442,-0.102595,-0.018224,-0.044968,-0.085296,-0.015838,-0.042114,-0.067950,-0.033100,-0.003774,-0.068300,-0.040483,-0.028940,-0.087944,-0.038621,-0.041498,-0.077079,-0.034896,-0.039309,-0.063885
peace,3,right,1782948463.823491,0.000000,0.000000,0.000000,-0.025477,-0.012045,-0.022235,-0.038344,-0.023920,-0.043089,-0.034450,-0.042843,-0.068423,-0.014008,-0.051825,-0.074431,-0.020170,0.003226,-0.081594,-0.024029,0.003226,-0.118309,-0.026282,0.001434,-0.139752,-0.028207,-0.001784,-0.158062,0.000000,0.003975,-0.081300,0.000000,0.003975,-0.125907,0.000000,0.001640,-0.149267,0.000000,-0.003077,-0.168344,0.017000,0.001900,-0.076400,0.018600,-0.038602,-0.089356,0.015924,-0.041963,-0.067690,0.014283,-0.030331,-0.054395,0.033100,-0.003774,-0.068300,0.039315,-0.031403,-0.084783,0.036431,-0.041783,-0.072010,0.032723,-0.036596,-0.059678
peace,3,left,1782948463.9970372,0.000000,0.000000,0.000000,0.025477,-0.012045,-0.022235,0.040276,-0.022653,-0.042482,0.041267,-0.040228,-0.069036,0.023879,-0.050941,-0.079877,0.020170,0.003226,-0.081594,0.024029,0.003226,-0.118309,0.026284,0.001666,-0.139770,0.028216,-0.001089,-0.158154,0.000000,0.003975,-0.081300,0.000000,0.003975,-0.125907,0.000000,0.002498,-0.149337,0.000000,-0.000406,-0.168773,-0.017000,0.001900,-0.076400,-0.020604,-0.031442,-0.102595,-0.018224,-0.044968,-0.085296,-0.015838,-0.042114,-0.067950,-0.033100,-0.003774,-0.068300,-0.040483,-0.028940,-0.087944,-0.038621,-0.041498,-0.077079,-0.034896,-0.039309,-0.063885
peace,3,right,1782948464.028515,0.000000,0.000000,0.000000,-0.025477,-0.012045,-0.022235,-0.038344,-0.023920,-0.043089,-0.034450,-0.042843,-0.068423,-0.014008,-0.051825,-0.074431,-0.020170,0.003226,-0.081594,-0.024029,0.003226,-0.118309,-0.026282,0.001434,-0.139752,-0.028207,-0.001784,-0.158062,0.000000,0.003975,-0.081300,0.000000,0.003975,-0.125907,0.000000,0.001640,-0.149267,0.000000,-0.003077,-0.168344,0.017000,0.001900,-0.076400,0.018600,-0.038602,-0.089356,0.015924,-0.041963,-0.067690,0.014283,-0.030331,-0.054395,0.033100,-0.003774,-0.068300,0.039315,-0.031403,-0.084783,0.036431,-0.041783,-0.072010,0.032723,-0.036596,-0.059678
peace,3,left,1782948464.2170174,0.000000,0.000000,0.000000,0.025477,-0.012045,-0.022235,0.040276,-0.022653,-0.042482,0.041267,-0.040228,-0.069036,0.023879,-0.050941,-0.079877,0.020170,0.003226,-0.081594,0.024029,0.003226,-0.118309,0.026284,0.001666,-0.139770,0.028216,-0.001089,-0.158154,0.000000,0.003975,-0.081300,0.000000,0.003975,-0.125907,0.000000,0.002498,-0.149337,0.000000,-0.000406,-0.168773,-0.017000,0.001900,-0.076400,-0.020604,-0.031442,-0.102595,-0.018224,-0.044968,-0.085296,-0.015838,-0.042114,-0.067950,-0.033100,-0.003774,-0.068300,-0.040533,-0.028818,-0.088080,-0.038698,-0.041470,-0.077319,-0.034966,-0.039428,-0.064104
peace,3,right,1782948464.249952,0.000000,0.000000,0.000000,-0.025477,-0.012045,-0.022235,-0.038387,-0.023745,-0.043161,-0.034889,-0.042497,-0.068679,-0.014723,-0.051762,-0.075171,-0.020170,0.003226,-0.081594,-0.024029,0.003226,-0.118309,-0.026282,0.001434,-0.139752,-0.028207,-0.001784,-0.158062,0.000000,0.003975,-0.081300,0.000000,0.003975,-0.125907,0.000000,0.001640,-0.149267,0.000000,-0.003077,-0.168344,0.017000,0.001900,-0.076400,0.018600,-0.038602,-0.089356,0.015924,-0.041963,-0.067690,0.014283,-0.030331,-0.054395,0.033100,-0.003774,-0.068300,0.039315,-0.031403,-0.084783,0.036431,-0.041783,-0.072010,0.032723,-0.036596,-0.059678
peace,3,left,1782948464.4332547,0.000000,0.000000,0.000000,0.025477,-0.012045,-0.022235,0.040276,-0.022653,-0.042482,0.041267,-0.040228,-0.069036,0.023879,-0.050941,-0.079877,0.020170,0.003226,-0.081594,0.024029,0.003226,-0.118309,0.026284,0.001666,-0.139770,0.028216,-0.001089,-0.158154,0.000000,0.003975,-0.081300,0.000000,0.003975,-0.125907,0.000000,0.002498,-0.149337,0.000000,-0.000406,-0.168773,-0.017000,0.001900,-0.076400,-0.020604,-0.031442,-0.102595,-0.018224,-0.044968,-0.085296,-0.015838,-0.042114,-0.067950,-0.033100,-0.003774,-0.068300,-0.040583,-0.028696,-0.088215,-0.038776,-0.041440,-0.077560,-0.035037,-0.039545,-0.064324
peace,3,right,1782948464.4650683,0.000000,0.000000,0.000000,-0.025477,-0.012045,-0.022235,-0.038387,-0.023745,-0.043161,-0.034889,-0.042497,-0.068679,-0.014723,-0.051762,-0.075171,-0.020170,0.003226,-0.081594,-0.024029,0.003226,-0.118309,-0.026282,0.001434,-0.139752,-0.028207,-0.001784,-0.158062,0.000000,0.003975,-0.081300,0.000000,0.003975,-0.125907,0.000000,0.001640,-0.149267,0.000000,-0.003077,-0.168344,0.017000,0.001900,-0.076400,0.018600,-0.038602,-0.089356,0.015924,-0.041963,-0.067690,0.014283,-0.030331,-0.054395,0.033100,-0.003774,-0.068300,0.039315,-0.031403,-0.084783,0.036431,-0.041783,-0.072010,0.032723,-0.036596,-0.059678
peace,3,left,1782948464.6482491,0.000000,0.000000,0.000000,0.025477,-0.012045,-0.022235,0.040276,-0.022653,-0.042482,0.041267,-0.040228,-0.069036,0.023879,-0.050941,-0.079877,0.020170,0.003226,-0.081594,0.024029,0.003226,-0.118309,0.026284,0.001666,-0.139770,0.028216,-0.001089,-0.158154,0.000000,0.003975,-0.081300,0.000000,0.003975,-0.125907,0.000000,0.002498,-0.149337,0.000000,-0.000406,-0.168773,-0.017000,0.001900,-0.076400,-0.020604,-0.031442,-0.102595,-0.018224,-0.044968,-0.085296,-0.015838,-0.042114,-0.067950,-0.033100,-0.003774,-0.068300,-0.040583,-0.028696,-0.088215,-0.038776,-0.041440,-0.077560,-0.035037,-0.039545,-0.064324
peace,3,right,1782948464.6721075,0.000000,0.000000,0.000000,-0.025477,-0.012045,-0.022235,-0.038387,-0.023745,-0.043161,-0.034889,-0.042497,-0.068679,-0.014723,-0.051762,-0.075171,-0.020170,0.003226,-0.081594,-0.024029,0.003226,-0.118309,-0.026282,0.001434,-0.139752,-0.028207,-0.001784,-0.158062,0.000000,0.003975,-0.081300,0.000000,0.003975,-0.125907,0.000000,0.001640,-0.149267,0.000000,-0.003077,-0.168344,0.017000,0.001900,-0.076400,0.018600,-0.038602,-0.089356,0.015924,-0.041963,-0.067690,0.014283,-0.030331,-0.054395,0.033100,-0.003774,-0.068300,0.039315,-0.031403,-0.084783,0.036431,-0.041783,-0.072010,0.032723,-0.036596,-0.059678
three,1,left,1782948470.8214593,0.000000,0.000000,0.000000,0.025477,-0.012045,-0.022235,0.040962,-0.019072,-0.043503,0.049155,-0.031653,-0.071603,0.041146,-0.043400,-0.089838,0.020170,0.003226,-0.081594,0.024029,0.003226,-0.118309,0.026284,0.001666,-0.139770,0.028216,-0.001089,-0.158154,0.000000,0.003975,-0.081300,0.000000,0.003975,-0.125907,0.000000,0.002498,-0.149337,0.000000,-0.000406,-0.168773,-0.017000,0.001900,-0.076400,-0.021475,-0.027661,-0.106681,-0.019402,-0.044600,-0.092657,-0.016817,-0.046019,-0.075163,-0.033100,-0.003774,-0.068300,-0.042150,-0.023933,-0.092496,-0.041533,-0.039390,-0.086179,-0.037912,-0.042988,-0.073269
three,1,right,1782948470.8218417,0.000000,0.000000,0.000000,-0.025477,-0.012045,-0.022235,-0.039225,-0.020615,-0.044121,-0.042549,-0.035531,-0.072077,-0.029166,-0.047512,-0.086637,-0.020170,0.003226,-0.081594,-0.024029,0.003226,-0.118309,-0.026282,0.001434,-0.139752,-0.028207,-0.001784,-0.158062,0.000000,0.003975,-0.081300,0.000000,0.003975,-0.125907,0.000000,0.001640,-0.149267,0.000000,-0.003077,-0.168344,0.017000,0.001900,-0.076400,0.019189,-0.037282,-0.092856,0.016380,-0.043105,-0.071736,0.014440,-0.033188,-0.057154,0.033100,-0.003774,-0.068300,0.041567,-0.025940,-0.090898,0.039893,-0.040495,-0.082862,0.035801,-0.041860,-0.069666
three,1,right,1782948471.0302048,0.000000,0.000000,0.000000,-0.025477,-0.012045,-0.022235,-0.038884,-0.021851,-0.043812,-0.039572,-0.038446,-0.070999,-0.023134,-0.049880,-0.082563,-0.020170,0.003226,-0.081594,-0.024029,0.003226,-0.118309,-0.026282,0.001434,-0.139752,-0.028207,-0.001784,-0.158062,0.000000,0.003975,-0.081300,0.000000,0.003975,-0.125907,0.000000,0.001640,-0.149267,0.000000,-0.003077,-0.168344,0.017000,0.001900,-0.076400,0.018550,-0.038704,-0.089040,0.015889,-0.041855,-0.067340,0.014273,-0.030087,-0.054163,0.033100,-0.003774,-0.068300,0.039896,-0.030262,-0.086353,0.037221,-0.041750,-0.074518,0.033333,-0.037976,-0.061735
three,1,left,1782948471.0407875,0.000000,0.000000,0.000000,0.025477,-0.012045,-0.022235,0.040946,-0.019204,-0.043470,0.048902,-0.031995,-0.071544,0.040515,-0.043799,-0.089571,0.020170,0.003226,-0.081594,0.024029,0.003226,-0.118309,0.026284,0.001666,-0.139770,0.028216,-0.001089,-0.158154,0.000000,0.003975,-0.081300,0.000000,0.003975,-0.125907,0.000000,0.002498,-0.149337,0.000000,-0.000406,-0.168773,-0.017000,0.001900,-0.076400,-0.021475,-0.027661,-0.106681,-0.019402,-0.044600,-0.092657,-0.016817,-0.046019,-0.075163,-0.033100,-0.003774,-0.068300,-0.042150,-0.023933,-0.092496,-0.041533,-0.039390,-0.086179,-0.037912,-0.042988,-0.073269
three,1,left,1782948471.2416918,0.000000,0.000000,0.000000,0.025477,-0.012045,-0.022235,0.040946,-0.019204,-0.043470,0.048902,-0.031995,-0.071544,0.040515,-0.043799,-0.089571,0.020170,0.003226,-0.081594,0.024029,0.003226,-0.118309,0.026284,0.001666,-0.139770,0.028216,-0.001089,-0.158154,0.000000,0.003975,-0.081300,0.000000,0.003975,-0.125907,0.000000,0.002498,-0.149337,0.000000,-0.000406,-0.168773,-0.017000,0.001900,-0.076400,-0.021402,-0.027994,-0.106363,-0.019297,-0.044670,-0.092033,-0.016723,-0.045723,-0.074512,-0.033100,-0.003774,-0.068300,-0.042295,-0.023378,-0.092893,-0.041828,-0.039048,-0.087110,-0.038265,-0.043252,-0.074368
three,1,right,1782948471.2419024,0.000000,0.000000,0.000000,-0.025477,-0.012045,-0.022235,-0.038806,-0.022139,-0.043728,-0.038869,-0.039096,-0.070699,-0.021785,-0.050304,-0.081522,-0.020170,0.003226,-0.081594,-0.024029,0.003226,-0.118309,-0.026282,0.001434,-0.139752,-0.028207,-0.001784,-0.158062,0.000000,0.003975,-0.081300,0.000000,0.003975,-0.125907,0.000000,0.001640,-0.149267,0.000000,-0.003077,-0.168344,0.017000,0.001900,-0.076400,0.018540,-0.038724,-0.088976,0.015882,-0.041833,-0.067271,0.014271,-0.030038,-0.054116,0.033100,-0.003774,-0.068300,0.039389,-0.031266,-0.084983,0.036529,-0.041788,-0.072321,0.032795,-0.036772,-0.059926
three,1,left,1782948471.4486616,0.000000,0.000000,0.000000,0.025477,-0.012045,-0.022235,0.040938,-0.019270,-0.043453,0.048774,-0.032165,-0.071513,0.040198,-0.043996,-0.089434,0.020170,0.003226,-0.081594,0.024029,0.003226,-0.118309,0.026284,0.001666,-0.139770,0.028216,-0.001089,-0.158154,0.000000,0.003975,-0.081300,0.000000,0.003975,-0.125907,0.000000,0.002498,-0.149337,0.000000,-0.000406,-0.168773,-0.017000,0.001900,-0.076400,-0.021366,-0.028160,-0.106202,-0.019245,-0.044704,-0.091722,-0.016677,-0.045574,-0.074190,-0.033100,-0.003774,-0.068300,-0.042295,-0.023378,-0.092893,-0.041828,-0.039048,-0.087110,-0.038265,-0.043252,-0.074368
three,1,right,1782948471.4614797,0.000000,0.000000,0.000000,-0.025477,-0.012045,-0.022235,-0.038803,-0.022149,-0.043724,-0.038843,-0.039119,-0.070688,-0.021735,-0.050319,-0.081483,-0.020170,0.003226,-0.081594,-0.024029,0.003226,-0.118309,-0.026282,0.001434,-0.139752,-0.028207,-0.001784,-0.158062,0.000000,0.003975,-0.081300,0.000000,0.003975,-0.125907,0.000000,0.001640,-0.149267,0.000000,-0.003077,-0.168344,0.017000,0.001900,-0.076400,0.018540,-0.038724,-0.088976,0.015882,-0.041833,-0.067271,0.014271,-0.030038,-0.054116,0.033100,-0.003774,-0.068300,0.039315,-0.031403,-0.084783,0.036431,-0.041783,-0.072010,0.032723,-0.036596,-0.059678
three,1,left,1782948471.668923,0.000000,0.000000,0.000000,0.025477,-0.012045,-0.022235,0.040922,-0.019403,-0.043420,0.048516,-0.032504,-0.071450,0.039563,-0.044383,-0.089153,0.020170,0.003226,-0.081594,0.024029,0.003226,-0.118309,0.026284,0.001666,-0.139770,0.028216,-0.001089,-0.158154,0.000000,0.003975,-0.081300,0.000000,0.003975,-0.125907,0.000000,0.002498,-0.149337,0.000000,-0.000406,-0.168773,-0.017000,0.001900,-0.076400,-0.021185,-0.028975,-0.105384,-0.018988,-0.044837,-0.090170,-0.016453,-0.044797,-0.072612,-0.033100,-0.003774,-0.068300,-0.042295,-0.023378,-0.092893,-0.041828,-0.039048,-0.087110,-0.038265,-0.043252,-0.074368
three,1,right,1782948471.6692038,0.000000,0.000000,0.000000,-0.025477,-0.012045,-0.022235,-0.038769,-0.022276,-0.043685,-0.038533,-0.039402,-0.070549,-0.021148,-0.050490,-0.081014,-0.020170,0.003226,-0.081594,-0.024029,0.003226,-0.118309,-0.026282,0.001434,-0.139752,-0.028207,-0.001784,-0.158062,0.000000,0.003975,-0.081300,0.000000,0.003975,-0.125907,0.000000,0.001640,-0.149267,0.000000,-0.003077,-0.168344,0.017000,0.001900,-0.076400,0.018540,-0.038724,-0.088976,0.015882,-0.041833,-0.067271,0.014271,-0.030038,-0.054116,0.033100,-0.003774,-0.068300,0.039315,-0.031403,-0.084783,0.036431,-0.041783,-0.072010,0.032723,-0.036596,-0.059678
three,1,left,1782948471.8728929,0.000000,0.000000,0.000000,0.025477,-0.012045,-0.022235,0.040913,-0.019469,-0.043403,0.048387,-0.032673,-0.071418,0.039246,-0.044573,-0.089010,0.020170,0.003226,-0.081594,0.024029,0.003226,-0.118309,0.026284,0.001666,-0.139770,0.028216,-0.001089,-0.158154,0.000000,0.003975,-0.081300,0.000000,0.003975,-0.125907,0.000000,0.002498,-0.149337,0.000000,-0.000406,-0.168773,-0.017000,0.001900,-0.076400,-0.021185,-0.028975,-0.105384,-0.018988,-0.044837,-0.090170,-0.016453,-0.044797,-0.072612,-0.033100,-0.003774,-0.068300,-0.042295,-0.023378,-0.092893,-0.041828,-0.039048,-0.087110,-0.038265,-0.043252,-0.074368
three,1,right,1782948471.8746057,0.000000,0.000000,0.000000,-0.025477,-0.012045,-0.022235,-0.038752,-0.022339,-0.043666,-0.038377,-0.039542,-0.070479,-0.020857,-0.050572,-0.080777,-0.020170,0.003226,-0.081594,-0.024029,0.003226,-0.118309,-0.026282,0.001434,-0.139752,-0.028207,-0.001784,-0.158062,0.000000,0.003975,-0.081300,0.000000,0.003975,-0.125907,0.000000,0.001640,-0.149267,0.000000,-0.003077,-0.168344,0.017000,0.001900,-0.076400,0.018511,-0.038782,-0.088790,0.015862,-0.041770,-0.067066,0.014266,-0.029899,-0.053979,0.033100,-0.003774,-0.068300,0.039315,-0.031403,-0.084783,0.036431,-0.041783,-0.072010,0.032723,-0.036596,-0.059678
three,1,left,1782948472.084543,0.000000,0.000000,0.000000,0.025477,-0.012045,-0.022235,0.040913,-0.019469,-0.043403,0.048387,-0.032673,-0.071418,0.039246,-0.044573,-0.089010,0.020170,0.003226,-0.081594,0.024029,0.003226,-0.118309,0.026284,0.001666,-0.139770,0.028216,-0.001089,-0.158154,0.000000,0.003975,-0.081300,0.000000,0.003975,-0.125907,0.000000,0.002498,-0.149337,0.000000,-0.000406,-0.168773,-0.017000,0.001900,-0.076400,-0.021185,-0.028975,-0.105384,-0.018988,-0.044837,-0.090170,-0.016453,-0.044797,-0.072612,-0.033100,-0.003774,-0.068300,-0.042295,-0.023378,-0.092893,-0.041828,-0.039048,-0.087110,-0.038265,-0.043252,-0.074368
three,1,right,1782948472.0848014,0.000000,0.000000,0.000000,-0.025477,-0.012045,-0.022235,-0.038752,-0.022339,-0.043666,-0.038377,-0.039542,-0.070479,-0.020857,-0.050572,-0.080777,-0.020170,0.003226,-0.081594,-0.024029,0.003226,-0.118309,-0.026282,0.001434,-0.139752,-0.028207,-0.001784,-0.158062,0.000000,0.003975,-0.081300,0.000000,0.003975,-0.125907,0.000000,0.001640,-0.149267,0.000000,-0.003077,-0.168344,0.017000,0.001900,-0.076400,0.018368,-0.039061,-0.087855,0.015764,-0.041442,-0.066050,0.014243,-0.029193,-0.053307,0.033100,-0.003774,-0.068300,0.039315,-0.031403,-0.084783,0.036431,-0.041783,-0.072010,0.032723,-0.036596,-0.059678
three,1,left,1782948472.2858617,0.000000,0.000000,0.000000,0.025477,-0.012045,-0.022235,0.040896,-0.019601,-0.043369,0.048125,-0.033010,-0.071350,0.038609,-0.044947,-0.088717,0.020170,0.003226,-0.081594,0.024029,0.003226,-0.118309,0.026284,0.001666,-0.139770,0.028216,-0.001089,-0.158154,0.000000,0.003975,-0.081300,0.000000,0.003975,-0.125907,0.000000,0.002498,-0.149337,0.000000,-0.000406,-0.168773,-0.017000,0.001900,-0.076400,-0.021039,-0.029613,-0.104710,-0.018789,-0.044911,-0.088937,-0.016285,-0.044153,-0.071390,-0.033100,-0.003774,-0.068300,-0.042150,-0.023933,-0.092496,-0.041533,-0.039390,-0.086179,-0.037912,-0.042988,-0.073269
three,1,right,1782948472.2861414,0.000000,0.000000,0.000000,-0.025477,-0.012045,-0.022235,-0.038752,-0.022339,-0.043666,-0.038377,-0.039542,-0.070479,-0.020857,-0.050572,-0.080777,-0.020170,0.003226,-0.081594,-0.024029,0.003226,-0.118309,-0.026282,0.001434,-0.139752,-0.028207,-0.001784,-0.158062,0.000000,0.003975,-0.081300,0.000000,0.003975,-0.125907,0.000000,0.001640,-0.149267,0.000000,-0.003077,-0.168344,0.017000,0.001900,-0.076400,0.018368,-0.039061,-0.087855,0.015764,-0.041442,-0.066050,0.014243,-0.029193,-0.053307,0.033100,-0.003774,-0.068300,0.039315,-0.031403,-0.084783,0.036431,-0.041783,-0.072010,0.032723,-0.036596,-0.059678
three,1,left,1782948472.4945512,0.000000,0.000000,0.000000,0.025477,-0.012045,-0.022235,0.040896,-0.019601,-0.043369,0.048125,-0.033010,-0.071350,0.038609,-0.044947,-0.088717,0.020170,0.003226,-0.081594,0.024029,0.003226,-0.118309,0.026284,0.001666,-0.139770,0.028216,-0.001089,-0.158154,0.000000,0.003975,-0.081300,0.000000,0.003975,-0.125907,0.000000,0.002498,-0.149337,0.000000,-0.000406,-0.168773,-0.017000,0.001900,-0.076400,-0.021039,-0.029613,-0.104710,-0.018789,-0.044911,-0.088937,-0.016285,-0.044153,-0.071390,-0.033100,-0.003774,-0.068300,-0.042150,-0.023933,-0.092496,-0.041533,-0.039390,-0.086179,-0.037912,-0.042988,-0.073269
three,1,right,1782948472.4948864,0.000000,0.000000,0.000000,-0.025477,-0.012045,-0.022235,-0.038996,-0.021463,-0.043915,-0.040522,-0.037552,-0.071371,-0.025001,-0.049231,-0.083915,-0.020170,0.003226,-0.081594,-0.024029,0.003226,-0.118309,-0.026282,0.001434,-0.139752,-0.028207,-0.001784,-0.158062,0.000000,0.003975,-0.081300,0.000000,0.003975,-0.125907,0.000000,0.001640,-0.149267,0.000000,-0.003077,-0.168344,0.017000,0.001900,-0.076400,0.018720,-0.038357,-0.090085,0.016014,-0.042233,-0.068509,0.014310,-0.030944,-0.054930,0.033100,-0.003774,-0.068300,0.039960,-0.030113,-0.086545,0.037320,-0.041747,-0.074844,0.033416,-0.038176,-0.062009
three,1,left,1782948472.7044485,0.000000,0.000000,0.000000,0.025477,-0.012045,-0.022235,0.040896,-0.019601,-0.043369,0.048125,-0.033010,-0.071350,0.038609,-0.044947,-0.088717,0.020170,0.003226,-0.081594,0.024029,0.003226,-0.118309,0.026284,0.001666,-0.139770,0.028216,-0.001089,-0.158154,0.000000,0.003975,-0.081300,0.000000,0.003975,-0.125907,0.000000,0.002498,-0.149337,0.000000,-0.000406,-0.168773,-0.017000,0.001900,-0.076400,-0.021039,-0.029613,-0.104710,-0.018789,-0.044911,-0.088937,-0.016285,-0.044153,-0.071390,-0.033100,-0.003774,-0.068300,-0.042150,-0.023933,-0.092496,-0.041533,-0.039390,-0.086179,-0.037912,-0.042988,-0.073269
three,1,right,1782948472.7161896,0.000000,0.000000,0.000000,-0.025477,-0.012045,-0.022235,-0.040805,-0.014311,-0.044627,-0.055855,-0.018589,-0.072380,-0.063188,-0.023470,-0.093759,-0.020170,0.003226,-0.081594,-0.024029,0.003226,-0.118309,-0.026282,0.001434,-0.139752,-0.028207,-0.001784,-0.158062,0.000000,0.003975,-0.081300,0.000000,0.003975,-0.125907,0.000000,0.001640,-0.149267,0.000000,-0.003077,-0.168344,0.017000,0.001900,-0.076400,0.020694,-0.033033,-0.100419,0.017854,-0.044812,-0.081951,0.015255,-0.040095,-0.065047,0.033100,-0.003774,-0.068300,0.043118,-0.019637,-0.095165,0.043358,-0.036236,-0.093262,0.040103,-0.044317,-0.082453
three,1,left,1782948472.90872,0.000000,0.000000,0.000000,0.025477,-0.012045,-0.022235,0.040944,-0.019207,-0.043471,0.048888,-0.032003,-0.071545,0.040502,-0.043808,-0.089572,0.020170,0.003226,-0.081594,0.024029,0.003226,-0.118309,0.026284,0.001666,-0.139770,0.028216,-0.001089,-0.158154,0.000000,0.003975,-0.081300,0.000000,0.003975,-0.125907,0.000000,0.002498,-0.149337,0.000000,-0.000406,-0.168773,-0.017000,0.001900,-0.076400,-0.021088,-0.029402,-0.104936,-0.018855,-0.044890,-0.089347,-0.016340,-0.044371,-0.071793,-0.033100,-0.003774,-0.068300,-0.042150,-0.023933,-0.092496,-0.041533,-0.039390,-0.086179,-0.037912,-0.042988,-0.073269
three,1,right,1782948472.922248,0.000000,0.000000,0.000000,-0.025477,-0.012045,-0.022235,-0.041079,-0.012710,-0.044542,-0.058512,-0.013984,-0.071179,-0.070698,-0.015182,-0.090793,-0.020170,0.003226,-0.081594,-0.024029,0.003226,-0.118309,-0.026282,0.001434,-0.139752,-0.028207,-0.001784,-0.158062,0.000000,0.003975,-0.081300,0.000000,0.003975,-0.125907,0.000000,0.001640,-0.149267,0.000000,-0.003077,-0.168344,0.017000,0.001900,-0.076400,0.021084,-0.031733,-0.102149,0.018313,-0.044957,-0.084676,0.015579,-0.041768,-0.067439,0.033100,-0.003774,-0.068300,0.043488,-0.017491,-0.096186,0.044502,-0.034166,-0.096538,0.041852,-0.044212,-0.087329
three,1,left,1782948473.1103325,0.000000,0.000000,0.000000,0.025477,-0.012045,-0.022235,0.041160,-0.015954,-0.044149,0.054385,-0.023236,-0.072205,0.056584,-0.031453,-0.093706,0.020170,0.003226,-0.081594,0.024029,0.003226,-0.118309,0.026284,0.001666,-0.139770,0.028216,-0.001089,-0.158154,0.000000,0.003975,-0.081300,0.000000,0.003975,-0.125907,0.000000,0.002498,-0.149337,0.000000,-0.000406,-0.168773,-0.017000,0.001900,-0.076400,-0.022114,-0.024572,-0.109322,-0.020400,-0.043630,-0.098288,-0.017776,-0.048360,-0.081392,-0.033100,-0.003774,-0.068300,-0.042691,-0.021718,-0.093986,-0.042691,-0.037904,-0.089835,-0.039351,-0.043875,-0.077755
three,1,right,1782948473.122478,0.000000,0.000000,0.000000,-0.025477,-0.012045,-0.022235,-0.040644,-0.015085,-0.044645,-0.054443,-0.020790,-0.072788,-0.059090,-0.027338,-0.094472,-0.020170,0.003226,-0.081594,-0.024029,0.003226,-0.118309,-0.026282,0.001434,-0.139752,-0.028207,-0.001784,-0.158062,0.000000,0.003975,-0.081300,0.000000,0.003975,-0.125907,0.000000,0.001640,-0.149267,0.000000,-0.003077,-0.168344,0.017000,0.001900,-0.076400,0.020055,-0.034985,-0.097401,0.017172,-0.044302,-0.077583,0.014830,-0.037240,-0.061477,0.033100,-0.003774,-0.068300,0.043014,-0.020177,-0.094878,0.043072,-0.036705,-0.092426,0.039693,-0.044264,-0.081282
three,1,left,1782948473.3156009,0.000000,0.000000,0.000000,0.025477,-0.012045,-0.022235,0.041167,-0.015154,-0.044272,0.055522,-0.020987,-0.072110,0.060526,-0.027642,-0.093681,0.020170,0.003226,-0.081594,0.024029,0.003226,-0.118309,0.026284,0.001666,-0.139770,0.028216,-0.001089,-0.158154,0.000000,0.003975,-0.081300,0.000000,0.003975,-0.125907,0.000000,0.002732,-0.149350,0.000000,0.000324,-0.168854,-0.017000,0.001900,-0.076400,-0.022184,-0.024219,-0.109593,-0.020516,-0.043482,-0.098913,-0.017894,-0.048575,-0.082123,-0.033100,-0.003774,-0.068300,-0.042998,-0.020257,-0.094834,-0.043425,-0.036746,-0.092160,-0.040345,-0.044196,-0.080858
three,1,right,1782948473.340677,0.000000,0.000000,0.000000,-0.025477,-0.012045,-0.022235,-0.039366,-0.020109,-0.044225,-0.043742,-0.034286,-0.072418,-0.031717,-0.046299,-0.088094,-0.020170,0.003226,-0.081594,-0.024029,0.003226,-0.118309,-0.026282,0.001434,-0.139752,-0.028207,-0.001784,-0.158062,0.000000,0.003975,-0.081300,0.000000,0.003975,-0.125907,0.000000,0.001640,-0.149267,0.000000,-0.003077,-0.168344,0.017000,0.001900,-0.076400,0.019552,-0.036369,-0.094835,0.016694,-0.043675,-0.074187,0.014579,-0.034907,-0.058909,0.033100,-0.003774,-0.068300,0.042434,-0.022823,-0.093275,0.041642,-0.038719,-0.088184,0.037798,-0.043545,-0.075748
three,1,left,1782948473.5209777,0.000000,0.000000,0.000000,0.025477,-0.012045,-0.022235,0.041166,-0.014858,-0.044313,0.055925,-0.020148,-0.072047,0.061943,-0.026172,-0.093545,0.020170,0.003226,-0.081594,0.024029,0.003226,-0.118309,0.026284,0.001666,-0.139770,0.028216,-0.001089,-0.158154,0.000000,0.003975,-0.081300,0.000000,0.003975,-0.125907,0.000000,0.002732,-0.149350,0.000000,0.000324,-0.168854,-0.017000,0.001900,-0.076400,-0.022275,-0.023750,-0.109942,-0.020671,-0.043276,-0.099742,-0.018055,-0.048854,-0.083106,-0.033100,-0.003774,-0.068300,-0.043085,-0.019811,-0.095073,-0.043646,-0.036364,-0.092862,-0.040658,-0.044254,-0.081836
three,1,right,1782948473.5419211,0.000000,0.000000,0.000000,-0.025477,-0.012045,-0.022235,-0.039963,-0.017912,-0.044533,-0.048710,-0.028600,-0.073243,-0.043203,-0.039535,-0.092858,-0.020170,0.003226,-0.081594,-0.023999,0.002215,-0.118298,-0.026194,-0.002318,-0.139339,-0.028012,-0.008838,-0.156760,0.000000,0.003975,-0.081300,0.000000,0.003731,-0.125906,0.000000,-0.000068,-0.149073,0.000000,-0.007053,-0.167442,0.017000,0.001900,-0.076400,0.022384,-0.026652,-0.107491,0.020189,-0.044494,-0.094657,0.017216,-0.047282,-0.077391,0.033100,-0.003774,-0.068300,0.043709,-0.016082,-0.096755,0.045519,-0.032522,-0.099139,0.043637,-0.044105,-0.091721
three,1,left,1782948473.730893,0.000000,0.000000,0.000000,0.025477,-0.012045,-0.022235,0.041150,-0.016378,-0.044077,0.053751,-0.024416,-0.072213,0.054449,-0.033366,-0.093522,0.020170,0.003226,-0.081594,0.024029,0.003226,-0.118309,0.026284,0.001666,-0.139770,0.028216,-0.001089,-0.158154,0.000000,0.003975,-0.081300,0.000000,0.003975,-0.125907,0.000000,0.002654,-0.149346,0.000000,0.000080,-0.168829,-0.017000,0.001900,-0.076400,-0.022184,-0.024219,-0.109593,-0.020516,-0.043482,-0.098913,-0.017894,-0.048575,-0.082123,-0.033100,-0.003774,-0.068300,-0.042671,-0.021807,-0.093930,-0.042645,-0.037969,-0.089689,-0.039290,-0.043845,-0.077566
three,1,right,1782948473.7447503,0.000000,0.000000,0.000000,-0.025477,-0.012045,-0.022235,-0.039997,-0.017782,-0.044545,-0.048992,-0.028251,-0.073259,-0.043915,-0.039059,-0.093060,-0.020170,0.003226,-0.081594,-0.020725,-0.033168,-0.087766,-0.018814,-0.036803,-0.066524,-0.017414,-0.026536,-0.050970,0.000000,0.003975,-0.081300,0.000000,-0.030827,-0.109203,0.000000,-0.045860,-0.091171,0.000000,-0.046344,-0.071525,0.017000,0.001900,-0.076400,0.023014,-0.023695,-0.109860,0.021214,-0.043286,-0.099819,0.018246,-0.048996,-0.083286,0.033100,-0.003774,-0.068300,0.043231,-0.019027,-0.095474,0.043826,-0.035695,-0.094453,0.040852,-0.044628,-0.084250
three,1,left,1782948473.9325514,0.000000,0.000000,0.000000,0.025477,-0.012045,-0.022235,0.041144,-0.016584,-0.044039,0.053435,-0.024986,-0.072206,0.053409,-0.034263,-0.093386,0.020170,0.003226,-0.081594,0.023406,-0.013670,-0.114258,0.023788,-0.034982,-0.117969,0.023282,-0.052906,-0.112700,0.000000,0.003975,-0.081300,0.000000,-0.008685,-0.124073,0.000000,-0.029726,-0.134484,0.000000,-0.049373,-0.134919,-0.017000,0.001900,-0.076400,-0.023145,-0.018989,-0.112961,-0.022307,-0.040487,-0.107958,-0.019906,-0.050717,-0.093664,-0.033100,-0.003774,-0.068300,-0.043422,-0.017905,-0.096004,-0.044574,-0.034573,-0.095812,-0.042046,-0.044240,-0.086172
three,1,right,1782948473.955357,0.000000,0.000000,0.000000,-0.025477,-0.012045,-0.022235,-0.039209,-0.020681,-0.044106,-0.042395,-0.035691,-0.072027,-0.028840,-0.047660,-0.086437,-0.020170,0.003226,-0.081594,-0.020617,-0.033349,-0.086593,-0.018706,-0.036290,-0.065244,-0.017344,-0.025520,-0.050030,0.000000,0.003975,-0.081300,0.000000,-0.038116,-0.096070,0.000000,-0.042427,-0.072993,0.000000,-0.032818,-0.055850,0.017000,0.001900,-0.076400,0.021029,-0.031924,-0.101906,0.018246,-0.044946,-0.084283,0.015530,-0.041536,-0.067086,0.033100,-0.003774,-0.068300,0.039571,-0.030917,-0.085478,0.036774,-0.041791,-0.073103,0.032982,-0.037212,-0.060557
three,1,left,1782948474.149947,0.000000,0.000000,0.000000,0.025477,-0.012045,-0.022235,0.040836,-0.019999,-0.043266,0.047314,-0.034013,-0.071135,0.036679,-0.046019,-0.087790,0.020170,0.003226,-0.081594,0.020857,-0.032875,-0.089281,0.018973,-0.037410,-0.068210,0.017544,-0.027815,-0.052235,0.000000,0.003975,-0.081300,0.000000,-0.039083,-0.092954,0.000000,-0.041348,-0.069587,0.000000,-0.030240,-0.053376,-0.017000,0.001900,-0.076400,-0.022377,-0.023226,-0.110321,-0.020847,-0.043035,-0.100669,-0.018241,-0.049153,-0.084222,-0.033100,-0.003774,-0.068300,-0.042340,-0.023198,-0.093019,-0.041924,-0.038934,-0.087415,-0.038382,-0.043340,-0.074735
three,1,right,1782948474.160609,0.000000,0.000000,0.000000,-0.025477,-0.012045,-0.022235,-0.038931,-0.021680,-0.043860,-0.039989,-0.038054,-0.071169,-0.023949,-0.049604,-0.083168,-0.020170,0.003226,-0.081594,-0.020704,-0.033205,-0.087542,-0.018793,-0.036706,-0.066277,-0.017401,-0.026339,-0.050788,0.000000,0.003975,-0.081300,0.000000,-0.038065,-0.096213,0.000000,-0.042481,-0.073156,0.000000,-0.032952,-0.055968,0.017000,0.001900,-0.076400,0.020501,-0.033646,-0.099532,0.017639,-0.044691,-0.080619,0.015112,-0.039242,-0.063926,0.033100,-0.003774,-0.068300,0.038865,-0.032187,-0.083571,0.035856,-0.041709,-0.070174,0.032309,-0.035539,-0.058254
three,1,left,1782948474.355016,0.000000,0.000000,0.000000,0.025477,-0.012045,-0.022235,0.040525,-0.021669,-0.042788,0.043660,-0.038029,-0.069946,0.028596,-0.049586,-0.083144,0.020170,0.003226,-0.081594,0.021127,-0.032118,-0.092214,0.019272,-0.038546,-0.071639,0.017757,-0.030504,-0.054836,0.000000,0.003975,-0.081300,0.000000,-0.039759,-0.090086,0.000000,-0.040319,-0.066616,0.000000,-0.028050,-0.051265,-0.017000,0.001900,-0.076400,-0.021715,-0.026535,-0.107705,-0.019762,-0.044312,-0.094742,-0.017150,-0.046959,-0.077395,-0.033100,-0.003774,-0.068300,-0.041408,-0.026432,-0.090465,-0.040141,-0.040675,-0.081820,-0.036374,-0.041452,-0.068480
three,1,right,1782948474.3664243,0.000000,0.000000,0.000000,-0.025477,-0.012045,-0.022235,-0.039920,-0.018076,-0.044517,-0.048354,-0.029038,-0.073218,-0.042320,-0.040122,-0.092593,-0.020170,0.003226,-0.081594,-0.022507,-0.024636,-0.105700,-0.021179,-0.041282,-0.091943,-0.019416,-0.044956,-0.073703,0.000000,0.003975,-0.081300,0.000000,-0.023301,-0.116595,0.000000,-0.044059,-0.105629,0.000000,-0.052389,-0.087830,0.017000,0.001900,-0.076400,0.020501,-0.033646,-0.099532,0.017639,-0.044691,-0.080619,0.015112,-0.039242,-0.063926,0.033100,-0.003774,-0.068300,0.038865,-0.032187,-0.083571,0.035856,-0.041709,-0.070174,0.032309,-0.035539,-0.058254
three,1,left,1782948474.5734758,0.000000,0.000000,0.000000,0.025477,-0.012045,-0.022235,0.040492,-0.021809,-0.042746,0.043332,-0.038349,-0.069827,0.027923,-0.049813,-0.082704,0.020170,0.003226,-0.081594,0.021489,-0.030715,-0.096055,0.019707,-0.039850,-0.076523,0.018085,-0.034326,-0.058743,0.000000,0.003975,-0.081300,0.000000,-0.039219,-0.092440,0.000000,-0.041165,-0.069045,0.000000,-0.029833,-0.052989,-0.017000,0.001900,-0.076400,-0.021185,-0.028975,-0.105384,-0.018988,-0.044837,-0.090170,-0.016453,-0.044797,-0.072612,-0.033100,-0.003774,-0.068300,-0.040779,-0.028200,-0.088748,-0.039085,-0.041308,-0.078524,-0.035326,-0.040005,-0.065223
three,1,right,1782948474.5753052,0.000000,0.000000,0.000000,-0.025477,-0.012045,-0.022235,-0.039771,-0.018665,-0.044446,-0.047065,-0.030599,-0.073071,-0.039265,-0.042120,-0.091540,-0.020170,0.003226,-0.081594,-0.024028,0.003219,-0.118309,-0.026274,0.000672,-0.139676,-0.028168,-0.003895,-0.157700,0.000000,0.003975,-0.081300,0.000000,0.003273,-0.125901,0.000000,-0.003376,-0.148416,0.000000,-0.014516,-0.164606,0.017000,0.001900,-0.076400,0.020419,-0.033900,-0.099149,0.017550,-0.044632,-0.080057,0.015056,-0.038880,-0.063461,0.033100,-0.003774,-0.068300,0.038978,-0.031997,-0.083876,0.035999,-0.041735,-0.070629,0.032409,-0.035804,-0.058601
three,1,left,1782948474.7908561,0.000000,0.000000,0.000000,0.025477,-0.012045,-0.022235,0.041087,-0.017677,-0.043824,0.051660,-0.027969,-0.072061,0.047935,-0.038664,-0.092220,0.020170,0.003226,-0.081594,0.023232,-0.015799,-0.113083,0.022847,-0.037060,-0.109089,0.021565,-0.050228,-0.095889,0.000000,0.003975,-0.081300,0.000000,-0.021679,-0.117792,0.000000,-0.043248,-0.108524,0.000000,-0.053069,-0.091502,-0.017000,0.001900,-0.076400,-0.021402,-0.027994,-0.106363,-0.019297,-0.044670,-0.092033,-0.016723,-0.045723,-0.074512,-0.033100,-0.003774,-0.068300,-0.040779,-0.028200,-0.088748,-0.039085,-0.041308,-0.078524,-0.035326,-0.040005,-0.065223
three,1,right,1782948474.7924178,0.000000,0.000000,0.000000,-0.025477,-0.012045,-0.022235,-0.038896,-0.021809,-0.043824,-0.039677,-0.038349,-0.071042,-0.023338,-0.049813,-0.082715,-0.020170,0.003226,-0.081594,-0.024029,0.003226,-0.118309,-0.026282,0.001434,-0.139752,-0.028207,-0.001784,-0.158062,0.000000,0.003975,-0.081300,0.000000,0.003975,-0.125907,0.000000,0.001443,-0.149246,0.000000,-0.003670,-0.168222,0.017000,0.001900,-0.076400,0.019937,-0.035323,-0.096812,0.017055,-0.044173,-0.076781,0.014764,-0.036699,-0.060855,0.033100,-0.003774,-0.068300,0.038865,-0.032187,-0.083571,0.035856,-0.041709,-0.070174,0.032309,-0.035539,-0.058254
three,1,right,1782948474.9973974,0.000000,0.000000,0.000000,-0.025477,-0.012045,-0.022235,-0.038812,-0.022117,-0.043734,-0.038921,-0.039048,-0.070722,-0.021883,-0.050275,-0.081600,-0.020170,0.003226,-0.081594,-0.024029,0.003226,-0.118309,-0.026282,0.001434,-0.139752,-0.028207,-0.001784,-0.158062,0.000000,0.003975,-0.081300,0.000000,0.003975,-0.125907,0.000000,0.001640,-0.149267,0.000000,-0.003077,-0.168344,0.017000,0.001900,-0.076400,0.019703,-0.035967,-0.095627,0.016832,-0.043883,-0.075207,0.014647,-0.035615,-0.059664,0.033100,-0.003774,-0.068300,0.038865,-0.032187,-0.083571,0.035856,-0.041709,-0.070174,0.032309,-0.035539,-0.058254
three,1,left,1782948475.009583,0.000000,0.000000,0.000000,0.025477,-0.012045,-0.022235,0.040957,-0.019106,-0.043495,0.049087,-0.031741,-0.071589,0.040980,-0.043503,-0.089771,0.020170,0.003226,-0.081594,0.024029,0.003226,-0.118309,0.026284,0.001666,-0.139770,0.028216,-0.001089,-0.158154,0.000000,0.003975,-0.081300,0.000000,0.003975,-0.125907,0.000000,0.000323,-0.149097,0.000000,-0.006770,-0.167425,-0.017000,0.001900,-0.076400,-0.021402,-0.027994,-0.106363,-0.019297,-0.044670,-0.092033,-0.016723,-0.045723,-0.074512,-0.033100,-0.003774,-0.068300,-0.040583,-0.028696,-0.088215,-0.038776,-0.041440,-0.077560,-0.035037,-0.039545,-0.064324
three,1,left,1782948475.2157571,0.000000,0.000000,0.000000,0.025477,-0.012045,-0.022235,0.040825,-0.020087,-0.043241,0.047141,-0.034231,-0.071081,0.036264,-0.046243,-0.087576,0.020170,0.003226,-0.081594,0.024029,0.003226,-0.118309,0.026284,0.001666,-0.139770,0.028216,-0.001089,-0.158154,0.000000,0.003975,-0.081300,0.000000,0.003975,-0.125907,0.000000,0.002255,-0.149320,0.000000,-0.001170,-0.168671,-0.017000,0.001900,-0.076400,-0.021402,-0.027994,-0.106363,-0.019297,-0.044670,-0.092033,-0.016723,-0.045723,-0.074512,-0.033100,-0.003774,-0.068300,-0.040483,-0.028940,-0.087944,-0.038621,-0.041498,-0.077079,-0.034896,-0.039309,-0.063885
three,1,right,1782948475.2159805,0.000000,0.000000,0.000000,-0.025477,-0.012045,-0.022235,-0.038803,-0.022149,-0.043724,-0.038843,-0.039119,-0.070688,-0.021735,-0.050319,-0.081483,-0.020170,0.003226,-0.081594,-0.024029,0.003226,-0.118309,-0.026282,0.001434,-0.139752,-0.028207,-0.001784,-0.158062,0.000000,0.003975,-0.081300,0.000000,0.003975,-0.125907,0.000000,0.001640,-0.149267,0.000000,-0.003077,-0.168344,0.017000,0.001900,-0.076400,0.019703,-0.035967,-0.095627,0.016832,-0.043883,-0.075207,0.014647,-0.035615,-0.059664,0.033100,-0.003774,-0.068300,0.038865,-0.032187,-0.083571,0.035856,-0.041709,-0.070174,0.032309,-0.035539,-0.058254
three,1,left,1782948475.4186478,0.000000,0.000000,0.000000,0.025477,-0.012045,-0.022235,0.040818,-0.020131,-0.043229,0.047049,-0.034341,-0.071055,0.036051,-0.046355,-0.087467,0.020170,0.003226,-0.081594,0.024029,0.003226,-0.118309,0.026284,0.001666,-0.139770,0.028216,-0.001089,-0.158154,0.000000,0.003975,-0.081300,0.000000,0.003975,-0.125907,0.000000,0.002255,-0.149320,0.000000,-0.001170,-0.168671,-0.017000,0.001900,-0.076400,-0.021402,-0.027994,-0.106363,-0.019297,-0.044670,-0.092033,-0.016723,-0.045723,-0.074512,-0.033100,-0.003774,-0.068300,-0.040483,-0.028940,-0.087944,-0.038621,-0.041498,-0.077079,-0.034896,-0.039309,-0.063885
three,1,right,1782948475.4304602,0.000000,0.000000,0.000000,-0.025477,-0.012045,-0.022235,-0.038803,-0.022149,-0.043724,-0.038843,-0.039119,-0.070688,-0.021735,-0.050319,-0.081483,-0.020170,0.003226,-0.081594,-0.024029,0.003226,-0.118309,-0.026282,0.001434,-0.139752,-0.028207,-0.001784,-0.158062,0.000000,0.003975,-0.081300,0.000000,0.003975,-0.125907,0.000000,0.001640,-0.149267,0.000000,-0.003077,-0.168344,0.017000,0.001900,-0.076400,0.020475,-0.033756,-0.099366,0.017626,-0.044743,-0.080418,0.015112,-0.039254,-0.063736,0.033100,-0.003774,-0.068300,0.040703,-0.028302,-0.088654,0.038498,-0.041457,-0.078591,0.034461,-0.040230,-0.065364
three,1,left,1782948475.6217926,0.000000,0.000000,0.000000,0.025477,-0.012045,-0.022235,0.040852,-0.019910,-0.043288,0.047503,-0.033790,-0.071183,0.037118,-0.045786,-0.088003,0.020170,0.003226,-0.081594,0.024029,0.003226,-0.118309,0.026284,0.001666,-0.139770,0.028216,-0.001089,-0.158154,0.000000,0.003975,-0.081300,0.000000,0.003975,-0.125907,0.000000,0.002255,-0.149320,0.000000,-0.001170,-0.168671,-0.017000,0.001900,-0.076400,-0.021402,-0.027994,-0.106363,-0.019297,-0.044670,-0.092033,-0.016723,-0.045723,-0.074512,-0.033100,-0.003774,-0.068300,-0.040583,-0.028696,-0.088215,-0.038776,-0.041440,-0.077560,-0.035037,-0.039545,-0.064324
three,1,right,1782948475.6430328,0.000000,0.000000,0.000000,-0.025477,-0.012045,-0.022235,-0.038863,-0.021945,-0.043782,-0.039348,-0.038661,-0.070900,-0.022698,-0.050025,-0.082226,-0.020170,0.003226,-0.081594,-0.024029,0.003226,-0.118309,-0.026282,0.001434,-0.139752,-0.028207,-0.001784,-0.158062,0.000000,0.003975,-0.081300,0.000000,0.003975,-0.125907,0.000000,0.001640,-0.149267,0.000000,-0.003077,-0.168344,0.017000,0.001900,-0.076400,0.025921,-0.000452,-0.117942,0.029962,-0.011292,-0.136758,0.032081,-0.025885,-0.146622,0.033100,-0.003774,-0.068300,0.043848,-0.015007,-0.097144,0.045989,-0.031233,-0.100514,0.044444,-0.043410,-0.094027
three,2,left,1782948481.812118,0.000000,0.000000,0.000000,0.025477,-0.012045,-0.022235,0.039159,-0.025586,-0.041494,0.032857,-0.045817,-0.065285,0.010613,-0.051465,-0.068112,0.020170,0.003226,-0.081594,0.024029,0.003226,-0.118309,0.026284,0.001666,-0.139770,0.028216,-0.001089,-0.158154,0.000000,0.003975,-0.081300,0.000000,0.003975,-0.125907,0.000000,0.002255,-0.149320,0.000000,-0.001170,-0.168671,-0.017000,0.001900,-0.076400,-0.026573,0.001900,-0.117863,-0.031529,0.000360,-0.139333,-0.035464,-0.002593,-0.156377,-0.033100,-0.003774,-0.068300,-0.032129,-0.036429,-0.065770,-0.029596,-0.035078,-0.049308,-0.029091,-0.022040,-0.044567
three,2,right,1782948481.8128479,0.000000,0.000000,0.000000,-0.025477,-0.012045,-0.022235,-0.038033,-0.025349,-0.042405,-0.030875,-0.045431,-0.066079,-0.008698,-0.051622,-0.068201,-0.020170,0.003226,-0.081594,-0.024029,0.003226,-0.118309,-0.026282,0.001434,-0.139752,-0.028207,-0.001784,-0.158062,0.000000,0.003975,-0.081300,0.000000,0.003975,-0.125907,0.000000,0.001640,-0.149267,0.000000,-0.003077,-0.168344,0.017000,0.001900,-0.076400,0.026573,0.001900,-0.117863,0.031529,0.000360,-0.139333,0.035464,-0.002593,-0.156378,0.033100,-0.003774,-0.068300,0.032129,-0.036429,-0.065770,0.029591,-0.035078,-0.049309,0.029083,-0.022039,-0.044568
three,2,left,1782948482.0206773,0.000000,0.000000,0.000000,0.025477,-0.012045,-0.022235,0.039326,-0.025246,-0.041611,0.033949,-0.045259,-0.065810,0.012065,-0.051680,-0.069620,0.020170,0.003226,-0.081594,0.024029,0.003226,-0.118309,0.026284,0.001666,-0.139770,0.028216,-0.001089,-0.158154,0.000000,0.003975,-0.081300,0.000000,0.003975,-0.125907,0.000000,0.002255,-0.149320,0.000000,-0.001170,-0.168671,-0.017000,0.001900,-0.076400,-0.026573,0.001900,-0.117863,-0.031529,0.000360,-0.139333,-0.035464,-0.002593,-0.156377,-0.033100,-0.003774,-0.068300,-0.032129,-0.036429,-0.065770,-0.029596,-0.035078,-0.049308,-0.029091,-0.022040,-0.044567
three,2,right,1782948482.020899,0.000000,0.000000,0.000000,-0.025477,-0.012045,-0.022235,-0.038127,-0.024875,-0.042652,-0.032060,-0.044619,-0.066908,-0.010355,-0.051831,-0.070302,-0.020170,0.003226,-0.081594,-0.024029,0.003226,-0.118309,-0.026282,0.001434,-0.139752,-0.028207,-0.001784,-0.158062,0.000000,0.003975,-0.081300,0.000000,0.003975,-0.125907,0.000000,0.001640,-0.149267,0.000000,-0.003077,-0.168344,0.017000,0.001900,-0.076400,0.026573,0.001900,-0.117863,0.031529,0.000360,-0.139333,0.035464,-0.002593,-0.156378,0.033100,-0.003774,-0.068300,0.032129,-0.036429,-0.065770,0.029591,-0.035078,-0.049309,0.029083,-0.022039,-0.044568
three,2,left,1782948482.221702,0.000000,0.000000,0.000000,0.025477,-0.012045,-0.022235,0.039326,-0.025246,-0.041611,0.033949,-0.045259,-0.065810,0.012065,-0.051680,-0.069620,0.020170,0.003226,-0.081594,0.024029,0.003226,-0.118309,0.026284,0.001666,-0.139770,0.028216,-0.001089,-0.158154,0.000000,0.003975,-0.081300,0.000000,0.003975,-0.125907,0.000000,0.002255,-0.149320,0.000000,-0.001170,-0.168671,-0.017000,0.001900,-0.076400,-0.026573,0.001900,-0.117863,-0.031529,0.000360,-0.139333,-0.035464,-0.002593,-0.156377,-0.033100,-0.003774,-0.068300,-0.032129,-0.036429,-0.065770,-0.029596,-0.035078,-0.049308,-0.029091,-0.022040,-0.044567
three,2,right,1782948482.2219074,0.000000,0.000000,0.000000,-0.025477,-0.012045,-0.022235,-0.038152,-0.024757,-0.042710,-0.032354,-0.044410,-0.067106,-0.010782,-0.051861,-0.070818,-0.020170,0.003226,-0.081594,-0.024029,0.003226,-0.118309,-0.026282,0.001434,-0.139752,-0.028207,-0.001784,-0.158062,0.000000,0.003975,-0.081300,0.000000,0.003975,-0.125907,0.000000,0.001640,-0.149267,0.000000,-0.003077,-0.168344,0.017000,0.001900,-0.076400,0.026573,0.001900,-0.117863,0.031529,0.000360,-0.139333,0.035464,-0.002593,-0.156378,0.033100,-0.003774,-0.068300,0.032129,-0.036429,-0.065770,0.029591,-0.035078,-0.049309,0.029083,-0.022039,-0.044568
three,2,left,1782948482.4260833,0.000000,0.000000,0.000000,0.025477,-0.012045,-0.022235,0.039411,-0.025062,-0.041674,0.034524,-0.044945,-0.066083,0.012861,-0.051766,-0.070420,0.020170,0.003226,-0.081594,0.024029,0.003226,-0.118309,0.026284,0.001666,-0.139770,0.028216,-0.001089,-0.158154,0.000000,0.003975,-0.081300,0.000000,0.003975,-0.125907,0.000000,0.002255,-0.149320,0.000000,-0.001170,-0.168671,-0.017000,0.001900,-0.076400,-0.026573,0.001900,-0.117863,-0.031529,0.000360,-0.139333,-0.035464,-0.002593,-0.156377,-0.033100,-0.003774,-0.068300,-0.032129,-0.036429,-0.065770,-0.029596,-0.035078,-0.049308,-0.029091,-0.022040,-0.044567
three,2,right,1782948482.4382591,0.000000,0.000000,0.000000,-0.025477,-0.012045,-0.022235,-0.038178,-0.024638,-0.042767,-0.032652,-0.044196,-0.067302,-0.011221,-0.051883,-0.071339,-0.020170,0.003226,-0.081594,-0.024029,0.003226,-0.118309,-0.026282,0.001434,-0.139752,-0.028207,-0.001784,-0.158062,0.000000,0.003975,-0.081300,0.000000,0.003975,-0.125907,0.000000,0.001640,-0.149267,0.000000,-0.003077,-0.168344,0.017000,0.001900,-0.076400,0.026573,0.001900,-0.117863,0.031529,0.000360,-0.139333,0.035464,-0.002593,-0.156378,0.033100,-0.003774,-0.068300,0.032129,-0.036429,-0.065770,0.029591,-0.035078,-0.049309,0.029083,-0.022039,-0.044568
three,2,left,1782948482.6352122,0.000000,0.000000,0.000000,0.025477,-0.012045,-0.022235,0.039471,-0.024929,-0.041720,0.034936,-0.044714,-0.066276,0.013442,-0.051815,-0.070994,0.020170,0.003226,-0.081594,0.024029,0.003226,-0.118309,0.026284,0.001666,-0.139770,0.028216,-0.001089,-0.158154,0.000000,0.003975,-0.081300,0.000000,0.003975,-0.125907,0.000000,0.002255,-0.149320,0.000000,-0.001170,-0.168671,-0.017000,0.001900,-0.076400,-0.026573,0.001900,-0.117863,-0.031529,0.000360,-0.139333,-0.035464,-0.002593,-0.156377,-0.033100,-0.003774,-0.068300,-0.032129,-0.036429,-0.065770,-0.029596,-0.035078,-0.049308,-0.029091,-0.022040,-0.044567
three,2,right,1782948482.6465654,0.000000,0.000000,0.000000,-0.025477,-0.012045,-0.022235,-0.038217,-0.024462,-0.042850,-0.033092,-0.043874,-0.067587,-0.011883,-0.051899,-0.072105,-0.020170,0.003226,-0.081594,-0.024029,0.003226,-0.118309,-0.026282,0.001434,-0.139752,-0.028207,-0.001784,-0.158062,0.000000,0.003975,-0.081300,0.000000,0.003975,-0.125907,0.000000,0.001640,-0.149267,0.000000,-0.003077,-0.168344,0.017000,0.001900,-0.076400,0.026573,0.001900,-0.117863,0.031529,0.000360,-0.139333,0.035464,-0.002593,-0.156378,0.033100,-0.003774,-0.068300,0.032129,-0.036429,-0.065770,0.029591,-0.035078,-0.049309,0.029083,-0.022039,-0.044568
three,2,left,1782948482.8565688,0.000000,0.000000,0.000000,0.025477,-0.012045,-0.022235,0.039471,-0.024929,-0.041720,0.034936,-0.044714,-0.066276,0.013442,-0.051815,-0.070994,0.020170,0.003226,-0.081594,0.024029,0.003226,-0.118309,0.026284,0.001666,-0.139770,0.028216,-0.001089,-0.158154,0.000000,0.003975,-0.081300,0.000000,0.003975,-0.125907,0.000000,0.002255,-0.149320,0.000000,-0.001170,-0.168671,-0.017000,0.001900,-0.076400,-0.026573,0.001900,-0.117863,-0.031529,0.000360,-0.139333,-0.035464,-0.002593,-0.156377,-0.033100,-0.003774,-0.068300,-0.032129,-0.036429,-0.065770,-0.029596,-0.035078,-0.049308,-0.029091,-0.022040,-0.044567
three,2,right,1782948482.857392,0.000000,0.000000,0.000000,-0.025477,-0.012045,-0.022235,-0.038236,-0.024378,-0.042888,-0.033303,-0.043718,-0.067721,-0.012204,-0.051899,-0.072469,-0.020170,0.003226,-0.081594,-0.024029,0.003226,-0.118309,-0.026282,0.001434,-0.139752,-0.028207,-0.001784,-0.158062,0.000000,0.003975,-0.081300,0.000000,0.003975,-0.125907,0.000000,0.001640,-0.149267,0.000000,-0.003077,-0.168344,0.017000,0.001900,-0.076400,0.026573,0.001900,-0.117863,0.031529,0.000360,-0.139333,0.035464,-0.002593,-0.156378,0.033100,-0.003774,-0.068300,0.032129,-0.036429,-0.065770,0.029591,-0.035078,-0.049309,0.029083,-0.022039,-0.044568
three,2,left,1782948483.0621724,0.000000,0.000000,0.000000,0.025477,-0.012045,-0.022235,0.039506,-0.024848,-0.041748,0.035182,-0.044571,-0.066392,0.013797,-0.051839,-0.071339,0.020170,0.003226,-0.081594,0.024029,0.003226,-0.118309,0.026284,0.001666,-0.139770,0.028216,-0.001089,-0.158154,0.000000,0.003975,-0.081300,0.000000,0.003975,-0.125907,0.000000,0.002255,-0.149320,0.000000,-0.001170,-0.168671,-0.017000,0.001900,-0.076400,-0.026573,0.001900,-0.117863,-0.031529,0.000360,-0.139333,-0.035464,-0.002593,-0.156377,-0.033100,-0.003774,-0.068300,-0.032129,-0.036429,-0.065770,-0.029596,-0.035078,-0.049308,-0.029091,-0.022040,-0.044567
three,2,right,1782948483.0623915,0.000000,0.000000,0.000000,-0.025477,-0.012045,-0.022235,-0.038262,-0.024265,-0.042939,-0.033586,-0.043506,-0.067899,-0.012641,-0.051893,-0.072958,-0.020170,0.003226,-0.081594,-0.024029,0.003226,-0.118309,-0.026282,0.001434,-0.139752,-0.028207,-0.001784,-0.158062,0.000000,0.003975,-0.081300,0.000000,0.003975,-0.125907,0.000000,0.001640,-0.149267,0.000000,-0.003077,-0.168344,0.017000,0.001900,-0.076400,0.026573,0.001900,-0.117863,0.031529,0.000360,-0.139333,0.035464,-0.002593,-0.156378,0.033100,-0.003774,-0.068300,0.032129,-0.036429,-0.065770,0.029591,-0.035078,-0.049309,0.029083,-0.022039,-0.044568
three,2,left,1782948483.2685843,0.000000,0.000000,0.000000,0.025477,-0.012045,-0.022235,0.039610,-0.024602,-0.041832,0.035923,-0.044129,-0.066734,0.014884,-0.051888,-0.072376,0.020170,0.003226,-0.081594,0.024029,0.003226,-0.118309,0.026284,0.001666,-0.139770,0.028216,-0.001089,-0.158154,0.000000,0.003975,-0.081300,0.000000,0.003975,-0.125907,0.000000,0.002255,-0.149320,0.000000,-0.001170,-0.168671,-0.017000,0.001900,-0.076400,-0.026573,0.001900,-0.117863,-0.031529,0.000360,-0.139333,-0.035464,-0.002593,-0.156377,-0.033100,-0.003774,-0.068300,-0.032129,-0.036429,-0.065770,-0.029596,-0.035078,-0.049308,-0.029091,-0.022040,-0.044567
three,2,right,1782948483.2822742,0.000000,0.000000,0.000000,-0.025477,-0.012045,-0.022235,-0.038303,-0.024094,-0.043015,-0.034015,-0.043179,-0.068162,-0.013314,-0.051868,-0.073693,-0.020170,0.003226,-0.081594,-0.024029,0.003226,-0.118309,-0.026282,0.001434,-0.139752,-0.028207,-0.001784,-0.158062,0.000000,0.003975,-0.081300,0.000000,0.003975,-0.125907,0.000000,0.001640,-0.149267,0.000000,-0.003077,-0.168344,0.017000,0.001900,-0.076400,0.026573,0.001900,-0.117863,0.031529,0.000360,-0.139333,0.035464,-0.002593,-0.156378,0.033100,-0.003774,-0.068300,0.032129,-0.036429,-0.065770,0.029591,-0.035078,-0.049309,0.029083,-0.022039,-0.044568
three,2,left,1782948483.4685948,0.000000,0.000000,0.000000,0.025477,-0.012045,-0.022235,0.039610,-0.024602,-0.041832,0.035923,-0.044129,-0.066734,0.014884,-0.051888,-0.072376,0.020170,0.003226,-0.081594,0.024029,0.003226,-0.118309,0.026284,0.001666,-0.139770,0.028216,-0.001089,-0.158154,0.000000,0.003975,-0.081300,0.000000,0.003975,-0.125907,0.000000,0.002255,-0.149320,0.000000,-0.001170,-0.168671,-0.017000,0.001900,-0.076400,-0.026573,0.001900,-0.117863,-0.031529,0.000360,-0.139333,-0.035464,-0.002593,-0.156377,-0.033100,-0.003774,-0.068300,-0.032129,-0.036429,-0.065770,-0.029596,-0.035078,-0.049308,-0.029091,-0.022040,-0.044567
three,2,right,1782948483.4822896,0.000000,0.000000,0.000000,-0.025477,-0.012045,-0.022235,-0.038316,-0.024036,-0.043040,-0.034160,-0.043068,-0.068250,-0.013543,-0.051856,-0.073939,-0.020170,0.003226,-0.081594,-0.024029,0.003226,-0.118309,-0.026282,0.001434,-0.139752,-0.028207,-0.001784,-0.158062,0.000000,0.003975,-0.081300,0.000000,0.003975,-0.125907,0.000000,0.001640,-0.149267,0.000000,-0.003077,-0.168344,0.017000,0.001900,-0.076400,0.026573,0.001900,-0.117863,0.031529,0.000360,-0.139333,0.035464,-0.002593,-0.156378,0.033100,-0.003774,-0.068300,0.032129,-0.036429,-0.065770,0.029591,-0.035078,-0.049309,0.029083,-0.022039,-0.044568
three,2,left,1782948483.6913648,0.000000,0.000000,0.000000,0.025477,-0.012045,-0.022235,0.039621,-0.024574,-0.041842,0.036005,-0.044079,-0.066772,0.015007,-0.051891,-0.072492,0.020170,0.003226,-0.081594,0.024029,0.003226,-0.118309,0.026284,0.001666,-0.139770,0.028216,-0.001089,-0.158154,0.000000,0.003975,-0.081300,0.000000,0.003975,-0.125907,0.000000,0.002255,-0.149320,0.000000,-0.001170,-0.168671,-0.017000,0.001900,-0.076400,-0.026573,0.001900,-0.117863,-0.031529,0.000360,-0.139333,-0.035464,-0.002593,-0.156377,-0.033100,-0.003774,-0.068300,-0.032129,-0.036429,-0.065770,-0.029596,-0.035078,-0.049308,-0.029091,-0.022040,-0.044567
three,2,right,1782948483.6930363,0.000000,0.000000,0.000000,-0.025477,-0.012045,-0.022235,-0.038335,-0.023959,-0.043073,-0.034353,-0.042918,-0.068365,-0.013852,-0.051836,-0.074267,-0.020170,0.003226,-0.081594,-0.024029,0.003226,-0.118309,-0.026282,0.001434,-0.139752,-0.028207,-0.001784,-0.158062,0.000000,0.003975,-0.081300,0.000000,0.003975,-0.125907,0.000000,0.001640,-0.149267,0.000000,-0.003077,-0.168344,0.017000,0.001900,-0.076400,0.026573,0.001900,-0.117863,0.031529,0.000360,-0.139333,0.035464,-0.002593,-0.156378,0.033100,-0.003774,-0.068300,0.032129,-0.036429,-0.065770,0.029591,-0.035078,-0.049309,0.029083,-0.022039,-0.044568
three,2,left,1782948483.8984342,0.000000,0.000000,0.000000,0.025477,-0.012045,-0.022235,0.039744,-0.024265,-0.041947,0.036909,-0.043506,-0.067182,0.016390,-0.051893,-0.073762,0.020170,0.003226,-0.081594,0.024029,0.003226,-0.118309,0.026284,0.001666,-0.139770,0.028216,-0.001089,-0.158154,0.000000,0.003975,-0.081300,0.000000,0.003975,-0.125907,0.000000,0.002255,-0.149320,0.000000,-0.001170,-0.168671,-0.017000,0.001900,-0.076400,-0.026573,0.001900,-0.117863,-0.031529,0.000360,-0.139333,-0.035464,-0.002593,-0.156377,-0.033100,-0.003774,-0.068300,-0.032129,-0.036429,-0.065770,-0.029596,-0.035078,-0.049308,-0.029091,-0.022040,-0.044567
three,2,right,1782948483.909867,0.000000,0.000000,0.000000,-0.025477,-0.012045,-0.022235,-0.038366,-0.023832,-0.043125,-0.034669,-0.042671,-0.068551,-0.014364,-0.051796,-0.074802,-0.020170,0.003226,-0.081594,-0.024029,0.003226,-0.118309,-0.026282,0.001434,-0.139752,-0.028207,-0.001784,-0.158062,0.000000,0.003975,-0.081300,0.000000,0.003975,-0.125907,0.000000,0.001640,-0.149267,0.000000,-0.003077,-0.168344,0.017000,0.001900,-0.076400,0.026573,0.001900,-0.117863,0.031529,0.000360,-0.139333,0.035464,-0.002593,-0.156378,0.033100,-0.003774,-0.068300,0.032129,-0.036429,-0.065770,0.029591,-0.035078,-0.049309,0.029083,-0.022039,-0.044568
three,2,left,1782948484.1198165,0.000000,0.000000,0.000000,0.025477,-0.012045,-0.022235,0.039744,-0.024265,-0.041947,0.036909,-0.043506,-0.067182,0.016390,-0.051893,-0.073762,0.020170,0.003226,-0.081594,0.024029,0.003226,-0.118309,0.026284,0.001666,-0.139770,0.028216,-0.001089,-0.158154,0.000000,0.003975,-0.081300,0.000000,0.003975,-0.125907,0.000000,0.002255,-0.149320,0.000000,-0.001170,-0.168671,-0.017000,0.001900,-0.076400,-0.026573,0.001900,-0.117863,-0.031529,0.000360,-0.139333,-0.035464,-0.002593,-0.156377,-0.033100,-0.003774,-0.068300,-0.032129,-0.036429,-0.065770,-0.029596,-0.035078,-0.049308,-0.029091,-0.022040,-0.044567
three,2,right,1782948484.1323879,0.000000,0.000000,0.000000,-0.025477,-0.012045,-0.022235,-0.038387,-0.023745,-0.043161,-0.034889,-0.042497,-0.068679,-0.014723,-0.051762,-0.075171,-0.020170,0.003226,-0.081594,-0.024029,0.003226,-0.118309,-0.026282,0.001434,-0.139752,-0.028207,-0.001784,-0.158062,0.000000,0.003975,-0.081300,0.000000,0.003975,-0.125907,0.000000,0.001640,-0.149267,0.000000,-0.003077,-0.168344,0.017000,0.001900,-0.076400,0.026573,0.001900,-0.117863,0.031529,0.000360,-0.139333,0.035464,-0.002593,-0.156378,0.033100,-0.003774,-0.068300,0.032129,-0.036429,-0.065770,0.029591,-0.035078,-0.049309,0.029083,-0.022039,-0.044568
three,2,left,1782948484.3283901,0.000000,0.000000,0.000000,0.025477,-0.012045,-0.022235,0.039788,-0.024151,-0.041986,0.037236,-0.043289,-0.067329,0.016906,-0.051879,-0.074223,0.020170,0.003226,-0.081594,0.024029,0.003226,-0.118309,0.026284,0.001666,-0.139770,0.028216,-0.001089,-0.158154,0.000000,0.003975,-0.081300,0.000000,0.003975,-0.125907,0.000000,0.002255,-0.149320,0.000000,-0.001170,-0.168671,-0.017000,0.001900,-0.076400,-0.026573,0.001900,-0.117863,-0.031529,0.000360,-0.139333,-0.035464,-0.002593,-0.156377,-0.033100,-0.003774,-0.068300,-0.032129,-0.036429,-0.065770,-0.029596,-0.035078,-0.049308,-0.029091,-0.022040,-0.044567
three,2,right,1782948484.339058,0.000000,0.000000,0.000000,-0.025477,-0.012045,-0.022235,-0.038402,-0.023686,-0.043185,-0.035036,-0.042380,-0.068763,-0.014966,-0.051736,-0.075418,-0.020170,0.003226,-0.081594,-0.024029,0.003226,-0.118309,-0.026282,0.001434,-0.139752,-0.028207,-0.001784,-0.158062,0.000000,0.003975,-0.081300,0.000000,0.003975,-0.125907,0.000000,0.001640,-0.149267,0.000000,-0.003077,-0.168344,0.017000,0.001900,-0.076400,0.026573,0.001900,-0.117863,0.031529,0.000360,-0.139333,0.035464,-0.002593,-0.156378,0.033100,-0.003774,-0.068300,0.032479,-0.036495,-0.066681,0.029845,-0.035630,-0.050202,0.029170,-0.022734,-0.045105
three,2,left,1782948484.5399911,0.000000,0.000000,0.000000,0.025477,-0.012045,-0.022235,0.039788,-0.024151,-0.041986,0.037236,-0.043289,-0.067329,0.016906,-0.051879,-0.074223,0.020170,0.003226,-0.081594,0.024029,0.003226,-0.118309,0.026284,0.001666,-0.139770,0.028216,-0.001089,-0.158154,0.000000,0.003975,-0.081300,0.000000,0.003975,-0.125907,0.000000,0.002255,-0.149320,0.000000,-0.001170,-0.168671,-0.017000,0.001900,-0.076400,-0.026573,0.001900,-0.117863,-0.031529,0.000360,-0.139333,-0.035464,-0.002593,-0.156377,-0.033100,-0.003774,-0.068300,-0.032187,-0.036442,-0.065921,-0.029644,-0.035172,-0.049455,-0.029112,-0.022157,-0.044654
three,2,right,1782948484.5402935,0.000000,0.000000,0.000000,-0.025477,-0.012045,-0.022235,-0.038431,-0.023567,-0.043233,-0.035332,-0.042142,-0.068931,-0.015458,-0.051678,-0.075912,-0.020170,0.003226,-0.081594,-0.024029,0.003226,-0.118309,-0.026282,0.001434,-0.139752,-0.028207,-0.001784,-0.158062,0.000000,0.003975,-0.081300,0.000000,0.003975,-0.125907,0.000000,0.001640,-0.149267,0.000000,-0.003077,-0.168344,0.017000,0.001900,-0.076400,0.026573,0.001900,-0.117863,0.031529,0.000360,-0.139333,0.035464,-0.002593,-0.156378,0.033100,-0.003774,-0.068300,0.032479,-0.036495,-0.066681,0.029845,-0.035630,-0.050202,0.029170,-0.022734,-0.045105
three,2,left,1782948484.7497966,0.000000,0.000000,0.000000,0.025477,-0.012045,-0.022235,0.039852,-0.023978,-0.042045,0.037727,-0.042956,-0.067547,0.017692,-0.051841,-0.074915,0.020170,0.003226,-0.081594,0.024029,0.003226,-0.118309,0.026284,0.001666,-0.139770,0.028216,-0.001089,-0.158154,0.000000,0.003975,-0.081300,0.000000,0.003975,-0.125907,0.000000,0.002255,-0.149320,0.000000,-0.001170,-0.168671,-0.017000,0.001900,-0.076400,-0.026573,0.001900,-0.117863,-0.031529,0.000360,-0.139333,-0.035464,-0.002593,-0.156377,-0.033100,-0.003774,-0.068300,-0.032479,-0.036496,-0.066681,-0.029885,-0.035630,-0.050196,-0.029224,-0.022735,-0.045096
three,2,right,1782948484.7622736,0.000000,0.000000,0.000000,-0.025477,-0.012045,-0.022235,-0.038431,-0.023567,-0.043233,-0.035332,-0.042142,-0.068931,-0.015458,-0.051678,-0.075912,-0.020170,0.003226,-0.081594,-0.024029,0.003226,-0.118309,-0.026282,0.001434,-0.139752,-0.028207,-0.001784,-0.158062,0.000000,0.003975,-0.081300,0.000000,0.003975,-0.125907,0.000000,0.001640,-0.149267,0.000000,-0.003077,-0.168344,0.017000,0.001900,-0.076400,0.026573,0.001900,-0.117863,0.031529,0.000360,-0.139333,0.035464,-0.002593,-0.156378,0.033100,-0.003774,-0.068300,0.032479,-0.036495,-0.066681,0.029845,-0.035630,-0.050202,0.029170,-0.022734,-0.045105
three,2,left,1782948484.97034,0.000000,0.000000,0.000000,0.025477,-0.012045,-0.022235,0.039866,-0.023940,-0.042058,0.037836,-0.042881,-0.067595,0.017869,-0.051831,-0.075068,0.020170,0.003226,-0.081594,0.024029,0.003226,-0.118309,0.026284,0.001666,-0.139770,0.028216,-0.001089,-0.158154,0.000000,0.003975,-0.081300,0.000000,0.003975,-0.125907,0.000000,0.002255,-0.149320,0.000000,-0.001170,-0.168671,-0.017000,0.001900,-0.076400,-0.026573,0.001900,-0.117863,-0.031529,0.000360,-0.139333,-0.035464,-0.002593,-0.156377,-0.033100,-0.003774,-0.068300,-0.032479,-0.036496,-0.066681,-0.029885,-0.035630,-0.050196,-0.029224,-0.022735,-0.045096
three,2,right,1782948484.9706895,0.000000,0.000000,0.000000,-0.025477,-0.012045,-0.022235,-0.038461,-0.023448,-0.043279,-0.035630,-0.041900,-0.069097,-0.015960,-0.051611,-0.076405,-0.020170,0.003226,-0.081594,-0.024029,0.003226,-0.118309,-0.026282,0.001434,-0.139752,-0.028207,-0.001784,-0.158062,0.000000,0.003975,-0.081300,0.000000,0.003975,-0.125907,0.000000,0.001640,-0.149267,0.000000,-0.003077,-0.168344,0.017000,0.001900,-0.076400,0.026573,0.001900,-0.117863,0.031529,0.000360,-0.139333,0.035464,-0.002593,-0.156378,0.033100,-0.003774,-0.068300,0.032479,-0.036495,-0.066681,0.029845,-0.035630,-0.050202,0.029170,-0.022734,-0.045105
three,2,left,1782948485.1761103,0.000000,0.000000,0.000000,0.025477,-0.012045,-0.022235,0.039915,-0.023803,-0.042104,0.038217,-0.042613,-0.067762,0.018493,-0.051785,-0.075604,0.020170,0.003226,-0.081594,0.024029,0.003226,-0.118309,0.026284,0.001666,-0.139770,0.028216,-0.001089,-0.158154,0.000000,0.003975,-0.081300,0.000000,0.003975,-0.125907,0.000000,0.002255,-0.149320,0.000000,-0.001170,-0.168671,-0.017000,0.001900,-0.076400,-0.026573,0.001900,-0.117863,-0.031529,0.000360,-0.139333,-0.035464,-0.002593,-0.156377,-0.033100,-0.003774,-0.068300,-0.032479,-0.036496,-0.066681,-0.029885,-0.035630,-0.050196,-0.029224,-0.022735,-0.045096
three,2,right,1782948485.1765876,0.000000,0.000000,0.000000,-0.025477,-0.012045,-0.022235,-0.038461,-0.023448,-0.043279,-0.035630,-0.041900,-0.069097,-0.015960,-0.051611,-0.076405,-0.020170,0.003226,-0.081594,-0.024029,0.003226,-0.118309,-0.026282,0.001434,-0.139752,-0.028207,-0.001784,-0.158062,0.000000,0.003975,-0.081300,0.000000,0.003975,-0.125907,0.000000,0.001640,-0.149267,0.000000,-0.003077,-0.168344,0.017000,0.001900,-0.076400,0.026573,0.001900,-0.117863,0.031529,0.000360,-0.139333,0.035464,-0.002593,-0.156378,0.033100,-0.003774,-0.068300,0.032479,-0.036495,-0.066681,0.029845,-0.035630,-0.050202,0.029170,-0.022734,-0.045105
three,2,left,1782948485.3836534,0.000000,0.000000,0.000000,0.025477,-0.012045,-0.022235,0.039956,-0.023686,-0.042143,0.038542,-0.042380,-0.067903,0.019035,-0.051736,-0.076063,0.020170,0.003226,-0.081594,0.024029,0.003226,-0.118309,0.026284,0.001666,-0.139770,0.028216,-0.001089,-0.158154,0.000000,0.003975,-0.081300,0.000000,0.003975,-0.125907,0.000000,0.002255,-0.149320,0.000000,-0.001170,-0.168671,-0.017000,0.001900,-0.076400,-0.026573,0.001900,-0.117863,-0.031529,0.000360,-0.139333,-0.035464,-0.002593,-0.156377,-0.033100,-0.003774,-0.068300,-0.032479,-0.036496,-0.066681,-0.029885,-0.035630,-0.050196,-0.029224,-0.022735,-0.045096
three,2,right,1782948485.3838706,0.000000,0.000000,0.000000,-0.025477,-0.012045,-0.022235,-0.038508,-0.023267,-0.043348,-0.036080,-0.041529,-0.069341,-0.016729,-0.051493,-0.077144,-0.020170,0.003226,-0.081594,-0.024029,0.003226,-0.118309,-0.026282,0.001434,-0.139752,-0.028207,-0.001784,-0.158062,0.000000,0.003975,-0.081300,0.000000,0.003975,-0.125907,0.000000,0.001640,-0.149267,0.000000,-0.003077,-0.168344,0.017000,0.001900,-0.076400,0.026573,0.001900,-0.117863,0.031529,0.000360,-0.139333,0.035464,-0.002593,-0.156378,0.033100,-0.003774,-0.068300,0.032479,-0.036495,-0.066681,0.029845,-0.035630,-0.050202,0.029170,-0.022734,-0.045105
three,2,left,1782948485.5912237,0.000000,0.000000,0.000000,0.025477,-0.012045,-0.022235,0.039996,-0.023567,-0.042183,0.038867,-0.042142,-0.068043,0.019583,-0.051678,-0.076520,0.020170,0.003226,-0.081594,0.024029,0.003226,-0.118309,0.026284,0.001666,-0.139770,0.028216,-0.001089,-0.158154,0.000000,0.003975,-0.081300,0.000000,0.003975,-0.125907,0.000000,0.002255,-0.149320,0.000000,-0.001170,-0.168671,-0.017000,0.001900,-0.076400,-0.026573,0.001900,-0.117863,-0.031529,0.000360,-0.139333,-0.035464,-0.002593,-0.156377,-0.033100,-0.003774,-0.068300,-0.032479,-0.036496,-0.066681,-0.029885,-0.035630,-0.050196,-0.029224,-0.022735,-0.045096
three,2,right,1782948485.604089,0.000000,0.000000,0.000000,-0.025477,-0.012045,-0.022235,-0.038508,-0.023267,-0.043348,-0.036080,-0.041529,-0.069341,-0.016729,-0.051493,-0.077144,-0.020170,0.003226,-0.081594,-0.024029,0.003226,-0.118309,-0.026282,0.001434,-0.139752,-0.028207,-0.001784,-0.158062,0.000000,0.003975,-0.081300,0.000000,0.003975,-0.125907,0.000000,0.001640,-0.149267,0.000000,-0.003077,-0.168344,0.017000,0.001900,-0.076400,0.026573,0.001900,-0.117863,0.031529,0.000360,-0.139333,0.035464,-0.002593,-0.156378,0.033100,-0.003774,-0.068300,0.032479,-0.036495,-0.066681,0.029845,-0.035630,-0.050202,0.029170,-0.022734,-0.045105
three,2,left,1782948485.7934356,0.000000,0.000000,0.000000,0.025477,-0.012045,-0.022235,0.040055,-0.023388,-0.042242,0.039352,-0.041777,-0.068249,0.020417,-0.051574,-0.077202,0.020170,0.003226,-0.081594,0.024029,0.003226,-0.118309,0.026284,0.001666,-0.139770,0.028216,-0.001089,-0.158154,0.000000,0.003975,-0.081300,0.000000,0.003975,-0.125907,0.000000,0.002255,-0.149320,0.000000,-0.001170,-0.168671,-0.017000,0.001900,-0.076400,-0.026573,0.001900,-0.117863,-0.031529,0.000360,-0.139333,-0.035464,-0.002593,-0.156377,-0.033100,-0.003774,-0.068300,-0.032479,-0.036496,-0.066681,-0.029885,-0.035630,-0.050196,-0.029224,-0.022735,-0.045096
three,2,right,1782948485.8042865,0.000000,0.000000,0.000000,-0.025477,-0.012045,-0.022235,-0.038508,-0.023267,-0.043348,-0.036080,-0.041529,-0.069341,-0.016729,-0.051493,-0.077144,-0.020170,0.003226,-0.081594,-0.024029,0.003226,-0.118309,-0.026282,0.001434,-0.139752,-0.028207,-0.001784,-0.158062,0.000000,0.003975,-0.081300,0.000000,0.003975,-0.125907,0.000000,0.001640,-0.149267,0.000000,-0.003077,-0.168344,0.017000,0.001900,-0.076400,0.026573,0.001900,-0.117863,0.031529,0.000360,-0.139333,0.035464,-0.002593,-0.156378,0.033100,-0.003774,-0.068300,0.032479,-0.036495,-0.066681,0.029845,-0.035630,-0.050202,0.029170,-0.022734,-0.045105
three,2,left,1782948486.001089,0.000000,0.000000,0.000000,0.025477,-0.012045,-0.022235,0.040094,-0.023267,-0.042282,0.039674,-0.041529,-0.068385,0.020980,-0.051493,-0.077654,0.020170,0.003226,-0.081594,0.024029,0.003226,-0.118309,0.026284,0.001666,-0.139770,0.028216,-0.001089,-0.158154,0.000000,0.003975,-0.081300,0.000000,0.003975,-0.125907,0.000000,0.002255,-0.149320,0.000000,-0.001170,-0.168671,-0.017000,0.001900,-0.076400,-0.026573,0.001900,-0.117863,-0.031529,0.000360,-0.139333,-0.035464,-0.002593,-0.156377,-0.033100,-0.003774,-0.068300,-0.032479,-0.036496,-0.066681,-0.029885,-0.035630,-0.050196,-0.029224,-0.022735,-0.045096
three,2,right,1782948486.0225568,0.000000,0.000000,0.000000,-0.025477,-0.012045,-0.022235,-0.038523,-0.023206,-0.043370,-0.036231,-0.041403,-0.069421,-0.016989,-0.051449,-0.077389,-0.020170,0.003226,-0.081594,-0.024029,0.003226,-0.118309,-0.026282,0.001434,-0.139752,-0.028207,-0.001784,-0.158062,0.000000,0.003975,-0.081300,0.000000,0.003975,-0.125907,0.000000,0.001640,-0.149267,0.000000,-0.003077,-0.168344,0.017000,0.001900,-0.076400,0.026573,0.001900,-0.117863,0.031529,0.000360,-0.139333,0.035464,-0.002593,-0.156378,0.033100,-0.003774,-0.068300,0.032479,-0.036495,-0.066681,0.029845,-0.035630,-0.050202,0.029170,-0.022734,-0.045105
three,2,left,1782948486.2090576,0.000000,0.000000,0.000000,0.025477,-0.012045,-0.022235,0.040113,-0.023206,-0.042302,0.039835,-0.041403,-0.068452,0.021264,-0.051449,-0.077879,0.020170,0.003226,-0.081594,0.024029,0.003226,-0.118309,0.026284,0.001666,-0.139770,0.028216,-0.001089,-0.158154,0.000000,0.003975,-0.081300,0.000000,0.003975,-0.125907,0.000000,0.002255,-0.149320,0.000000,-0.001170,-0.168671,-0.017000,0.001900,-0.076400,-0.026573,0.001900,-0.117863,-0.031529,0.000360,-0.139333,-0.035464,-0.002593,-0.156377,-0.033100,-0.003774,-0.068300,-0.032479,-0.036496,-0.066681,-0.029885,-0.035630,-0.050196,-0.029224,-0.022735,-0.045096
three,2,right,1782948486.240787,0.000000,0.000000,0.000000,-0.025477,-0.012045,-0.022235,-0.038539,-0.023145,-0.043393,-0.036382,-0.041276,-0.069501,-0.017252,-0.051402,-0.077635,-0.020170,0.003226,-0.081594,-0.024029,0.003226,-0.118309,-0.026282,0.001434,-0.139752,-0.028207,-0.001784,-0.158062,0.000000,0.003975,-0.081300,0.000000,0.003975,-0.125907,0.000000,0.001640,-0.149267,0.000000,-0.003077,-0.168344,0.017000,0.001900,-0.076400,0.026573,0.001900,-0.117863,0.031529,0.000360,-0.139333,0.035464,-0.002593,-0.156378,0.033100,-0.003774,-0.068300,0.032796,-0.036530,-0.067507,0.030081,-0.036106,-0.051025,0.029256,-0.023350,-0.045608
three,2,left,1782948486.417962,0.000000,0.000000,0.000000,0.025477,-0.012045,-0.022235,0.040150,-0.023085,-0.042342,0.040155,-0.041149,-0.068585,0.021836,-0.051353,-0.078328,0.020170,0.003226,-0.081594,0.024029,0.003226,-0.118309,0.026284,0.001666,-0.139770,0.028216,-0.001089,-0.158154,0.000000,0.003975,-0.081300,0.000000,0.003975,-0.125907,0.000000,0.002255,-0.149320,0.000000,-0.001170,-0.168671,-0.017000,0.001900,-0.076400,-0.026573,0.001900,-0.117863,-0.031529,0.000360,-0.139333,-0.035464,-0.002593,-0.156377,-0.033100,-0.003774,-0.068300,-0.032479,-0.036496,-0.066681,-0.029885,-0.035630,-0.050196,-0.029224,-0.022735,-0.045096
three,2,right,1782948486.4497204,0.000000,0.000000,0.000000,-0.025477,-0.012045,-0.022235,-0.038555,-0.023085,-0.043415,-0.036534,-0.041149,-0.069580,-0.017517,-0.051353,-0.077880,-0.020170,0.003226,-0.081594,-0.024029,0.003226,-0.118309,-0.026282,0.001434,-0.139752,-0.028207,-0.001784,-0.158062,0.000000,0.003975,-0.081300,0.000000,0.003975,-0.125907,0.000000,0.001640,-0.149267,0.000000,-0.003077,-0.168344,0.017000,0.001900,-0.076400,0.026573,0.001900,-0.117863,0.031529,0.000360,-0.139333,0.035464,-0.002593,-0.156378,0.033100,-0.003774,-0.068300,0.033307,-0.036536,-0.068841,0.030472,-0.036826,-0.052376,0.029408,-0.024316,-0.046451
three,2,left,1782948486.6234472,0.000000,0.000000,0.000000,0.025477,-0.012045,-0.022235,0.040205,-0.022900,-0.042402,0.040634,-0.040760,-0.068781,0.022704,-0.051192,-0.078997,0.020170,0.003226,-0.081594,0.024029,0.003226,-0.118309,0.026284,0.001666,-0.139770,0.028216,-0.001089,-0.158154,0.000000,0.003975,-0.081300,0.000000,0.003975,-0.125907,0.000000,0.002255,-0.149320,0.000000,-0.001170,-0.168671,-0.017000,0.001900,-0.076400,-0.026573,0.001900,-0.117863,-0.031529,0.000360,-0.139333,-0.035464,-0.002593,-0.156377,-0.033100,-0.003774,-0.068300,-0.032479,-0.036496,-0.066681,-0.029885,-0.035630,-0.050196,-0.029224,-0.022735,-0.045096
three,2,right,1782948486.6660097,0.000000,0.000000,0.000000,-0.025477,-0.012045,-0.022235,-0.038603,-0.022901,-0.043480,-0.036991,-0.040760,-0.069814,-0.018325,-0.051192,-0.078613,-0.020170,0.003226,-0.081594,-0.024029,0.003226,-0.118309,-0.026282,0.001434,-0.139752,-0.028207,-0.001784,-0.158062,0.000000,0.003975,-0.081300,0.000000,0.003975,-0.125907,0.000000,0.001640,-0.149267,0.000000,-0.003077,-0.168344,0.017000,0.001900,-0.076400,0.026573,0.001900,-0.117863,0.031529,0.000360,-0.139333,0.035464,-0.002593,-0.156378,0.033100,-0.003774,-0.068300,0.034194,-0.036398,-0.071166,0.031182,-0.037936,-0.054802,0.029715,-0.025913,-0.048018
three,3,right,1782948492.825273,0.000000,0.000000,0.000000,-0.025477,-0.012045,-0.022235,-0.038890,-0.021830,-0.043818,-0.039624,-0.038398,-0.071021,-0.023235,-0.049846,-0.082639,-0.020170,0.003226,-0.081594,-0.024029,0.003226,-0.118309,-0.026282,0.001434,-0.139752,-0.028207,-0.001784,-0.158062,0.000000,0.003975,-0.081300,0.000000,0.003975,-0.125907,0.000000,0.001640,-0.149267,0.000000,-0.003077,-0.168344,0.017000,0.001900,-0.076400,0.026573,0.001900,-0.117863,0.031529,0.000360,-0.139333,0.035464,-0.002593,-0.156378,0.033100,-0.003774,-0.068300,0.037236,-0.034394,-0.079211,0.033996,-0.040887,-0.064159,0.031132,-0.031863,-0.054005
three,3,left,1782948492.825628,0.000000,0.000000,0.000000,0.025477,-0.012045,-0.022235,0.040503,-0.021766,-0.042758,0.043433,-0.038251,-0.069863,0.028130,-0.049744,-0.082839,0.020170,0.003226,-0.081594,0.024029,0.003226,-0.118309,0.026284,0.001666,-0.139770,0.028216,-0.001089,-0.158154,0.000000,0.003975,-0.081300,0.000000,0.003975,-0.125907,0.000000,0.002255,-0.149320,0.000000,-0.001170,-0.168671,-0.017000,0.001900,-0.076400,-0.026573,0.001900,-0.117863,-0.031529,0.000360,-0.139333,-0.035464,-0.002593,-0.156377,-0.033100,-0.003774,-0.068300,-0.033579,-0.036514,-0.069553,-0.030826,-0.037184,-0.053085,-0.029686,-0.024815,-0.046885
three,3,left,1782948493.0319107,0.000000,0.000000,0.000000,0.025477,-0.012045,-0.022235,0.040503,-0.021766,-0.042758,0.043433,-0.038251,-0.069863,0.028130,-0.049744,-0.082839,0.020170,0.003226,-0.081594,0.024029,0.003226,-0.118309,0.026284,0.001666,-0.139770,0.028216,-0.001089,-0.158154,0.000000,0.003975,-0.081300,0.000000,0.003975,-0.125907,0.000000,0.002255,-0.149320,0.000000,-0.001170,-0.168671,-0.017000,0.001900,-0.076400,-0.026573,0.001900,-0.117863,-0.031529,0.000360,-0.139333,-0.035464,-0.002593,-0.156377,-0.033100,-0.003774,-0.068300,-0.033579,-0.036514,-0.069553,-0.030826,-0.037184,-0.053085,-0.029686,-0.024815,-0.046885
three,3,right,1782948493.0321279,0.000000,0.000000,0.000000,-0.025477,-0.012045,-0.022235,-0.038849,-0.021979,-0.043775,-0.039259,-0.038737,-0.070868,-0.022530,-0.050075,-0.082103,-0.020170,0.003226,-0.081594,-0.024029,0.003226,-0.118309,-0.026282,0.001434,-0.139752,-0.028207,-0.001784,-0.158062,0.000000,0.003975,-0.081300,0.000000,0.003975,-0.125907,0.000000,0.001640,-0.149267,0.000000,-0.003077,-0.168344,0.017000,0.001900,-0.076400,0.026573,0.001900,-0.117863,0.031529,0.000360,-0.139333,0.035464,-0.002593,-0.156378,0.033100,-0.003774,-0.068300,0.036193,-0.035364,-0.076438,0.032950,-0.040024,-0.060723,0.030565,-0.029667,-0.051790
three,3,left,1782948493.2462118,0.000000,0.000000,0.000000,0.025477,-0.012045,-0.022235,0.040503,-0.021766,-0.042758,0.043433,-0.038251,-0.069863,0.028130,-0.049744,-0.082839,0.020170,0.003226,-0.081594,0.024029,0.003226,-0.118309,0.026284,0.001666,-0.139770,0.028216,-0.001089,-0.158154,0.000000,0.003975,-0.081300,0.000000,0.003975,-0.125907,0.000000,0.002255,-0.149320,0.000000,-0.001170,-0.168671,-0.017000,0.001900,-0.076400,-0.026573,0.001900,-0.117863,-0.031529,0.000360,-0.139333,-0.035464,-0.002593,-0.156377,-0.033100,-0.003774,-0.068300,-0.033634,-0.036507,-0.069697,-0.030875,-0.037255,-0.053234,-0.029711,-0.024915,-0.046980
three,3,right,1782948493.2464523,0.000000,0.000000,0.000000,-0.025477,-0.012045,-0.022235,-0.038820,-0.022086,-0.043743,-0.038999,-0.038977,-0.070756,-0.022032,-0.050230,-0.081717,-0.020170,0.003226,-0.081594,-0.024029,0.003226,-0.118309,-0.026282,0.001434,-0.139752,-0.028207,-0.001784,-0.158062,0.000000,0.003975,-0.081300,0.000000,0.003975,-0.125907,0.000000,0.001640,-0.149267,0.000000,-0.003077,-0.168344,0.017000,0.001900,-0.076400,0.026573,0.001900,-0.117863,0.031529,0.000360,-0.139333,0.035464,-0.002593,-0.156378,0.033100,-0.003774,-0.068300,0.035854,-0.035612,-0.075541,0.032630,-0.039702,-0.059663,0.030404,-0.028985,-0.051123
three,3,left,1782948493.463676,0.000000,0.000000,0.000000,0.025477,-0.012045,-0.022235,0.040532,-0.021637,-0.042797,0.043735,-0.037955,-0.069973,0.028752,-0.049532,-0.083244,0.020170,0.003226,-0.081594,0.024029,0.003226,-0.118309,0.026284,0.001666,-0.139770,0.028216,-0.001089,-0.158154,0.000000,0.003975,-0.081300,0.000000,0.003975,-0.125907,0.000000,0.002255,-0.149320,0.000000,-0.001170,-0.168671,-0.017000,0.001900,-0.076400,-0.026573,0.001900,-0.117863,-0.031529,0.000360,-0.139333,-0.035464,-0.002593,-0.156377,-0.033100,-0.003774,-0.068300,-0.033662,-0.036504,-0.069769,-0.030899,-0.037290,-0.053308,-0.029724,-0.024965,-0.047028
three,3,right,1782948493.4764938,0.000000,0.000000,0.000000,-0.025477,-0.012045,-0.022235,-0.038820,-0.022086,-0.043743,-0.038999,-0.038977,-0.070756,-0.022032,-0.050230,-0.081717,-0.020170,0.003226,-0.081594,-0.024029,0.003226,-0.118309,-0.026282,0.001434,-0.139752,-0.028207,-0.001784,-0.158062,0.000000,0.003975,-0.081300,0.000000,0.003975,-0.125907,0.000000,0.001640,-0.149267,0.000000,-0.003077,-0.168344,0.017000,0.001900,-0.076400,0.026573,0.001900,-0.117863,0.031529,0.000360,-0.139333,0.035464,-0.002593,-0.156378,0.033100,-0.003774,-0.068300,0.035854,-0.035612,-0.075541,0.032630,-0.039702,-0.059663,0.030404,-0.028985,-0.051123
three,3,left,1782948493.6658766,0.000000,0.000000,0.000000,0.025477,-0.012045,-0.022235,0.040532,-0.021637,-0.042797,0.043735,-0.037955,-0.069973,0.028752,-0.049532,-0.083244,0.020170,0.003226,-0.081594,0.024029,0.003226,-0.118309,0.026284,0.001666,-0.139770,0.028216,-0.001089,-0.158154,0.000000,0.003975,-0.081300,0.000000,0.003975,-0.125907,0.000000,0.002255,-0.149320,0.000000,-0.001170,-0.168671,-0.017000,0.001900,-0.076400,-0.026573,0.001900,-0.117863,-0.031529,0.000360,-0.139333,-0.035464,-0.002593,-0.156377,-0.033100,-0.003774,-0.068300,-0.033662,-0.036504,-0.069769,-0.030899,-0.037290,-0.053308,-0.029724,-0.024965,-0.047028
three,3,right,1782948493.676541,0.000000,0.000000,0.000000,-0.025477,-0.012045,-0.022235,-0.038820,-0.022086,-0.043743,-0.038999,-0.038977,-0.070756,-0.022032,-0.050230,-0.081717,-0.020170,0.003226,-0.081594,-0.024029,0.003226,-0.118309,-0.026282,0.001434,-0.139752,-0.028207,-0.001784,-0.158062,0.000000,0.003975,-0.081300,0.000000,0.003975,-0.125907,0.000000,0.001640,-0.149267,0.000000,-0.003077,-0.168344,0.017000,0.001900,-0.076400,0.026573,0.001900,-0.117863,0.031529,0.000360,-0.139333,0.035464,-0.002593,-0.156378,0.033100,-0.003774,-0.068300,0.036193,-0.035364,-0.076438,0.032950,-0.040024,-0.060723,0.030565,-0.029667,-0.051790
three,3,left,1782948493.8663652,0.000000,0.000000,0.000000,0.025477,-0.012045,-0.022235,0.040532,-0.021637,-0.042797,0.043735,-0.037955,-0.069973,0.028752,-0.049532,-0.083244,0.020170,0.003226,-0.081594,0.024029,0.003226,-0.118309,0.026284,0.001666,-0.139770,0.028216,-0.001089,-0.158154,0.000000,0.003975,-0.081300,0.000000,0.003975,-0.125907,0.000000,0.002255,-0.149320,0.000000,-0.001170,-0.168671,-0.017000,0.001900,-0.076400,-0.026573,0.001900,-0.117863,-0.031529,0.000360,-0.139333,-0.035464,-0.002593,-0.156377,-0.033100,-0.003774,-0.068300,-0.033662,-0.036504,-0.069769,-0.030899,-0.037290,-0.053308,-0.029724,-0.024965,-0.047028
three,3,right,1782948493.8769767,0.000000,0.000000,0.000000,-0.025477,-0.012045,-0.022235,-0.038820,-0.022086,-0.043743,-0.038999,-0.038977,-0.070756,-0.022032,-0.050230,-0.081717,-0.020170,0.003226,-0.081594,-0.024029,0.003226,-0.118309,-0.026282,0.001434,-0.139752,-0.028207,-0.001784,-0.158062,0.000000,0.003975,-0.081300,0.000000,0.003975,-0.125907,0.000000,0.001640,-0.149267,0.000000,-0.003077,-0.168344,0.017000,0.001900,-0.076400,0.026573,0.001900,-0.117863,0.031529,0.000360,-0.139333,0.035464,-0.002593,-0.156378,0.033100,-0.003774,-0.068300,0.036193,-0.035364,-0.076438,0.032950,-0.040024,-0.060723,0.030565,-0.029667,-0.051790
three,3,left,1782948494.0838597,0.000000,0.000000,0.000000,0.025477,-0.012045,-0.022235,0.040532,-0.021637,-0.042797,0.043735,-0.037955,-0.069973,0.028752,-0.049532,-0.083244,0.020170,0.003226,-0.081594,0.024029,0.003226,-0.118309,0.026284,0.001666,-0.139770,0.028216,-0.001089,-0.158154,0.000000,0.003975,-0.081300,0.000000,0.003975,-0.125907,0.000000,0.002255,-0.149320,0.000000,-0.001170,-0.168671,-0.017000,0.001900,-0.076400,-0.026573,0.001900,-0.117863,-0.031529,0.000360,-0.139333,-0.035464,-0.002593,-0.156377,-0.033100,-0.003774,-0.068300,-0.033662,-0.036504,-0.069769,-0.030899,-0.037290,-0.053308,-0.029724,-0.024965,-0.047028
three,3,right,1782948494.0951066,0.000000,0.000000,0.000000,-0.025477,-0.012045,-0.022235,-0.038855,-0.021958,-0.043781,-0.039311,-0.038689,-0.070890,-0.022630,-0.050043,-0.082180,-0.020170,0.003226,-0.081594,-0.024029,0.003226,-0.118309,-0.026282,0.001434,-0.139752,-0.028207,-0.001784,-0.158062,0.000000,0.003975,-0.081300,0.000000,0.003975,-0.125907,0.000000,0.001640,-0.149267,0.000000,-0.003077,-0.168344,0.017000,0.001900,-0.076400,0.026573,0.001900,-0.117863,0.031529,0.000360,-0.139333,0.035464,-0.002593,-0.156378,0.033100,-0.003774,-0.068300,0.036193,-0.035364,-0.076438,0.032950,-0.040024,-0.060723,0.030565,-0.029667,-0.051790
three,3,left,1782948494.2910476,0.000000,0.000000,0.000000,0.025477,-0.012045,-0.022235,0.040575,-0.021443,-0.042856,0.044185,-0.037504,-0.070132,0.029691,-0.049194,-0.083841,0.020170,0.003226,-0.081594,0.024029,0.003226,-0.118309,0.026284,0.001666,-0.139770,0.028216,-0.001089,-0.158154,0.000000,0.003975,-0.081300,0.000000,0.003975,-0.125907,0.000000,0.002255,-0.149320,0.000000,-0.001170,-0.168671,-0.017000,0.001900,-0.076400,-0.026573,0.001900,-0.117863,-0.031529,0.000360,-0.139333,-0.035464,-0.002593,-0.156377,-0.033100,-0.003774,-0.068300,-0.033662,-0.036504,-0.069769,-0.030899,-0.037290,-0.053308,-0.029724,-0.024965,-0.047028
three,3,right,1782948494.3033445,0.000000,0.000000,0.000000,-0.025477,-0.012045,-0.022235,-0.038849,-0.021979,-0.043775,-0.039259,-0.038737,-0.070868,-0.022530,-0.050075,-0.082103,-0.020170,0.003226,-0.081594,-0.024029,0.003226,-0.118309,-0.026282,0.001434,-0.139752,-0.028207,-0.001784,-0.158062,0.000000,0.003975,-0.081300,0.000000,0.003975,-0.125907,0.000000,0.001640,-0.149267,0.000000,-0.003077,-0.168344,0.017000,0.001900,-0.076400,0.026573,0.001900,-0.117863,0.031529,0.000360,-0.139333,0.035464,-0.002593,-0.156378,0.033100,-0.003774,-0.068300,0.034822,-0.036166,-0.072936,0.031715,-0.038781,-0.056727,0.029943,-0.027284,-0.049150
three,3,left,1782948494.4991033,0.000000,0.000000,0.000000,0.025477,-0.012045,-0.022235,0.040575,-0.021443,-0.042856,0.044185,-0.037504,-0.070132,0.029691,-0.049194,-0.083841,0.020170,0.003226,-0.081594,0.024029,0.003226,-0.118309,0.026284,0.001666,-0.139770,0.028216,-0.001089,-0.158154,0.000000,0.003975,-0.081300,0.000000,0.003975,-0.125907,0.000000,0.002255,-0.149320,0.000000,-0.001170,-0.168671,-0.017000,0.001900,-0.076400,-0.026573,0.001900,-0.117863,-0.031529,0.000360,-0.139333,-0.035464,-0.002593,-0.156377,-0.033100,-0.003774,-0.068300,-0.034139,-0.036412,-0.071023,-0.031324,-0.037870,-0.054617,-0.029947,-0.025814,-0.047873
three,3,right,1782948494.511516,0.000000,0.000000,0.000000,-0.025477,-0.012045,-0.022235,-0.038812,-0.022117,-0.043734,-0.038921,-0.039048,-0.070722,-0.021883,-0.050275,-0.081600,-0.020170,0.003226,-0.081594,-0.024029,0.003226,-0.118309,-0.026282,0.001434,-0.139752,-0.028207,-0.001784,-0.158062,0.000000,0.003975,-0.081300,0.000000,0.003975,-0.125907,0.000000,0.001640,-0.149267,0.000000,-0.003077,-0.168344,0.017000,0.001900,-0.076400,0.026573,0.001900,-0.117863,0.031529,0.000360,-0.139333,0.035464,-0.002593,-0.156378,0.033100,-0.003774,-0.068300,0.032479,-0.036495,-0.066681,0.029845,-0.035630,-0.050202,0.029170,-0.022734,-0.045105
three,3,left,1782948494.708227,0.000000,0.000000,0.000000,0.025477,-0.012045,-0.022235,0.040054,-0.023356,-0.042261,0.039399,-0.041715,-0.068291,0.020522,-0.051557,-0.077315,0.020170,0.003226,-0.081594,0.024029,0.003226,-0.118309,0.026284,0.001666,-0.139770,0.028216,-0.001089,-0.158154,0.000000,0.003975,-0.081300,0.000000,0.003975,-0.125907,0.000000,0.002255,-0.149320,0.000000,-0.001170,-0.168671,-0.017000,0.001900,-0.076400,-0.026573,0.001900,-0.117863,-0.031529,0.000360,-0.139333,-0.035464,-0.002593,-0.156377,-0.033100,-0.003774,-0.068300,-0.032303,-0.036466,-0.066225,-0.029740,-0.035358,-0.049750,-0.029156,-0.022389,-0.044829
three,3,right,1782948494.7312284,0.000000,0.000000,0.000000,-0.025477,-0.012045,-0.022235,-0.038781,-0.022234,-0.043698,-0.038636,-0.039308,-0.070596,-0.021344,-0.050434,-0.081171,-0.020170,0.003226,-0.081594,-0.024029,0.003226,-0.118309,-0.026282,0.001434,-0.139752,-0.028207,-0.001784,-0.158062,0.000000,0.003975,-0.081300,0.000000,0.003975,-0.125907,0.000000,0.001640,-0.149267,0.000000,-0.003077,-0.168344,0.017000,0.001900,-0.076400,0.026573,0.001900,-0.117863,0.031529,0.000360,-0.139333,0.035464,-0.002593,-0.156378,0.033100,-0.003774,-0.068300,0.032479,-0.036495,-0.066681,0.029845,-0.035630,-0.050202,0.029170,-0.022734,-0.045105
three,3,left,1782948494.923666,0.000000,0.000000,0.000000,0.025477,-0.012045,-0.022235,0.038969,-0.025944,-0.041372,0.031663,-0.046374,-0.064702,0.009111,-0.051161,-0.066482,0.020170,0.003226,-0.081594,0.024029,0.003226,-0.118309,0.026284,0.001666,-0.139770,0.028216,-0.001089,-0.158154,0.000000,0.003975,-0.081300,0.000000,0.003975,-0.125907,0.000000,0.002255,-0.149320,0.000000,-0.001170,-0.168671,-0.017000,0.001900,-0.076400,-0.026573,0.001900,-0.117863,-0.031531,0.000511,-0.139342,-0.035478,-0.002130,-0.156436,-0.033100,-0.003774,-0.068300,-0.032129,-0.036429,-0.065770,-0.029596,-0.035078,-0.049308,-0.029091,-0.022040,-0.044567
three,3,right,1782948494.9358172,0.000000,0.000000,0.000000,-0.025477,-0.012045,-0.022235,-0.039014,-0.021378,-0.043940,-0.040721,-0.037353,-0.071452,-0.025403,-0.049076,-0.084203,-0.020170,0.003226,-0.081594,-0.024029,0.003226,-0.118309,-0.026282,0.001434,-0.139752,-0.028207,-0.001784,-0.158062,0.000000,0.003975,-0.081300,0.000000,0.003975,-0.125907,0.000000,0.001640,-0.149267,0.000000,-0.003077,-0.168344,0.017000,0.001900,-0.076400,0.026573,0.001900,-0.117863,0.031529,0.000360,-0.139333,0.035464,-0.002593,-0.156378,0.033100,-0.003774,-0.068300,0.033893,-0.036466,-0.070375,0.030936,-0.037579,-0.053966,0.029605,-0.025382,-0.047471
three,3,left,1782948495.1310494,0.000000,0.000000,0.000000,0.025477,-0.012045,-0.022235,0.038755,-0.026317,-0.041247,0.030373,-0.046918,-0.064059,0.007582,-0.050760,-0.064743,0.020170,0.003226,-0.081594,0.024029,0.003226,-0.118309,0.026284,0.001666,-0.139770,0.028216,-0.001089,-0.158154,0.000000,0.003975,-0.081300,0.000000,0.003975,-0.125907,0.000000,0.002255,-0.149320,0.000000,-0.001170,-0.168671,-0.017000,0.001900,-0.076400,-0.026573,0.001900,-0.117863,-0.031531,0.000511,-0.139342,-0.035478,-0.002130,-0.156436,-0.033100,-0.003774,-0.068300,-0.032129,-0.036429,-0.065770,-0.029596,-0.035078,-0.049308,-0.029091,-0.022040,-0.044567
three,3,right,1782948495.1425664,0.000000,0.000000,0.000000,-0.025477,-0.012045,-0.022235,-0.039050,-0.021248,-0.043973,-0.041034,-0.037047,-0.071568,-0.026036,-0.048832,-0.084637,-0.020170,0.003226,-0.081594,-0.024029,0.003226,-0.118309,-0.026282,0.001434,-0.139752,-0.028207,-0.001784,-0.158062,0.000000,0.003975,-0.081300,0.000000,0.003975,-0.125907,0.000000,0.001640,-0.149267,0.000000,-0.003077,-0.168344,0.017000,0.001900,-0.076400,0.026573,0.001900,-0.117863,0.031531,0.000511,-0.139343,0.035478,-0.002130,-0.156436,0.033100,-0.003774,-0.068300,0.034102,-0.036421,-0.070922,0.031106,-0.037828,-0.054543,0.029681,-0.025750,-0.047848
three,3,left,1782948495.3346872,0.000000,0.000000,0.000000,0.025477,-0.012045,-0.022235,0.038996,-0.025897,-0.041388,0.031824,-0.046303,-0.064780,0.009309,-0.051206,-0.066700,0.020170,0.003226,-0.081594,0.024029,0.003226,-0.118309,0.026284,0.001666,-0.139770,0.028216,-0.001089,-0.158154,0.000000,0.003975,-0.081300,0.000000,0.003975,-0.125907,0.000000,0.002255,-0.149320,0.000000,-0.001170,-0.168671,-0.017000,0.001900,-0.076400,-0.026573,0.001900,-0.117863,-0.031531,0.000511,-0.139342,-0.035478,-0.002130,-0.156436,-0.033100,-0.003774,-0.068300,-0.032129,-0.036429,-0.065770,-0.029596,-0.035078,-0.049308,-0.029091,-0.022040,-0.044567
three,3,right,1782948495.3557885,0.000000,0.000000,0.000000,-0.025477,-0.012045,-0.022235,-0.039050,-0.021248,-0.043973,-0.041034,-0.037047,-0.071568,-0.026036,-0.048832,-0.084637,-0.020170,0.003226,-0.081594,-0.024029,0.003226,-0.118309,-0.026282,0.001434,-0.139752,-0.028207,-0.001784,-0.158062,0.000000,0.003975,-0.081300,0.000000,0.003975,-0.125907,0.000000,0.001640,-0.149267,0.000000,-0.003077,-0.168344,0.017000,0.001900,-0.076400,0.026573,0.001900,-0.117863,0.031531,0.000511,-0.139343,0.035478,-0.002130,-0.156436,0.033100,-0.003774,-0.068300,0.034102,-0.036421,-0.070922,0.031106,-0.037828,-0.054543,0.029681,-0.025750,-0.047848
three,3,left,1782948495.5476882,0.000000,0.000000,0.000000,0.025477,-0.012045,-0.022235,0.038996,-0.025897,-0.041388,0.031824,-0.046303,-0.064780,0.009309,-0.051206,-0.066700,0.020170,0.003226,-0.081594,0.024029,0.003226,-0.118309,0.026284,0.001666,-0.139770,0.028216,-0.001089,-0.158154,0.000000,0.003975,-0.081300,0.000000,0.003975,-0.125907,0.000000,0.002255,-0.149320,0.000000,-0.001170,-0.168671,-0.017000,0.001900,-0.076400,-0.026573,0.001900,-0.117863,-0.031531,0.000511,-0.139342,-0.035478,-0.002130,-0.156436,-0.033100,-0.003774,-0.068300,-0.032129,-0.036429,-0.065770,-0.029596,-0.035078,-0.049308,-0.029091,-0.022040,-0.044567
three,3,right,1782948495.5606112,0.000000,0.000000,0.000000,-0.025477,-0.012045,-0.022235,-0.039050,-0.021248,-0.043973,-0.041034,-0.037047,-0.071568,-0.026036,-0.048832,-0.084637,-0.020170,0.003226,-0.081594,-0.024029,0.003226,-0.118309,-0.026282,0.001434,-0.139752,-0.028207,-0.001784,-0.158062,0.000000,0.003975,-0.081300,0.000000,0.003975,-0.125907,0.000000,0.001640,-0.149267,0.000000,-0.003077,-0.168344,0.017000,0.001900,-0.076400,0.026573,0.001900,-0.117863,0.031531,0.000511,-0.139343,0.035478,-0.002130,-0.156436,0.033100,-0.003774,-0.068300,0.034437,-0.036326,-0.071807,0.031383,-0.038215,-0.055488,0.029807,-0.026344,-0.048465
three,3,left,1782948495.7482235,0.000000,0.000000,0.000000,0.025477,-0.012045,-0.022235,0.038996,-0.025897,-0.041388,0.031824,-0.046303,-0.064780,0.009309,-0.051206,-0.066700,0.020170,0.003226,-0.081594,0.024029,0.003226,-0.118309,0.026284,0.001666,-0.139770,0.028216,-0.001089,-0.158154,0.000000,0.003975,-0.081300,0.000000,0.003975,-0.125907,0.000000,0.002255,-0.149320,0.000000,-0.001170,-0.168671,-0.017000,0.001900,-0.076400,-0.026573,0.001900,-0.117863,-0.031531,0.000511,-0.139342,-0.035478,-0.002130,-0.156436,-0.033100,-0.003774,-0.068300,-0.032129,-0.036429,-0.065770,-0.029596,-0.035078,-0.049308,-0.029091,-0.022040,-0.044567
three,3,right,1782948495.7705965,0.000000,0.000000,0.000000,-0.025477,-0.012045,-0.022235,-0.039050,-0.021248,-0.043973,-0.041034,-0.037047,-0.071568,-0.026036,-0.048832,-0.084637,-0.020170,0.003226,-0.081594,-0.024029,0.003226,-0.118309,-0.026282,0.001434,-0.139752,-0.028207,-0.001784,-0.158062,0.000000,0.003975,-0.081300,0.000000,0.003975,-0.125907,0.000000,0.001640,-0.149267,0.000000,-0.003077,-0.168344,0.017000,0.001900,-0.076400,0.026573,0.001900,-0.117863,0.031529,0.000360,-0.139333,0.035464,-0.002593,-0.156378,0.033100,-0.003774,-0.068300,0.035023,-0.036094,-0.073345,0.031882,-0.038849,-0.057166,0.030041,-0.027386,-0.049553
three,3,left,1782948495.9653127,0.000000,0.000000,0.000000,0.025477,-0.012045,-0.022235,0.038996,-0.025897,-0.041388,0.031824,-0.046303,-0.064780,0.009309,-0.051206,-0.066700,0.020170,0.003226,-0.081594,0.024029,0.003226,-0.118309,0.026284,0.001666,-0.139770,0.028216,-0.001089,-0.158154,0.000000,0.003975,-0.081300,0.000000,0.003975,-0.125907,0.000000,0.002255,-0.149320,0.000000,-0.001170,-0.168671,-0.017000,0.001900,-0.076400,-0.026573,0.001900,-0.117863,-0.031531,0.000511,-0.139342,-0.035478,-0.002130,-0.156436,-0.033100,-0.003774,-0.068300,-0.032129,-0.036429,-0.065770,-0.029596,-0.035078,-0.049308,-0.029091,-0.022040,-0.044567
three,3,right,1782948495.9760466,0.000000,0.000000,0.000000,-0.025477,-0.012045,-0.022235,-0.039056,-0.021226,-0.043979,-0.041087,-0.036996,-0.071587,-0.026142,-0.048791,-0.084709,-0.020170,0.003226,-0.081594,-0.024029,0.003226,-0.118309,-0.026282,0.001434,-0.139752,-0.028207,-0.001784,-0.158062,0.000000,0.003975,-0.081300,0.000000,0.003975,-0.125907,0.000000,0.001640,-0.149267,0.000000,-0.003077,-0.168344,0.017000,0.001900,-0.076400,0.026573,0.001900,-0.117863,0.031529,0.000360,-0.139333,0.035464,-0.002593,-0.156378,0.033100,-0.003774,-0.068300,0.035198,-0.036007,-0.073808,0.032036,-0.039034,-0.057682,0.030114,-0.027713,-0.049880
three,3,left,1782948496.185036,0.000000,0.000000,0.000000,0.025477,-0.012045,-0.022235,0.039074,-0.025751,-0.041437,0.032312,-0.046078,-0.065020,0.009918,-0.051335,-0.067366,0.020170,0.003226,-0.081594,0.024029,0.003226,-0.118309,0.026284,0.001666,-0.139770,0.028216,-0.001089,-0.158154,0.000000,0.003975,-0.081300,0.000000,0.003975,-0.125907,0.000000,0.002255,-0.149320,0.000000,-0.001170,-0.168671,-0.017000,0.001900,-0.076400,-0.026573,0.001900,-0.117863,-0.031531,0.000511,-0.139342,-0.035478,-0.002130,-0.156436,-0.033100,-0.003774,-0.068300,-0.032129,-0.036429,-0.065770,-0.029596,-0.035078,-0.049308,-0.029091,-0.022040,-0.044567
three,3,right,1782948496.1852486,0.000000,0.000000,0.000000,-0.025477,-0.012045,-0.022235,-0.039068,-0.021183,-0.043989,-0.041191,-0.036893,-0.071625,-0.026354,-0.048707,-0.084851,-0.020170,0.003226,-0.081594,-0.024029,0.003226,-0.118309,-0.026282,0.001434,-0.139752,-0.028207,-0.001784,-0.158062,0.000000,0.003975,-0.081300,0.000000,0.003975,-0.125907,0.000000,0.001640,-0.149267,0.000000,-0.003077,-0.168344,0.017000,0.001900,-0.076400,0.026573,0.001900,-0.117863,0.031529,0.000360,-0.139333,0.035464,-0.002593,-0.156378,0.033100,-0.003774,-0.068300,0.035522,-0.035826,-0.074663,0.032325,-0.039370,-0.058649,0.030254,-0.028333,-0.050488
three,3,left,1782948496.3889518,0.000000,0.000000,0.000000,0.025477,-0.012045,-0.022235,0.039074,-0.025751,-0.041437,0.032312,-0.046078,-0.065020,0.009918,-0.051335,-0.067366,0.020170,0.003226,-0.081594,0.024029,0.003226,-0.118309,0.026284,0.001666,-0.139770,0.028216,-0.001089,-0.158154,0.000000,0.003975,-0.081300,0.000000,0.003975,-0.125907,0.000000,0.002255,-0.149320,0.000000,-0.001170,-0.168671,-0.017000,0.001900,-0.076400,-0.026573,0.001900,-0.117863,-0.031531,0.000511,-0.139342,-0.035478,-0.002130,-0.156436,-0.033100,-0.003774,-0.068300,-0.032129,-0.036429,-0.065770,-0.029596,-0.035078,-0.049308,-0.029091,-0.022040,-0.044567
three,3,right,1782948496.3892927,0.000000,0.000000,0.000000,-0.025477,-0.012045,-0.022235,-0.039068,-0.021183,-0.043989,-0.041191,-0.036893,-0.071625,-0.026354,-0.048707,-0.084851,-0.020170,0.003226,-0.081594,-0.024029,0.003226,-0.118309,-0.026282,0.001434,-0.139752,-0.028207,-0.001784,-0.158062,0.000000,0.003975,-0.081300,0.000000,0.003975,-0.125907,0.000000,0.001640,-0.149267,0.000000,-0.003077,-0.168344,0.017000,0.001900,-0.076400,0.026573,0.001900,-0.117863,0.031529,0.000360,-0.139333,0.035464,-0.002593,-0.156378,0.033100,-0.003774,-0.068300,0.035522,-0.035826,-0.074663,0.032325,-0.039370,-0.058649,0.030254,-0.028333,-0.050488
three,3,right,1782948496.597868,0.000000,0.000000,0.000000,-0.025477,-0.012045,-0.022235,-0.039068,-0.021183,-0.043989,-0.041191,-0.036893,-0.071625,-0.026354,-0.048707,-0.084851,-0.020170,0.003226,-0.081594,-0.024029,0.003226,-0.118309,-0.026282,0.001434,-0.139752,-0.028207,-0.001784,-0.158062,0.000000,0.003975,-0.081300,0.000000,0.003975,-0.125907,0.000000,0.001640,-0.149267,0.000000,-0.003077,-0.168344,0.017000,0.001900,-0.076400,0.026573,0.001900,-0.117863,0.031529,0.000360,-0.139333,0.035464,-0.002593,-0.156378,0.033100,-0.003774,-0.068300,0.035522,-0.035826,-0.074663,0.032325,-0.039370,-0.058649,0.030254,-0.028333,-0.050488
three,3,left,1782948496.6093512,0.000000,0.000000,0.000000,0.025477,-0.012045,-0.022235,0.039074,-0.025751,-0.041437,0.032312,-0.046078,-0.065020,0.009918,-0.051335,-0.067366,0.020170,0.003226,-0.081594,0.024029,0.003226,-0.118309,0.026284,0.001666,-0.139770,0.028216,-0.001089,-0.158154,0.000000,0.003975,-0.081300,0.000000,0.003975,-0.125907,0.000000,0.002255,-0.149320,0.000000,-0.001170,-0.168671,-0.017000,0.001900,-0.076400,-0.026573,0.001900,-0.117863,-0.031531,0.000511,-0.139342,-0.035478,-0.002130,-0.156436,-0.033100,-0.003774,-0.068300,-0.032129,-0.036429,-0.065770,-0.029596,-0.035078,-0.049308,-0.029091,-0.022040,-0.044567
three,3,right,1782948496.8154938,0.000000,0.000000,0.000000,-0.025477,-0.012045,-0.022235,-0.039068,-0.021183,-0.043989,-0.041191,-0.036893,-0.071625,-0.026354,-0.048707,-0.084851,-0.020170,0.003226,-0.081594,-0.024029,0.003226,-0.118309,-0.026282,0.001434,-0.139752,-0.028207,-0.001784,-0.158062,0.000000,0.003975,-0.081300,0.000000,0.003975,-0.125907,0.000000,0.001640,-0.149267,0.000000,-0.003077,-0.168344,0.017000,0.001900,-0.076400,0.026573,0.001900,-0.117863,0.031529,0.000360,-0.139333,0.035464,-0.002593,-0.156378,0.033100,-0.003774,-0.068300,0.035632,-0.035759,-0.074953,0.032425,-0.039482,-0.058982,0.030302,-0.028546,-0.050696
three,3,left,1782948496.8284495,0.000000,0.000000,0.000000,0.025477,-0.012045,-0.022235,0.039082,-0.025735,-0.041443,0.032367,-0.046052,-0.065047,0.009987,-0.051349,-0.067440,0.020170,0.003226,-0.081594,0.024029,0.003226,-0.118309,0.026284,0.001666,-0.139770,0.028216,-0.001089,-0.158154,0.000000,0.003975,-0.081300,0.000000,0.003975,-0.125907,0.000000,0.002255,-0.149320,0.000000,-0.001170,-0.168671,-0.017000,0.001900,-0.076400,-0.026573,0.001900,-0.117863,-0.031531,0.000511,-0.139342,-0.035478,-0.002130,-0.156436,-0.033100,-0.003774,-0.068300,-0.032129,-0.036429,-0.065770,-0.029596,-0.035078,-0.049308,-0.029091,-0.022040,-0.044567
three,3,right,1782948497.01653,0.000000,0.000000,0.000000,-0.025477,-0.012045,-0.022235,-0.039068,-0.021183,-0.043989,-0.041191,-0.036893,-0.071625,-0.026354,-0.048707,-0.084851,-0.020170,0.003226,-0.081594,-0.024029,0.003226,-0.118309,-0.026282,0.001434,-0.139752,-0.028207,-0.001784,-0.158062,0.000000,0.003975,-0.081300,0.000000,0.003975,-0.125907,0.000000,0.001640,-0.149267,0.000000,-0.003077,-0.168344,0.017000,0.001900,-0.076400,0.026573,0.001900,-0.117863,0.031529,0.000360,-0.139333,0.035464,-0.002593,-0.156378,0.033100,-0.003774,-0.068300,0.035780,-0.035663,-0.075345,0.032561,-0.039630,-0.059436,0.030369,-0.028840,-0.050980
three,3,left,1782948497.0394573,0.000000,0.000000,0.000000,0.025477,-0.012045,-0.022235,0.039125,-0.025653,-0.041471,0.032639,-0.045923,-0.065179,0.010333,-0.051415,-0.067812,0.020170,0.003226,-0.081594,0.024029,0.003226,-0.118309,0.026284,0.001666,-0.139770,0.028216,-0.001089,-0.158154,0.000000,0.003975,-0.081300,0.000000,0.003975,-0.125907,0.000000,0.002255,-0.149320,0.000000,-0.001170,-0.168671,-0.017000,0.001900,-0.076400,-0.026573,0.001900,-0.117863,-0.031531,0.000511,-0.139342,-0.035478,-0.002130,-0.156436,-0.033100,-0.003774,-0.068300,-0.032129,-0.036429,-0.065770,-0.029596,-0.035078,-0.049308,-0.029091,-0.022040,-0.044567
three,3,right,1782948497.2203903,0.000000,0.000000,0.000000,-0.025477,-0.012045,-0.022235,-0.039068,-0.021183,-0.043989,-0.041191,-0.036893,-0.071625,-0.026354,-0.048707,-0.084851,-0.020170,0.003226,-0.081594,-0.024029,0.003226,-0.118309,-0.026282,0.001434,-0.139752,-0.028207,-0.001784,-0.158062,0.000000,0.003975,-0.081300,0.000000,0.003975,-0.125907,0.000000,0.001640,-0.149267,0.000000,-0.003077,-0.168344,0.017000,0.001900,-0.076400,0.026573,0.001900,-0.117863,0.031529,0.000360,-0.139333,0.035464,-0.002593,-0.156378,0.033100,-0.003774,-0.068300,0.036231,-0.035334,-0.076539,0.032986,-0.040059,-0.060844,0.030584,-0.029745,-0.051866
three,3,left,1782948497.2635682,0.000000,0.000000,0.000000,0.025477,-0.012045,-0.022235,0.039159,-0.025586,-0.041494,0.032857,-0.045817,-0.065285,0.010613,-0.051465,-0.068112,0.020170,0.003226,-0.081594,0.024029,0.003226,-0.118309,0.026284,0.001666,-0.139770,0.028216,-0.001089,-0.158154,0.000000,0.003975,-0.081300,0.000000,0.003975,-0.125907,0.000000,0.002255,-0.149320,0.000000,-0.001170,-0.168671,-0.017000,0.001900,-0.076400,-0.026573,0.001900,-0.117863,-0.031531,0.000511,-0.139342,-0.035478,-0.002130,-0.156436,-0.033100,-0.003774,-0.068300,-0.032129,-0.036429,-0.065770,-0.029596,-0.035078,-0.049308,-0.029091,-0.022040,-0.044567
three,3,right,1782948497.4215589,0.000000,0.000000,0.000000,-0.025477,-0.012045,-0.022235,-0.039140,-0.020922,-0.044052,-0.041818,-0.036271,-0.071842,-0.027641,-0.048179,-0.085692,-0.020170,0.003226,-0.081594,-0.024029,0.003226,-0.118309,-0.026282,0.001434,-0.139752,-0.028207,-0.001784,-0.158062,0.000000,0.003975,-0.081300,0.000000,0.003975,-0.125907,0.000000,0.001640,-0.149267,0.000000,-0.003077,-0.168344,0.017000,0.001900,-0.076400,0.026573,0.001900,-0.117863,0.031529,0.000360,-0.139333,0.035464,-0.002593,-0.156378,0.033100,-0.003774,-0.068300,0.036384,-0.035209,-0.076945,0.033134,-0.040198,-0.061332,0.030661,-0.030060,-0.052175
three,3,left,1782948497.4753757,0.000000,0.000000,0.000000,0.025477,-0.012045,-0.022235,0.039252,-0.025401,-0.041558,0.033457,-0.045516,-0.065575,0.011402,-0.051591,-0.068939,0.020170,0.003226,-0.081594,0.024029,0.003226,-0.118309,0.026284,0.001666,-0.139770,0.028216,-0.001089,-0.158154,0.000000,0.003975,-0.081300,0.000000,0.003975,-0.125907,0.000000,0.002255,-0.149320,0.000000,-0.001170,-0.168671,-0.017000,0.001900,-0.076400,-0.026573,0.001900,-0.117863,-0.031531,0.000511,-0.139342,-0.035478,-0.002130,-0.156436,-0.033100,-0.003774,-0.068300,-0.032129,-0.036429,-0.065770,-0.029596,-0.035078,-0.049308,-0.029091,-0.022040,-0.044567
three,3,right,1782948497.6373842,0.000000,0.000000,0.000000,-0.025477,-0.012045,-0.022235,-0.039140,-0.020922,-0.044052,-0.041818,-0.036271,-0.071842,-0.027641,-0.048179,-0.085692,-0.020170,0.003226,-0.081594,-0.024029,0.003226,-0.118309,-0.026282,0.001434,-0.139752,-0.028207,-0.001784,-0.158062,0.000000,0.003975,-0.081300,0.000000,0.003975,-0.125907,0.000000,0.001640,-0.149267,0.000000,-0.003077,-0.168344,0.017000,0.001900,-0.076400,0.026573,0.001900,-0.117863,0.031529,0.000360,-0.139333,0.035464,-0.002593,-0.156378,0.033100,-0.003774,-0.068300,0.036769,-0.034866,-0.077970,0.033516,-0.040529,-0.062589,0.030864,-0.030868,-0.052978
three,3,left,1782948497.683879,0.000000,0.000000,0.000000,0.025477,-0.012045,-0.022235,0.039326,-0.025246,-0.041611,0.033949,-0.045259,-0.065810,0.012065,-0.051680,-0.069620,0.020170,0.003226,-0.081594,0.024029,0.003226,-0.118309,0.026284,0.001666,-0.139770,0.028216,-0.001089,-0.158154,0.000000,0.003975,-0.081300,0.000000,0.003975,-0.125907,0.000000,0.002255,-0.149320,0.000000,-0.001170,-0.168671,-0.017000,0.001900,-0.076400,-0.026573,0.001900,-0.117863,-0.031531,0.000511,-0.139342,-0.035478,-0.002130,-0.156436,-0.033100,-0.003774,-0.068300,-0.032129,-0.036429,-0.065770,-0.029596,-0.035078,-0.049308,-0.029091,-0.022040,-0.044567
pinch,1,right,1782948503.8361788,0.000000,0.000000,0.000000,-0.025477,-0.012045,-0.022235,-0.039250,-0.020527,-0.044140,-0.042757,-0.035317,-0.072140,-0.029605,-0.047311,-0.086899,-0.020170,0.003226,-0.081594,-0.024029,0.003226,-0.118309,-0.026282,0.001434,-0.139752,-0.028207,-0.001784,-0.158062,0.000000,0.003975,-0.081300,0.000000,0.003975,-0.125907,0.000000,0.001640,-0.149267,0.000000,-0.003077,-0.168344,0.017000,0.001900,-0.076400,0.026573,0.001900,-0.117863,0.031529,0.000360,-0.139333,0.035464,-0.002593,-0.156378,0.033100,-0.003774,-0.068300,0.037470,-0.034131,-0.079836,0.034245,-0.041050,-0.064972,0.031276,-0.032375,-0.054547
pinch,1,left,1782948503.8380778,0.000000,0.000000,0.000000,0.025477,-0.012045,-0.022235,0.040229,-0.022818,-0.042429,0.040845,-0.040584,-0.068867,0.023093,-0.051113,-0.079292,0.020170,0.003226,-0.081594,0.024029,0.003226,-0.118309,0.026284,0.001666,-0.139770,0.028216,-0.001089,-0.158154,0.000000,0.003975,-0.081300,0.000000,0.003975,-0.125907,0.000000,0.002255,-0.149320,0.000000,-0.001170,-0.168671,-0.017000,0.001900,-0.076400,-0.026573,0.001900,-0.117863,-0.031529,0.000360,-0.139333,-0.035464,-0.002593,-0.156377,-0.033100,-0.003774,-0.068300,-0.035305,-0.035950,-0.074090,-0.032410,-0.039137,-0.057945,-0.030538,-0.027903,-0.050006
pinch,1,left,1782948504.0383217,0.000000,0.000000,0.000000,0.025477,-0.012045,-0.022235,0.040276,-0.022653,-0.042482,0.041267,-0.040228,-0.069036,0.023879,-0.050941,-0.079877,0.020170,0.003226,-0.081594,0.024029,0.003226,-0.118309,0.026284,0.001666,-0.139770,0.028216,-0.001089,-0.158154,0.000000,0.003975,-0.081300,0.000000,0.003975,-0.125907,0.000000,0.002255,-0.149320,0.000000,-0.001170,-0.168671,-0.017000,0.001900,-0.076400,-0.026573,0.001900,-0.117863,-0.031529,0.000360,-0.139333,-0.035464,-0.002593,-0.156377,-0.033100,-0.003774,-0.068300,-0.035305,-0.035950,-0.074090,-0.032410,-0.039137,-0.057945,-0.030538,-0.027903,-0.050006
pinch,1,right,1782948504.0385532,0.000000,0.000000,0.000000,-0.025477,-0.012045,-0.022235,-0.039250,-0.020527,-0.044140,-0.042757,-0.035317,-0.072140,-0.029605,-0.047311,-0.086899,-0.020170,0.003226,-0.081594,-0.024029,0.003226,-0.118309,-0.026282,0.001434,-0.139752,-0.028207,-0.001784,-0.158062,0.000000,0.003975,-0.081300,0.000000,0.003975,-0.125907,0.000000,0.001640,-0.149267,0.000000,-0.003077,-0.168344,0.017000,0.001900,-0.076400,0.026573,0.001900,-0.117863,0.031529,0.000360,-0.139333,0.035464,-0.002593,-0.156378,0.033100,-0.003774,-0.068300,0.037470,-0.034131,-0.079836,0.034245,-0.041050,-0.064972,0.031276,-0.032375,-0.054547
pinch,1,left,1782948504.2393653,0.000000,0.000000,0.000000,0.025477,-0.012045,-0.022235,0.040291,-0.022601,-0.042498,0.041398,-0.040115,-0.069088,0.024126,-0.050884,-0.080059,0.020170,0.003226,-0.081594,0.024029,0.003226,-0.118309,0.026284,0.001666,-0.139770,0.028216,-0.001089,-0.158154,0.000000,0.003975,-0.081300,0.000000,0.003975,-0.125907,0.000000,0.002255,-0.149320,0.000000,-0.001170,-0.168671,-0.017000,0.001900,-0.076400,-0.026573,0.001900,-0.117863,-0.031529,0.000360,-0.139333,-0.035464,-0.002593,-0.156377,-0.033100,-0.003774,-0.068300,-0.035305,-0.035950,-0.074090,-0.032410,-0.039137,-0.057945,-0.030538,-0.027903,-0.050006
pinch,1,right,1782948504.2395835,0.000000,0.000000,0.000000,-0.025477,-0.012045,-0.022235,-0.039250,-0.020527,-0.044140,-0.042757,-0.035317,-0.072140,-0.029605,-0.047311,-0.086899,-0.020170,0.003226,-0.081594,-0.024029,0.003226,-0.118309,-0.026282,0.001434,-0.139752,-0.028207,-0.001784,-0.158062,0.000000,0.003975,-0.081300,0.000000,0.003975,-0.125907,0.000000,0.001640,-0.149267,0.000000,-0.003077,-0.168344,0.017000,0.001900,-0.076400,0.026573,0.001900,-0.117863,0.031529,0.000360,-0.139333,0.035464,-0.002593,-0.156378,0.033100,-0.003774,-0.068300,0.037470,-0.034131,-0.079836,0.034245,-0.041050,-0.064972,0.031276,-0.032375,-0.054547
pinch,1,left,1782948504.4475374,0.000000,0.000000,0.000000,0.025477,-0.012045,-0.022235,0.040294,-0.022590,-0.042502,0.041424,-0.040093,-0.069099,0.024175,-0.050872,-0.080096,0.020170,0.003226,-0.081594,0.024029,0.003226,-0.118309,0.026284,0.001666,-0.139770,0.028216,-0.001089,-0.158154,0.000000,0.003975,-0.081300,0.000000,0.003975,-0.125907,0.000000,0.002255,-0.149320,0.000000,-0.001170,-0.168671,-0.017000,0.001900,-0.076400,-0.026573,0.001900,-0.117863,-0.031529,0.000360,-0.139333,-0.035464,-0.002593,-0.156377,-0.033100,-0.003774,-0.068300,-0.035305,-0.035950,-0.074090,-0.032410,-0.039137,-0.057945,-0.030538,-0.027903,-0.050006
pinch,1,right,1782948504.4598873,0.000000,0.000000,0.000000,-0.025477,-0.012045,-0.022235,-0.039250,-0.020527,-0.044140,-0.042757,-0.035317,-0.072140,-0.029605,-0.047311,-0.086899,-0.020170,0.003226,-0.081594,-0.024029,0.003226,-0.118309,-0.026282,0.001434,-0.139752,-0.028207,-0.001784,-0.158062,0.000000,0.003975,-0.081300,0.000000,0.003975,-0.125907,0.000000,0.001640,-0.149267,0.000000,-0.003077,-0.168344,0.017000,0.001900,-0.076400,0.026573,0.001900,-0.117863,0.031529,0.000360,-0.139333,0.035464,-0.002593,-0.156378,0.033100,-0.003774,-0.068300,0.037470,-0.034131,-0.079836,0.034245,-0.041050,-0.064972,0.031276,-0.032375,-0.054547
pinch,1,left,1782948504.6530647,0.000000,0.000000,0.000000,0.025477,-0.012045,-0.022235,0.040328,-0.022465,-0.042541,0.041738,-0.039819,-0.069222,0.024773,-0.050727,-0.080529,0.020170,0.003226,-0.081594,0.024029,0.003226,-0.118309,0.026284,0.001666,-0.139770,0.028216,-0.001089,-0.158154,0.000000,0.003975,-0.081300,0.000000,0.003975,-0.125907,0.000000,0.002255,-0.149320,0.000000,-0.001170,-0.168671,-0.017000,0.001900,-0.076400,-0.026573,0.001900,-0.117863,-0.031529,0.000360,-0.139333,-0.035464,-0.002593,-0.156377,-0.033100,-0.003774,-0.068300,-0.035305,-0.035950,-0.074090,-0.032410,-0.039137,-0.057945,-0.030538,-0.027903,-0.050006
pinch,1,right,1782948504.665636,0.000000,0.000000,0.000000,-0.025477,-0.012045,-0.022235,-0.039399,-0.020014,-0.044238,-0.043974,-0.034052,-0.072470,-0.032224,-0.046062,-0.088357,-0.020170,0.003226,-0.081594,-0.024029,0.003226,-0.118309,-0.026282,0.001434,-0.139752,-0.028207,-0.001784,-0.158062,0.000000,0.003975,-0.081300,0.000000,0.003975,-0.125907,0.000000,0.001640,-0.149267,0.000000,-0.003077,-0.168344,0.017000,0.001900,-0.076400,0.026573,0.001900,-0.117863,0.031529,0.000360,-0.139333,0.035464,-0.002593,-0.156378,0.033100,-0.003774,-0.068300,0.039064,-0.031754,-0.084276,0.036167,-0.041876,-0.071300,0.032544,-0.036430,-0.059055
pinch,1,left,1782948504.862359,0.000000,0.000000,0.000000,0.025477,-0.012045,-0.022235,0.040328,-0.022465,-0.042541,0.041738,-0.039819,-0.069222,0.024773,-0.050727,-0.080529,0.020170,0.003226,-0.081594,0.024029,0.003226,-0.118309,0.026284,0.001666,-0.139770,0.028216,-0.001089,-0.158154,0.000000,0.003975,-0.081300,0.000000,0.003975,-0.125907,0.000000,0.002255,-0.149320,0.000000,-0.001170,-0.168671,-0.017000,0.001900,-0.076400,-0.026573,0.001900,-0.117863,-0.031529,0.000360,-0.139333,-0.035464,-0.002593,-0.156377,-0.033100,-0.003774,-0.068300,-0.035305,-0.035950,-0.074090,-0.032410,-0.039137,-0.057945,-0.030538,-0.027903,-0.050006
pinch,1,right,1782948504.884207,0.000000,0.000000,0.000000,-0.025477,-0.012045,-0.022235,-0.041016,-0.013105,-0.044571,-0.057888,-0.015121,-0.071521,-0.068954,-0.017251,-0.091711,-0.020170,0.003226,-0.081594,-0.024029,0.003226,-0.118309,-0.026284,0.001711,-0.139773,-0.028218,-0.000965,-0.158169,0.000000,0.003975,-0.081300,0.000000,0.003975,-0.125907,0.000000,0.001247,-0.149224,0.000000,-0.004260,-0.168089,0.017000,0.001900,-0.076400,0.026573,0.001900,-0.117863,0.031508,-0.000650,-0.139241,0.035340,-0.005611,-0.155838,0.033100,-0.003774,-0.068300,0.044262,-0.011301,-0.098174,0.047930,-0.025594,-0.106016,0.048241,-0.039399,-0.104581
pinch,1,left,1782948505.0816453,0.000000,0.000000,0.000000,0.025477,-0.012045,-0.022235,0.040472,-0.021894,-0.042720,0.043128,-0.038543,-0.069752,0.027511,-0.049946,-0.082431,0.020170,0.003226,-0.081594,0.024029,0.003226,-0.118309,0.026284,0.001666,-0.139770,0.028216,-0.001089,-0.158154,0.000000,0.003975,-0.081300,0.000000,0.003975,-0.125907,0.000000,0.002255,-0.149320,0.000000,-0.001170,-0.168671,-0.017000,0.001900,-0.076400,-0.026573,0.001900,-0.117863,-0.031529,0.000360,-0.139333,-0.035464,-0.002593,-0.156377,-0.033100,-0.003774,-0.068300,-0.036905,-0.034735,-0.078331,-0.034042,-0.040618,-0.062955,-0.031479,-0.031128,-0.053152
pinch,1,right,1782948505.1048183,0.000000,0.000000,0.000000,-0.025477,-0.012045,-0.022235,-0.041083,-0.012672,-0.044540,-0.058569,-0.013873,-0.071145,-0.070839,-0.014992,-0.090712,-0.020170,0.003226,-0.081594,-0.024017,0.002928,-0.118309,-0.026175,-0.003348,-0.138901,-0.027795,-0.013724,-0.154361,0.000000,0.003975,-0.081300,0.000000,0.003975,-0.125907,0.000000,-0.000305,-0.148990,0.000000,-0.008642,-0.166786,0.017000,0.001900,-0.076400,0.026573,0.001900,-0.117863,0.031503,-0.000851,-0.139218,0.035307,-0.006207,-0.155697,0.033100,-0.003774,-0.068300,0.044842,-0.003781,-0.098891,0.050732,-0.006797,-0.114235,0.055231,-0.012726,-0.125954
pinch,1,left,1782948505.2898972,0.000000,0.000000,0.000000,0.025477,-0.012045,-0.022235,0.041132,-0.012868,-0.044500,0.058434,-0.014440,-0.071205,0.070321,-0.015970,-0.090979,0.020170,0.003226,-0.081594,0.024029,0.003226,-0.118309,0.026286,0.001888,-0.139785,0.028224,-0.000427,-0.158229,0.000000,0.003975,-0.081300,0.000000,0.003975,-0.125907,0.000000,0.002296,-0.149323,0.000000,-0.001043,-0.168689,-0.017000,0.001900,-0.076400,-0.026573,0.001900,-0.117863,-0.031531,0.000511,-0.139342,-0.035478,-0.002130,-0.156436,-0.033100,-0.003774,-0.068300,-0.044004,-0.013601,-0.097596,-0.046702,-0.029309,-0.102616,-0.045799,-0.042323,-0.097867
pinch,1,right,1782948505.3121722,0.000000,0.000000,0.000000,-0.025477,-0.012045,-0.022235,-0.041083,-0.012672,-0.044540,-0.058569,-0.013873,-0.071145,-0.070839,-0.014992,-0.090712,-0.020170,0.003226,-0.081594,-0.023978,0.001896,-0.118290,-0.026007,-0.007124,-0.137851,-0.027373,-0.020323,-0.151013,0.000000,0.003975,-0.081300,0.000000,0.003974,-0.125907,0.000000,-0.001125,-0.148822,0.000000,-0.010750,-0.165956,0.017000,0.001900,-0.076400,0.026573,0.001900,-0.117863,0.031503,-0.000851,-0.139218,0.035307,-0.006207,-0.155697,0.033100,-0.003774,-0.068300,0.044843,-0.003774,-0.098891,0.050792,-0.005683,-0.114389,0.055565,-0.009601,-0.126823
pinch,1,left,1782948505.4967122,0.000000,0.000000,0.000000,0.025477,-0.012045,-0.022235,0.041132,-0.012868,-0.044500,0.058434,-0.014440,-0.071205,0.070321,-0.015970,-0.090979,0.020170,0.003226,-0.081594,0.024029,0.003226,-0.118309,0.026284,0.001666,-0.139770,0.028216,-0.001089,-0.158154,0.000000,0.003975,-0.081300,0.000000,0.003975,-0.125907,0.000000,0.002255,-0.149320,0.000000,-0.001170,-0.168671,-0.017000,0.001900,-0.076400,-0.026573,0.001900,-0.117863,-0.031531,0.000511,-0.139342,-0.035478,-0.002130,-0.156436,-0.033100,-0.003774,-0.068300,-0.044570,-0.007911,-0.098715,-0.049253,-0.018883,-0.110415,-0.051101,-0.032070,-0.114343
pinch,1,right,1782948505.5197992,0.000000,0.000000,0.000000,-0.025477,-0.012045,-0.022235,-0.041083,-0.012672,-0.044540,-0.058569,-0.013873,-0.071145,-0.070839,-0.014992,-0.090712,-0.020170,0.003226,-0.081594,-0.023973,0.001775,-0.118286,-0.025989,-0.007493,-0.137732,-0.027331,-0.020906,-0.150677,0.000000,0.003975,-0.081300,0.000000,0.003930,-0.125907,0.000000,-0.002002,-0.148621,0.000000,-0.012791,-0.165047,0.017000,0.001900,-0.076400,0.026573,0.001900,-0.117863,0.031503,-0.000851,-0.139218,0.035307,-0.006207,-0.155697,0.033100,-0.003774,-0.068300,0.044843,-0.003774,-0.098891,0.050792,-0.005683,-0.114389,0.055565,-0.009601,-0.126823
pinch,1,left,1782948505.7136095,0.000000,0.000000,0.000000,0.025477,-0.012045,-0.022235,0.041132,-0.012868,-0.044500,0.058434,-0.014440,-0.071205,0.070321,-0.015970,-0.090979,0.020170,0.003226,-0.081594,0.024029,0.003226,-0.118309,0.026277,0.000933,-0.139705,0.028181,-0.003271,-0.157815,0.000000,0.003975,-0.081300,0.000000,0.003975,-0.125907,0.000000,0.001546,-0.149257,0.000000,-0.003363,-0.168286,-0.017000,0.001900,-0.076400,-0.026573,0.001900,-0.117863,-0.031531,0.000511,-0.139342,-0.035478,-0.002130,-0.156436,-0.033100,-0.003774,-0.068300,-0.044843,-0.003774,-0.098891,-0.050771,-0.006131,-0.114335,-0.055442,-0.010913,-0.126503
pinch,1,right,1782948505.72671,0.000000,0.000000,0.000000,-0.025477,-0.012045,-0.022235,-0.041083,-0.012672,-0.044540,-0.058569,-0.013873,-0.071145,-0.070839,-0.014992,-0.090712,-0.020170,0.003226,-0.081594,-0.023938,0.000822,-0.118240,-0.025839,-0.010259,-0.136724,-0.027001,-0.025095,-0.148031,0.000000,0.003975,-0.081300,0.000000,0.003887,-0.125906,0.000000,-0.002384,-0.148530,0.000000,-0.013612,-0.164659,0.017000,0.001900,-0.076400,0.026573,0.001900,-0.117863,0.031503,-0.000851,-0.139218,0.035307,-0.006207,-0.155697,0.033100,-0.003774,-0.068300,0.044843,-0.003774,-0.098891,0.050792,-0.005683,-0.114389,0.055565,-0.009601,-0.126823
pinch,1,left,1782948505.9337585,0.000000,0.000000,0.000000,0.025477,-0.012045,-0.022235,0.041132,-0.012868,-0.044500,0.058434,-0.014440,-0.071205,0.070321,-0.015970,-0.090979,0.020170,0.003226,-0.081594,0.024029,0.003226,-0.118309,0.026279,0.001055,-0.139717,0.028188,-0.002909,-0.157881,0.000000,0.003975,-0.081300,0.000000,0.003975,-0.125907,0.000000,0.001546,-0.149257,0.000000,-0.003363,-0.168286,-0.017000,0.001900,-0.076400,-0.026573,0.001900,-0.117863,-0.031531,0.000511,-0.139342,-0.035478,-0.002130,-0.156436,-0.033100,-0.003774,-0.068300,-0.044843,-0.003774,-0.098891,-0.050802,-0.005411,-0.114416,-0.055629,-0.008773,-0.126991
pinch,1,right,1782948505.93422,0.000000,0.000000,0.000000,-0.025477,-0.012045,-0.022235,-0.041083,-0.012672,-0.044540,-0.058569,-0.013873,-0.071145,-0.070839,-0.014992,-0.090712,-0.020170,0.003226,-0.081594,-0.024028,0.003208,-0.118309,-0.026267,0.000221,-0.139620,-0.028138,-0.005169,-0.157418,0.000000,0.003975,-0.081300,0.000000,0.003916,-0.125907,0.000000,-0.001459,-0.148759,0.000000,-0.011358,-0.165736,0.017000,0.001900,-0.076400,0.026573,0.001900,-0.117863,0.031521,-0.000083,-0.139298,0.035417,-0.003938,-0.156171,0.033100,-0.003774,-0.068300,0.044843,-0.003774,-0.098891,0.050803,-0.005402,-0.114417,0.055631,-0.008745,-0.126996
pinch,1,right,1782948506.1417954,0.000000,0.000000,0.000000,-0.025477,-0.012045,-0.022235,-0.041083,-0.012672,-0.044540,-0.058569,-0.013873,-0.071145,-0.070839,-0.014992,-0.090712,-0.020170,0.003226,-0.081594,-0.024029,0.003226,-0.118309,-0.026282,0.001434,-0.139752,-0.028207,-0.001784,-0.158062,0.000000,0.003975,-0.081300,0.000000,0.003975,-0.125907,0.000000,0.002153,-0.149312,0.000000,-0.001489,-0.168624,0.017000,0.001900,-0.076400,0.026573,0.001900,-0.117863,0.031530,0.000410,-0.139336,0.035469,-0.002439,-0.156398,0.033100,-0.003774,-0.068300,0.044843,-0.003774,-0.098891,0.050804,-0.005346,-0.114422,0.055644,-0.008573,-0.127028
pinch,1,left,1782948506.1540256,0.000000,0.000000,0.000000,0.025477,-0.012045,-0.022235,0.041132,-0.012868,-0.044500,0.058434,-0.014440,-0.071205,0.070321,-0.015970,-0.090979,0.020170,0.003226,-0.081594,0.024029,0.003226,-0.118309,0.026284,0.001666,-0.139770,0.028216,-0.001089,-0.158154,0.000000,0.003975,-0.081300,0.000000,0.003975,-0.125907,0.000000,0.001353,-0.149236,0.000000,-0.003947,-0.168160,-0.017000,0.001900,-0.076400,-0.026573,0.001900,-0.117863,-0.031531,0.000511,-0.139342,-0.035478,-0.002130,-0.156436,-0.033100,-0.003774,-0.068300,-0.044843,-0.003774,-0.098891,-0.050802,-0.005411,-0.114416,-0.055629,-0.008773,-0.126991
pinch,1,right,1782948506.3584008,0.000000,0.000000,0.000000,-0.025477,-0.012045,-0.022235,-0.041083,-0.012672,-0.044540,-0.058569,-0.013873,-0.071145,-0.070839,-0.014992,-0.090712,-0.020170,0.003226,-0.081594,-0.024029,0.003226,-0.118309,-0.026274,0.000663,-0.139674,-0.028164,-0.004062,-0.157658,0.000000,0.003975,-0.081300,0.000000,0.003975,-0.125907,0.000000,0.001845,-0.149286,0.000000,-0.002443,-0.168465,0.017000,0.001900,-0.076400,0.026573,0.001900,-0.117863,0.031536,0.000889,-0.139363,0.035505,-0.000983,-0.156552,0.033100,-0.003774,-0.068300,0.044843,-0.003774,-0.098891,0.050821,-0.004752,-0.114464,0.055746,-0.006706,-0.127296
pinch,1,left,1782948506.3726704,0.000000,0.000000,0.000000,0.025477,-0.012045,-0.022235,0.041132,-0.012868,-0.044500,0.058434,-0.014440,-0.071205,0.070321,-0.015970,-0.090979,0.020170,0.003226,-0.081594,0.024029,0.003226,-0.118309,0.026285,0.001777,-0.139778,0.028221,-0.000758,-0.158193,0.000000,0.003975,-0.081300,0.000000,0.003975,-0.125907,0.000000,0.002299,-0.149323,0.000000,-0.001029,-0.168691,-0.017000,0.001900,-0.076400,-0.026573,0.001900,-0.117863,-0.031531,0.000511,-0.139342,-0.035478,-0.002130,-0.156436,-0.033100,-0.003774,-0.068300,-0.044843,-0.003774,-0.098891,-0.050816,-0.004950,-0.114452,-0.055718,-0.007331,-0.127221
pinch,1,right,1782948506.581781,0.000000,0.000000,0.000000,-0.025477,-0.012045,-0.022235,-0.041083,-0.012672,-0.044540,-0.058569,-0.013873,-0.071145,-0.070839,-0.014992,-0.090712,-0.020170,0.003226,-0.081594,-0.024029,0.003226,-0.118309,-0.026274,0.000663,-0.139674,-0.028164,-0.004062,-0.157658,0.000000,0.003975,-0.081300,0.000000,0.003975,-0.125907,0.000000,0.001050,-0.149200,0.000000,-0.004849,-0.167946,0.017000,0.001900,-0.076400,0.026573,0.001900,-0.117863,0.031531,0.000511,-0.139343,0.035478,-0.002130,-0.156436,0.033100,-0.003774,-0.068300,0.044843,-0.003774,-0.098891,0.050804,-0.005346,-0.114422,0.055644,-0.008573,-0.127028
pinch,1,left,1782948506.5941198,0.000000,0.000000,0.000000,0.025477,-0.012045,-0.022235,0.041132,-0.012868,-0.044500,0.058434,-0.014440,-0.071205,0.070321,-0.015970,-0.090979,0.020170,0.003226,-0.081594,0.024029,0.003226,-0.118309,0.026286,0.001888,-0.139785,0.028224,-0.000427,-0.158229,0.000000,0.003975,-0.081300,0.000000,0.003975,-0.125907,0.000000,0.002498,-0.149337,0.000000,-0.000406,-0.168773,-0.017000,0.001900,-0.076400,-0.026573,0.001900,-0.117863,-0.031531,0.000511,-0.139342,-0.035478,-0.002130,-0.156436,-0.033100,-0.003774,-0.068300,-0.044843,-0.003774,-0.098891,-0.050805,-0.005346,-0.114422,-0.055644,-0.008573,-0.127028
pinch,1,right,1782948506.7896116,0.000000,0.000000,0.000000,-0.025477,-0.012045,-0.022235,-0.041083,-0.012672,-0.044540,-0.058569,-0.013873,-0.071145,-0.070839,-0.014992,-0.090712,-0.020170,0.003226,-0.081594,-0.024029,0.003226,-0.118309,-0.026274,0.000663,-0.139674,-0.028164,-0.004062,-0.157658,0.000000,0.003975,-0.081300,0.000000,0.003975,-0.125907,0.000000,0.001050,-0.149200,0.000000,-0.004849,-0.167946,0.017000,0.001900,-0.076400,0.026573,0.001900,-0.117863,0.031531,0.000511,-0.139343,0.035478,-0.002130,-0.156436,0.033100,-0.003774,-0.068300,0.044843,-0.003774,-0.098891,0.050804,-0.005346,-0.114422,0.055644,-0.008573,-0.127028
pinch,1,left,1782948506.800128,0.000000,0.000000,0.000000,0.025477,-0.012045,-0.022235,0.041132,-0.012868,-0.044500,0.058434,-0.014440,-0.071205,0.070321,-0.015970,-0.090979,0.020170,0.003226,-0.081594,0.024029,0.003226,-0.118309,0.026286,0.001995,-0.139791,0.028228,-0.000113,-0.158260,0.000000,0.003975,-0.081300,0.000000,0.003975,-0.125907,0.000000,0.002255,-0.149320,0.000000,-0.001170,-0.168671,-0.017000,0.001900,-0.076400,-0.026573,0.001900,-0.117863,-0.031531,0.000511,-0.139342,-0.035478,-0.002130,-0.156436,-0.033100,-0.003774,-0.068300,-0.044843,-0.003774,-0.098891,-0.050805,-0.005346,-0.114422,-0.055644,-0.008573,-0.127028
pinch,1,right,1782948506.9950178,0.000000,0.000000,0.000000,-0.025477,-0.012045,-0.022235,-0.041083,-0.012672,-0.044540,-0.058569,-0.013873,-0.071145,-0.070839,-0.014992,-0.090712,-0.020170,0.003226,-0.081594,-0.024029,0.003226,-0.118309,-0.026274,0.000663,-0.139674,-0.028164,-0.004062,-0.157658,0.000000,0.003975,-0.081300,0.000000,0.003975,-0.125907,0.000000,0.001050,-0.149200,0.000000,-0.004849,-0.167946,0.017000,0.001900,-0.076400,0.026573,0.001900,-0.117863,0.031531,0.000511,-0.139343,0.035478,-0.002130,-0.156436,0.033100,-0.003774,-0.068300,0.044843,-0.003774,-0.098891,0.050804,-0.005346,-0.114422,0.055644,-0.008573,-0.127028
pinch,1,left,1782948507.0277321,0.000000,0.000000,0.000000,0.025477,-0.012045,-0.022235,0.041132,-0.012868,-0.044500,0.058434,-0.014440,-0.071205,0.070321,-0.015970,-0.090979,0.020170,0.003226,-0.081594,0.024029,0.003226,-0.118309,0.026286,0.001888,-0.139785,0.028224,-0.000427,-0.158229,0.000000,0.003975,-0.081300,0.000000,0.003975,-0.125907,0.000000,0.002255,-0.149320,0.000000,-0.001170,-0.168671,-0.017000,0.001900,-0.076400,-0.026573,0.001900,-0.117863,-0.031531,0.000511,-0.139342,-0.035478,-0.002130,-0.156436,-0.033100,-0.003774,-0.068300,-0.044843,-0.003774,-0.098891,-0.050805,-0.005346,-0.114422,-0.055644,-0.008573,-0.127028
pinch,1,right,1782948507.2045598,0.000000,0.000000,0.000000,-0.025477,-0.012045,-0.022235,-0.041083,-0.012672,-0.044540,-0.058569,-0.013873,-0.071145,-0.070839,-0.014992,-0.090712,-0.020170,0.003226,-0.081594,-0.023407,-0.013981,-0.114095,-0.023592,-0.035546,-0.115827,-0.022811,-0.052429,-0.107849,0.000000,0.003975,-0.081300,0.000000,0.003975,-0.125907,0.000000,0.000702,-0.149154,0.000000,-0.005813,-0.167694,0.017000,0.001900,-0.076400,0.026573,0.001900,-0.117863,0.031532,0.000541,-0.139345,0.035480,-0.002041,-0.156447,0.033100,-0.003774,-0.068300,0.044843,-0.003774,-0.098891,0.050804,-0.005346,-0.114422,0.055644,-0.008573,-0.127028
pinch,1,left,1782948507.2356794,0.000000,0.000000,0.000000,0.025477,-0.012045,-0.022235,0.041132,-0.012868,-0.044500,0.058434,-0.014440,-0.071205,0.070321,-0.015970,-0.090979,0.020170,0.003226,-0.081594,0.024029,0.003226,-0.118309,0.026286,0.001888,-0.139785,0.028224,-0.000427,-0.158229,0.000000,0.003975,-0.081300,0.000000,0.003975,-0.125907,0.000000,0.002255,-0.149320,0.000000,-0.001170,-0.168671,-0.017000,0.001900,-0.076400,-0.026573,0.001900,-0.117863,-0.031531,0.000511,-0.139342,-0.035478,-0.002130,-0.156436,-0.033100,-0.003774,-0.068300,-0.044843,-0.003774,-0.098891,-0.050805,-0.005346,-0.114422,-0.055644,-0.008573,-0.127028
pinch,1,right,1782948507.423912,0.000000,0.000000,0.000000,-0.025477,-0.012045,-0.022235,-0.040295,-0.016663,-0.044609,-0.051373,-0.025211,-0.073231,-0.050642,-0.034517,-0.094386,-0.020170,0.003226,-0.081594,-0.021160,-0.032066,-0.092381,-0.019275,-0.038611,-0.071845,-0.017729,-0.030671,-0.054997,0.000000,0.003975,-0.081300,0.000000,0.001035,-0.125810,0.000000,-0.011321,-0.145771,0.000000,-0.027930,-0.156276,0.017000,0.001900,-0.076400,0.026191,0.000589,-0.117929,0.030551,-0.008397,-0.137630,0.033102,-0.021637,-0.149160,0.033100,-0.003774,-0.068300,0.044843,-0.003774,-0.098891,0.050804,-0.005346,-0.114422,0.055644,-0.008573,-0.127028
pinch,1,left,1782948507.456173,0.000000,0.000000,0.000000,0.025477,-0.012045,-0.022235,0.041132,-0.012868,-0.044500,0.058434,-0.014440,-0.071205,0.070321,-0.015970,-0.090979,0.020170,0.003226,-0.081594,0.024029,0.003226,-0.118309,0.026286,0.001888,-0.139785,0.028224,-0.000427,-0.158229,0.000000,0.003975,-0.081300,0.000000,0.003975,-0.125907,0.000000,0.002255,-0.149320,0.000000,-0.001170,-0.168671,-0.017000,0.001900,-0.076400,-0.026573,0.001900,-0.117863,-0.031531,0.000511,-0.139342,-0.035478,-0.002130,-0.156436,-0.033100,-0.003774,-0.068300,-0.044843,-0.003774,-0.098891,-0.050805,-0.005346,-0.114422,-0.055644,-0.008573,-0.127028
pinch,1,right,1782948507.654328,0.000000,0.000000,0.000000,-0.025477,-0.012045,-0.022235,-0.038839,-0.022022,-0.043762,-0.039157,-0.038832,-0.070823,-0.022334,-0.050137,-0.081951,-0.020170,0.003226,-0.081594,-0.021794,-0.029382,-0.098827,-0.020056,-0.040573,-0.080393,-0.018331,-0.037202,-0.062091,0.000000,0.003975,-0.081300,0.000000,0.001129,-0.125816,0.000000,-0.011072,-0.145873,0.000000,-0.027581,-0.156534,0.017000,0.001900,-0.076400,0.026573,0.001900,-0.117863,0.031529,0.000360,-0.139333,0.035464,-0.002590,-0.156378,0.033100,-0.003774,-0.068300,0.044843,-0.003774,-0.098891,0.050804,-0.005346,-0.114422,0.055644,-0.008573,-0.127028
pinch,1,left,1782948507.6672938,0.000000,0.000000,0.000000,0.025477,-0.012045,-0.022235,0.041141,-0.016646,-0.044028,0.053338,-0.025158,-0.072203,0.053094,-0.034531,-0.093339,0.020170,0.003226,-0.081594,0.022177,-0.026870,-0.102880,0.020763,-0.042116,-0.087594,0.019038,-0.043998,-0.069080,0.000000,0.003975,-0.081300,0.000000,0.003268,-0.125901,0.000000,-0.002470,-0.148665,0.000000,-0.011966,-0.165870,-0.017000,0.001900,-0.076400,-0.026468,0.001305,-0.117883,-0.031252,-0.003768,-0.138841,-0.034753,-0.011968,-0.154179,-0.033100,-0.003774,-0.068300,-0.044843,-0.003774,-0.098891,-0.050805,-0.005346,-0.114422,-0.055644,-0.008573,-0.127028
pinch,1,right,1782948507.874045,0.000000,0.000000,0.000000,-0.025477,-0.012045,-0.022235,-0.038350,-0.023900,-0.043097,-0.034500,-0.042804,-0.068452,-0.014089,-0.051819,-0.074516,-0.020170,0.003226,-0.081594,-0.021917,-0.028707,-0.100037,-0.020226,-0.040814,-0.082186,-0.018477,-0.038473,-0.063726,0.000000,0.003975,-0.081300,0.000000,0.001223,-0.125822,0.000000,-0.010822,-0.145973,0.000000,-0.027230,-0.156789,0.017000,0.001900,-0.076400,0.026573,0.001900,-0.117863,0.031503,-0.000851,-0.139218,0.035307,-0.006207,-0.155697,0.033100,-0.003774,-0.068300,0.044843,-0.003774,-0.098891,0.050804,-0.005346,-0.114422,0.055644,-0.008573,-0.127028
pinch,1,left,1782948507.8852978,0.000000,0.000000,0.000000,0.025477,-0.012045,-0.022235,0.039718,-0.024277,-0.041959,0.036799,-0.043531,-0.067174,0.016255,-0.051901,-0.073698,0.020170,0.003226,-0.081594,0.021607,-0.030161,-0.097283,0.019863,-0.040262,-0.078230,0.018210,-0.035743,-0.060171,0.000000,0.003975,-0.081300,0.000000,0.002784,-0.125891,0.000000,-0.006167,-0.147594,0.000000,-0.020079,-0.161475,-0.017000,0.001900,-0.076400,-0.026499,0.001482,-0.117878,-0.031269,-0.004104,-0.138709,-0.034629,-0.013495,-0.153381,-0.033100,-0.003774,-0.068300,-0.044843,-0.003774,-0.098891,-0.050805,-0.005346,-0.114422,-0.055644,-0.008573,-0.127028
pinch,1,right,1782948508.0831063,0.000000,0.000000,0.000000,-0.025477,-0.012045,-0.022235,-0.038228,-0.024416,-0.042871,-0.033209,-0.043788,-0.067662,-0.012060,-0.051899,-0.072307,-0.020170,0.003226,-0.081594,-0.021923,-0.028673,-0.100094,-0.020234,-0.040824,-0.082273,-0.018484,-0.038533,-0.063807,0.000000,0.003975,-0.081300,0.000000,0.001575,-0.125842,0.000000,-0.009866,-0.146342,0.000000,-0.025864,-0.157755,0.017000,0.001900,-0.076400,0.026573,0.001900,-0.117863,0.031503,-0.000851,-0.139218,0.035307,-0.006207,-0.155697,0.033100,-0.003774,-0.068300,0.044843,-0.003774,-0.098891,0.050804,-0.005346,-0.114422,0.055644,-0.008573,-0.127028
pinch,1,left,1782948508.0937629,0.000000,0.000000,0.000000,0.025477,-0.012045,-0.022235,0.038599,-0.026566,-0.041167,0.029471,-0.047260,-0.063605,0.006569,-0.050443,-0.063548,0.020170,0.003226,-0.081594,0.022047,-0.027611,-0.101803,0.020480,-0.041065,-0.084932,0.018753,-0.040331,-0.066337,0.000000,0.003975,-0.081300,0.000000,0.003975,-0.125907,0.000000,-0.001416,-0.148756,0.000000,-0.011470,-0.165641,-0.017000,0.001900,-0.076400,-0.026573,0.001900,-0.117863,-0.031527,0.000242,-0.139324,-0.035453,-0.002953,-0.156328,-0.033100,-0.003774,-0.068300,-0.044843,-0.003774,-0.098891,-0.050805,-0.005346,-0.114422,-0.055644,-0.008573,-0.127028
pinch,1,right,1782948508.286305,0.000000,0.000000,0.000000,-0.025477,-0.012045,-0.022235,-0.038162,-0.024712,-0.042732,-0.032469,-0.044328,-0.067181,-0.010950,-0.051871,-0.071019,-0.020170,0.003226,-0.081594,-0.021923,-0.028673,-0.100094,-0.020234,-0.040824,-0.082273,-0.018484,-0.038533,-0.063807,0.000000,0.003975,-0.081300,0.000000,0.001909,-0.125859,0.000000,-0.008944,-0.146676,0.000000,-0.024518,-0.158662,0.017000,0.001900,-0.076400,0.026573,0.001900,-0.117863,0.031503,-0.000851,-0.139218,0.035307,-0.006207,-0.155697,0.033100,-0.003774,-0.068300,0.044843,-0.003774,-0.098891,0.050804,-0.005346,-0.114422,0.055644,-0.008573,-0.127028
pinch,1,left,1782948508.2968357,0.000000,0.000000,0.000000,0.025477,-0.012045,-0.022235,0.038074,-0.027300,-0.040946,0.026634,-0.048150,-0.062146,0.003650,-0.049286,-0.059888,0.020170,0.003226,-0.081594,0.021924,-0.028400,-0.100556,0.020297,-0.040901,-0.082973,0.018585,-0.039017,-0.064457,0.000000,0.003975,-0.081300,0.000000,0.003975,-0.125907,0.000000,-0.000546,-0.148944,0.000000,-0.009275,-0.166551,-0.017000,0.001900,-0.076400,-0.026573,0.001900,-0.117863,-0.031529,0.000360,-0.139333,-0.035464,-0.002593,-0.156377,-0.033100,-0.003774,-0.068300,-0.044843,-0.003774,-0.098891,-0.050805,-0.005346,-0.114422,-0.055644,-0.008573,-0.127028
pinch,1,right,1782948508.5061135,0.000000,0.000000,0.000000,-0.025477,-0.012045,-0.022235,-0.038127,-0.024875,-0.042652,-0.032060,-0.044619,-0.066908,-0.010355,-0.051831,-0.070302,-0.020170,0.003226,-0.081594,-0.021934,-0.028606,-0.100209,-0.020251,-0.040844,-0.082447,-0.018499,-0.038655,-0.063969,0.000000,0.003975,-0.081300,0.000000,0.001909,-0.125859,0.000000,-0.008944,-0.146676,0.000000,-0.024518,-0.158662,0.017000,0.001900,-0.076400,0.026573,0.001900,-0.117863,0.031520,-0.000124,-0.139295,0.035412,-0.004063,-0.156149,0.033100,-0.003774,-0.068300,0.044843,-0.003774,-0.098891,0.050804,-0.005346,-0.114422,0.055644,-0.008573,-0.127028
pinch,1,left,1782948508.5168412,0.000000,0.000000,0.000000,0.025477,-0.012045,-0.022235,0.038074,-0.027300,-0.040946,0.026634,-0.048150,-0.062146,0.003650,-0.049286,-0.059888,0.020170,0.003226,-0.081594,0.021879,-0.028673,-0.100098,0.020232,-0.040824,-0.082273,0.018526,-0.038533,-0.063803,0.000000,0.003975,-0.081300,0.000000,0.003975,-0.125907,0.000000,0.000032,-0.149050,0.000000,-0.007735,-0.167101,-0.017000,0.001900,-0.076400,-0.026573,0.001900,-0.117863,-0.031531,0.000511,-0.139342,-0.035478,-0.002130,-0.156436,-0.033100,-0.003774,-0.068300,-0.044843,-0.003774,-0.098891,-0.050805,-0.005346,-0.114422,-0.055644,-0.008573,-0.127028
pinch,1,right,1782948508.7227073,0.000000,0.000000,0.000000,-0.025477,-0.012045,-0.022235,-0.038094,-0.025036,-0.042570,-0.031658,-0.044900,-0.066633,-0.009781,-0.051776,-0.069593,-0.020170,0.003226,-0.081594,-0.021958,-0.028470,-0.100438,-0.020284,-0.040882,-0.082796,-0.018528,-0.038896,-0.064295,0.000000,0.003975,-0.081300,0.000000,0.001909,-0.125859,0.000000,-0.008944,-0.146676,0.000000,-0.024518,-0.158662,0.017000,0.001900,-0.076400,0.026573,0.001900,-0.117863,0.031525,0.000124,-0.139316,0.035440,-0.003313,-0.156274,0.033100,-0.003774,-0.068300,0.044843,-0.003774,-0.098891,0.050804,-0.005346,-0.114422,0.055644,-0.008573,-0.127028
pinch,1,left,1782948508.7346728,0.000000,0.000000,0.000000,0.025477,-0.012045,-0.022235,0.038059,-0.027318,-0.040941,0.026559,-0.048169,-0.062107,0.003578,-0.049253,-0.059794,0.020170,0.003226,-0.081594,0.021845,-0.028872,-0.099755,0.020185,-0.040763,-0.081757,0.018484,-0.038175,-0.063325,0.000000,0.003975,-0.081300,0.000000,0.003975,-0.125907,0.000000,0.000468,-0.149120,0.000000,-0.006528,-0.167484,-0.017000,0.001900,-0.076400,-0.026573,0.001900,-0.117863,-0.031531,0.000511,-0.139342,-0.035478,-0.002130,-0.156436,-0.033100,-0.003774,-0.068300,-0.044843,-0.003774,-0.098891,-0.050805,-0.005346,-0.114422,-0.055644,-0.008573,-0.127028
pinch,2,right,1782948514.8350313,0.000000,0.000000,0.000000,-0.025477,-0.012045,-0.022235,-0.038066,-0.025176,-0.042497,-0.031306,-0.045141,-0.066387,-0.009289,-0.051715,-0.068970,-0.020170,0.003226,-0.081594,-0.022098,-0.027612,-0.101798,-0.020488,-0.041065,-0.084931,-0.018714,-0.040331,-0.066340,0.000000,0.003975,-0.081300,0.000000,0.003098,-0.125898,0.000000,-0.005415,-0.147776,0.000000,-0.019035,-0.161943,0.017000,0.001900,-0.076400,0.026573,0.001900,-0.117863,0.031531,0.000511,-0.139343,0.035478,-0.002130,-0.156436,0.033100,-0.003774,-0.068300,0.044843,-0.003774,-0.098891,0.050804,-0.005346,-0.114422,0.055644,-0.008573,-0.127028
pinch,2,left,1782948514.8356004,0.000000,0.000000,0.000000,0.025477,-0.012045,-0.022235,0.038810,-0.026226,-0.041278,0.030694,-0.046789,-0.064219,0.007953,-0.050866,-0.065173,0.020170,0.003226,-0.081594,0.021980,-0.028049,-0.101125,0.020379,-0.040983,-0.083856,0.018659,-0.039617,-0.065296,0.000000,0.003975,-0.081300,0.000000,0.003975,-0.125907,0.000000,0.001353,-0.149236,0.000000,-0.003947,-0.168160,-0.017000,0.001900,-0.076400,-0.026573,0.001900,-0.117863,-0.031531,0.000511,-0.139342,-0.035478,-0.002130,-0.156436,-0.033100,-0.003774,-0.068300,-0.044843,-0.003774,-0.098891,-0.050805,-0.005346,-0.114422,-0.055644,-0.008573,-0.127028
pinch,2,right,1782948515.037641,0.000000,0.000000,0.000000,-0.025477,-0.012045,-0.022235,-0.038210,-0.024499,-0.042832,-0.033001,-0.043942,-0.067528,-0.011745,-0.051897,-0.071946,-0.020170,0.003226,-0.081594,-0.022028,-0.028049,-0.101121,-0.020385,-0.040983,-0.083856,-0.018619,-0.039617,-0.065300,0.000000,0.003975,-0.081300,0.000000,0.003025,-0.125896,0.000000,-0.005651,-0.147711,0.000000,-0.019425,-0.161728,0.017000,0.001900,-0.076400,0.026573,0.001900,-0.117863,0.031531,0.000511,-0.139343,0.035478,-0.002130,-0.156436,0.033100,-0.003774,-0.068300,0.044843,-0.003774,-0.098891,0.050804,-0.005346,-0.114422,0.055644,-0.008573,-0.127028
pinch,2,left,1782948515.0507061,0.000000,0.000000,0.000000,0.025477,-0.012045,-0.022235,0.038917,-0.026040,-0.041340,0.031338,-0.046517,-0.064540,0.008717,-0.051066,-0.066041,0.020170,0.003226,-0.081594,0.021912,-0.028469,-0.100442,0.020281,-0.040882,-0.082796,0.018570,-0.038896,-0.064292,0.000000,0.003975,-0.081300,0.000000,0.003975,-0.125907,0.000000,0.001353,-0.149236,0.000000,-0.003947,-0.168160,-0.017000,0.001900,-0.076400,-0.026573,0.001900,-0.117863,-0.031531,0.000511,-0.139342,-0.035478,-0.002130,-0.156436,-0.033100,-0.003774,-0.068300,-0.044843,-0.003774,-0.098891,-0.050805,-0.005346,-0.114422,-0.055644,-0.008573,-0.127028
pinch,2,right,1782948515.2458763,0.000000,0.000000,0.000000,-0.025477,-0.012045,-0.022235,-0.038635,-0.022777,-0.043523,-0.037297,-0.040496,-0.069966,-0.018874,-0.051071,-0.079099,-0.020170,0.003226,-0.081594,-0.022028,-0.028049,-0.101121,-0.020385,-0.040983,-0.083856,-0.018619,-0.039617,-0.065300,0.000000,0.003975,-0.081300,0.000000,0.003245,-0.125901,0.000000,-0.004940,-0.147904,0.000000,-0.018249,-0.162364,0.017000,0.001900,-0.076400,0.026573,0.001900,-0.117863,0.031531,0.000511,-0.139343,0.035478,-0.002130,-0.156436,0.033100,-0.003774,-0.068300,0.044843,-0.003774,-0.098891,0.050804,-0.005346,-0.114422,0.055644,-0.008573,-0.127028
pinch,2,left,1782948515.2671366,0.000000,0.000000,0.000000,0.025477,-0.012045,-0.022235,0.038917,-0.026040,-0.041340,0.031338,-0.046517,-0.064540,0.008717,-0.051066,-0.066041,0.020170,0.003226,-0.081594,0.021744,-0.029443,-0.098715,0.020044,-0.040548,-0.080225,0.018362,-0.037081,-0.061937,0.000000,0.003975,-0.081300,0.000000,0.003975,-0.125907,0.000000,0.001353,-0.149236,0.000000,-0.003947,-0.168160,-0.017000,0.001900,-0.076400,-0.026573,0.001900,-0.117863,-0.031531,0.000511,-0.139342,-0.035478,-0.002130,-0.156436,-0.033100,-0.003774,-0.068300,-0.044843,-0.003774,-0.098891,-0.050805,-0.005346,-0.114422,-0.055644,-0.008573,-0.127028
pinch,2,right,1782948515.4463403,0.000000,0.000000,0.000000,-0.025477,-0.012045,-0.022235,-0.038685,-0.022590,-0.043585,-0.037758,-0.040093,-0.070190,-0.019712,-0.050872,-0.079822,-0.020170,0.003226,-0.081594,-0.022028,-0.028049,-0.101121,-0.020385,-0.040983,-0.083856,-0.018619,-0.039617,-0.065300,0.000000,0.003975,-0.081300,0.000000,0.003245,-0.125901,0.000000,-0.004940,-0.147904,0.000000,-0.018249,-0.162364,0.017000,0.001900,-0.076400,0.026573,0.001900,-0.117863,0.031531,0.000511,-0.139343,0.035478,-0.002130,-0.156436,0.033100,-0.003774,-0.068300,0.044843,-0.003774,-0.098891,0.050804,-0.005346,-0.114422,0.055644,-0.008573,-0.127028
pinch,2,left,1782948515.4774833,0.000000,0.000000,0.000000,0.025477,-0.012045,-0.022235,0.039061,-0.025776,-0.041429,0.032231,-0.046116,-0.064980,0.009816,-0.051314,-0.067255,0.020170,0.003226,-0.081594,0.021710,-0.029625,-0.098367,0.019998,-0.040467,-0.079723,0.018323,-0.036714,-0.061491,0.000000,0.003975,-0.081300,0.000000,0.003975,-0.125907,0.000000,0.001353,-0.149236,0.000000,-0.003947,-0.168160,-0.017000,0.001900,-0.076400,-0.026573,0.001900,-0.117863,-0.031531,0.000511,-0.139342,-0.035478,-0.002130,-0.156436,-0.033100,-0.003774,-0.068300,-0.044843,-0.003774,-0.098891,-0.050805,-0.005346,-0.114422,-0.055644,-0.008573,-0.127028
pinch,2,right,1782948515.6754198,0.000000,0.000000,0.000000,-0.025477,-0.012045,-0.022235,-0.038735,-0.022402,-0.043646,-0.038222,-0.039681,-0.070408,-0.020568,-0.050651,-0.080539,-0.020170,0.003226,-0.081594,-0.022028,-0.028049,-0.101121,-0.020385,-0.040983,-0.083856,-0.018619,-0.039617,-0.065300,0.000000,0.003975,-0.081300,0.000000,0.003245,-0.125901,0.000000,-0.004940,-0.147904,0.000000,-0.018249,-0.162364,0.017000,0.001900,-0.076400,0.026573,0.001900,-0.117863,0.031531,0.000511,-0.139343,0.035478,-0.002130,-0.156436,0.033100,-0.003774,-0.068300,0.044843,-0.003774,-0.098891,0.050804,-0.005346,-0.114422,0.055644,-0.008573,-0.127028
pinch,2,left,1782948515.6882932,0.000000,0.000000,0.000000,0.025477,-0.012045,-0.022235,0.039176,-0.025553,-0.041505,0.032965,-0.045763,-0.065338,0.010755,-0.051490,-0.068261,0.020170,0.003226,-0.081594,0.021710,-0.029625,-0.098367,0.019998,-0.040467,-0.079723,0.018323,-0.036714,-0.061491,0.000000,0.003975,-0.081300,0.000000,0.003975,-0.125907,0.000000,0.001353,-0.149236,0.000000,-0.003947,-0.168160,-0.017000,0.001900,-0.076400,-0.026573,0.001900,-0.117863,-0.031531,0.000511,-0.139342,-0.035478,-0.002130,-0.156436,-0.033100,-0.003774,-0.068300,-0.044843,-0.003774,-0.098891,-0.050805,-0.005346,-0.114422,-0.055644,-0.008573,-0.127028
pinch,2,right,1782948515.8840463,0.000000,0.000000,0.000000,-0.025477,-0.012045,-0.022235,-0.038735,-0.022402,-0.043646,-0.038222,-0.039681,-0.070408,-0.020568,-0.050651,-0.080539,-0.020170,0.003226,-0.081594,-0.022028,-0.028049,-0.101121,-0.020385,-0.040983,-0.083856,-0.018619,-0.039617,-0.065300,0.000000,0.003975,-0.081300,0.000000,0.003025,-0.125896,0.000000,-0.005651,-0.147711,0.000000,-0.019425,-0.161728,0.017000,0.001900,-0.076400,0.026573,0.001900,-0.117863,0.031531,0.000511,-0.139343,0.035478,-0.002130,-0.156436,0.033100,-0.003774,-0.068300,0.044843,-0.003774,-0.098891,0.050804,-0.005346,-0.114422,0.055644,-0.008573,-0.127028
pinch,2,left,1782948515.9064422,0.000000,0.000000,0.000000,0.025477,-0.012045,-0.022235,0.039226,-0.025451,-0.041540,0.033293,-0.045599,-0.065496,0.011185,-0.051559,-0.068713,0.020170,0.003226,-0.081594,0.021710,-0.029625,-0.098367,0.019998,-0.040467,-0.079723,0.018323,-0.036714,-0.061491,0.000000,0.003975,-0.081300,0.000000,0.003975,-0.125907,0.000000,0.001546,-0.149257,0.000000,-0.003363,-0.168286,-0.017000,0.001900,-0.076400,-0.026573,0.001900,-0.117863,-0.031531,0.000511,-0.139342,-0.035478,-0.002130,-0.156436,-0.033100,-0.003774,-0.068300,-0.044843,-0.003774,-0.098891,-0.050805,-0.005346,-0.114422,-0.055644,-0.008573,-0.127028
pinch,2,right,1782948516.1026938,0.000000,0.000000,0.000000,-0.025477,-0.012045,-0.022235,-0.038735,-0.022402,-0.043646,-0.038222,-0.039681,-0.070408,-0.020568,-0.050651,-0.080539,-0.020170,0.003226,-0.081594,-0.022028,-0.028049,-0.101121,-0.020385,-0.040983,-0.083856,-0.018619,-0.039617,-0.065300,0.000000,0.003975,-0.081300,0.000000,0.003025,-0.125896,0.000000,-0.005651,-0.147711,0.000000,-0.019425,-0.161728,0.017000,0.001900,-0.076400,0.026573,0.001900,-0.117863,0.031531,0.000511,-0.139343,0.035478,-0.002130,-0.156436,0.033100,-0.003774,-0.068300,0.044843,-0.003774,-0.098891,0.050804,-0.005346,-0.114422,0.055644,-0.008573,-0.127028
pinch,2,left,1782948516.1136203,0.000000,0.000000,0.000000,0.025477,-0.012045,-0.022235,0.039326,-0.025246,-0.041611,0.033949,-0.045259,-0.065810,0.012065,-0.051680,-0.069620,0.020170,0.003226,-0.081594,0.021710,-0.029625,-0.098367,0.019998,-0.040467,-0.079723,0.018323,-0.036714,-0.061491,0.000000,0.003975,-0.081300,0.000000,0.003975,-0.125907,0.000000,0.002255,-0.149320,0.000000,-0.001170,-0.168671,-0.017000,0.001900,-0.076400,-0.026573,0.001900,-0.117863,-0.031531,0.000511,-0.139342,-0.035478,-0.002130,-0.156436,-0.033100,-0.003774,-0.068300,-0.044843,-0.003774,-0.098891,-0.050805,-0.005346,-0.114422,-0.055644,-0.008573,-0.127028
pinch,2,right,1782948516.3076966,0.000000,0.000000,0.000000,-0.025477,-0.012045,-0.022235,-0.038735,-0.022402,-0.043646,-0.038222,-0.039681,-0.070408,-0.020568,-0.050651,-0.080539,-0.020170,0.003226,-0.081594,-0.022028,-0.028049,-0.101121,-0.020385,-0.040983,-0.083856,-0.018619,-0.039617,-0.065300,0.000000,0.003975,-0.081300,0.000000,0.003025,-0.125896,0.000000,-0.005651,-0.147711,0.000000,-0.019425,-0.161728,0.017000,0.001900,-0.076400,0.026573,0.001900,-0.117863,0.031531,0.000511,-0.139343,0.035478,-0.002130,-0.156436,0.033100,-0.003774,-0.068300,0.044843,-0.003774,-0.098891,0.050804,-0.005346,-0.114422,0.055644,-0.008573,-0.127028
pinch,2,left,1782948516.3289545,0.000000,0.000000,0.000000,0.025477,-0.012045,-0.022235,0.039399,-0.025089,-0.041665,0.034442,-0.044991,-0.066044,0.012745,-0.051755,-0.070305,0.020170,0.003226,-0.081594,0.021710,-0.029625,-0.098367,0.019998,-0.040467,-0.079723,0.018323,-0.036714,-0.061491,0.000000,0.003975,-0.081300,0.000000,0.003975,-0.125907,0.000000,0.002255,-0.149320,0.000000,-0.001170,-0.168671,-0.017000,0.001900,-0.076400,-0.026573,0.001900,-0.117863,-0.031531,0.000511,-0.139342,-0.035478,-0.002130,-0.156436,-0.033100,-0.003774,-0.068300,-0.044843,-0.003774,-0.098891,-0.050805,-0.005346,-0.114422,-0.055644,-0.008573,-0.127028
pinch,2,right,1782948516.5103948,0.000000,0.000000,0.000000,-0.025477,-0.012045,-0.022235,-0.038735,-0.022402,-0.043646,-0.038222,-0.039681,-0.070408,-0.020568,-0.050651,-0.080539,-0.020170,0.003226,-0.081594,-0.022028,-0.028049,-0.101121,-0.020385,-0.040983,-0.083856,-0.018619,-0.039617,-0.065300,0.000000,0.003975,-0.081300,0.000000,0.003025,-0.125896,0.000000,-0.005651,-0.147711,0.000000,-0.019425,-0.161728,0.017000,0.001900,-0.076400,0.026573,0.001900,-0.117863,0.031531,0.000511,-0.139343,0.035478,-0.002130,-0.156436,0.033100,-0.003774,-0.068300,0.044843,-0.003774,-0.098891,0.050804,-0.005346,-0.114422,0.055644,-0.008573,-0.127028
pinch,2,left,1782948516.5333333,0.000000,0.000000,0.000000,0.025477,-0.012045,-0.022235,0.039471,-0.024929,-0.041720,0.034936,-0.044714,-0.066276,0.013442,-0.051815,-0.070994,0.020170,0.003226,-0.081594,0.021710,-0.029625,-0.098367,0.019998,-0.040467,-0.079723,0.018323,-0.036714,-0.061491,0.000000,0.003975,-0.081300,0.000000,0.003975,-0.125907,0.000000,0.002255,-0.149320,0.000000,-0.001170,-0.168671,-0.017000,0.001900,-0.076400,-0.026573,0.001900,-0.117863,-0.031531,0.000511,-0.139342,-0.035478,-0.002130,-0.156436,-0.033100,-0.003774,-0.068300,-0.044843,-0.003774,-0.098891,-0.050805,-0.005346,-0.114422,-0.055644,-0.008573,-0.127028
pinch,2,right,1782948516.71759,0.000000,0.000000,0.000000,-0.025477,-0.012045,-0.022235,-0.038727,-0.022434,-0.043636,-0.038145,-0.039750,-0.070372,-0.020424,-0.050689,-0.080421,-0.020170,0.003226,-0.081594,-0.022028,-0.028049,-0.101121,-0.020385,-0.040983,-0.083856,-0.018619,-0.039617,-0.065300,0.000000,0.003975,-0.081300,0.000000,0.003025,-0.125896,0.000000,-0.005651,-0.147711,0.000000,-0.019425,-0.161728,0.017000,0.001900,-0.076400,0.026573,0.001900,-0.117863,0.031531,0.000511,-0.139343,0.035478,-0.002130,-0.156436,0.033100,-0.003774,-0.068300,0.044843,-0.003774,-0.098891,0.050804,-0.005346,-0.114422,0.055644,-0.008573,-0.127028
pinch,2,left,1782948516.7521756,0.000000,0.000000,0.000000,0.025477,-0.012045,-0.022235,0.039471,-0.024929,-0.041720,0.034936,-0.044714,-0.066276,0.013442,-0.051815,-0.070994,0.020170,0.003226,-0.081594,0.021750,-0.029411,-0.098775,0.020052,-0.040563,-0.080313,0.018369,-0.037148,-0.062015,0.000000,0.003975,-0.081300,0.000000,0.003975,-0.125907,0.000000,0.002255,-0.149320,0.000000,-0.001170,-0.168671,-0.017000,0.001900,-0.076400,-0.026573,0.001900,-0.117863,-0.031531,0.000511,-0.139342,-0.035478,-0.002130,-0.156436,-0.033100,-0.003774,-0.068300,-0.044843,-0.003774,-0.098891,-0.050805,-0.005346,-0.114422,-0.055644,-0.008573,-0.127028
pinch,2,right,1782948516.93915,0.000000,0.000000,0.000000,-0.025477,-0.012045,-0.022235,-0.038685,-0.022590,-0.043585,-0.037758,-0.040093,-0.070190,-0.019712,-0.050872,-0.079822,-0.020170,0.003226,-0.081594,-0.022028,-0.028049,-0.101121,-0.020385,-0.040983,-0.083856,-0.018619,-0.039617,-0.065300,0.000000,0.003975,-0.081300,0.000000,0.003025,-0.125896,0.000000,-0.005651,-0.147711,0.000000,-0.019425,-0.161728,0.017000,0.001900,-0.076400,0.026573,0.001900,-0.117863,0.031531,0.000511,-0.139343,0.035478,-0.002130,-0.156436,0.033100,-0.003774,-0.068300,0.044843,-0.003774,-0.098891,0.050804,-0.005346,-0.114422,0.055644,-0.008573,-0.127028
pinch,2,left,1782948516.9747386,0.000000,0.000000,0.000000,0.025477,-0.012045,-0.022235,0.039471,-0.024929,-0.041720,0.034936,-0.044714,-0.066276,0.013442,-0.051815,-0.070994,0.020170,0.003226,-0.081594,0.022002,-0.027905,-0.101352,0.020413,-0.041013,-0.084214,0.018690,-0.039857,-0.065640,0.000000,0.003975,-0.081300,0.000000,0.003975,-0.125907,0.000000,0.002255,-0.149320,0.000000,-0.001170,-0.168671,-0.017000,0.001900,-0.076400,-0.026573,0.001900,-0.117863,-0.031531,0.000511,-0.139342,-0.035478,-0.002130,-0.156436,-0.033100,-0.003774,-0.068300,-0.044843,-0.003774,-0.098891,-0.050805,-0.005346,-0.114422,-0.055644,-0.008573,-0.127028
pinch,2,right,1782948517.1496644,0.000000,0.000000,0.000000,-0.025477,-0.012045,-0.022235,-0.038685,-0.022590,-0.043585,-0.037758,-0.040093,-0.070190,-0.019712,-0.050872,-0.079822,-0.020170,0.003226,-0.081594,-0.022144,-0.027310,-0.102246,-0.020558,-0.041108,-0.085657,-0.018780,-0.040804,-0.067055,0.000000,0.003975,-0.081300,0.000000,0.003245,-0.125901,0.000000,-0.004940,-0.147904,0.000000,-0.018249,-0.162364,0.017000,0.001900,-0.076400,0.026573,0.001900,-0.117863,0.031531,0.000511,-0.139343,0.035478,-0.002130,-0.156436,0.033100,-0.003774,-0.068300,0.044843,-0.003774,-0.098891,0.050804,-0.005346,-0.114422,0.055644,-0.008573,-0.127028
pinch,2,left,1782948517.1855476,0.000000,0.000000,0.000000,0.025477,-0.012045,-0.022235,0.039529,-0.024793,-0.041767,0.035347,-0.044475,-0.066468,0.014035,-0.051853,-0.071569,0.020170,0.003226,-0.081594,0.022196,-0.026566,-0.103301,0.020712,-0.041169,-0.087405,0.018976,-0.041903,-0.068811,0.000000,0.003975,-0.081300,0.000000,0.003975,-0.125907,0.000000,0.002255,-0.149320,0.000000,-0.001170,-0.168671,-0.017000,0.001900,-0.076400,-0.026573,0.001900,-0.117863,-0.031531,0.000511,-0.139342,-0.035478,-0.002130,-0.156436,-0.033100,-0.003774,-0.068300,-0.044843,-0.003774,-0.098891,-0.050805,-0.005346,-0.114422,-0.055644,-0.008573,-0.127028
pinch,2,right,1782948517.3670166,0.000000,0.000000,0.000000,-0.025477,-0.012045,-0.022235,-0.038685,-0.022590,-0.043585,-0.037758,-0.040093,-0.070190,-0.019712,-0.050872,-0.079822,-0.020170,0.003226,-0.081594,-0.022236,-0.026687,-0.103131,-0.020700,-0.041162,-0.087125,-0.018916,-0.041729,-0.068529,0.000000,0.003975,-0.081300,0.000000,0.003344,-0.125902,0.000000,-0.004603,-0.147992,0.000000,-0.017679,-0.162663,0.017000,0.001900,-0.076400,0.026573,0.001900,-0.117863,0.031531,0.000511,-0.139343,0.035478,-0.002130,-0.156436,0.033100,-0.003774,-0.068300,0.044843,-0.003774,-0.098891,0.050804,-0.005346,-0.114422,0.055644,-0.008573,-0.127028
pinch,2,left,1782948517.4023402,0.000000,0.000000,0.000000,0.025477,-0.012045,-0.022235,0.039599,-0.024629,-0.041823,0.035841,-0.044179,-0.066696,0.014762,-0.051884,-0.072261,0.020170,0.003226,-0.081594,0.022437,-0.024655,-0.105685,0.021117,-0.041074,-0.091658,0.019393,-0.044351,-0.073339,0.000000,0.003975,-0.081300,0.000000,0.003975,-0.125907,0.000000,0.002255,-0.149320,0.000000,-0.001170,-0.168671,-0.017000,0.001900,-0.076400,-0.026573,0.001900,-0.117863,-0.031531,0.000511,-0.139342,-0.035478,-0.002130,-0.156436,-0.033100,-0.003774,-0.068300,-0.044843,-0.003774,-0.098891,-0.050805,-0.005346,-0.114422,-0.055644,-0.008573,-0.127028
pinch,2,right,1782948517.579652,0.000000,0.000000,0.000000,-0.025477,-0.012045,-0.022235,-0.038685,-0.022590,-0.043585,-0.037758,-0.040093,-0.070190,-0.019712,-0.050872,-0.079822,-0.020170,0.003226,-0.081594,-0.022338,-0.025952,-0.104107,-0.020864,-0.041174,-0.088804,-0.019079,-0.042743,-0.070266,0.000000,0.003975,-0.081300,0.000000,0.003494,-0.125904,0.000000,-0.004073,-0.148128,0.000000,-0.016761,-0.163135,0.017000,0.001900,-0.076400,0.026573,0.001900,-0.117863,0.031531,0.000511,-0.139343,0.035478,-0.002130,-0.156436,0.033100,-0.003774,-0.068300,0.044843,-0.003774,-0.098891,0.050804,-0.005346,-0.114422,0.055644,-0.008573,-0.127028
pinch,2,left,1782948517.6027632,0.000000,0.000000,0.000000,0.025477,-0.012045,-0.022235,0.039711,-0.024350,-0.041919,0.036662,-0.043665,-0.067071,0.016008,-0.051898,-0.073416,0.020170,0.003226,-0.081594,0.022748,-0.021738,-0.108668,0.021699,-0.040335,-0.097661,0.020050,-0.047160,-0.080341,0.000000,0.003975,-0.081300,0.000000,0.003975,-0.125907,0.000000,0.002255,-0.149320,0.000000,-0.001170,-0.168671,-0.017000,0.001900,-0.076400,-0.026573,0.001900,-0.117863,-0.031531,0.000511,-0.139342,-0.035478,-0.002130,-0.156436,-0.033100,-0.003774,-0.068300,-0.044843,-0.003774,-0.098891,-0.050805,-0.005346,-0.114422,-0.055644,-0.008573,-0.127028
pinch,2,right,1782948517.7797642,0.000000,0.000000,0.000000,-0.025477,-0.012045,-0.022235,-0.038685,-0.022590,-0.043585,-0.037758,-0.040093,-0.070190,-0.019712,-0.050872,-0.079822,-0.020170,0.003226,-0.081594,-0.022338,-0.025952,-0.104107,-0.020864,-0.041174,-0.088804,-0.019079,-0.042743,-0.070266,0.000000,0.003975,-0.081300,0.000000,0.003523,-0.125904,0.000000,-0.003967,-0.148154,0.000000,-0.016577,-0.163227,0.017000,0.001900,-0.076400,0.026573,0.001900,-0.117863,0.031531,0.000511,-0.139343,0.035478,-0.002130,-0.156436,0.033100,-0.003774,-0.068300,0.044843,-0.003774,-0.098891,0.050804,-0.005346,-0.114422,0.055644,-0.008573,-0.127028
pinch,2,left,1782948517.8238766,0.000000,0.000000,0.000000,0.025477,-0.012045,-0.022235,0.039744,-0.024265,-0.041947,0.036909,-0.043506,-0.067182,0.016390,-0.051893,-0.073762,0.020170,0.003226,-0.081594,0.022794,-0.021244,-0.109111,0.021795,-0.040148,-0.098635,0.020165,-0.047537,-0.081546,0.000000,0.003975,-0.081300,0.000000,0.003975,-0.125907,0.000000,0.002255,-0.149320,0.000000,-0.001170,-0.168671,-0.017000,0.001900,-0.076400,-0.026573,0.001900,-0.117863,-0.031531,0.000511,-0.139342,-0.035478,-0.002130,-0.156436,-0.033100,-0.003774,-0.068300,-0.044843,-0.003774,-0.098891,-0.050805,-0.005346,-0.114422,-0.055644,-0.008573,-0.127028
pinch,2,right,1782948517.9863017,0.000000,0.000000,0.000000,-0.025477,-0.012045,-0.022235,-0.038685,-0.022590,-0.043585,-0.037758,-0.040093,-0.070190,-0.019712,-0.050872,-0.079822,-0.020170,0.003226,-0.081594,-0.022338,-0.025952,-0.104107,-0.020864,-0.041174,-0.088804,-0.019079,-0.042743,-0.070266,0.000000,0.003975,-0.081300,0.000000,0.003523,-0.125904,0.000000,-0.003967,-0.148154,0.000000,-0.016577,-0.163227,0.017000,0.001900,-0.076400,0.026573,0.001900,-0.117863,0.031531,0.000511,-0.139343,0.035478,-0.002130,-0.156436,0.033100,-0.003774,-0.068300,0.044843,-0.003774,-0.098891,0.050804,-0.005346,-0.114422,0.055644,-0.008573,-0.127028
pinch,2,left,1782948518.0416803,0.000000,0.000000,0.000000,0.025477,-0.012045,-0.022235,0.039809,-0.024094,-0.042006,0.037400,-0.043179,-0.067402,0.017166,-0.051868,-0.074454,0.020170,0.003226,-0.081594,0.022794,-0.021244,-0.109111,0.021795,-0.040148,-0.098635,0.020165,-0.047537,-0.081546,0.000000,0.003975,-0.081300,0.000000,0.003975,-0.125907,0.000000,0.002255,-0.149320,0.000000,-0.001170,-0.168671,-0.017000,0.001900,-0.076400,-0.026573,0.001900,-0.117863,-0.031531,0.000511,-0.139342,-0.035478,-0.002130,-0.156436,-0.033100,-0.003774,-0.068300,-0.044843,-0.003774,-0.098891,-0.050805,-0.005346,-0.114422,-0.055644,-0.008573,-0.127028
pinch,2,right,1782948518.194609,0.000000,0.000000,0.000000,-0.025477,-0.012045,-0.022235,-0.038710,-0.022496,-0.043616,-0.037990,-0.039888,-0.070300,-0.020138,-0.050764,-0.080182,-0.020170,0.003226,-0.081594,-0.022338,-0.025952,-0.104107,-0.020864,-0.041174,-0.088804,-0.019079,-0.042743,-0.070266,0.000000,0.003975,-0.081300,0.000000,0.003674,-0.125906,0.000000,-0.003384,-0.148296,0.000000,-0.015529,-0.163746,0.017000,0.001900,-0.076400,0.026573,0.001900,-0.117863,0.031531,0.000511,-0.139343,0.035478,-0.002130,-0.156436,0.033100,-0.003774,-0.068300,0.044843,-0.003774,-0.098891,0.050804,-0.005346,-0.114422,0.055644,-0.008573,-0.127028
pinch,2,left,1782948518.2492974,0.000000,0.000000,0.000000,0.025477,-0.012045,-0.022235,0.039866,-0.023940,-0.042058,0.037836,-0.042881,-0.067595,0.017869,-0.051831,-0.075068,0.020170,0.003226,-0.081594,0.022794,-0.021244,-0.109111,0.021795,-0.040148,-0.098635,0.020165,-0.047537,-0.081546,0.000000,0.003975,-0.081300,0.000000,0.003975,-0.125907,0.000000,0.002255,-0.149320,0.000000,-0.001170,-0.168671,-0.017000,0.001900,-0.076400,-0.026573,0.001900,-0.117863,-0.031531,0.000511,-0.139342,-0.035478,-0.002130,-0.156436,-0.033100,-0.003774,-0.068300,-0.044843,-0.003774,-0.098891,-0.050805,-0.005346,-0.114422,-0.055644,-0.008573,-0.127028
pinch,2,right,1782948518.407488,0.000000,0.000000,0.000000,-0.025477,-0.012045,-0.022235,-0.038693,-0.022559,-0.043595,-0.037835,-0.040025,-0.070227,-0.019854,-0.050837,-0.079943,-0.020170,0.003226,-0.081594,-0.022338,-0.025952,-0.104107,-0.020864,-0.041174,-0.088804,-0.019079,-0.042743,-0.070266,0.000000,0.003975,-0.081300,0.000000,0.003674,-0.125906,0.000000,-0.003384,-0.148296,0.000000,-0.015529,-0.163746,0.017000,0.001900,-0.076400,0.026573,0.001900,-0.117863,0.031531,0.000511,-0.139343,0.035478,-0.002130,-0.156436,0.033100,-0.003774,-0.068300,0.044843,-0.003774,-0.098891,0.050804,-0.005346,-0.114422,0.055644,-0.008573,-0.127028
pinch,2,left,1782948518.4500577,0.000000,0.000000,0.000000,0.025477,-0.012045,-0.022235,0.039880,-0.023901,-0.042071,0.037945,-0.042805,-0.067643,0.018046,-0.051819,-0.075222,0.020170,0.003226,-0.081594,0.022794,-0.021244,-0.109111,0.021795,-0.040148,-0.098635,0.020165,-0.047537,-0.081546,0.000000,0.003975,-0.081300,0.000000,0.003975,-0.125907,0.000000,0.002255,-0.149320,0.000000,-0.001170,-0.168671,-0.017000,0.001900,-0.076400,-0.026573,0.001900,-0.117863,-0.031531,0.000511,-0.139342,-0.035478,-0.002130,-0.156436,-0.033100,-0.003774,-0.068300,-0.044843,-0.003774,-0.098891,-0.050805,-0.005346,-0.114422,-0.055644,-0.008573,-0.127028
pinch,2,right,1782948518.6081386,0.000000,0.000000,0.000000,-0.025477,-0.012045,-0.022235,-0.038685,-0.022590,-0.043585,-0.037758,-0.040093,-0.070190,-0.019712,-0.050872,-0.079822,-0.020170,0.003226,-0.081594,-0.022372,-0.025699,-0.104427,-0.020919,-0.041166,-0.089369,-0.019135,-0.043072,-0.070862,0.000000,0.003975,-0.081300,0.000000,0.003788,-0.125906,0.000000,-0.002870,-0.148419,0.000000,-0.014557,-0.164218,0.017000,0.001900,-0.076400,0.026573,0.001900,-0.117863,0.031531,0.000511,-0.139343,0.035478,-0.002130,-0.156436,0.033100,-0.003774,-0.068300,0.044843,-0.003774,-0.098891,0.050804,-0.005346,-0.114422,0.055644,-0.008573,-0.127028
pinch,2,left,1782948518.6710474,0.000000,0.000000,0.000000,0.025477,-0.012045,-0.022235,0.039915,-0.023803,-0.042104,0.038217,-0.042613,-0.067762,0.018493,-0.051785,-0.075604,0.020170,0.003226,-0.081594,0.022794,-0.021244,-0.109111,0.021795,-0.040148,-0.098635,0.020165,-0.047537,-0.081546,0.000000,0.003975,-0.081300,0.000000,0.003975,-0.125907,0.000000,0.002255,-0.149320,0.000000,-0.001170,-0.168671,-0.017000,0.001900,-0.076400,-0.026573,0.001900,-0.117863,-0.031531,0.000511,-0.139342,-0.035478,-0.002130,-0.156436,-0.033100,-0.003774,-0.068300,-0.044843,-0.003774,-0.098891,-0.050805,-0.005346,-0.114422,-0.055644,-0.008573,-0.127028
pinch,2,right,1782948518.8098836,0.000000,0.000000,0.000000,-0.025477,-0.012045,-0.022235,-0.038685,-0.022590,-0.043585,-0.037758,-0.040093,-0.070190,-0.019712,-0.050872,-0.079822,-0.020170,0.003226,-0.081594,-0.022372,-0.025699,-0.104427,-0.020919,-0.041166,-0.089369,-0.019135,-0.043072,-0.070862,0.000000,0.003975,-0.081300,0.000000,0.003846,-0.125906,0.000000,-0.002612,-0.148477,0.000000,-0.014067,-0.164446,0.017000,0.001900,-0.076400,0.026573,0.001900,-0.117863,0.031531,0.000511,-0.139343,0.035478,-0.002130,-0.156436,0.033100,-0.003774,-0.068300,0.044843,-0.003774,-0.098891,0.050804,-0.005346,-0.114422,0.055644,-0.008573,-0.127028
pinch,2,left,1782948518.8745008,0.000000,0.000000,0.000000,0.025477,-0.012045,-0.022235,0.039915,-0.023803,-0.042104,0.038217,-0.042613,-0.067762,0.018493,-0.051785,-0.075604,0.020170,0.003226,-0.081594,0.022794,-0.021244,-0.109111,0.021795,-0.040148,-0.098635,0.020165,-0.047537,-0.081546,0.000000,0.003975,-0.081300,0.000000,0.003975,-0.125907,0.000000,0.002255,-0.149320,0.000000,-0.001170,-0.168671,-0.017000,0.001900,-0.076400,-0.026573,0.001900,-0.117863,-0.031531,0.000511,-0.139342,-0.035478,-0.002130,-0.156436,-0.033100,-0.003774,-0.068300,-0.044843,-0.003774,-0.098891,-0.050805,-0.005346,-0.114422,-0.055644,-0.008573,-0.127028
pinch,2,right,1782948519.0249412,0.000000,0.000000,0.000000,-0.025477,-0.012045,-0.022235,-0.038735,-0.022402,-0.043646,-0.038222,-0.039681,-0.070408,-0.020568,-0.050651,-0.080539,-0.020170,0.003226,-0.081594,-0.022372,-0.025699,-0.104427,-0.020919,-0.041166,-0.089369,-0.019135,-0.043072,-0.070862,0.000000,0.003975,-0.081300,0.000000,0.003846,-0.125906,0.000000,-0.002612,-0.148477,0.000000,-0.014067,-0.164446,0.017000,0.001900,-0.076400,0.026573,0.001900,-0.117863,0.031531,0.000511,-0.139343,0.035478,-0.002130,-0.156436,0.033100,-0.003774,-0.068300,0.044843,-0.003774,-0.098891,0.050804,-0.005346,-0.114422,0.055644,-0.008573,-0.127028
pinch,2,left,1782948519.088067,0.000000,0.000000,0.000000,0.025477,-0.012045,-0.022235,0.039915,-0.023803,-0.042104,0.038217,-0.042613,-0.067762,0.018493,-0.051785,-0.075604,0.020170,0.003226,-0.081594,0.022808,-0.021096,-0.109241,0.021824,-0.040088,-0.098926,0.020200,-0.047646,-0.081911,0.000000,0.003975,-0.081300,0.000000,0.003975,-0.125907,0.000000,0.002255,-0.149320,0.000000,-0.001170,-0.168671,-0.017000,0.001900,-0.076400,-0.026573,0.001900,-0.117863,-0.031531,0.000511,-0.139342,-0.035478,-0.002130,-0.156436,-0.033100,-0.003774,-0.068300,-0.044843,-0.003774,-0.098891,-0.050805,-0.005346,-0.114422,-0.055644,-0.008573,-0.127028
pinch,2,right,1782948519.2253482,0.000000,0.000000,0.000000,-0.025477,-0.012045,-0.022235,-0.038735,-0.022402,-0.043646,-0.038222,-0.039681,-0.070408,-0.020568,-0.050651,-0.080539,-0.020170,0.003226,-0.081594,-0.022372,-0.025699,-0.104427,-0.020919,-0.041166,-0.089369,-0.019135,-0.043072,-0.070862,0.000000,0.003975,-0.081300,0.000000,0.003846,-0.125906,0.000000,-0.002612,-0.148477,0.000000,-0.014067,-0.164446,0.017000,0.001900,-0.076400,0.026573,0.001900,-0.117863,0.031531,0.000511,-0.139343,0.035478,-0.002130,-0.156436,0.033100,-0.003774,-0.068300,0.044843,-0.003774,-0.098891,0.050804,-0.005346,-0.114422,0.055644,-0.008573,-0.127028
pinch,2,left,1782948519.2882717,0.000000,0.000000,0.000000,0.025477,-0.012045,-0.022235,0.039956,-0.023686,-0.042143,0.038542,-0.042380,-0.067903,0.019035,-0.051736,-0.076063,0.020170,0.003226,-0.081594,0.022822,-0.020946,-0.109371,0.021853,-0.040027,-0.099218,0.020235,-0.047753,-0.082277,0.000000,0.003975,-0.081300,0.000000,0.003975,-0.125907,0.000000,0.002255,-0.149320,0.000000,-0.001170,-0.168671,-0.017000,0.001900,-0.076400,-0.026573,0.001900,-0.117863,-0.031531,0.000511,-0.139342,-0.035478,-0.002130,-0.156436,-0.033100,-0.003774,-0.068300,-0.044843,-0.003774,-0.098891,-0.050805,-0.005346,-0.114422,-0.055644,-0.008573,-0.127028
pinch,2,right,1782948519.439312,0.000000,0.000000,0.000000,-0.025477,-0.012045,-0.022235,-0.038685,-0.022590,-0.043585,-0.037758,-0.040093,-0.070190,-0.019712,-0.050872,-0.079822,-0.020170,0.003226,-0.081594,-0.022372,-0.025699,-0.104427,-0.020919,-0.041166,-0.089369,-0.019135,-0.043072,-0.070862,0.000000,0.003975,-0.081300,0.000000,0.003880,-0.125906,0.000000,-0.002422,-0.148521,0.000000,-0.013688,-0.164624,0.017000,0.001900,-0.076400,0.026573,0.001900,-0.117863,0.031531,0.000511,-0.139343,0.035478,-0.002130,-0.156436,0.033100,-0.003774,-0.068300,0.044843,-0.003774,-0.098891,0.050804,-0.005346,-0.114422,0.055644,-0.008573,-0.127028
pinch,2,left,1782948519.4910977,0.000000,0.000000,0.000000,0.025477,-0.012045,-0.022235,0.039956,-0.023686,-0.042143,0.038542,-0.042380,-0.067903,0.019035,-0.051736,-0.076063,0.020170,0.003226,-0.081594,0.022822,-0.020946,-0.109371,0.021853,-0.040027,-0.099218,0.020235,-0.047753,-0.082277,0.000000,0.003975,-0.081300,0.000000,0.003975,-0.125907,0.000000,0.002255,-0.149320,0.000000,-0.001170,-0.168671,-0.017000,0.001900,-0.076400,-0.026573,0.001900,-0.117863,-0.031531,0.000511,-0.139342,-0.035478,-0.002130,-0.156436,-0.033100,-0.003774,-0.068300,-0.044843,-0.003774,-0.098891,-0.050805,-0.005346,-0.114422,-0.055644,-0.008573,-0.127028
pinch,2,right,1782948519.6461005,0.000000,0.000000,0.000000,-0.025477,-0.012045,-0.022235,-0.038685,-0.022590,-0.043585,-0.037758,-0.040093,-0.070190,-0.019712,-0.050872,-0.079822,-0.020170,0.003226,-0.081594,-0.022372,-0.025699,-0.104427,-0.020919,-0.041166,-0.089369,-0.019135,-0.043072,-0.070862,0.000000,0.003975,-0.081300,0.000000,0.003887,-0.125906,0.000000,-0.002384,-0.148530,0.000000,-0.013612,-0.164659,0.017000,0.001900,-0.076400,0.026573,0.001900,-0.117863,0.031531,0.000511,-0.139343,0.035478,-0.002130,-0.156436,0.033100,-0.003774,-0.068300,0.044843,-0.003774,-0.098891,0.050804,-0.005346,-0.114422,0.055644,-0.008573,-0.127028
pinch,2,left,1782948519.7129211,0.000000,0.000000,0.000000,0.025477,-0.012045,-0.022235,0.039956,-0.023686,-0.042143,0.038542,-0.042380,-0.067903,0.019035,-0.051736,-0.076063,0.020170,0.003226,-0.081594,0.022822,-0.020946,-0.109371,0.021853,-0.040027,-0.099218,0.020235,-0.047753,-0.082277,0.000000,0.003975,-0.081300,0.000000,0.003975,-0.125907,0.000000,0.002255,-0.149320,0.000000,-0.001170,-0.168671,-0.017000,0.001900,-0.076400,-0.026573,0.001900,-0.117863,-0.031531,0.000511,-0.139342,-0.035478,-0.002130,-0.156436,-0.033100,-0.003774,-0.068300,-0.044843,-0.003774,-0.098891,-0.050805,-0.005346,-0.114422,-0.055644,-0.008573,-0.127028
pinch,3,right,1782948525.8603082,0.000000,0.000000,0.000000,-0.025477,-0.012045,-0.022235,-0.038735,-0.022402,-0.043646,-0.038222,-0.039681,-0.070408,-0.020568,-0.050651,-0.080539,-0.020170,0.003226,-0.081594,-0.022569,-0.024113,-0.106286,-0.021259,-0.040984,-0.092806,-0.019493,-0.044944,-0.074626,0.000000,0.003975,-0.081300,0.000000,0.003887,-0.125906,0.000000,-0.002384,-0.148530,0.000000,-0.013612,-0.164659,0.017000,0.001900,-0.076400,0.026573,0.001900,-0.117863,0.031531,0.000511,-0.139343,0.035478,-0.002130,-0.156436,0.033100,-0.003774,-0.068300,0.044843,-0.003774,-0.098891,0.050804,-0.005346,-0.114422,0.055644,-0.008573,-0.127028
pinch,3,left,1782948525.8607776,0.000000,0.000000,0.000000,0.025477,-0.012045,-0.022235,0.040113,-0.023206,-0.042302,0.039835,-0.041403,-0.068452,0.021264,-0.051449,-0.077879,0.020170,0.003226,-0.081594,0.022955,-0.019433,-0.110606,0.022140,-0.039319,-0.102121,0.020595,-0.048694,-0.086027,0.000000,0.003975,-0.081300,0.000000,0.003975,-0.125907,0.000000,0.002255,-0.149320,0.000000,-0.001170,-0.168671,-0.017000,0.001900,-0.076400,-0.026573,0.001900,-0.117863,-0.031529,0.000360,-0.139333,-0.035464,-0.002593,-0.156377,-0.033100,-0.003774,-0.068300,-0.044843,-0.003774,-0.098891,-0.050805,-0.005346,-0.114422,-0.055644,-0.008573,-0.127028
pinch,3,left,1782948526.06748,0.000000,0.000000,0.000000,0.025477,-0.012045,-0.022235,0.040150,-0.023085,-0.042342,0.040155,-0.041149,-0.068585,0.021836,-0.051353,-0.078328,0.020170,0.003226,-0.081594,0.022955,-0.019433,-0.110606,0.022140,-0.039319,-0.102121,0.020595,-0.048694,-0.086027,0.000000,0.003975,-0.081300,0.000000,0.003975,-0.125907,0.000000,0.002255,-0.149320,0.000000,-0.001170,-0.168671,-0.017000,0.001900,-0.076400,-0.026573,0.001900,-0.117863,-0.031529,0.000360,-0.139333,-0.035464,-0.002593,-0.156377,-0.033100,-0.003774,-0.068300,-0.044843,-0.003774,-0.098891,-0.050805,-0.005346,-0.114422,-0.055644,-0.008573,-0.127028
pinch,3,right,1782948526.0791597,0.000000,0.000000,0.000000,-0.025477,-0.012045,-0.022235,-0.038735,-0.022402,-0.043646,-0.038222,-0.039681,-0.070408,-0.020568,-0.050651,-0.080539,-0.020170,0.003226,-0.081594,-0.022569,-0.024113,-0.106286,-0.021259,-0.040984,-0.092806,-0.019493,-0.044944,-0.074626,0.000000,0.003975,-0.081300,0.000000,0.003887,-0.125906,0.000000,-0.002384,-0.148530,0.000000,-0.013612,-0.164659,0.017000,0.001900,-0.076400,0.026573,0.001900,-0.117863,0.031531,0.000511,-0.139343,0.035478,-0.002130,-0.156436,0.033100,-0.003774,-0.068300,0.044843,-0.003774,-0.098891,0.050804,-0.005346,-0.114422,0.055644,-0.008573,-0.127028
pinch,3,left,1782948526.268122,0.000000,0.000000,0.000000,0.025477,-0.012045,-0.022235,0.040150,-0.023085,-0.042342,0.040155,-0.041149,-0.068585,0.021836,-0.051353,-0.078328,0.020170,0.003226,-0.081594,0.022955,-0.019433,-0.110606,0.022140,-0.039319,-0.102121,0.020595,-0.048694,-0.086027,0.000000,0.003975,-0.081300,0.000000,0.003975,-0.125907,0.000000,0.002255,-0.149320,0.000000,-0.001170,-0.168671,-0.017000,0.001900,-0.076400,-0.026573,0.001900,-0.117863,-0.031529,0.000360,-0.139333,-0.035464,-0.002593,-0.156377,-0.033100,-0.003774,-0.068300,-0.044843,-0.003774,-0.098891,-0.050805,-0.005346,-0.114422,-0.055644,-0.008573,-0.127028
pinch,3,right,1782948526.2892706,0.000000,0.000000,0.000000,-0.025477,-0.012045,-0.022235,-0.038735,-0.022402,-0.043646,-0.038222,-0.039681,-0.070408,-0.020568,-0.050651,-0.080539,-0.020170,0.003226,-0.081594,-0.022569,-0.024113,-0.106286,-0.021259,-0.040984,-0.092806,-0.019493,-0.044944,-0.074626,0.000000,0.003975,-0.081300,0.000000,0.003887,-0.125906,0.000000,-0.002384,-0.148530,0.000000,-0.013612,-0.164659,0.017000,0.001900,-0.076400,0.026573,0.001900,-0.117863,0.031531,0.000511,-0.139343,0.035478,-0.002130,-0.156436,0.033100,-0.003774,-0.068300,0.044843,-0.003774,-0.098891,0.050804,-0.005346,-0.114422,0.055644,-0.008573,-0.127028
pinch,3,left,1782948526.4700816,0.000000,0.000000,0.000000,0.025477,-0.012045,-0.022235,0.040113,-0.023206,-0.042302,0.039835,-0.041403,-0.068452,0.021264,-0.051449,-0.077879,0.020170,0.003226,-0.081594,0.022955,-0.019433,-0.110606,0.022140,-0.039319,-0.102121,0.020595,-0.048694,-0.086027,0.000000,0.003975,-0.081300,0.000000,0.003975,-0.125907,0.000000,0.002255,-0.149320,0.000000,-0.001170,-0.168671,-0.017000,0.001900,-0.076400,-0.026573,0.001900,-0.117863,-0.031529,0.000360,-0.139333,-0.035464,-0.002593,-0.156377,-0.033100,-0.003774,-0.068300,-0.044843,-0.003774,-0.098891,-0.050805,-0.005346,-0.114422,-0.055644,-0.008573,-0.127028
pinch,3,right,1782948526.5043721,0.000000,0.000000,0.000000,-0.025477,-0.012045,-0.022235,-0.038735,-0.022402,-0.043646,-0.038222,-0.039681,-0.070408,-0.020568,-0.050651,-0.080539,-0.020170,0.003226,-0.081594,-0.022569,-0.024113,-0.106286,-0.021259,-0.040984,-0.092806,-0.019493,-0.044944,-0.074626,0.000000,0.003975,-0.081300,0.000000,0.003887,-0.125906,0.000000,-0.002384,-0.148530,0.000000,-0.013612,-0.164659,0.017000,0.001900,-0.076400,0.026573,0.001900,-0.117863,0.031531,0.000511,-0.139343,0.035478,-0.002130,-0.156436,0.033100,-0.003774,-0.068300,0.044843,-0.003774,-0.098891,0.050804,-0.005346,-0.114422,0.055644,-0.008573,-0.127028
pinch,3,left,1782948526.6717596,0.000000,0.000000,0.000000,0.025477,-0.012045,-0.022235,0.040113,-0.023206,-0.042302,0.039835,-0.041403,-0.068452,0.021264,-0.051449,-0.077879,0.020170,0.003226,-0.081594,0.022955,-0.019433,-0.110606,0.022140,-0.039319,-0.102121,0.020595,-0.048694,-0.086027,0.000000,0.003975,-0.081300,0.000000,0.003975,-0.125907,0.000000,0.002255,-0.149320,0.000000,-0.001170,-0.168671,-0.017000,0.001900,-0.076400,-0.026573,0.001900,-0.117863,-0.031529,0.000360,-0.139333,-0.035464,-0.002593,-0.156377,-0.033100,-0.003774,-0.068300,-0.044843,-0.003774,-0.098891,-0.050805,-0.005346,-0.114422,-0.055644,-0.008573,-0.127028
pinch,3,right,1782948526.706058,0.000000,0.000000,0.000000,-0.025477,-0.012045,-0.022235,-0.038735,-0.022402,-0.043646,-0.038222,-0.039681,-0.070408,-0.020568,-0.050651,-0.080539,-0.020170,0.003226,-0.081594,-0.022569,-0.024113,-0.106286,-0.021259,-0.040984,-0.092806,-0.019493,-0.044944,-0.074626,0.000000,0.003975,-0.081300,0.000000,0.003887,-0.125906,0.000000,-0.002384,-0.148530,0.000000,-0.013612,-0.164659,0.017000,0.001900,-0.076400,0.026573,0.001900,-0.117863,0.031531,0.000511,-0.139343,0.035478,-0.002130,-0.156436,0.033100,-0.003774,-0.068300,0.044843,-0.003774,-0.098891,0.050804,-0.005346,-0.114422,0.055644,-0.008573,-0.127028
pinch,3,left,1782948526.8786943,0.000000,0.000000,0.000000,0.025477,-0.012045,-0.022235,0.040113,-0.023206,-0.042302,0.039835,-0.041403,-0.068452,0.021264,-0.051449,-0.077879,0.020170,0.003226,-0.081594,0.022955,-0.019433,-0.110606,0.022140,-0.039319,-0.102121,0.020595,-0.048694,-0.086027,0.000000,0.003975,-0.081300,0.000000,0.003975,-0.125907,0.000000,0.002255,-0.149320,0.000000,-0.001170,-0.168671,-0.017000,0.001900,-0.076400,-0.026573,0.001900,-0.117863,-0.031529,0.000360,-0.139333,-0.035464,-0.002593,-0.156377,-0.033100,-0.003774,-0.068300,-0.044843,-0.003774,-0.098891,-0.050805,-0.005346,-0.114422,-0.055644,-0.008573,-0.127028
pinch,3,right,1782948526.9101996,0.000000,0.000000,0.000000,-0.025477,-0.012045,-0.022235,-0.038735,-0.022402,-0.043646,-0.038222,-0.039681,-0.070408,-0.020568,-0.050651,-0.080539,-0.020170,0.003226,-0.081594,-0.022569,-0.024113,-0.106286,-0.021259,-0.040984,-0.092806,-0.019493,-0.044944,-0.074626,0.000000,0.003975,-0.081300,0.000000,0.003887,-0.125906,0.000000,-0.002384,-0.148530,0.000000,-0.013612,-0.164659,0.017000,0.001900,-0.076400,0.026573,0.001900,-0.117863,0.031531,0.000511,-0.139343,0.035478,-0.002130,-0.156436,0.033100,-0.003774,-0.068300,0.044843,-0.003774,-0.098891,0.050804,-0.005346,-0.114422,0.055644,-0.008573,-0.127028
pinch,3,left,1782948527.0942554,0.000000,0.000000,0.000000,0.025477,-0.012045,-0.022235,0.040113,-0.023206,-0.042302,0.039835,-0.041403,-0.068452,0.021264,-0.051449,-0.077879,0.020170,0.003226,-0.081594,0.022955,-0.019433,-0.110606,0.022140,-0.039319,-0.102121,0.020595,-0.048694,-0.086027,0.000000,0.003975,-0.081300,0.000000,0.003975,-0.125907,0.000000,0.002255,-0.149320,0.000000,-0.001170,-0.168671,-0.017000,0.001900,-0.076400,-0.026573,0.001900,-0.117863,-0.031529,0.000360,-0.139333,-0.035464,-0.002593,-0.156377,-0.033100,-0.003774,-0.068300,-0.044843,-0.003774,-0.098891,-0.050805,-0.005346,-0.114422,-0.055644,-0.008573,-0.127028
pinch,3,right,1782948527.1262171,0.000000,0.000000,0.000000,-0.025477,-0.012045,-0.022235,-0.038735,-0.022402,-0.043646,-0.038222,-0.039681,-0.070408,-0.020568,-0.050651,-0.080539,-0.020170,0.003226,-0.081594,-0.022569,-0.024113,-0.106286,-0.021259,-0.040984,-0.092806,-0.019493,-0.044944,-0.074626,0.000000,0.003975,-0.081300,0.000000,0.003887,-0.125906,0.000000,-0.002384,-0.148530,0.000000,-0.013612,-0.164659,0.017000,0.001900,-0.076400,0.026573,0.001900,-0.117863,0.031531,0.000511,-0.139343,0.035478,-0.002130,-0.156436,0.033100,-0.003774,-0.068300,0.044843,-0.003774,-0.098891,0.050804,-0.005346,-0.114422,0.055644,-0.008573,-0.127028
pinch,3,left,1782948527.3093717,0.000000,0.000000,0.000000,0.025477,-0.012045,-0.022235,0.040113,-0.023206,-0.042302,0.039835,-0.041403,-0.068452,0.021264,-0.051449,-0.077879,0.020170,0.003226,-0.081594,0.022955,-0.019433,-0.110606,0.022140,-0.039319,-0.102121,0.020595,-0.048694,-0.086027,0.000000,0.003975,-0.081300,0.000000,0.003975,-0.125907,0.000000,0.002255,-0.149320,0.000000,-0.001170,-0.168671,-0.017000,0.001900,-0.076400,-0.026573,0.001900,-0.117863,-0.031529,0.000360,-0.139333,-0.035464,-0.002593,-0.156377,-0.033100,-0.003774,-0.068300,-0.044843,-0.003774,-0.098891,-0.050805,-0.005346,-0.114422,-0.055644,-0.008573,-0.127028
pinch,3,right,1782948527.340933,0.000000,0.000000,0.000000,-0.025477,-0.012045,-0.022235,-0.038735,-0.022402,-0.043646,-0.038222,-0.039681,-0.070408,-0.020568,-0.050651,-0.080539,-0.020170,0.003226,-0.081594,-0.022569,-0.024113,-0.106286,-0.021259,-0.040984,-0.092806,-0.019493,-0.044944,-0.074626,0.000000,0.003975,-0.081300,0.000000,0.003887,-0.125906,0.000000,-0.002384,-0.148530,0.000000,-0.013612,-0.164659,0.017000,0.001900,-0.076400,0.026573,0.001900,-0.117863,0.031531,0.000511,-0.139343,0.035478,-0.002130,-0.156436,0.033100,-0.003774,-0.068300,0.044843,-0.003774,-0.098891,0.050804,-0.005346,-0.114422,0.055644,-0.008573,-0.127028
pinch,3,left,1782948527.528175,0.000000,0.000000,0.000000,0.025477,-0.012045,-0.022235,0.040113,-0.023206,-0.042302,0.039835,-0.041403,-0.068452,0.021264,-0.051449,-0.077879,0.020170,0.003226,-0.081594,0.022955,-0.019433,-0.110606,0.022140,-0.039319,-0.102121,0.020595,-0.048694,-0.086027,0.000000,0.003975,-0.081300,0.000000,0.003975,-0.125907,0.000000,0.002255,-0.149320,0.000000,-0.001170,-0.168671,-0.017000,0.001900,-0.076400,-0.026573,0.001900,-0.117863,-0.031529,0.000360,-0.139333,-0.035464,-0.002593,-0.156377,-0.033100,-0.003774,-0.068300,-0.044843,-0.003774,-0.098891,-0.050805,-0.005346,-0.114422,-0.055644,-0.008573,-0.127028
pinch,3,right,1782948527.559802,0.000000,0.000000,0.000000,-0.025477,-0.012045,-0.022235,-0.038735,-0.022402,-0.043646,-0.038222,-0.039681,-0.070408,-0.020568,-0.050651,-0.080539,-0.020170,0.003226,-0.081594,-0.022569,-0.024113,-0.106286,-0.021259,-0.040984,-0.092806,-0.019493,-0.044944,-0.074626,0.000000,0.003975,-0.081300,0.000000,0.003887,-0.125906,0.000000,-0.002384,-0.148530,0.000000,-0.013612,-0.164659,0.017000,0.001900,-0.076400,0.026573,0.001900,-0.117863,0.031531,0.000511,-0.139343,0.035478,-0.002130,-0.156436,0.033100,-0.003774,-0.068300,0.044843,-0.003774,-0.098891,0.050804,-0.005346,-0.114422,0.055644,-0.008573,-0.127028
pinch,3,left,1782948527.7369037,0.000000,0.000000,0.000000,0.025477,-0.012045,-0.022235,0.040113,-0.023206,-0.042302,0.039835,-0.041403,-0.068452,0.021264,-0.051449,-0.077879,0.020170,0.003226,-0.081594,0.022955,-0.019433,-0.110606,0.022140,-0.039319,-0.102121,0.020595,-0.048694,-0.086027,0.000000,0.003975,-0.081300,0.000000,0.003975,-0.125907,0.000000,0.002255,-0.149320,0.000000,-0.001170,-0.168671,-0.017000,0.001900,-0.076400,-0.026573,0.001900,-0.117863,-0.031529,0.000360,-0.139333,-0.035464,-0.002593,-0.156377,-0.033100,-0.003774,-0.068300,-0.044843,-0.003774,-0.098891,-0.050805,-0.005346,-0.114422,-0.055644,-0.008573,-0.127028
pinch,3,right,1782948527.7694628,0.000000,0.000000,0.000000,-0.025477,-0.012045,-0.022235,-0.038743,-0.022371,-0.043656,-0.038299,-0.039612,-0.070444,-0.020712,-0.050611,-0.080658,-0.020170,0.003226,-0.081594,-0.022569,-0.024113,-0.106286,-0.021259,-0.040984,-0.092806,-0.019493,-0.044944,-0.074626,0.000000,0.003975,-0.081300,0.000000,0.003887,-0.125906,0.000000,-0.002384,-0.148530,0.000000,-0.013612,-0.164659,0.017000,0.001900,-0.076400,0.026573,0.001900,-0.117863,0.031531,0.000511,-0.139343,0.035478,-0.002130,-0.156436,0.033100,-0.003774,-0.068300,0.044843,-0.003774,-0.098891,0.050804,-0.005346,-0.114422,0.055644,-0.008573,-0.127028
pinch,3,left,1782948527.9437878,0.000000,0.000000,0.000000,0.025477,-0.012045,-0.022235,0.040113,-0.023206,-0.042302,0.039835,-0.041403,-0.068452,0.021264,-0.051449,-0.077879,0.020170,0.003226,-0.081594,0.022955,-0.019433,-0.110606,0.022140,-0.039319,-0.102121,0.020595,-0.048694,-0.086027,0.000000,0.003975,-0.081300,0.000000,0.003975,-0.125907,0.000000,0.002255,-0.149320,0.000000,-0.001170,-0.168671,-0.017000,0.001900,-0.076400,-0.026573,0.001900,-0.117863,-0.031529,0.000360,-0.139333,-0.035464,-0.002593,-0.156377,-0.033100,-0.003774,-0.068300,-0.044843,-0.003774,-0.098891,-0.050805,-0.005346,-0.114422,-0.055644,-0.008573,-0.127028
pinch,3,right,1782948527.9882758,0.000000,0.000000,0.000000,-0.025477,-0.012045,-0.022235,-0.038752,-0.022339,-0.043666,-0.038377,-0.039542,-0.070479,-0.020857,-0.050572,-0.080777,-0.020170,0.003226,-0.081594,-0.022569,-0.024113,-0.106286,-0.021259,-0.040984,-0.092806,-0.019493,-0.044944,-0.074626,0.000000,0.003975,-0.081300,0.000000,0.003887,-0.125906,0.000000,-0.002384,-0.148530,0.000000,-0.013612,-0.164659,0.017000,0.001900,-0.076400,0.026573,0.001900,-0.117863,0.031531,0.000511,-0.139343,0.035478,-0.002130,-0.156436,0.033100,-0.003774,-0.068300,0.044843,-0.003774,-0.098891,0.050804,-0.005346,-0.114422,0.055644,-0.008573,-0.127028
pinch,3,left,1782948528.1442251,0.000000,0.000000,0.000000,0.025477,-0.012045,-0.022235,0.040113,-0.023206,-0.042302,0.039835,-0.041403,-0.068452,0.021264,-0.051449,-0.077879,0.020170,0.003226,-0.081594,0.022955,-0.019433,-0.110606,0.022140,-0.039319,-0.102121,0.020595,-0.048694,-0.086027,0.000000,0.003975,-0.081300,0.000000,0.003975,-0.125907,0.000000,0.002255,-0.149320,0.000000,-0.001170,-0.168671,-0.017000,0.001900,-0.076400,-0.026573,0.001900,-0.117863,-0.031529,0.000360,-0.139333,-0.035464,-0.002593,-0.156377,-0.033100,-0.003774,-0.068300,-0.044843,-0.003774,-0.098891,-0.050805,-0.005346,-0.114422,-0.055644,-0.008573,-0.127028
pinch,3,right,1782948528.1889145,0.000000,0.000000,0.000000,-0.025477,-0.012045,-0.022235,-0.038752,-0.022339,-0.043666,-0.038377,-0.039542,-0.070479,-0.020857,-0.050572,-0.080777,-0.020170,0.003226,-0.081594,-0.022569,-0.024113,-0.106286,-0.021259,-0.040984,-0.092806,-0.019493,-0.044944,-0.074626,0.000000,0.003975,-0.081300,0.000000,0.003887,-0.125906,0.000000,-0.002384,-0.148530,0.000000,-0.013612,-0.164659,0.017000,0.001900,-0.076400,0.026573,0.001900,-0.117863,0.031531,0.000511,-0.139343,0.035478,-0.002130,-0.156436,0.033100,-0.003774,-0.068300,0.044843,-0.003774,-0.098891,0.050804,-0.005346,-0.114422,0.055644,-0.008573,-0.127028
pinch,3,left,1782948528.362438,0.000000,0.000000,0.000000,0.025477,-0.012045,-0.022235,0.040113,-0.023206,-0.042302,0.039835,-0.041403,-0.068452,0.021264,-0.051449,-0.077879,0.020170,0.003226,-0.081594,0.022955,-0.019433,-0.110606,0.022140,-0.039319,-0.102121,0.020595,-0.048694,-0.086027,0.000000,0.003975,-0.081300,0.000000,0.003975,-0.125907,0.000000,0.002255,-0.149320,0.000000,-0.001170,-0.168671,-0.017000,0.001900,-0.076400,-0.026573,0.001900,-0.117863,-0.031529,0.000360,-0.139333,-0.035464,-0.002593,-0.156377,-0.033100,-0.003774,-0.068300,-0.044843,-0.003774,-0.098891,-0.050805,-0.005346,-0.114422,-0.055644,-0.008573,-0.127028
pinch,3,right,1782948528.3939023,0.000000,0.000000,0.000000,-0.025477,-0.012045,-0.022235,-0.038752,-0.022339,-0.043666,-0.038377,-0.039542,-0.070479,-0.020857,-0.050572,-0.080777,-0.020170,0.003226,-0.081594,-0.022569,-0.024113,-0.106286,-0.021259,-0.040984,-0.092806,-0.019493,-0.044944,-0.074626,0.000000,0.003975,-0.081300,0.000000,0.003887,-0.125906,0.000000,-0.002384,-0.148530,0.000000,-0.013612,-0.164659,0.017000,0.001900,-0.076400,0.026573,0.001900,-0.117863,0.031531,0.000511,-0.139343,0.035478,-0.002130,-0.156436,0.033100,-0.003774,-0.068300,0.044843,-0.003774,-0.098891,0.050804,-0.005346,-0.114422,0.055644,-0.008573,-0.127028
pinch,3,left,1782948528.5782387,0.000000,0.000000,0.000000,0.025477,-0.012045,-0.022235,0.040113,-0.023206,-0.042302,0.039835,-0.041403,-0.068452,0.021264,-0.051449,-0.077879,0.020170,0.003226,-0.081594,0.022955,-0.019433,-0.110606,0.022140,-0.039319,-0.102121,0.020595,-0.048694,-0.086027,0.000000,0.003975,-0.081300,0.000000,0.003975,-0.125907,0.000000,0.002255,-0.149320,0.000000,-0.001170,-0.168671,-0.017000,0.001900,-0.076400,-0.026573,0.001900,-0.117863,-0.031529,0.000360,-0.139333,-0.035464,-0.002593,-0.156377,-0.033100,-0.003774,-0.068300,-0.044843,-0.003774,-0.098891,-0.050805,-0.005346,-0.114422,-0.055644,-0.008573,-0.127028
pinch,3,right,1782948528.599362,0.000000,0.000000,0.000000,-0.025477,-0.012045,-0.022235,-0.038752,-0.022339,-0.043666,-0.038377,-0.039542,-0.070479,-0.020857,-0.050572,-0.080777,-0.020170,0.003226,-0.081594,-0.022569,-0.024113,-0.106286,-0.021259,-0.040984,-0.092806,-0.019493,-0.044944,-0.074626,0.000000,0.003975,-0.081300,0.000000,0.003887,-0.125906,0.000000,-0.002384,-0.148530,0.000000,-0.013612,-0.164659,0.017000,0.001900,-0.076400,0.026573,0.001900,-0.117863,0.031531,0.000511,-0.139343,0.035478,-0.002130,-0.156436,0.033100,-0.003774,-0.068300,0.044843,-0.003774,-0.098891,0.050804,-0.005346,-0.114422,0.055644,-0.008573,-0.127028
pinch,3,left,1782948528.7801218,0.000000,0.000000,0.000000,0.025477,-0.012045,-0.022235,0.040113,-0.023206,-0.042302,0.039835,-0.041403,-0.068452,0.021264,-0.051449,-0.077879,0.020170,0.003226,-0.081594,0.022955,-0.019433,-0.110606,0.022140,-0.039319,-0.102121,0.020595,-0.048694,-0.086027,0.000000,0.003975,-0.081300,0.000000,0.003975,-0.125907,0.000000,0.002255,-0.149320,0.000000,-0.001170,-0.168671,-0.017000,0.001900,-0.076400,-0.026573,0.001900,-0.117863,-0.031529,0.000360,-0.139333,-0.035464,-0.002593,-0.156377,-0.033100,-0.003774,-0.068300,-0.044843,-0.003774,-0.098891,-0.050805,-0.005346,-0.114422,-0.055644,-0.008573,-0.127028
pinch,3,right,1782948528.803931,0.000000,0.000000,0.000000,-0.025477,-0.012045,-0.022235,-0.038752,-0.022339,-0.043666,-0.038377,-0.039542,-0.070479,-0.020857,-0.050572,-0.080777,-0.020170,0.003226,-0.081594,-0.022569,-0.024113,-0.106286,-0.021259,-0.040984,-0.092806,-0.019493,-0.044944,-0.074626,0.000000,0.003975,-0.081300,0.000000,0.003887,-0.125906,0.000000,-0.002384,-0.148530,0.000000,-0.013612,-0.164659,0.017000,0.001900,-0.076400,0.026573,0.001900,-0.117863,0.031531,0.000511,-0.139343,0.035478,-0.002130,-0.156436,0.033100,-0.003774,-0.068300,0.044843,-0.003774,-0.098891,0.050804,-0.005346,-0.114422,0.055644,-0.008573,-0.127028
pinch,3,left,1782948528.987464,0.000000,0.000000,0.000000,0.025477,-0.012045,-0.022235,0.040113,-0.023206,-0.042302,0.039835,-0.041403,-0.068452,0.021264,-0.051449,-0.077879,0.020170,0.003226,-0.081594,0.022955,-0.019433,-0.110606,0.022140,-0.039319,-0.102121,0.020595,-0.048694,-0.086027,0.000000,0.003975,-0.081300,0.000000,0.003975,-0.125907,0.000000,0.002255,-0.149320,0.000000,-0.001170,-0.168671,-0.017000,0.001900,-0.076400,-0.026573,0.001900,-0.117863,-0.031529,0.000360,-0.139333,-0.035464,-0.002593,-0.156377,-0.033100,-0.003774,-0.068300,-0.044843,-0.003774,-0.098891,-0.050805,-0.005346,-0.114422,-0.055644,-0.008573,-0.127028
pinch,3,right,1782948529.0194502,0.000000,0.000000,0.000000,-0.025477,-0.012045,-0.022235,-0.038752,-0.022339,-0.043666,-0.038377,-0.039542,-0.070479,-0.020857,-0.050572,-0.080777,-0.020170,0.003226,-0.081594,-0.022569,-0.024113,-0.106286,-0.021259,-0.040984,-0.092806,-0.019493,-0.044944,-0.074626,0.000000,0.003975,-0.081300,0.000000,0.003887,-0.125906,0.000000,-0.002384,-0.148530,0.000000,-0.013612,-0.164659,0.017000,0.001900,-0.076400,0.026573,0.001900,-0.117863,0.031531,0.000511,-0.139343,0.035478,-0.002130,-0.156436,0.033100,-0.003774,-0.068300,0.044843,-0.003774,-0.098891,0.050804,-0.005346,-0.114422,0.055644,-0.008573,-0.127028
pinch,3,left,1782948529.203252,0.000000,0.000000,0.000000,0.025477,-0.012045,-0.022235,0.040113,-0.023206,-0.042302,0.039835,-0.041403,-0.068452,0.021264,-0.051449,-0.077879,0.020170,0.003226,-0.081594,0.022955,-0.019433,-0.110606,0.022140,-0.039319,-0.102121,0.020595,-0.048694,-0.086027,0.000000,0.003975,-0.081300,0.000000,0.003975,-0.125907,0.000000,0.002255,-0.149320,0.000000,-0.001170,-0.168671,-0.017000,0.001900,-0.076400,-0.026573,0.001900,-0.117863,-0.031529,0.000360,-0.139333,-0.035464,-0.002593,-0.156377,-0.033100,-0.003774,-0.068300,-0.044843,-0.003774,-0.098891,-0.050805,-0.005346,-0.114422,-0.055644,-0.008573,-0.127028
pinch,3,right,1782948529.2254198,0.000000,0.000000,0.000000,-0.025477,-0.012045,-0.022235,-0.038752,-0.022339,-0.043666,-0.038377,-0.039542,-0.070479,-0.020857,-0.050572,-0.080777,-0.020170,0.003226,-0.081594,-0.022569,-0.024113,-0.106286,-0.021259,-0.040984,-0.092806,-0.019493,-0.044944,-0.074626,0.000000,0.003975,-0.081300,0.000000,0.003887,-0.125906,0.000000,-0.002384,-0.148530,0.000000,-0.013612,-0.164659,0.017000,0.001900,-0.076400,0.026573,0.001900,-0.117863,0.031531,0.000511,-0.139343,0.035478,-0.002130,-0.156436,0.033100,-0.003774,-0.068300,0.044843,-0.003774,-0.098891,0.050804,-0.005346,-0.114422,0.055644,-0.008573,-0.127028
pinch,3,left,1782948529.4221556,0.000000,0.000000,0.000000,0.025477,-0.012045,-0.022235,0.040113,-0.023206,-0.042302,0.039835,-0.041403,-0.068452,0.021264,-0.051449,-0.077879,0.020170,0.003226,-0.081594,0.022955,-0.019433,-0.110606,0.022140,-0.039319,-0.102121,0.020595,-0.048694,-0.086027,0.000000,0.003975,-0.081300,0.000000,0.003975,-0.125907,0.000000,0.002255,-0.149320,0.000000,-0.001170,-0.168671,-0.017000,0.001900,-0.076400,-0.026573,0.001900,-0.117863,-0.031529,0.000360,-0.139333,-0.035464,-0.002593,-0.156377,-0.033100,-0.003774,-0.068300,-0.044843,-0.003774,-0.098891,-0.050805,-0.005346,-0.114422,-0.055644,-0.008573,-0.127028
pinch,3,right,1782948529.4328682,0.000000,0.000000,0.000000,-0.025477,-0.012045,-0.022235,-0.038752,-0.022339,-0.043666,-0.038377,-0.039542,-0.070479,-0.020857,-0.050572,-0.080777,-0.020170,0.003226,-0.081594,-0.022569,-0.024113,-0.106286,-0.021259,-0.040984,-0.092806,-0.019493,-0.044944,-0.074626,0.000000,0.003975,-0.081300,0.000000,0.003887,-0.125906,0.000000,-0.002384,-0.148530,0.000000,-0.013612,-0.164659,0.017000,0.001900,-0.076400,0.026573,0.001900,-0.117863,0.031531,0.000511,-0.139343,0.035478,-0.002130,-0.156436,0.033100,-0.003774,-0.068300,0.044843,-0.003774,-0.098891,0.050804,-0.005346,-0.114422,0.055644,-0.008573,-0.127028
pinch,3,left,1782948529.6326637,0.000000,0.000000,0.000000,0.025477,-0.012045,-0.022235,0.040113,-0.023206,-0.042302,0.039835,-0.041403,-0.068452,0.021264,-0.051449,-0.077879,0.020170,0.003226,-0.081594,0.022955,-0.019433,-0.110606,0.022140,-0.039319,-0.102121,0.020595,-0.048694,-0.086027,0.000000,0.003975,-0.081300,0.000000,0.003975,-0.125907,0.000000,0.002255,-0.149320,0.000000,-0.001170,-0.168671,-0.017000,0.001900,-0.076400,-0.026573,0.001900,-0.117863,-0.031529,0.000360,-0.139333,-0.035464,-0.002593,-0.156377,-0.033100,-0.003774,-0.068300,-0.044843,-0.003774,-0.098891,-0.050805,-0.005346,-0.114422,-0.055644,-0.008573,-0.127028
pinch,3,right,1782948529.6447031,0.000000,0.000000,0.000000,-0.025477,-0.012045,-0.022235,-0.038752,-0.022339,-0.043666,-0.038377,-0.039542,-0.070479,-0.020857,-0.050572,-0.080777,-0.020170,0.003226,-0.081594,-0.022569,-0.024113,-0.106286,-0.021259,-0.040984,-0.092806,-0.019493,-0.044944,-0.074626,0.000000,0.003975,-0.081300,0.000000,0.003887,-0.125906,0.000000,-0.002384,-0.148530,0.000000,-0.013612,-0.164659,0.017000,0.001900,-0.076400,0.026573,0.001900,-0.117863,0.031531,0.000511,-0.139343,0.035478,-0.002130,-0.156436,0.033100,-0.003774,-0.068300,0.044843,-0.003774,-0.098891,0.050804,-0.005346,-0.114422,0.055644,-0.008573,-0.127028
pinch,3,left,1782948529.841972,0.000000,0.000000,0.000000,0.025477,-0.012045,-0.022235,0.040113,-0.023206,-0.042302,0.039835,-0.041403,-0.068452,0.021264,-0.051449,-0.077879,0.020170,0.003226,-0.081594,0.022955,-0.019433,-0.110606,0.022140,-0.039319,-0.102121,0.020595,-0.048694,-0.086027,0.000000,0.003975,-0.081300,0.000000,0.003975,-0.125907,0.000000,0.002255,-0.149320,0.000000,-0.001170,-0.168671,-0.017000,0.001900,-0.076400,-0.026573,0.001900,-0.117863,-0.031529,0.000360,-0.139333,-0.035464,-0.002593,-0.156377,-0.033100,-0.003774,-0.068300,-0.044843,-0.003774,-0.098891,-0.050805,-0.005346,-0.114422,-0.055644,-0.008573,-0.127028
pinch,3,right,1782948529.8529928,0.000000,0.000000,0.000000,-0.025477,-0.012045,-0.022235,-0.038752,-0.022339,-0.043666,-0.038377,-0.039542,-0.070479,-0.020857,-0.050572,-0.080777,-0.020170,0.003226,-0.081594,-0.022569,-0.024113,-0.106286,-0.021259,-0.040984,-0.092806,-0.019493,-0.044944,-0.074626,0.000000,0.003975,-0.081300,0.000000,0.003887,-0.125906,0.000000,-0.002384,-0.148530,0.000000,-0.013612,-0.164659,0.017000,0.001900,-0.076400,0.026573,0.001900,-0.117863,0.031531,0.000511,-0.139343,0.035478,-0.002130,-0.156436,0.033100,-0.003774,-0.068300,0.044843,-0.003774,-0.098891,0.050804,-0.005346,-0.114422,0.055644,-0.008573,-0.127028
pinch,3,left,1782948530.0497303,0.000000,0.000000,0.000000,0.025477,-0.012045,-0.022235,0.040113,-0.023206,-0.042302,0.039835,-0.041403,-0.068452,0.021264,-0.051449,-0.077879,0.020170,0.003226,-0.081594,0.022955,-0.019433,-0.110606,0.022140,-0.039319,-0.102121,0.020595,-0.048694,-0.086027,0.000000,0.003975,-0.081300,0.000000,0.003975,-0.125907,0.000000,0.002255,-0.149320,0.000000,-0.001170,-0.168671,-0.017000,0.001900,-0.076400,-0.026573,0.001900,-0.117863,-0.031529,0.000360,-0.139333,-0.035464,-0.002593,-0.156377,-0.033100,-0.003774,-0.068300,-0.044843,-0.003774,-0.098891,-0.050805,-0.005346,-0.114422,-0.055644,-0.008573,-0.127028
pinch,3,right,1782948530.0610833,0.000000,0.000000,0.000000,-0.025477,-0.012045,-0.022235,-0.038752,-0.022339,-0.043666,-0.038377,-0.039542,-0.070479,-0.020857,-0.050572,-0.080777,-0.020170,0.003226,-0.081594,-0.022569,-0.024113,-0.106286,-0.021259,-0.040984,-0.092806,-0.019493,-0.044944,-0.074626,0.000000,0.003975,-0.081300,0.000000,0.003887,-0.125906,0.000000,-0.002384,-0.148530,0.000000,-0.013612,-0.164659,0.017000,0.001900,-0.076400,0.026573,0.001900,-0.117863,0.031531,0.000511,-0.139343,0.035478,-0.002130,-0.156436,0.033100,-0.003774,-0.068300,0.044843,-0.003774,-0.098891,0.050804,-0.005346,-0.114422,0.055644,-0.008573,-0.127028
pinch,3,left,1782948530.2698183,0.000000,0.000000,0.000000,0.025477,-0.012045,-0.022235,0.040113,-0.023206,-0.042302,0.039835,-0.041403,-0.068452,0.021264,-0.051449,-0.077879,0.020170,0.003226,-0.081594,0.022955,-0.019433,-0.110606,0.022140,-0.039319,-0.102121,0.020595,-0.048694,-0.086027,0.000000,0.003975,-0.081300,0.000000,0.003975,-0.125907,0.000000,0.002255,-0.149320,0.000000,-0.001170,-0.168671,-0.017000,0.001900,-0.076400,-0.026573,0.001900,-0.117863,-0.031529,0.000360,-0.139333,-0.035464,-0.002593,-0.156377,-0.033100,-0.003774,-0.068300,-0.044843,-0.003774,-0.098891,-0.050805,-0.005346,-0.114422,-0.055644,-0.008573,-0.127028
pinch,3,right,1782948530.2700403,0.000000,0.000000,0.000000,-0.025477,-0.012045,-0.022235,-0.038752,-0.022339,-0.043666,-0.038377,-0.039542,-0.070479,-0.020857,-0.050572,-0.080777,-0.020170,0.003226,-0.081594,-0.022569,-0.024113,-0.106286,-0.021259,-0.040984,-0.092806,-0.019493,-0.044944,-0.074626,0.000000,0.003975,-0.081300,0.000000,0.003887,-0.125906,0.000000,-0.002384,-0.148530,0.000000,-0.013612,-0.164659,0.017000,0.001900,-0.076400,0.026573,0.001900,-0.117863,0.031531,0.000511,-0.139343,0.035478,-0.002130,-0.156436,0.033100,-0.003774,-0.068300,0.044843,-0.003774,-0.098891,0.050804,-0.005346,-0.114422,0.055644,-0.008573,-0.127028
pinch,3,left,1782948530.4734044,0.000000,0.000000,0.000000,0.025477,-0.012045,-0.022235,0.040113,-0.023206,-0.042302,0.039835,-0.041403,-0.068452,0.021264,-0.051449,-0.077879,0.020170,0.003226,-0.081594,0.022955,-0.019433,-0.110606,0.022140,-0.039319,-0.102121,0.020595,-0.048694,-0.086027,0.000000,0.003975,-0.081300,0.000000,0.003975,-0.125907,0.000000,0.002255,-0.149320,0.000000,-0.001170,-0.168671,-0.017000,0.001900,-0.076400,-0.026573,0.001900,-0.117863,-0.031529,0.000360,-0.139333,-0.035464,-0.002593,-0.156377,-0.033100,-0.003774,-0.068300,-0.044843,-0.003774,-0.098891,-0.050805,-0.005346,-0.114422,-0.055644,-0.008573,-0.127028
pinch,3,right,1782948530.473679,0.000000,0.000000,0.000000,-0.025477,-0.012045,-0.022235,-0.038752,-0.022339,-0.043666,-0.038377,-0.039542,-0.070479,-0.020857,-0.050572,-0.080777,-0.020170,0.003226,-0.081594,-0.022569,-0.024113,-0.106286,-0.021259,-0.040984,-0.092806,-0.019493,-0.044944,-0.074626,0.000000,0.003975,-0.081300,0.000000,0.003887,-0.125906,0.000000,-0.002384,-0.148530,0.000000,-0.013612,-0.164659,0.017000,0.001900,-0.076400,0.026573,0.001900,-0.117863,0.031531,0.000511,-0.139343,0.035478,-0.002130,-0.156436,0.033100,-0.003774,-0.068300,0.044843,-0.003774,-0.098891,0.050804,-0.005346,-0.114422,0.055644,-0.008573,-0.127028
pinch,3,left,1782948530.6782644,0.000000,0.000000,0.000000,0.025477,-0.012045,-0.022235,0.040113,-0.023206,-0.042302,0.039835,-0.041403,-0.068452,0.021264,-0.051449,-0.077879,0.020170,0.003226,-0.081594,0.022955,-0.019433,-0.110606,0.022140,-0.039319,-0.102121,0.020595,-0.048694,-0.086027,0.000000,0.003975,-0.081300,0.000000,0.003975,-0.125907,0.000000,0.002255,-0.149320,0.000000,-0.001170,-0.168671,-0.017000,0.001900,-0.076400,-0.026573,0.001900,-0.117863,-0.031529,0.000360,-0.139333,-0.035464,-0.002593,-0.156377,-0.033100,-0.003774,-0.068300,-0.044843,-0.003774,-0.098891,-0.050805,-0.005346,-0.114422,-0.055644,-0.008573,-0.127028
pinch,3,right,1782948530.6894474,0.000000,0.000000,0.000000,-0.025477,-0.012045,-0.022235,-0.038752,-0.022339,-0.043666,-0.038377,-0.039542,-0.070479,-0.020857,-0.050572,-0.080777,-0.020170,0.003226,-0.081594,-0.022569,-0.024113,-0.106286,-0.021259,-0.040984,-0.092806,-0.019493,-0.044944,-0.074626,0.000000,0.003975,-0.081300,0.000000,0.003887,-0.125906,0.000000,-0.002384,-0.148530,0.000000,-0.013612,-0.164659,0.017000,0.001900,-0.076400,0.026573,0.001900,-0.117863,0.031531,0.000511,-0.139343,0.035478,-0.002130,-0.156436,0.033100,-0.003774,-0.068300,0.044843,-0.003774,-0.098891,0.050804,-0.005346,-0.114422,0.055644,-0.008573,-0.127028
