wall_time,iso_time,timestamp,packet_counter,hand_side,frame_id,status,pose,take,PALM_x,PALM_y,PALM_z,PALM_qw,PALM_qx,PALM_qy,PALM_qz,WRIST_x,WRIST_y,WRIST_z,WRIST_qw,WRIST_qx,WRIST_qy,WRIST_qz,THUMB_METACARPAL_x,THUMB_METACARPAL_y,THUMB_METACARPAL_z,THUMB_METACARPAL_qw,THUMB_METACARPAL_qx,THUMB_METACARPAL_qy,THUMB_METACARPAL_qz,THUMB_PROXIMAL_x,THUMB_PROXIMAL_y,THUMB_PROXIMAL_z,THUMB_PROXIMAL_qw,THUMB_PROXIMAL_qx,THUMB_PROXIMAL_qy,THUMB_PROXIMAL_qz,THUMB_DISTAL_x,THUMB_DISTAL_y,THUMB_DISTAL_z,THUMB_DISTAL_qw,THUMB_DISTAL_qx,THUMB_DISTAL_qy,THUMB_DISTAL_qz,THUMB_TIP_x,THUMB_TIP_y,THUMB_TIP_z,THUMB_TIP_qw,THUMB_TIP_qx,THUMB_TIP_qy,THUMB_TIP_qz,INDEX_METACARPAL_x,INDEX_METACARPAL_y,INDEX_METACARPAL_z,INDEX_METACARPAL_qw,INDEX_METACARPAL_qx,INDEX_METACARPAL_qy,INDEX_METACARPAL_qz,INDEX_PROXIMAL_x,INDEX_PROXIMAL_y,INDEX_PROXIMAL_z,INDEX_PROXIMAL_qw,INDEX_PROXIMAL_qx,INDEX_PROXIMAL_qy,INDEX_PROXIMAL_qz,INDEX_INTERMEDIATE_x,INDEX_INTERMEDIATE_y,INDEX_INTERMEDIATE_z,INDEX_INTERMEDIATE_qw,INDEX_INTERMEDIATE_qx,INDEX_INTERMEDIATE_qy,INDEX_INTERMEDIATE_qz,INDEX_DISTAL_x,INDEX_DISTAL_y,INDEX_DISTAL_z,INDEX_DISTAL_qw,INDEX_DISTAL_qx,INDEX_DISTAL_qy,INDEX_DISTAL_qz,INDEX_TIP_x,INDEX_TIP_y,INDEX_TIP_z,INDEX_TIP_qw,INDEX_TIP_qx,INDEX_TIP_qy,INDEX_TIP_qz,MIDDLE_METACARPAL_x,MIDDLE_METACARPAL_y,MIDDLE_METACARPAL_z,MIDDLE_METACARPAL_qw,MIDDLE_METACARPAL_qx,MIDDLE_METACARPAL_qy,MIDDLE_METACARPAL_qz,MIDDLE_PROXIMAL_x,MIDDLE_PROXIMAL_y,MIDDLE_PROXIMAL_z,MIDDLE_PROXIMAL_qw,MIDDLE_PROXIMAL_qx,MIDDLE_PROXIMAL_qy,MIDDLE_PROXIMAL_qz,MIDDLE_INTERMEDIATE_x,MIDDLE_INTERMEDIATE_y,MIDDLE_INTERMEDIATE_z,MIDDLE_INTERMEDIATE_qw,MIDDLE_INTERMEDIATE_qx,MIDDLE_INTERMEDIATE_qy,MIDDLE_INTERMEDIATE_qz,MIDDLE_DISTAL_x,MIDDLE_DISTAL_y,MIDDLE_DISTAL_z,MIDDLE_DISTAL_qw,MIDDLE_DISTAL_qx,MIDDLE_DISTAL_qy,MIDDLE_DISTAL_qz,MIDDLE_TIP_x,MIDDLE_TIP_y,MIDDLE_TIP_z,MIDDLE_TIP_qw,MIDDLE_TIP_qx,MIDDLE_TIP_qy,MIDDLE_TIP_qz,RING_METACARPAL_x,RING_METACARPAL_y,RING_METACARPAL_z,RING_METACARPAL_qw,RING_METACARPAL_qx,RING_METACARPAL_qy,RING_METACARPAL_qz,RING_PROXIMAL_x,RING_PROXIMAL_y,RING_PROXIMAL_z,RING_PROXIMAL_qw,RING_PROXIMAL_qx,RING_PROXIMAL_qy,RING_PROXIMAL_qz,RING_INTERMEDIATE_x,RING_INTERMEDIATE_y,RING_INTERMEDIATE_z,RING_INTERMEDIATE_qw,RING_INTERMEDIATE_qx,RING_INTERMEDIATE_qy,RING_INTERMEDIATE_qz,RING_DISTAL_x,RING_DISTAL_y,RING_DISTAL_z,RING_DISTAL_qw,RING_DISTAL_qx,RING_DISTAL_qy,RING_DISTAL_qz,RING_TIP_x,RING_TIP_y,RING_TIP_z,RING_TIP_qw,RING_TIP_qx,RING_TIP_qy,RING_TIP_qz,LITTLE_METACARPAL_x,LITTLE_METACARPAL_y,LITTLE_METACARPAL_z,LITTLE_METACARPAL_qw,LITTLE_METACARPAL_qx,LITTLE_METACARPAL_qy,LITTLE_METACARPAL_qz,LITTLE_PROXIMAL_x,LITTLE_PROXIMAL_y,LITTLE_PROXIMAL_z,LITTLE_PROXIMAL_qw,LITTLE_PROXIMAL_qx,LITTLE_PROXIMAL_qy,LITTLE_PROXIMAL_qz,LITTLE_INTERMEDIATE_x,LITTLE_INTERMEDIATE_y,LITTLE_INTERMEDIATE_z,LITTLE_INTERMEDIATE_qw,LITTLE_INTERMEDIATE_qx,LITTLE_INTERMEDIATE_qy,LITTLE_INTERMEDIATE_qz,LITTLE_DISTAL_x,LITTLE_DISTAL_y,LITTLE_DISTAL_z,LITTLE_DISTAL_qw,LITTLE_DISTAL_qx,LITTLE_DISTAL_qy,LITTLE_DISTAL_qz,LITTLE_TIP_x,LITTLE_TIP_y,LITTLE_TIP_z,LITTLE_TIP_qw,LITTLE_TIP_qx,LITTLE_TIP_qy,LITTLE_TIP_qz
1782948305.7219381,2026-07-01 19:25:05.721,1941.0,1941,right,0,2,open_palm,1,0.0,0.003969999961555004,-0.04999999701976776,-1.0,-0.0,0.0,0.0,0.0,0.0,0.0,-1.0,-0.0,0.0,0.0,-0.025476505979895592,-0.012044684961438179,-0.022234933450818062,-0.810554027557373,-0.1487269401550293,-0.26143431663513184,-0.5025283098220825,0.0,1.19209286886246e-09,-0.02723044343292713,-0.9998829364776611,0.015300636179745197,0.0,0.0,2.38418573772492e-09,-1.19209286886246e-09,-0.031859468668699265,-0.9999423623085022,0.010737097822129726,0.0,0.0,0.0,-3.5762786065873797e-09,-0.023122519254684448,-1.0,-0.0,0.0,0.0,-0.012360505759716034,0.0032300001475960016,-0.016998957842588425,-0.9990482330322266,-0.0,-0.04361938685178757,0.0,-0.002149570034816861,-3.8927792047616094e-06,-0.06502974033355713,-0.9999619722366333,-0.0,-0.008726464584469795,0.0,0.0,0.0,-0.03691747412085533,-0.9993493556976318,0.0360686257481575,0.0,0.0,-2.38418573772492e-09,-2.98023217215615e-10,-0.02163529396057129,-0.999281644821167,0.037897396832704544,0.0,0.0,0.0,2.98023217215615e-10,-0.01868978515267372,-1.0,-0.0,0.0,0.0,0.0,0.003969999961555004,-0.017509059980511665,-1.0,-0.0,0.0,0.0,0.0,4.611611075233668e-06,-0.0637909397482872,-1.0,-0.0,0.0,0.0,0.0,2.98023217215615e-10,-0.04460655897855759,-0.9996492862701416,0.02648334950208664,0.0,0.0,0.0,-2.98023217215615e-10,-0.02347646653652191,-0.999390184879303,0.0349179282784462,0.0,0.0,0.0,0.0,-0.019652195274829865,-1.0,-0.0,0.0,0.0,0.00711638480424881,0.0018999999156221747,-0.016959700733423233,-0.9961947202682495,-0.0,0.08715574443340302,0.0,-0.0005882382392883301,0.0,-0.060253534466028214,-0.9996573328971863,-0.0,0.026176923885941505,0.0,1.19209286886246e-09,-1.490116086078075e-10,-0.04255415499210358,-0.9998269081115723,0.01860368624329567,0.0,0.0,-2.38418573772492e-09,0.0,-0.02208789810538292,-0.9997273087501526,0.023352697491645813,0.0,0.0,0.0,0.0,-0.017740869894623756,-1.0,-0.0,0.0,0.0,0.013503451831638813,-0.0037700000684708357,-0.014087309129536152,-0.9914448857307434,-0.0,0.13052619993686676,0.0,0.0048975334502756596,-3.847479547403054e-06,-0.05743739381432533,-0.9986295104026794,-0.0,0.05233589559793472,0.0,4.76837147544984e-09,-2.98023217215615e-10,-0.03276757150888443,-0.9997390508651733,0.02284443937242031,0.0,0.0,2.38418573772492e-09,0.0,-0.016709718853235245,-0.9995173215866089,0.03106803447008133,0.0,0.0,0.0,0.0,-0.01388302817940712,-1.0,-0.0,0.0,0.0
1782948305.7222888,2026-07-01 19:25:05.722,16248.0,16248,left,0,1,open_palm,1,0.0,0.003969999961555004,-0.04999999701976776,-1.0,-0.0,0.0,0.0,0.0,0.0,0.0,-1.0,-0.0,0.0,0.0,0.025476500391960144,-0.012044699862599373,-0.022234899923205376,-0.809577465057373,-0.14576728641986847,0.2644490599632263,0.503391444683075,-5.7220457705398076e-08,-4.3511388270189855e-08,-0.027230437844991684,-0.9997742176055908,0.021249612793326378,0.0,0.0,3.5762786065873797e-09,6.318092005130893e-08,-0.031859491020441055,-0.9998239874839783,0.018763011321425438,0.0,0.0,2.384185648907078e-08,0.0,-0.023122519254684448,-1.0,-0.0,0.0,0.0,0.012359999120235443,0.0032300001475960016,-0.017000000923871994,-0.9990482330322266,-0.0,0.04361938685178757,0.0,0.0021501504816114902,-3.890097104886081e-06,-0.06502876430749893,-0.9999619722366333,-0.0,0.008726557716727257,0.0,-9.53674295089968e-09,-9.53674295089968e-09,-0.036917347460985184,-0.9995214939117432,0.030932152643799782,0.0,0.0,-2.8610228852699038e-08,-2.98023217215615e-10,-0.0216355137526989,-0.999514639377594,0.031153753399848938,0.0,0.0,1.2636184010261786e-07,2.98023217215615e-10,-0.018689393997192383,-1.0,-0.0,0.0,0.0,0.0,0.003969999961555004,-0.01750910095870495,-1.0,-0.0,0.0,0.0,0.0,4.610121322912164e-06,-0.06379090249538422,-1.0,-0.0,0.0,0.0,0.0,2.98023217215615e-10,-0.044606998562812805,-0.9995051622390747,0.03145527467131615,0.0,0.0,0.0,0.0,-0.023475991562008858,-0.9990876317024231,0.04270758107304573,0.0,0.0,0.0,0.0,-0.019651994109153748,-1.0,-0.0,0.0,0.0,-0.00711638992652297,0.0018999999156221747,-0.016959700733423233,-0.9961947202682495,-0.0,-0.08715574443340302,0.0,0.0005882433033548295,0.0,-0.060253534466028214,-0.9996573328971863,-0.0,-0.026176923885941505,0.0,-1.1086464013487785e-07,-1.490116086078075e-10,-0.04255366697907448,-0.9995051622390747,0.03145527467131615,0.0,0.0,4.5299529460862686e-08,0.0,-0.022088106721639633,-0.999065101146698,0.04323066025972366,0.0,0.0,-1.4305114426349519e-08,0.0,-0.017740696668624878,-1.0,-0.0,0.0,0.0,-0.013503500260412693,-0.0037700000684708357,-0.014087299816310406,-0.9914448857307434,-0.0,-0.13052619993686676,0.0,-0.004897483624517918,-3.8501621020259336e-06,-0.05743739381432533,-0.9986295104026794,-0.0,-0.05233589559793472,0.0,5.4836270635405526e-08,-2.98023217215615e-10,-0.03276759013533592,-0.9995716214179993,0.029269907623529434,0.0,0.0,-9.298324243900424e-08,0.0,-0.01670967973768711,-0.9991451501846313,0.041340723633766174,0.0,0.0,6.19888282926695e-08,0.0,-0.013883084990084171,-1.0,-0.0,0.0,0.0
1782948305.9301198,2026-07-01 19:25:05.930,16251.0,16251,left,0,1,open_palm,1,0.0,0.003969999961555004,-0.04999999701976776,-1.0,-0.0,0.0,0.0,0.0,0.0,0.0,-1.0,-0.0,0.0,0.0,0.025476500391960144,-0.012044699862599373,-0.022234899923205376,-0.809577465057373,-0.14576728641986847,0.2644490599632263,0.503391444683075,-5.7220457705398076e-08,-4.3511388270189855e-08,-0.027230437844991684,-0.9997742176055908,0.021249612793326378,0.0,0.0,3.5762786065873797e-09,6.318092005130893e-08,-0.031859491020441055,-0.9998239874839783,0.018763011321425438,0.0,0.0,2.384185648907078e-08,0.0,-0.023122519254684448,-1.0,-0.0,0.0,0.0,0.012359999120235443,0.0032300001475960016,-0.017000000923871994,-0.9990482330322266,-0.0,0.04361938685178757,0.0,0.0021501504816114902,-3.890097104886081e-06,-0.06502876430749893,-0.9999619722366333,-0.0,0.008726557716727257,0.0,-9.53674295089968e-09,-9.53674295089968e-09,-0.036917347460985184,-0.9995214939117432,0.030932152643799782,0.0,0.0,-2.8610228852699038e-08,-2.98023217215615e-10,-0.0216355137526989,-0.999514639377594,0.031153753399848938,0.0,0.0,1.2636184010261786e-07,2.98023217215615e-10,-0.018689393997192383,-1.0,-0.0,0.0,0.0,0.0,0.003969999961555004,-0.01750910095870495,-1.0,-0.0,0.0,0.0,0.0,4.610121322912164e-06,-0.06379090249538422,-1.0,-0.0,0.0,0.0,0.0,2.98023217215615e-10,-0.044606998562812805,-0.9995051622390747,0.03145527467131615,0.0,0.0,0.0,0.0,-0.023475991562008858,-0.9990876317024231,0.04270758107304573,0.0,0.0,0.0,0.0,-0.019651994109153748,-1.0,-0.0,0.0,0.0,-0.00711638992652297,0.0018999999156221747,-0.016959700733423233,-0.9961947202682495,-0.0,-0.08715574443340302,0.0,0.0005882433033548295,0.0,-0.060253534466028214,-0.9996573328971863,-0.0,-0.026176923885941505,0.0,-1.1086464013487785e-07,-1.490116086078075e-10,-0.04255366697907448,-0.9995051622390747,0.03145527467131615,0.0,0.0,4.5299529460862686e-08,0.0,-0.022088106721639633,-0.999065101146698,0.04323066025972366,0.0,0.0,-1.4305114426349519e-08,0.0,-0.017740696668624878,-1.0,-0.0,0.0,0.0,-0.013503500260412693,-0.0037700000684708357,-0.014087299816310406,-0.9914448857307434,-0.0,-0.13052619993686676,0.0,-0.004897483624517918,-3.8501621020259336e-06,-0.05743739381432533,-0.9986295104026794,-0.0,-0.05233589559793472,0.0,5.4836270635405526e-08,-2.98023217215615e-10,-0.03276759013533592,-0.9995716214179993,0.029269907623529434,0.0,0.0,-9.298324243900424e-08,0.0,-0.01670967973768711,-0.9991451501846313,0.041340723633766174,0.0,0.0,6.19888282926695e-08,0.0,-0.013883084990084171,-1.0,-0.0,0.0,0.0
1782948305.9409645,2026-07-01 19:25:05.940,1972.0,1972,right,0,2,open_palm,1,0.0,0.003969999961555004,-0.04999999701976776,-1.0,-0.0,0.0,0.0,0.0,0.0,0.0,-1.0,-0.0,0.0,0.0,-0.025476505979895592,-0.012044684961438179,-0.022234933450818062,-0.810554027557373,-0.1487269401550293,-0.26143431663513184,-0.5025283098220825,0.0,1.19209286886246e-09,-0.02723044343292713,-0.9998829364776611,0.015300636179745197,0.0,0.0,2.38418573772492e-09,-1.19209286886246e-09,-0.031859468668699265,-0.9999423623085022,0.010737097822129726,0.0,0.0,0.0,-3.5762786065873797e-09,-0.023122519254684448,-1.0,-0.0,0.0,0.0,-0.012360505759716034,0.0032300001475960016,-0.016998957842588425,-0.9990482330322266,-0.0,-0.04361938685178757,0.0,-0.002149570034816861,-3.8927792047616094e-06,-0.06502974033355713,-0.9999619722366333,-0.0,-0.008726464584469795,0.0,0.0,0.0,-0.03691747412085533,-0.9993493556976318,0.0360686257481575,0.0,0.0,-2.38418573772492e-09,-2.98023217215615e-10,-0.02163529396057129,-0.999281644821167,0.037897396832704544,0.0,0.0,0.0,2.98023217215615e-10,-0.01868978515267372,-1.0,-0.0,0.0,0.0,0.0,0.003969999961555004,-0.017509059980511665,-1.0,-0.0,0.0,0.0,0.0,4.611611075233668e-06,-0.0637909397482872,-1.0,-0.0,0.0,0.0,0.0,2.98023217215615e-10,-0.04460655897855759,-0.9996492862701416,0.02648334950208664,0.0,0.0,0.0,-2.98023217215615e-10,-0.02347646653652191,-0.999390184879303,0.0349179282784462,0.0,0.0,0.0,0.0,-0.019652195274829865,-1.0,-0.0,0.0,0.0,0.00711638480424881,0.0018999999156221747,-0.016959700733423233,-0.9961947202682495,-0.0,0.08715574443340302,0.0,-0.0005882382392883301,0.0,-0.060253534466028214,-0.9996573328971863,-0.0,0.026176923885941505,0.0,1.19209286886246e-09,-1.490116086078075e-10,-0.04255415499210358,-0.9998269081115723,0.01860368624329567,0.0,0.0,-2.38418573772492e-09,0.0,-0.02208789810538292,-0.9997273087501526,0.023352697491645813,0.0,0.0,0.0,0.0,-0.017740869894623756,-1.0,-0.0,0.0,0.0,0.013503451831638813,-0.0037700000684708357,-0.014087309129536152,-0.9914448857307434,-0.0,0.13052619993686676,0.0,0.0048975334502756596,-3.847479547403054e-06,-0.05743739381432533,-0.9986295104026794,-0.0,0.05233589559793472,0.0,4.76837147544984e-09,-2.98023217215615e-10,-0.03276757150888443,-0.9997390508651733,0.02284443937242031,0.0,0.0,2.38418573772492e-09,0.0,-0.016709718853235245,-0.9995173215866089,0.03106803447008133,0.0,0.0,0.0,0.0,-0.01388302817940712,-1.0,-0.0,0.0,0.0
1782948306.143179,2026-07-01 19:25:06.143,16253.0,16253,left,0,1,open_palm,1,0.0,0.003969999961555004,-0.04999999701976776,-1.0,-0.0,0.0,0.0,0.0,0.0,0.0,-1.0,-0.0,0.0,0.0,0.025476500391960144,-0.012044699862599373,-0.022234899923205376,-0.809577465057373,-0.14576728641986847,0.2644490599632263,0.503391444683075,-5.7220457705398076e-08,-4.3511388270189855e-08,-0.027230437844991684,-0.9997742176055908,0.021249612793326378,0.0,0.0,3.5762786065873797e-09,6.318092005130893e-08,-0.031859491020441055,-0.9998239874839783,0.018763011321425438,0.0,0.0,2.384185648907078e-08,0.0,-0.023122519254684448,-1.0,-0.0,0.0,0.0,0.012359999120235443,0.0032300001475960016,-0.017000000923871994,-0.9990482330322266,-0.0,0.04361938685178757,0.0,0.0021501504816114902,-3.890097104886081e-06,-0.06502876430749893,-0.9999619722366333,-0.0,0.008726557716727257,0.0,-9.53674295089968e-09,-9.53674295089968e-09,-0.036917347460985184,-0.9995214939117432,0.030932152643799782,0.0,0.0,-2.8610228852699038e-08,-2.98023217215615e-10,-0.0216355137526989,-0.999514639377594,0.031153753399848938,0.0,0.0,1.2636184010261786e-07,2.98023217215615e-10,-0.018689393997192383,-1.0,-0.0,0.0,0.0,0.0,0.003969999961555004,-0.01750910095870495,-1.0,-0.0,0.0,0.0,0.0,4.610121322912164e-06,-0.06379090249538422,-1.0,-0.0,0.0,0.0,0.0,2.98023217215615e-10,-0.044606998562812805,-0.9995051622390747,0.03145527467131615,0.0,0.0,0.0,0.0,-0.023475991562008858,-0.9990876317024231,0.04270758107304573,0.0,0.0,0.0,0.0,-0.019651994109153748,-1.0,-0.0,0.0,0.0,-0.00711638992652297,0.0018999999156221747,-0.016959700733423233,-0.9961947202682495,-0.0,-0.08715574443340302,0.0,0.0005882433033548295,0.0,-0.060253534466028214,-0.9996573328971863,-0.0,-0.026176923885941505,0.0,-1.1086464013487785e-07,-1.490116086078075e-10,-0.04255366697907448,-0.9995051622390747,0.03145527467131615,0.0,0.0,4.5299529460862686e-08,0.0,-0.022088106721639633,-0.999065101146698,0.04323066025972366,0.0,0.0,-1.4305114426349519e-08,0.0,-0.017740696668624878,-1.0,-0.0,0.0,0.0,-0.013503500260412693,-0.0037700000684708357,-0.014087299816310406,-0.9914448857307434,-0.0,-0.13052619993686676,0.0,-0.004897483624517918,-3.8501621020259336e-06,-0.05743739381432533,-0.9986295104026794,-0.0,-0.05233589559793472,0.0,5.4836270635405526e-08,-2.98023217215615e-10,-0.03276759013533592,-0.9995716214179993,0.029269907623529434,0.0,0.0,-9.298324243900424e-08,0.0,-0.01670967973768711,-0.9991451501846313,0.041340723633766174,0.0,0.0,6.19888282926695e-08,0.0,-0.013883084990084171,-1.0,-0.0,0.0,0.0
1782948306.1434789,2026-07-01 19:25:06.143,1984.0,1984,right,0,2,open_palm,1,0.0,0.003969999961555004,-0.04999999701976776,-1.0,-0.0,0.0,0.0,0.0,0.0,0.0,-1.0,-0.0,0.0,0.0,-0.025476505979895592,-0.012044684961438179,-0.022234933450818062,-0.810554027557373,-0.1487269401550293,-0.26143431663513184,-0.5025283098220825,0.0,1.19209286886246e-09,-0.02723044343292713,-0.9998829364776611,0.015300636179745197,0.0,0.0,2.38418573772492e-09,-1.19209286886246e-09,-0.031859468668699265,-0.9999423623085022,0.010737097822129726,0.0,0.0,0.0,-3.5762786065873797e-09,-0.023122519254684448,-1.0,-0.0,0.0,0.0,-0.012360505759716034,0.0032300001475960016,-0.016998957842588425,-0.9990482330322266,-0.0,-0.04361938685178757,0.0,-0.002149570034816861,-3.8927792047616094e-06,-0.06502974033355713,-0.9999619722366333,-0.0,-0.008726464584469795,0.0,0.0,0.0,-0.03691747412085533,-0.9993493556976318,0.0360686257481575,0.0,0.0,-2.38418573772492e-09,-2.98023217215615e-10,-0.02163529396057129,-0.999281644821167,0.037897396832704544,0.0,0.0,0.0,2.98023217215615e-10,-0.01868978515267372,-1.0,-0.0,0.0,0.0,0.0,0.003969999961555004,-0.017509059980511665,-1.0,-0.0,0.0,0.0,0.0,4.611611075233668e-06,-0.0637909397482872,-1.0,-0.0,0.0,0.0,0.0,2.98023217215615e-10,-0.04460655897855759,-0.9996492862701416,0.02648334950208664,0.0,0.0,0.0,-2.98023217215615e-10,-0.02347646653652191,-0.999390184879303,0.0349179282784462,0.0,0.0,0.0,0.0,-0.019652195274829865,-1.0,-0.0,0.0,0.0,0.00711638480424881,0.0018999999156221747,-0.016959700733423233,-0.9961947202682495,-0.0,0.08715574443340302,0.0,-0.0005882382392883301,0.0,-0.060253534466028214,-0.9996573328971863,-0.0,0.026176923885941505,0.0,1.19209286886246e-09,-1.490116086078075e-10,-0.04255415499210358,-0.9998269081115723,0.01860368624329567,0.0,0.0,-2.38418573772492e-09,0.0,-0.02208789810538292,-0.9997273087501526,0.023352697491645813,0.0,0.0,0.0,0.0,-0.017740869894623756,-1.0,-0.0,0.0,0.0,0.013503451831638813,-0.0037700000684708357,-0.014087309129536152,-0.9914448857307434,-0.0,0.13052619993686676,0.0,0.0048975334502756596,-3.847479547403054e-06,-0.05743739381432533,-0.9986295104026794,-0.0,0.05233589559793472,0.0,4.76837147544984e-09,-2.98023217215615e-10,-0.03276757150888443,-0.9997390508651733,0.02284443937242031,0.0,0.0,2.38418573772492e-09,0.0,-0.016709718853235245,-0.9995173215866089,0.03106803447008133,0.0,0.0,0.0,0.0,-0.01388302817940712,-1.0,-0.0,0.0,0.0
1782948306.3502898,2026-07-01 19:25:06.350,16255.0,16255,left,0,1,open_palm,1,0.0,0.003969999961555004,-0.04999999701976776,-1.0,-0.0,0.0,0.0,0.0,0.0,0.0,-1.0,-0.0,0.0,0.0,0.025476500391960144,-0.012044699862599373,-0.022234899923205376,-0.809577465057373,-0.14576728641986847,0.2644490599632263,0.503391444683075,-5.7220457705398076e-08,-4.3511388270189855e-08,-0.027230437844991684,-0.9997742176055908,0.021249612793326378,0.0,0.0,3.5762786065873797e-09,6.318092005130893e-08,-0.031859491020441055,-0.9998239874839783,0.018763011321425438,0.0,0.0,2.384185648907078e-08,0.0,-0.023122519254684448,-1.0,-0.0,0.0,0.0,0.012359999120235443,0.0032300001475960016,-0.017000000923871994,-0.9990482330322266,-0.0,0.04361938685178757,0.0,0.0021501504816114902,-3.890097104886081e-06,-0.06502876430749893,-0.9999619722366333,-0.0,0.008726557716727257,0.0,-9.53674295089968e-09,-9.53674295089968e-09,-0.036917347460985184,-0.9995214939117432,0.030932152643799782,0.0,0.0,-2.8610228852699038e-08,-2.98023217215615e-10,-0.0216355137526989,-0.999514639377594,0.031153753399848938,0.0,0.0,1.2636184010261786e-07,2.98023217215615e-10,-0.018689393997192383,-1.0,-0.0,0.0,0.0,0.0,0.003969999961555004,-0.01750910095870495,-1.0,-0.0,0.0,0.0,0.0,4.610121322912164e-06,-0.06379090249538422,-1.0,-0.0,0.0,0.0,0.0,2.98023217215615e-10,-0.044606998562812805,-0.9995051622390747,0.03145527467131615,0.0,0.0,0.0,0.0,-0.023475991562008858,-0.9990876317024231,0.04270758107304573,0.0,0.0,0.0,0.0,-0.019651994109153748,-1.0,-0.0,0.0,0.0,-0.00711638992652297,0.0018999999156221747,-0.016959700733423233,-0.9961947202682495,-0.0,-0.08715574443340302,0.0,0.0005882433033548295,0.0,-0.060253534466028214,-0.9996573328971863,-0.0,-0.026176923885941505,0.0,-1.1086464013487785e-07,-1.490116086078075e-10,-0.04255366697907448,-0.9995051622390747,0.03145527467131615,0.0,0.0,4.5299529460862686e-08,0.0,-0.022088106721639633,-0.999065101146698,0.04323066025972366,0.0,0.0,-1.4305114426349519e-08,0.0,-0.017740696668624878,-1.0,-0.0,0.0,0.0,-0.013503500260412693,-0.0037700000684708357,-0.014087299816310406,-0.9914448857307434,-0.0,-0.13052619993686676,0.0,-0.004897483624517918,-3.8501621020259336e-06,-0.05743739381432533,-0.9986295104026794,-0.0,-0.05233589559793472,0.0,5.4836270635405526e-08,-2.98023217215615e-10,-0.03276759013533592,-0.9995716214179993,0.029269907623529434,0.0,0.0,-9.298324243900424e-08,0.0,-0.01670967973768711,-0.9991451501846313,0.041340723633766174,0.0,0.0,6.19888282926695e-08,0.0,-0.013883084990084171,-1.0,-0.0,0.0,0.0
1782948306.3514647,2026-07-01 19:25:06.351,1996.0,1996,right,0,2,open_palm,1,0.0,0.003969999961555004,-0.04999999701976776,-1.0,-0.0,0.0,0.0,0.0,0.0,0.0,-1.0,-0.0,0.0,0.0,-0.025476505979895592,-0.012044684961438179,-0.022234933450818062,-0.810554027557373,-0.1487269401550293,-0.26143431663513184,-0.5025283098220825,0.0,1.19209286886246e-09,-0.02723044343292713,-0.9998829364776611,0.015300636179745197,0.0,0.0,2.38418573772492e-09,-1.19209286886246e-09,-0.031859468668699265,-0.9999423623085022,0.010737097822129726,0.0,0.0,0.0,-3.5762786065873797e-09,-0.023122519254684448,-1.0,-0.0,0.0,0.0,-0.012360505759716034,0.0032300001475960016,-0.016998957842588425,-0.9990482330322266,-0.0,-0.04361938685178757,0.0,-0.002149570034816861,-3.8927792047616094e-06,-0.06502974033355713,-0.9999619722366333,-0.0,-0.008726464584469795,0.0,0.0,0.0,-0.03691747412085533,-0.9993493556976318,0.0360686257481575,0.0,0.0,-2.38418573772492e-09,-2.98023217215615e-10,-0.02163529396057129,-0.999281644821167,0.037897396832704544,0.0,0.0,0.0,2.98023217215615e-10,-0.01868978515267372,-1.0,-0.0,0.0,0.0,0.0,0.003969999961555004,-0.017509059980511665,-1.0,-0.0,0.0,0.0,0.0,4.611611075233668e-06,-0.0637909397482872,-1.0,-0.0,0.0,0.0,0.0,2.98023217215615e-10,-0.04460655897855759,-0.9996492862701416,0.02648334950208664,0.0,0.0,0.0,-2.98023217215615e-10,-0.02347646653652191,-0.999390184879303,0.0349179282784462,0.0,0.0,0.0,0.0,-0.019652195274829865,-1.0,-0.0,0.0,0.0,0.00711638480424881,0.0018999999156221747,-0.016959700733423233,-0.9961947202682495,-0.0,0.08715574443340302,0.0,-0.0005882382392883301,0.0,-0.060253534466028214,-0.9996573328971863,-0.0,0.026176923885941505,0.0,1.19209286886246e-09,-1.490116086078075e-10,-0.04255415499210358,-0.9995051622390747,0.03145527467131615,0.0,0.0,-2.38418573772492e-09,0.0,-0.02208789810538292,-0.999065101146698,0.04323066025972366,0.0,0.0,0.0,0.0,-0.017740869894623756,-1.0,-0.0,0.0,0.0,0.013503451831638813,-0.0037700000684708357,-0.014087309129536152,-0.9914448857307434,-0.0,0.13052619993686676,0.0,0.0048975334502756596,-3.847479547403054e-06,-0.05743739381432533,-0.9986295104026794,-0.0,0.05233589559793472,0.0,4.76837147544984e-09,-2.98023217215615e-10,-0.03276757150888443,-0.9997390508651733,0.02284443937242031,0.0,0.0,2.38418573772492e-09,0.0,-0.016709718853235245,-0.9995173215866089,0.03106803447008133,0.0,0.0,0.0,0.0,-0.01388302817940712,-1.0,-0.0,0.0,0.0
1782948306.5559762,2026-07-01 19:25:06.555,16257.0,16257,left,0,1,open_palm,1,0.0,0.003969999961555004,-0.04999999701976776,-1.0,-0.0,0.0,0.0,0.0,0.0,0.0,-1.0,-0.0,0.0,0.0,0.025476500391960144,-0.012044699862599373,-0.022234899923205376,-0.809577465057373,-0.14576728641986847,0.2644490599632263,0.503391444683075,-5.7220457705398076e-08,-4.3511388270189855e-08,-0.027230437844991684,-0.9997742176055908,0.021249612793326378,0.0,0.0,3.5762786065873797e-09,6.318092005130893e-08,-0.031859491020441055,-0.9998239874839783,0.018763011321425438,0.0,0.0,2.384185648907078e-08,0.0,-0.023122519254684448,-1.0,-0.0,0.0,0.0,0.012359999120235443,0.0032300001475960016,-0.017000000923871994,-0.9990482330322266,-0.0,0.04361938685178757,0.0,0.0021501504816114902,-3.890097104886081e-06,-0.06502876430749893,-0.9999619722366333,-0.0,0.008726557716727257,0.0,-9.53674295089968e-09,-9.53674295089968e-09,-0.036917347460985184,-0.9995214939117432,0.030932152643799782,0.0,0.0,-2.8610228852699038e-08,-2.98023217215615e-10,-0.0216355137526989,-0.999514639377594,0.031153753399848938,0.0,0.0,1.2636184010261786e-07,2.98023217215615e-10,-0.018689393997192383,-1.0,-0.0,0.0,0.0,0.0,0.003969999961555004,-0.01750910095870495,-1.0,-0.0,0.0,0.0,0.0,4.610121322912164e-06,-0.06379090249538422,-1.0,-0.0,0.0,0.0,0.0,2.98023217215615e-10,-0.044606998562812805,-0.9995051622390747,0.03145527467131615,0.0,0.0,0.0,0.0,-0.023475991562008858,-0.9990876317024231,0.04270758107304573,0.0,0.0,0.0,0.0,-0.019651994109153748,-1.0,-0.0,0.0,0.0,-0.00711638992652297,0.0018999999156221747,-0.016959700733423233,-0.9961947202682495,-0.0,-0.08715574443340302,0.0,0.0005882433033548295,0.0,-0.060253534466028214,-0.9996573328971863,-0.0,-0.026176923885941505,0.0,-1.1086464013487785e-07,-1.490116086078075e-10,-0.04255366697907448,-0.9995051622390747,0.03145527467131615,0.0,0.0,4.5299529460862686e-08,0.0,-0.022088106721639633,-0.999065101146698,0.04323066025972366,0.0,0.0,-1.4305114426349519e-08,0.0,-0.017740696668624878,-1.0,-0.0,0.0,0.0,-0.013503500260412693,-0.0037700000684708357,-0.014087299816310406,-0.9914448857307434,-0.0,-0.13052619993686676,0.0,-0.004897483624517918,-3.8501621020259336e-06,-0.05743739381432533,-0.9986295104026794,-0.0,-0.05233589559793472,0.0,5.4836270635405526e-08,-2.98023217215615e-10,-0.03276759013533592,-0.9995716214179993,0.029269907623529434,0.0,0.0,-9.298324243900424e-08,0.0,-0.01670967973768711,-0.9991451501846313,0.041340723633766174,0.0,0.0,6.19888282926695e-08,0.0,-0.013883084990084171,-1.0,-0.0,0.0,0.0
1782948306.5562055,2026-07-01 19:25:06.556,2009.0,2009,right,0,2,open_palm,1,0.0,0.003969999961555004,-0.04999999701976776,-1.0,-0.0,0.0,0.0,0.0,0.0,0.0,-1.0,-0.0,0.0,0.0,-0.025476505979895592,-0.012044684961438179,-0.022234933450818062,-0.810554027557373,-0.1487269401550293,-0.26143431663513184,-0.5025283098220825,0.0,1.19209286886246e-09,-0.02723044343292713,-0.9998829364776611,0.015300636179745197,0.0,0.0,2.38418573772492e-09,-1.19209286886246e-09,-0.031859468668699265,-0.9999423623085022,0.010737097822129726,0.0,0.0,0.0,-3.5762786065873797e-09,-0.023122519254684448,-1.0,-0.0,0.0,0.0,-0.012360505759716034,0.0032300001475960016,-0.016998957842588425,-0.9990482330322266,-0.0,-0.04361938685178757,0.0,-0.002149570034816861,-3.8927792047616094e-06,-0.06502974033355713,-0.9999619722366333,-0.0,-0.008726464584469795,0.0,0.0,0.0,-0.03691747412085533,-0.9993493556976318,0.0360686257481575,0.0,0.0,-2.38418573772492e-09,-2.98023217215615e-10,-0.02163529396057129,-0.999281644821167,0.037897396832704544,0.0,0.0,0.0,2.98023217215615e-10,-0.01868978515267372,-1.0,-0.0,0.0,0.0,0.0,0.003969999961555004,-0.017509059980511665,-1.0,-0.0,0.0,0.0,0.0,4.611611075233668e-06,-0.0637909397482872,-1.0,-0.0,0.0,0.0,0.0,2.98023217215615e-10,-0.04460655897855759,-0.9996492862701416,0.02648334950208664,0.0,0.0,0.0,-2.98023217215615e-10,-0.02347646653652191,-0.999390184879303,0.0349179282784462,0.0,0.0,0.0,0.0,-0.019652195274829865,-1.0,-0.0,0.0,0.0,0.00711638480424881,0.0018999999156221747,-0.016959700733423233,-0.9961947202682495,-0.0,0.08715574443340302,0.0,-0.0005882382392883301,0.0,-0.060253534466028214,-0.9996573328971863,-0.0,0.026176923885941505,0.0,1.19209286886246e-09,-1.490116086078075e-10,-0.04255415499210358,-0.9995051622390747,0.03145527467131615,0.0,0.0,-2.38418573772492e-09,0.0,-0.02208789810538292,-0.999065101146698,0.04323066025972366,0.0,0.0,0.0,0.0,-0.017740869894623756,-1.0,-0.0,0.0,0.0,0.013503451831638813,-0.0037700000684708357,-0.014087309129536152,-0.9914448857307434,-0.0,0.13052619993686676,0.0,0.0048975334502756596,-3.847479547403054e-06,-0.05743739381432533,-0.9986295104026794,-0.0,0.05233589559793472,0.0,4.76837147544984e-09,-2.98023217215615e-10,-0.03276757150888443,-0.9997390508651733,0.02284443937242031,0.0,0.0,2.38418573772492e-09,0.0,-0.016709718853235245,-0.9995173215866089,0.03106803447008133,0.0,0.0,0.0,0.0,-0.01388302817940712,-1.0,-0.0,0.0,0.0
1782948306.7672024,2026-07-01 19:25:06.767,2022.0,2022,right,0,2,open_palm,1,0.0,0.003969999961555004,-0.04999999701976776,-1.0,-0.0,0.0,0.0,0.0,0.0,0.0,-1.0,-0.0,0.0,0.0,-0.025476505979895592,-0.012044684961438179,-0.022234933450818062,-0.810554027557373,-0.1487269401550293,-0.26143431663513184,-0.5025283098220825,0.0,1.19209286886246e-09,-0.02723044343292713,-0.9998829364776611,0.015300636179745197,0.0,0.0,2.38418573772492e-09,-1.19209286886246e-09,-0.031859468668699265,-0.9999423623085022,0.010737097822129726,0.0,0.0,0.0,-3.5762786065873797e-09,-0.023122519254684448,-1.0,-0.0,0.0,0.0,-0.012360505759716034,0.0032300001475960016,-0.016998957842588425,-0.9990482330322266,-0.0,-0.04361938685178757,0.0,-0.002149570034816861,-3.8927792047616094e-06,-0.06502974033355713,-0.9999619722366333,-0.0,-0.008726464584469795,0.0,0.0,0.0,-0.03691747412085533,-0.9993493556976318,0.0360686257481575,0.0,0.0,-2.38418573772492e-09,-2.98023217215615e-10,-0.02163529396057129,-0.999281644821167,0.037897396832704544,0.0,0.0,0.0,2.98023217215615e-10,-0.01868978515267372,-1.0,-0.0,0.0,0.0,0.0,0.003969999961555004,-0.017509059980511665,-1.0,-0.0,0.0,0.0,0.0,4.611611075233668e-06,-0.0637909397482872,-1.0,-0.0,0.0,0.0,0.0,2.98023217215615e-10,-0.04460655897855759,-0.9996492862701416,0.02648334950208664,0.0,0.0,0.0,-2.98023217215615e-10,-0.02347646653652191,-0.999390184879303,0.0349179282784462,0.0,0.0,0.0,0.0,-0.019652195274829865,-1.0,-0.0,0.0,0.0,0.00711638480424881,0.0018999999156221747,-0.016959700733423233,-0.9961947202682495,-0.0,0.08715574443340302,0.0,-0.0005882382392883301,0.0,-0.060253534466028214,-0.9996573328971863,-0.0,0.026176923885941505,0.0,1.19209286886246e-09,-1.490116086078075e-10,-0.04255415499210358,-0.9995051622390747,0.03145527467131615,0.0,0.0,-2.38418573772492e-09,0.0,-0.02208789810538292,-0.999065101146698,0.04323066025972366,0.0,0.0,0.0,0.0,-0.017740869894623756,-1.0,-0.0,0.0,0.0,0.013503451831638813,-0.0037700000684708357,-0.014087309129536152,-0.9914448857307434,-0.0,0.13052619993686676,0.0,0.0048975334502756596,-3.847479547403054e-06,-0.05743739381432533,-0.9986295104026794,-0.0,0.05233589559793472,0.0,4.76837147544984e-09,-2.98023217215615e-10,-0.03276757150888443,-0.9997390508651733,0.02284443937242031,0.0,0.0,2.38418573772492e-09,0.0,-0.016709718853235245,-0.9995173215866089,0.03106803447008133,0.0,0.0,0.0,0.0,-0.01388302817940712,-1.0,-0.0,0.0,0.0
1782948306.7786345,2026-07-01 19:25:06.778,16258.0,16258,left,0,1,open_palm,1,0.0,0.003969999961555004,-0.04999999701976776,-1.0,-0.0,0.0,0.0,0.0,0.0,0.0,-1.0,-0.0,0.0,0.0,0.025476500391960144,-0.012044699862599373,-0.022234899923205376,-0.809577465057373,-0.14576728641986847,0.2644490599632263,0.503391444683075,-5.7220457705398076e-08,-4.3511388270189855e-08,-0.027230437844991684,-0.9997742176055908,0.021249612793326378,0.0,0.0,3.5762786065873797e-09,6.318092005130893e-08,-0.031859491020441055,-0.9998239874839783,0.018763011321425438,0.0,0.0,2.384185648907078e-08,0.0,-0.023122519254684448,-1.0,-0.0,0.0,0.0,0.012359999120235443,0.0032300001475960016,-0.017000000923871994,-0.9990482330322266,-0.0,0.04361938685178757,0.0,0.0021501504816114902,-3.890097104886081e-06,-0.06502876430749893,-0.9999619722366333,-0.0,0.008726557716727257,0.0,-9.53674295089968e-09,-9.53674295089968e-09,-0.036917347460985184,-0.9995214939117432,0.030932152643799782,0.0,0.0,-2.8610228852699038e-08,-2.98023217215615e-10,-0.0216355137526989,-0.999514639377594,0.031153753399848938,0.0,0.0,1.2636184010261786e-07,2.98023217215615e-10,-0.018689393997192383,-1.0,-0.0,0.0,0.0,0.0,0.003969999961555004,-0.01750910095870495,-1.0,-0.0,0.0,0.0,0.0,4.610121322912164e-06,-0.06379090249538422,-1.0,-0.0,0.0,0.0,0.0,2.98023217215615e-10,-0.044606998562812805,-0.9995051622390747,0.03145527467131615,0.0,0.0,0.0,0.0,-0.023475991562008858,-0.9990876317024231,0.04270758107304573,0.0,0.0,0.0,0.0,-0.019651994109153748,-1.0,-0.0,0.0,0.0,-0.00711638992652297,0.0018999999156221747,-0.016959700733423233,-0.9961947202682495,-0.0,-0.08715574443340302,0.0,0.0005882433033548295,0.0,-0.060253534466028214,-0.9996573328971863,-0.0,-0.026176923885941505,0.0,-1.1086464013487785e-07,-1.490116086078075e-10,-0.04255366697907448,-0.9995051622390747,0.03145527467131615,0.0,0.0,4.5299529460862686e-08,0.0,-0.022088106721639633,-0.999065101146698,0.04323066025972366,0.0,0.0,-1.4305114426349519e-08,0.0,-0.017740696668624878,-1.0,-0.0,0.0,0.0,-0.013503500260412693,-0.0037700000684708357,-0.014087299816310406,-0.9914448857307434,-0.0,-0.13052619993686676,0.0,-0.004897483624517918,-3.8501621020259336e-06,-0.05743739381432533,-0.9986295104026794,-0.0,-0.05233589559793472,0.0,5.4836270635405526e-08,-2.98023217215615e-10,-0.03276759013533592,-0.9995716214179993,0.029269907623529434,0.0,0.0,-9.298324243900424e-08,0.0,-0.01670967973768711,-0.9991451501846313,0.041340723633766174,0.0,0.0,6.19888282926695e-08,0.0,-0.013883084990084171,-1.0,-0.0,0.0,0.0
1782948306.9769819,2026-07-01 19:25:06.976,2034.0,2034,right,0,2,open_palm,1,0.0,0.003969999961555004,-0.04999999701976776,-1.0,-0.0,0.0,0.0,0.0,0.0,0.0,-1.0,-0.0,0.0,0.0,-0.025476505979895592,-0.012044684961438179,-0.022234933450818062,-0.810554027557373,-0.1487269401550293,-0.26143431663513184,-0.5025283098220825,0.0,1.19209286886246e-09,-0.02723044343292713,-0.9998829364776611,0.015300636179745197,0.0,0.0,2.38418573772492e-09,-1.19209286886246e-09,-0.031859468668699265,-0.9999423623085022,0.010737097822129726,0.0,0.0,0.0,-3.5762786065873797e-09,-0.023122519254684448,-1.0,-0.0,0.0,0.0,-0.012360505759716034,0.0032300001475960016,-0.016998957842588425,-0.9990482330322266,-0.0,-0.04361938685178757,0.0,-0.002149570034816861,-3.8927792047616094e-06,-0.06502974033355713,-0.9999619722366333,-0.0,-0.008726464584469795,0.0,0.0,0.0,-0.03691747412085533,-0.9993493556976318,0.0360686257481575,0.0,0.0,-2.38418573772492e-09,-2.98023217215615e-10,-0.02163529396057129,-0.999281644821167,0.037897396832704544,0.0,0.0,0.0,2.98023217215615e-10,-0.01868978515267372,-1.0,-0.0,0.0,0.0,0.0,0.003969999961555004,-0.017509059980511665,-1.0,-0.0,0.0,0.0,0.0,4.611611075233668e-06,-0.0637909397482872,-1.0,-0.0,0.0,0.0,0.0,2.98023217215615e-10,-0.04460655897855759,-0.9996492862701416,0.02648334950208664,0.0,0.0,0.0,-2.98023217215615e-10,-0.02347646653652191,-0.999390184879303,0.0349179282784462,0.0,0.0,0.0,0.0,-0.019652195274829865,-1.0,-0.0,0.0,0.0,0.00711638480424881,0.0018999999156221747,-0.016959700733423233,-0.9961947202682495,-0.0,0.08715574443340302,0.0,-0.0005882382392883301,0.0,-0.060253534466028214,-0.9996573328971863,-0.0,0.026176923885941505,0.0,1.19209286886246e-09,-1.490116086078075e-10,-0.04255415499210358,-0.9995051622390747,0.03145527467131615,0.0,0.0,-2.38418573772492e-09,0.0,-0.02208789810538292,-0.999065101146698,0.04323066025972366,0.0,0.0,0.0,0.0,-0.017740869894623756,-1.0,-0.0,0.0,0.0,0.013503451831638813,-0.0037700000684708357,-0.014087309129536152,-0.9914448857307434,-0.0,0.13052619993686676,0.0,0.0048975334502756596,-3.847479547403054e-06,-0.05743739381432533,-0.9986295104026794,-0.0,0.05233589559793472,0.0,4.76837147544984e-09,-2.98023217215615e-10,-0.03276757150888443,-0.9997390508651733,0.02284443937242031,0.0,0.0,2.38418573772492e-09,0.0,-0.016709718853235245,-0.9995173215866089,0.03106803447008133,0.0,0.0,0.0,0.0,-0.01388302817940712,-1.0,-0.0,0.0,0.0
1782948306.9880354,2026-07-01 19:25:06.988,16260.0,16260,left,0,1,open_palm,1,0.0,0.003969999961555004,-0.04999999701976776,-1.0,-0.0,0.0,0.0,0.0,0.0,0.0,-1.0,-0.0,0.0,0.0,0.025476500391960144,-0.012044699862599373,-0.022234899923205376,-0.809577465057373,-0.14576728641986847,0.2644490599632263,0.503391444683075,-5.7220457705398076e-08,-4.3511388270189855e-08,-0.027230437844991684,-0.9997742176055908,0.021249612793326378,0.0,0.0,3.5762786065873797e-09,6.318092005130893e-08,-0.031859491020441055,-0.9998239874839783,0.018763011321425438,0.0,0.0,2.384185648907078e-08,0.0,-0.023122519254684448,-1.0,-0.0,0.0,0.0,0.012359999120235443,0.0032300001475960016,-0.017000000923871994,-0.9990482330322266,-0.0,0.04361938685178757,0.0,0.0021501504816114902,-3.890097104886081e-06,-0.06502876430749893,-0.9999619722366333,-0.0,0.008726557716727257,0.0,-9.53674295089968e-09,-9.53674295089968e-09,-0.036917347460985184,-0.9995214939117432,0.030932152643799782,0.0,0.0,-2.8610228852699038e-08,-2.98023217215615e-10,-0.0216355137526989,-0.999514639377594,0.031153753399848938,0.0,0.0,1.2636184010261786e-07,2.98023217215615e-10,-0.018689393997192383,-1.0,-0.0,0.0,0.0,0.0,0.003969999961555004,-0.01750910095870495,-1.0,-0.0,0.0,0.0,0.0,4.610121322912164e-06,-0.06379090249538422,-1.0,-0.0,0.0,0.0,0.0,2.98023217215615e-10,-0.044606998562812805,-0.9995051622390747,0.03145527467131615,0.0,0.0,0.0,0.0,-0.023475991562008858,-0.9990876317024231,0.04270758107304573,0.0,0.0,0.0,0.0,-0.019651994109153748,-1.0,-0.0,0.0,0.0,-0.00711638992652297,0.0018999999156221747,-0.016959700733423233,-0.9961947202682495,-0.0,-0.08715574443340302,0.0,0.0005882433033548295,0.0,-0.060253534466028214,-0.9996573328971863,-0.0,-0.026176923885941505,0.0,-1.1086464013487785e-07,-1.490116086078075e-10,-0.04255366697907448,-0.9995051622390747,0.03145527467131615,0.0,0.0,4.5299529460862686e-08,0.0,-0.022088106721639633,-0.999065101146698,0.04323066025972366,0.0,0.0,-1.4305114426349519e-08,0.0,-0.017740696668624878,-1.0,-0.0,0.0,0.0,-0.013503500260412693,-0.0037700000684708357,-0.014087299816310406,-0.9914448857307434,-0.0,-0.13052619993686676,0.0,-0.004897483624517918,-3.8501621020259336e-06,-0.05743739381432533,-0.9986295104026794,-0.0,-0.05233589559793472,0.0,5.4836270635405526e-08,-2.98023217215615e-10,-0.03276759013533592,-0.9995716214179993,0.029269907623529434,0.0,0.0,-9.298324243900424e-08,0.0,-0.01670967973768711,-0.9991451501846313,0.041340723633766174,0.0,0.0,6.19888282926695e-08,0.0,-0.013883084990084171,-1.0,-0.0,0.0,0.0
1782948307.1833777,2026-07-01 19:25:07.183,2047.0,2047,right,0,2,open_palm,1,0.0,0.003969999961555004,-0.04999999701976776,-1.0,-0.0,0.0,0.0,0.0,0.0,0.0,-1.0,-0.0,0.0,0.0,-0.025476505979895592,-0.012044684961438179,-0.022234933450818062,-0.810554027557373,-0.1487269401550293,-0.26143431663513184,-0.5025283098220825,0.0,1.19209286886246e-09,-0.02723044343292713,-0.9998829364776611,0.015300636179745197,0.0,0.0,2.38418573772492e-09,-1.19209286886246e-09,-0.031859468668699265,-0.9999423623085022,0.010737097822129726,0.0,0.0,0.0,-3.5762786065873797e-09,-0.023122519254684448,-1.0,-0.0,0.0,0.0,-0.012360505759716034,0.0032300001475960016,-0.016998957842588425,-0.9990482330322266,-0.0,-0.04361938685178757,0.0,-0.002149570034816861,-3.8927792047616094e-06,-0.06502974033355713,-0.9999619722366333,-0.0,-0.008726464584469795,0.0,0.0,0.0,-0.03691747412085533,-0.9993493556976318,0.0360686257481575,0.0,0.0,-2.38418573772492e-09,-2.98023217215615e-10,-0.02163529396057129,-0.999281644821167,0.037897396832704544,0.0,0.0,0.0,2.98023217215615e-10,-0.01868978515267372,-1.0,-0.0,0.0,0.0,0.0,0.003969999961555004,-0.017509059980511665,-1.0,-0.0,0.0,0.0,0.0,4.611611075233668e-06,-0.0637909397482872,-1.0,-0.0,0.0,0.0,0.0,2.98023217215615e-10,-0.04460655897855759,-0.9996492862701416,0.02648334950208664,0.0,0.0,0.0,-2.98023217215615e-10,-0.02347646653652191,-0.999390184879303,0.0349179282784462,0.0,0.0,0.0,0.0,-0.019652195274829865,-1.0,-0.0,0.0,0.0,0.00711638480424881,0.0018999999156221747,-0.016959700733423233,-0.9961947202682495,-0.0,0.08715574443340302,0.0,-0.0005882382392883301,0.0,-0.060253534466028214,-0.9996573328971863,-0.0,0.026176923885941505,0.0,1.19209286886246e-09,-1.490116086078075e-10,-0.04255415499210358,-0.9995051622390747,0.03145527467131615,0.0,0.0,-2.38418573772492e-09,0.0,-0.02208789810538292,-0.999065101146698,0.04323066025972366,0.0,0.0,0.0,0.0,-0.017740869894623756,-1.0,-0.0,0.0,0.0,0.013503451831638813,-0.0037700000684708357,-0.014087309129536152,-0.9914448857307434,-0.0,0.13052619993686676,0.0,0.0048975334502756596,-3.847479547403054e-06,-0.05743739381432533,-0.9986295104026794,-0.0,0.05233589559793472,0.0,4.76837147544984e-09,-2.98023217215615e-10,-0.03276757150888443,-0.9997390508651733,0.02284443937242031,0.0,0.0,2.38418573772492e-09,0.0,-0.016709718853235245,-0.9995173215866089,0.03106803447008133,0.0,0.0,0.0,0.0,-0.01388302817940712,-1.0,-0.0,0.0,0.0
1782948307.195153,2026-07-01 19:25:07.195,16262.0,16262,left,0,1,open_palm,1,0.0,0.003969999961555004,-0.04999999701976776,-1.0,-0.0,0.0,0.0,0.0,0.0,0.0,-1.0,-0.0,0.0,0.0,0.025476500391960144,-0.012044699862599373,-0.022234899923205376,-0.809577465057373,-0.14576728641986847,0.2644490599632263,0.503391444683075,-5.7220457705398076e-08,-4.3511388270189855e-08,-0.027230437844991684,-0.9997742176055908,0.021249612793326378,0.0,0.0,3.5762786065873797e-09,6.318092005130893e-08,-0.031859491020441055,-0.9998239874839783,0.018763011321425438,0.0,0.0,2.384185648907078e-08,0.0,-0.023122519254684448,-1.0,-0.0,0.0,0.0,0.012359999120235443,0.0032300001475960016,-0.017000000923871994,-0.9990482330322266,-0.0,0.04361938685178757,0.0,0.0021501504816114902,-3.890097104886081e-06,-0.06502876430749893,-0.9999619722366333,-0.0,0.008726557716727257,0.0,-9.53674295089968e-09,-9.53674295089968e-09,-0.036917347460985184,-0.9995214939117432,0.030932152643799782,0.0,0.0,-2.8610228852699038e-08,-2.98023217215615e-10,-0.0216355137526989,-0.999514639377594,0.031153753399848938,0.0,0.0,1.2636184010261786e-07,2.98023217215615e-10,-0.018689393997192383,-1.0,-0.0,0.0,0.0,0.0,0.003969999961555004,-0.01750910095870495,-1.0,-0.0,0.0,0.0,0.0,4.610121322912164e-06,-0.06379090249538422,-1.0,-0.0,0.0,0.0,0.0,2.98023217215615e-10,-0.044606998562812805,-0.9995051622390747,0.03145527467131615,0.0,0.0,0.0,0.0,-0.023475991562008858,-0.9990876317024231,0.04270758107304573,0.0,0.0,0.0,0.0,-0.019651994109153748,-1.0,-0.0,0.0,0.0,-0.00711638992652297,0.0018999999156221747,-0.016959700733423233,-0.9961947202682495,-0.0,-0.08715574443340302,0.0,0.0005882433033548295,0.0,-0.060253534466028214,-0.9996573328971863,-0.0,-0.026176923885941505,0.0,-1.1086464013487785e-07,-1.490116086078075e-10,-0.04255366697907448,-0.9995051622390747,0.03145527467131615,0.0,0.0,4.5299529460862686e-08,0.0,-0.022088106721639633,-0.999065101146698,0.04323066025972366,0.0,0.0,-1.4305114426349519e-08,0.0,-0.017740696668624878,-1.0,-0.0,0.0,0.0,-0.013503500260412693,-0.0037700000684708357,-0.014087299816310406,-0.9914448857307434,-0.0,-0.13052619993686676,0.0,-0.004897483624517918,-3.8501621020259336e-06,-0.05743739381432533,-0.9986295104026794,-0.0,-0.05233589559793472,0.0,5.4836270635405526e-08,-2.98023217215615e-10,-0.03276759013533592,-0.9995716214179993,0.029269907623529434,0.0,0.0,-9.298324243900424e-08,0.0,-0.01670967973768711,-0.9991451501846313,0.041340723633766174,0.0,0.0,6.19888282926695e-08,0.0,-0.013883084990084171,-1.0,-0.0,0.0,0.0
1782948307.400956,2026-07-01 19:25:07.400,16264.0,16264,left,0,1,open_palm,1,0.0,0.003969999961555004,-0.04999999701976776,-1.0,-0.0,0.0,0.0,0.0,0.0,0.0,-1.0,-0.0,0.0,0.0,0.025476500391960144,-0.012044699862599373,-0.022234899923205376,-0.809577465057373,-0.14576728641986847,0.2644490599632263,0.503391444683075,-5.7220457705398076e-08,-4.3511388270189855e-08,-0.027230437844991684,-0.9997742176055908,0.021249612793326378,0.0,0.0,3.5762786065873797e-09,6.318092005130893e-08,-0.031859491020441055,-0.9998239874839783,0.018763011321425438,0.0,0.0,2.384185648907078e-08,0.0,-0.023122519254684448,-1.0,-0.0,0.0,0.0,0.012359999120235443,0.0032300001475960016,-0.017000000923871994,-0.9990482330322266,-0.0,0.04361938685178757,0.0,0.0021501504816114902,-3.890097104886081e-06,-0.06502876430749893,-0.9999619722366333,-0.0,0.008726557716727257,0.0,-9.53674295089968e-09,-9.53674295089968e-09,-0.036917347460985184,-0.9995214939117432,0.030932152643799782,0.0,0.0,-2.8610228852699038e-08,-2.98023217215615e-10,-0.0216355137526989,-0.999514639377594,0.031153753399848938,0.0,0.0,1.2636184010261786e-07,2.98023217215615e-10,-0.018689393997192383,-1.0,-0.0,0.0,0.0,0.0,0.003969999961555004,-0.01750910095870495,-1.0,-0.0,0.0,0.0,0.0,4.610121322912164e-06,-0.06379090249538422,-1.0,-0.0,0.0,0.0,0.0,2.98023217215615e-10,-0.044606998562812805,-0.9995051622390747,0.03145527467131615,0.0,0.0,0.0,0.0,-0.023475991562008858,-0.9990876317024231,0.04270758107304573,0.0,0.0,0.0,0.0,-0.019651994109153748,-1.0,-0.0,0.0,0.0,-0.00711638992652297,0.0018999999156221747,-0.016959700733423233,-0.9961947202682495,-0.0,-0.08715574443340302,0.0,0.0005882433033548295,0.0,-0.060253534466028214,-0.9996573328971863,-0.0,-0.026176923885941505,0.0,-1.1086464013487785e-07,-1.490116086078075e-10,-0.04255366697907448,-0.9995051622390747,0.03145527467131615,0.0,0.0,4.5299529460862686e-08,0.0,-0.022088106721639633,-0.999065101146698,0.04323066025972366,0.0,0.0,-1.4305114426349519e-08,0.0,-0.017740696668624878,-1.0,-0.0,0.0,0.0,-0.013503500260412693,-0.0037700000684708357,-0.014087299816310406,-0.9914448857307434,-0.0,-0.13052619993686676,0.0,-0.004897483624517918,-3.8501621020259336e-06,-0.05743739381432533,-0.9986295104026794,-0.0,-0.05233589559793472,0.0,5.4836270635405526e-08,-2.98023217215615e-10,-0.03276759013533592,-0.9995716214179993,0.029269907623529434,0.0,0.0,-9.298324243900424e-08,0.0,-0.01670967973768711,-0.9991451501846313,0.041340723633766174,0.0,0.0,6.19888282926695e-08,0.0,-0.013883084990084171,-1.0,-0.0,0.0,0.0
1782948307.4031193,2026-07-01 19:25:07.403,2059.0,2059,right,0,2,open_palm,1,0.0,0.003969999961555004,-0.04999999701976776,-1.0,-0.0,0.0,0.0,0.0,0.0,0.0,-1.0,-0.0,0.0,0.0,-0.025476505979895592,-0.012044684961438179,-0.022234933450818062,-0.810554027557373,-0.1487269401550293,-0.26143431663513184,-0.5025283098220825,0.0,1.19209286886246e-09,-0.02723044343292713,-0.9998829364776611,0.015300636179745197,0.0,0.0,2.38418573772492e-09,-1.19209286886246e-09,-0.031859468668699265,-0.9999423623085022,0.010737097822129726,0.0,0.0,0.0,-3.5762786065873797e-09,-0.023122519254684448,-1.0,-0.0,0.0,0.0,-0.012360505759716034,0.0032300001475960016,-0.016998957842588425,-0.9990482330322266,-0.0,-0.04361938685178757,0.0,-0.002149570034816861,-3.8927792047616094e-06,-0.06502974033355713,-0.9999619722366333,-0.0,-0.008726464584469795,0.0,0.0,0.0,-0.03691747412085533,-0.9993493556976318,0.0360686257481575,0.0,0.0,-2.38418573772492e-09,-2.98023217215615e-10,-0.02163529396057129,-0.999281644821167,0.037897396832704544,0.0,0.0,0.0,2.98023217215615e-10,-0.01868978515267372,-1.0,-0.0,0.0,0.0,0.0,0.003969999961555004,-0.017509059980511665,-1.0,-0.0,0.0,0.0,0.0,4.611611075233668e-06,-0.0637909397482872,-1.0,-0.0,0.0,0.0,0.0,2.98023217215615e-10,-0.04460655897855759,-0.9996492862701416,0.02648334950208664,0.0,0.0,0.0,-2.98023217215615e-10,-0.02347646653652191,-0.999390184879303,0.0349179282784462,0.0,0.0,0.0,0.0,-0.019652195274829865,-1.0,-0.0,0.0,0.0,0.00711638480424881,0.0018999999156221747,-0.016959700733423233,-0.9961947202682495,-0.0,0.08715574443340302,0.0,-0.0005882382392883301,0.0,-0.060253534466028214,-0.9996573328971863,-0.0,0.026176923885941505,0.0,1.19209286886246e-09,-1.490116086078075e-10,-0.04255415499210358,-0.9995051622390747,0.03145527467131615,0.0,0.0,-2.38418573772492e-09,0.0,-0.02208789810538292,-0.999065101146698,0.04323066025972366,0.0,0.0,0.0,0.0,-0.017740869894623756,-1.0,-0.0,0.0,0.0,0.013503451831638813,-0.0037700000684708357,-0.014087309129536152,-0.9914448857307434,-0.0,0.13052619993686676,0.0,0.0048975334502756596,-3.847479547403054e-06,-0.05743739381432533,-0.9986295104026794,-0.0,0.05233589559793472,0.0,4.76837147544984e-09,-2.98023217215615e-10,-0.03276757150888443,-0.9997390508651733,0.02284443937242031,0.0,0.0,2.38418573772492e-09,0.0,-0.016709718853235245,-0.9995173215866089,0.03106803447008133,0.0,0.0,0.0,0.0,-0.01388302817940712,-1.0,-0.0,0.0,0.0
1782948307.608032,2026-07-01 19:25:07.608,2071.0,2071,right,0,2,open_palm,1,0.0,0.003969999961555004,-0.04999999701976776,-1.0,-0.0,0.0,0.0,0.0,0.0,0.0,-1.0,-0.0,0.0,0.0,-0.025476505979895592,-0.012044684961438179,-0.022234933450818062,-0.810554027557373,-0.1487269401550293,-0.26143431663513184,-0.5025283098220825,0.0,1.19209286886246e-09,-0.02723044343292713,-0.9998829364776611,0.015300636179745197,0.0,0.0,2.38418573772492e-09,-1.19209286886246e-09,-0.031859468668699265,-0.9999423623085022,0.010737097822129726,0.0,0.0,0.0,-3.5762786065873797e-09,-0.023122519254684448,-1.0,-0.0,0.0,0.0,-0.012360505759716034,0.0032300001475960016,-0.016998957842588425,-0.9990482330322266,-0.0,-0.04361938685178757,0.0,-0.002149570034816861,-3.8927792047616094e-06,-0.06502974033355713,-0.9999619722366333,-0.0,-0.008726464584469795,0.0,0.0,0.0,-0.03691747412085533,-0.9993493556976318,0.0360686257481575,0.0,0.0,-2.38418573772492e-09,-2.98023217215615e-10,-0.02163529396057129,-0.999281644821167,0.037897396832704544,0.0,0.0,0.0,2.98023217215615e-10,-0.01868978515267372,-1.0,-0.0,0.0,0.0,0.0,0.003969999961555004,-0.017509059980511665,-1.0,-0.0,0.0,0.0,0.0,4.611611075233668e-06,-0.0637909397482872,-1.0,-0.0,0.0,0.0,0.0,2.98023217215615e-10,-0.04460655897855759,-0.9996492862701416,0.02648334950208664,0.0,0.0,0.0,-2.98023217215615e-10,-0.02347646653652191,-0.999390184879303,0.0349179282784462,0.0,0.0,0.0,0.0,-0.019652195274829865,-1.0,-0.0,0.0,0.0,0.00711638480424881,0.0018999999156221747,-0.016959700733423233,-0.9961947202682495,-0.0,0.08715574443340302,0.0,-0.0005882382392883301,0.0,-0.060253534466028214,-0.9996573328971863,-0.0,0.026176923885941505,0.0,1.19209286886246e-09,-1.490116086078075e-10,-0.04255415499210358,-0.9995051622390747,0.03145527467131615,0.0,0.0,-2.38418573772492e-09,0.0,-0.02208789810538292,-0.999065101146698,0.04323066025972366,0.0,0.0,0.0,0.0,-0.017740869894623756,-1.0,-0.0,0.0,0.0,0.013503451831638813,-0.0037700000684708357,-0.014087309129536152,-0.9914448857307434,-0.0,0.13052619993686676,0.0,0.0048975334502756596,-3.847479547403054e-06,-0.05743739381432533,-0.9986295104026794,-0.0,0.05233589559793472,0.0,4.76837147544984e-09,-2.98023217215615e-10,-0.03276757150888443,-0.9997390508651733,0.02284443937242031,0.0,0.0,2.38418573772492e-09,0.0,-0.016709718853235245,-0.9995173215866089,0.03106803447008133,0.0,0.0,0.0,0.0,-0.01388302817940712,-1.0,-0.0,0.0,0.0
1782948307.609798,2026-07-01 19:25:07.609,16265.0,16265,left,0,1,open_palm,1,0.0,0.003969999961555004,-0.04999999701976776,-1.0,-0.0,0.0,0.0,0.0,0.0,0.0,-1.0,-0.0,0.0,0.0,0.025476500391960144,-0.012044699862599373,-0.022234899923205376,-0.809577465057373,-0.14576728641986847,0.2644490599632263,0.503391444683075,-5.7220457705398076e-08,-4.3511388270189855e-08,-0.027230437844991684,-0.9997742176055908,0.021249612793326378,0.0,0.0,3.5762786065873797e-09,6.318092005130893e-08,-0.031859491020441055,-0.9998239874839783,0.018763011321425438,0.0,0.0,2.384185648907078e-08,0.0,-0.023122519254684448,-1.0,-0.0,0.0,0.0,0.012359999120235443,0.0032300001475960016,-0.017000000923871994,-0.9990482330322266,-0.0,0.04361938685178757,0.0,0.0021501504816114902,-3.890097104886081e-06,-0.06502876430749893,-0.9999619722366333,-0.0,0.008726557716727257,0.0,-9.53674295089968e-09,-9.53674295089968e-09,-0.036917347460985184,-0.9995214939117432,0.030932152643799782,0.0,0.0,-2.8610228852699038e-08,-2.98023217215615e-10,-0.0216355137526989,-0.999514639377594,0.031153753399848938,0.0,0.0,1.2636184010261786e-07,2.98023217215615e-10,-0.018689393997192383,-1.0,-0.0,0.0,0.0,0.0,0.003969999961555004,-0.01750910095870495,-1.0,-0.0,0.0,0.0,0.0,4.610121322912164e-06,-0.06379090249538422,-1.0,-0.0,0.0,0.0,0.0,2.98023217215615e-10,-0.044606998562812805,-0.9995051622390747,0.03145527467131615,0.0,0.0,0.0,0.0,-0.023475991562008858,-0.9990876317024231,0.04270758107304573,0.0,0.0,0.0,0.0,-0.019651994109153748,-1.0,-0.0,0.0,0.0,-0.00711638992652297,0.0018999999156221747,-0.016959700733423233,-0.9961947202682495,-0.0,-0.08715574443340302,0.0,0.0005882433033548295,0.0,-0.060253534466028214,-0.9996573328971863,-0.0,-0.026176923885941505,0.0,-1.1086464013487785e-07,-1.490116086078075e-10,-0.04255366697907448,-0.9995051622390747,0.03145527467131615,0.0,0.0,4.5299529460862686e-08,0.0,-0.022088106721639633,-0.999065101146698,0.04323066025972366,0.0,0.0,-1.4305114426349519e-08,0.0,-0.017740696668624878,-1.0,-0.0,0.0,0.0,-0.013503500260412693,-0.0037700000684708357,-0.014087299816310406,-0.9914448857307434,-0.0,-0.13052619993686676,0.0,-0.004897483624517918,-3.8501621020259336e-06,-0.05743739381432533,-0.9986295104026794,-0.0,-0.05233589559793472,0.0,5.4836270635405526e-08,-2.98023217215615e-10,-0.03276759013533592,-0.9995716214179993,0.029269907623529434,0.0,0.0,-9.298324243900424e-08,0.0,-0.01670967973768711,-0.9991451501846313,0.041340723633766174,0.0,0.0,6.19888282926695e-08,0.0,-0.013883084990084171,-1.0,-0.0,0.0,0.0
1782948307.8108509,2026-07-01 19:25:07.810,16267.0,16267,left,0,1,open_palm,1,0.0,0.003969999961555004,-0.04999999701976776,-1.0,-0.0,0.0,0.0,0.0,0.0,0.0,-1.0,-0.0,0.0,0.0,0.025476500391960144,-0.012044699862599373,-0.022234899923205376,-0.809577465057373,-0.14576728641986847,0.2644490599632263,0.503391444683075,-5.7220457705398076e-08,-4.3511388270189855e-08,-0.027230437844991684,-0.9997742176055908,0.021249612793326378,0.0,0.0,3.5762786065873797e-09,6.318092005130893e-08,-0.031859491020441055,-0.9998239874839783,0.018763011321425438,0.0,0.0,2.384185648907078e-08,0.0,-0.023122519254684448,-1.0,-0.0,0.0,0.0,0.012359999120235443,0.0032300001475960016,-0.017000000923871994,-0.9990482330322266,-0.0,0.04361938685178757,0.0,0.0021501504816114902,-3.890097104886081e-06,-0.06502876430749893,-0.9999619722366333,-0.0,0.008726557716727257,0.0,-9.53674295089968e-09,-9.53674295089968e-09,-0.036917347460985184,-0.9995214939117432,0.030932152643799782,0.0,0.0,-2.8610228852699038e-08,-2.98023217215615e-10,-0.0216355137526989,-0.999514639377594,0.031153753399848938,0.0,0.0,1.2636184010261786e-07,2.98023217215615e-10,-0.018689393997192383,-1.0,-0.0,0.0,0.0,0.0,0.003969999961555004,-0.01750910095870495,-1.0,-0.0,0.0,0.0,0.0,4.610121322912164e-06,-0.06379090249538422,-1.0,-0.0,0.0,0.0,0.0,2.98023217215615e-10,-0.044606998562812805,-0.9995051622390747,0.03145527467131615,0.0,0.0,0.0,0.0,-0.023475991562008858,-0.9990876317024231,0.04270758107304573,0.0,0.0,0.0,0.0,-0.019651994109153748,-1.0,-0.0,0.0,0.0,-0.00711638992652297,0.0018999999156221747,-0.016959700733423233,-0.9961947202682495,-0.0,-0.08715574443340302,0.0,0.0005882433033548295,0.0,-0.060253534466028214,-0.9996573328971863,-0.0,-0.026176923885941505,0.0,-1.1086464013487785e-07,-1.490116086078075e-10,-0.04255366697907448,-0.9995051622390747,0.03145527467131615,0.0,0.0,4.5299529460862686e-08,0.0,-0.022088106721639633,-0.999065101146698,0.04323066025972366,0.0,0.0,-1.4305114426349519e-08,0.0,-0.017740696668624878,-1.0,-0.0,0.0,0.0,-0.013503500260412693,-0.0037700000684708357,-0.014087299816310406,-0.9914448857307434,-0.0,-0.13052619993686676,0.0,-0.004897483624517918,-3.8501621020259336e-06,-0.05743739381432533,-0.9986295104026794,-0.0,-0.05233589559793472,0.0,5.4836270635405526e-08,-2.98023217215615e-10,-0.03276759013533592,-0.9995716214179993,0.029269907623529434,0.0,0.0,-9.298324243900424e-08,0.0,-0.01670967973768711,-0.9991451501846313,0.041340723633766174,0.0,0.0,6.19888282926695e-08,0.0,-0.013883084990084171,-1.0,-0.0,0.0,0.0
1782948307.8110752,2026-07-01 19:25:07.811,2084.0,2084,right,0,2,open_palm,1,0.0,0.003969999961555004,-0.04999999701976776,-1.0,-0.0,0.0,0.0,0.0,0.0,0.0,-1.0,-0.0,0.0,0.0,-0.025476505979895592,-0.012044684961438179,-0.022234933450818062,-0.810554027557373,-0.1487269401550293,-0.26143431663513184,-0.5025283098220825,0.0,1.19209286886246e-09,-0.02723044343292713,-0.9998829364776611,0.015300636179745197,0.0,0.0,2.38418573772492e-09,-1.19209286886246e-09,-0.031859468668699265,-0.9999423623085022,0.010737097822129726,0.0,0.0,0.0,-3.5762786065873797e-09,-0.023122519254684448,-1.0,-0.0,0.0,0.0,-0.012360505759716034,0.0032300001475960016,-0.016998957842588425,-0.9990482330322266,-0.0,-0.04361938685178757,0.0,-0.002149570034816861,-3.8927792047616094e-06,-0.06502974033355713,-0.9999619722366333,-0.0,-0.008726464584469795,0.0,0.0,0.0,-0.03691747412085533,-0.9993493556976318,0.0360686257481575,0.0,0.0,-2.38418573772492e-09,-2.98023217215615e-10,-0.02163529396057129,-0.999281644821167,0.037897396832704544,0.0,0.0,0.0,2.98023217215615e-10,-0.01868978515267372,-1.0,-0.0,0.0,0.0,0.0,0.003969999961555004,-0.017509059980511665,-1.0,-0.0,0.0,0.0,0.0,4.611611075233668e-06,-0.0637909397482872,-1.0,-0.0,0.0,0.0,0.0,2.98023217215615e-10,-0.04460655897855759,-0.9996492862701416,0.02648334950208664,0.0,0.0,0.0,-2.98023217215615e-10,-0.02347646653652191,-0.999390184879303,0.0349179282784462,0.0,0.0,0.0,0.0,-0.019652195274829865,-1.0,-0.0,0.0,0.0,0.00711638480424881,0.0018999999156221747,-0.016959700733423233,-0.9961947202682495,-0.0,0.08715574443340302,0.0,-0.0005882382392883301,0.0,-0.060253534466028214,-0.9996573328971863,-0.0,0.026176923885941505,0.0,1.19209286886246e-09,-1.490116086078075e-10,-0.04255415499210358,-0.9995051622390747,0.03145527467131615,0.0,0.0,-2.38418573772492e-09,0.0,-0.02208789810538292,-0.999065101146698,0.04323066025972366,0.0,0.0,0.0,0.0,-0.017740869894623756,-1.0,-0.0,0.0,0.0,0.013503451831638813,-0.0037700000684708357,-0.014087309129536152,-0.9914448857307434,-0.0,0.13052619993686676,0.0,0.0048975334502756596,-3.847479547403054e-06,-0.05743739381432533,-0.9986295104026794,-0.0,0.05233589559793472,0.0,4.76837147544984e-09,-2.98023217215615e-10,-0.03276757150888443,-0.9997390508651733,0.02284443937242031,0.0,0.0,2.38418573772492e-09,0.0,-0.016709718853235245,-0.9995173215866089,0.03106803447008133,0.0,0.0,0.0,0.0,-0.01388302817940712,-1.0,-0.0,0.0,0.0
1782948308.0194404,2026-07-01 19:25:08.019,16269.0,16269,left,0,1,open_palm,1,0.0,0.003969999961555004,-0.04999999701976776,-1.0,-0.0,0.0,0.0,0.0,0.0,0.0,-1.0,-0.0,0.0,0.0,0.025476500391960144,-0.012044699862599373,-0.022234899923205376,-0.809577465057373,-0.14576728641986847,0.2644490599632263,0.503391444683075,-5.7220457705398076e-08,-4.3511388270189855e-08,-0.027230437844991684,-0.9997742176055908,0.021249612793326378,0.0,0.0,3.5762786065873797e-09,6.318092005130893e-08,-0.031859491020441055,-0.9998239874839783,0.018763011321425438,0.0,0.0,2.384185648907078e-08,0.0,-0.023122519254684448,-1.0,-0.0,0.0,0.0,0.012359999120235443,0.0032300001475960016,-0.017000000923871994,-0.9990482330322266,-0.0,0.04361938685178757,0.0,0.0021501504816114902,-3.890097104886081e-06,-0.06502876430749893,-0.9999619722366333,-0.0,0.008726557716727257,0.0,-9.53674295089968e-09,-9.53674295089968e-09,-0.036917347460985184,-0.9995214939117432,0.030932152643799782,0.0,0.0,-2.8610228852699038e-08,-2.98023217215615e-10,-0.0216355137526989,-0.999514639377594,0.031153753399848938,0.0,0.0,1.2636184010261786e-07,2.98023217215615e-10,-0.018689393997192383,-1.0,-0.0,0.0,0.0,0.0,0.003969999961555004,-0.01750910095870495,-1.0,-0.0,0.0,0.0,0.0,4.610121322912164e-06,-0.06379090249538422,-1.0,-0.0,0.0,0.0,0.0,2.98023217215615e-10,-0.044606998562812805,-0.9995051622390747,0.03145527467131615,0.0,0.0,0.0,0.0,-0.023475991562008858,-0.9990876317024231,0.04270758107304573,0.0,0.0,0.0,0.0,-0.019651994109153748,-1.0,-0.0,0.0,0.0,-0.00711638992652297,0.0018999999156221747,-0.016959700733423233,-0.9961947202682495,-0.0,-0.08715574443340302,0.0,0.0005882433033548295,0.0,-0.060253534466028214,-0.9996573328971863,-0.0,-0.026176923885941505,0.0,-1.1086464013487785e-07,-1.490116086078075e-10,-0.04255366697907448,-0.9995051622390747,0.03145527467131615,0.0,0.0,4.5299529460862686e-08,0.0,-0.022088106721639633,-0.999065101146698,0.04323066025972366,0.0,0.0,-1.4305114426349519e-08,0.0,-0.017740696668624878,-1.0,-0.0,0.0,0.0,-0.013503500260412693,-0.0037700000684708357,-0.014087299816310406,-0.9914448857307434,-0.0,-0.13052619993686676,0.0,-0.004897483624517918,-3.8501621020259336e-06,-0.05743739381432533,-0.9986295104026794,-0.0,-0.05233589559793472,0.0,5.4836270635405526e-08,-2.98023217215615e-10,-0.03276759013533592,-0.9995716214179993,0.029269907623529434,0.0,0.0,-9.298324243900424e-08,0.0,-0.01670967973768711,-0.9991451501846313,0.041340723633766174,0.0,0.0,6.19888282926695e-08,0.0,-0.013883084990084171,-1.0,-0.0,0.0,0.0
1782948308.020854,2026-07-01 19:25:08.020,2096.0,2096,right,0,2,open_palm,1,0.0,0.003969999961555004,-0.04999999701976776,-1.0,-0.0,0.0,0.0,0.0,0.0,0.0,-1.0,-0.0,0.0,0.0,-0.025476505979895592,-0.012044684961438179,-0.022234933450818062,-0.810554027557373,-0.1487269401550293,-0.26143431663513184,-0.5025283098220825,0.0,1.19209286886246e-09,-0.02723044343292713,-0.9998829364776611,0.015300636179745197,0.0,0.0,2.38418573772492e-09,-1.19209286886246e-09,-0.031859468668699265,-0.9999423623085022,0.010737097822129726,0.0,0.0,0.0,-3.5762786065873797e-09,-0.023122519254684448,-1.0,-0.0,0.0,0.0,-0.012360505759716034,0.0032300001475960016,-0.016998957842588425,-0.9990482330322266,-0.0,-0.04361938685178757,0.0,-0.002149570034816861,-3.8927792047616094e-06,-0.06502974033355713,-0.9999619722366333,-0.0,-0.008726464584469795,0.0,0.0,0.0,-0.03691747412085533,-0.9993493556976318,0.0360686257481575,0.0,0.0,-2.38418573772492e-09,-2.98023217215615e-10,-0.02163529396057129,-0.999281644821167,0.037897396832704544,0.0,0.0,0.0,2.98023217215615e-10,-0.01868978515267372,-1.0,-0.0,0.0,0.0,0.0,0.003969999961555004,-0.017509059980511665,-1.0,-0.0,0.0,0.0,0.0,4.611611075233668e-06,-0.0637909397482872,-1.0,-0.0,0.0,0.0,0.0,2.98023217215615e-10,-0.04460655897855759,-0.9996492862701416,0.02648334950208664,0.0,0.0,0.0,-2.98023217215615e-10,-0.02347646653652191,-0.999390184879303,0.0349179282784462,0.0,0.0,0.0,0.0,-0.019652195274829865,-1.0,-0.0,0.0,0.0,0.00711638480424881,0.0018999999156221747,-0.016959700733423233,-0.9961947202682495,-0.0,0.08715574443340302,0.0,-0.0005882382392883301,0.0,-0.060253534466028214,-0.9996573328971863,-0.0,0.026176923885941505,0.0,1.19209286886246e-09,-1.490116086078075e-10,-0.04255415499210358,-0.9995051622390747,0.03145527467131615,0.0,0.0,-2.38418573772492e-09,0.0,-0.02208789810538292,-0.999065101146698,0.04323066025972366,0.0,0.0,0.0,0.0,-0.017740869894623756,-1.0,-0.0,0.0,0.0,0.013503451831638813,-0.0037700000684708357,-0.014087309129536152,-0.9914448857307434,-0.0,0.13052619993686676,0.0,0.0048975334502756596,-3.847479547403054e-06,-0.05743739381432533,-0.9986295104026794,-0.0,0.05233589559793472,0.0,4.76837147544984e-09,-2.98023217215615e-10,-0.03276757150888443,-0.9997390508651733,0.02284443937242031,0.0,0.0,2.38418573772492e-09,0.0,-0.016709718853235245,-0.9995173215866089,0.03106803447008133,0.0,0.0,0.0,0.0,-0.01388302817940712,-1.0,-0.0,0.0,0.0
1782948308.2285266,2026-07-01 19:25:08.228,16270.0,16270,left,0,1,open_palm,1,0.0,0.003969999961555004,-0.04999999701976776,-1.0,-0.0,0.0,0.0,0.0,0.0,0.0,-1.0,-0.0,0.0,0.0,0.025476500391960144,-0.012044699862599373,-0.022234899923205376,-0.809577465057373,-0.14576728641986847,0.2644490599632263,0.503391444683075,-5.7220457705398076e-08,-4.3511388270189855e-08,-0.027230437844991684,-0.9997742176055908,0.021249612793326378,0.0,0.0,3.5762786065873797e-09,6.318092005130893e-08,-0.031859491020441055,-0.9998239874839783,0.018763011321425438,0.0,0.0,2.384185648907078e-08,0.0,-0.023122519254684448,-1.0,-0.0,0.0,0.0,0.012359999120235443,0.0032300001475960016,-0.017000000923871994,-0.9990482330322266,-0.0,0.04361938685178757,0.0,0.0021501504816114902,-3.890097104886081e-06,-0.06502876430749893,-0.9999619722366333,-0.0,0.008726557716727257,0.0,-9.53674295089968e-09,-9.53674295089968e-09,-0.036917347460985184,-0.9995214939117432,0.030932152643799782,0.0,0.0,-2.8610228852699038e-08,-2.98023217215615e-10,-0.0216355137526989,-0.999514639377594,0.031153753399848938,0.0,0.0,1.2636184010261786e-07,2.98023217215615e-10,-0.018689393997192383,-1.0,-0.0,0.0,0.0,0.0,0.003969999961555004,-0.01750910095870495,-1.0,-0.0,0.0,0.0,0.0,4.610121322912164e-06,-0.06379090249538422,-1.0,-0.0,0.0,0.0,0.0,2.98023217215615e-10,-0.044606998562812805,-0.9995051622390747,0.03145527467131615,0.0,0.0,0.0,0.0,-0.023475991562008858,-0.9990876317024231,0.04270758107304573,0.0,0.0,0.0,0.0,-0.019651994109153748,-1.0,-0.0,0.0,0.0,-0.00711638992652297,0.0018999999156221747,-0.016959700733423233,-0.9961947202682495,-0.0,-0.08715574443340302,0.0,0.0005882433033548295,0.0,-0.060253534466028214,-0.9996573328971863,-0.0,-0.026176923885941505,0.0,-1.1086464013487785e-07,-1.490116086078075e-10,-0.04255366697907448,-0.9995051622390747,0.03145527467131615,0.0,0.0,4.5299529460862686e-08,0.0,-0.022088106721639633,-0.999065101146698,0.04323066025972366,0.0,0.0,-1.4305114426349519e-08,0.0,-0.017740696668624878,-1.0,-0.0,0.0,0.0,-0.013503500260412693,-0.0037700000684708357,-0.014087299816310406,-0.9914448857307434,-0.0,-0.13052619993686676,0.0,-0.004897483624517918,-3.8501621020259336e-06,-0.05743739381432533,-0.9986295104026794,-0.0,-0.05233589559793472,0.0,5.4836270635405526e-08,-2.98023217215615e-10,-0.03276759013533592,-0.9995716214179993,0.029269907623529434,0.0,0.0,-9.298324243900424e-08,0.0,-0.01670967973768711,-0.9991451501846313,0.041340723633766174,0.0,0.0,6.19888282926695e-08,0.0,-0.013883084990084171,-1.0,-0.0,0.0,0.0
1782948308.2424066,2026-07-01 19:25:08.242,2109.0,2109,right,0,2,open_palm,1,0.0,0.003969999961555004,-0.04999999701976776,-1.0,-0.0,0.0,0.0,0.0,0.0,0.0,-1.0,-0.0,0.0,0.0,-0.025476505979895592,-0.012044684961438179,-0.022234933450818062,-0.810554027557373,-0.1487269401550293,-0.26143431663513184,-0.5025283098220825,0.0,1.19209286886246e-09,-0.02723044343292713,-0.9998829364776611,0.015300636179745197,0.0,0.0,2.38418573772492e-09,-1.19209286886246e-09,-0.031859468668699265,-0.9999423623085022,0.010737097822129726,0.0,0.0,0.0,-3.5762786065873797e-09,-0.023122519254684448,-1.0,-0.0,0.0,0.0,-0.012360505759716034,0.0032300001475960016,-0.016998957842588425,-0.9990482330322266,-0.0,-0.04361938685178757,0.0,-0.002149570034816861,-3.8927792047616094e-06,-0.06502974033355713,-0.9999619722366333,-0.0,-0.008726464584469795,0.0,0.0,0.0,-0.03691747412085533,-0.9993493556976318,0.0360686257481575,0.0,0.0,-2.38418573772492e-09,-2.98023217215615e-10,-0.02163529396057129,-0.999281644821167,0.037897396832704544,0.0,0.0,0.0,2.98023217215615e-10,-0.01868978515267372,-1.0,-0.0,0.0,0.0,0.0,0.003969999961555004,-0.017509059980511665,-1.0,-0.0,0.0,0.0,0.0,4.611611075233668e-06,-0.0637909397482872,-1.0,-0.0,0.0,0.0,0.0,2.98023217215615e-10,-0.04460655897855759,-0.9996492862701416,0.02648334950208664,0.0,0.0,0.0,-2.98023217215615e-10,-0.02347646653652191,-0.999390184879303,0.0349179282784462,0.0,0.0,0.0,0.0,-0.019652195274829865,-1.0,-0.0,0.0,0.0,0.00711638480424881,0.0018999999156221747,-0.016959700733423233,-0.9961947202682495,-0.0,0.08715574443340302,0.0,-0.0005882382392883301,0.0,-0.060253534466028214,-0.9996573328971863,-0.0,0.026176923885941505,0.0,1.19209286886246e-09,-1.490116086078075e-10,-0.04255415499210358,-0.9995051622390747,0.03145527467131615,0.0,0.0,-2.38418573772492e-09,0.0,-0.02208789810538292,-0.999065101146698,0.04323066025972366,0.0,0.0,0.0,0.0,-0.017740869894623756,-1.0,-0.0,0.0,0.0,0.013503451831638813,-0.0037700000684708357,-0.014087309129536152,-0.9914448857307434,-0.0,0.13052619993686676,0.0,0.0048975334502756596,-3.847479547403054e-06,-0.05743739381432533,-0.9986295104026794,-0.0,0.05233589559793472,0.0,4.76837147544984e-09,-2.98023217215615e-10,-0.03276757150888443,-0.9997390508651733,0.02284443937242031,0.0,0.0,2.38418573772492e-09,0.0,-0.016709718853235245,-0.9995173215866089,0.03106803447008133,0.0,0.0,0.0,0.0,-0.01388302817940712,-1.0,-0.0,0.0,0.0
1782948308.4428797,2026-07-01 19:25:08.442,16272.0,16272,left,0,1,open_palm,1,0.0,0.003969999961555004,-0.04999999701976776,-1.0,-0.0,0.0,0.0,0.0,0.0,0.0,-1.0,-0.0,0.0,0.0,0.025476500391960144,-0.012044699862599373,-0.022234899923205376,-0.809577465057373,-0.14576728641986847,0.2644490599632263,0.503391444683075,-5.7220457705398076e-08,-4.3511388270189855e-08,-0.027230437844991684,-0.9997742176055908,0.021249612793326378,0.0,0.0,3.5762786065873797e-09,6.318092005130893e-08,-0.031859491020441055,-0.9998239874839783,0.018763011321425438,0.0,0.0,2.384185648907078e-08,0.0,-0.023122519254684448,-1.0,-0.0,0.0,0.0,0.012359999120235443,0.0032300001475960016,-0.017000000923871994,-0.9990482330322266,-0.0,0.04361938685178757,0.0,0.0021501504816114902,-3.890097104886081e-06,-0.06502876430749893,-0.9999619722366333,-0.0,0.008726557716727257,0.0,-9.53674295089968e-09,-9.53674295089968e-09,-0.036917347460985184,-0.9995214939117432,0.030932152643799782,0.0,0.0,-2.8610228852699038e-08,-2.98023217215615e-10,-0.0216355137526989,-0.999514639377594,0.031153753399848938,0.0,0.0,1.2636184010261786e-07,2.98023217215615e-10,-0.018689393997192383,-1.0,-0.0,0.0,0.0,0.0,0.003969999961555004,-0.01750910095870495,-1.0,-0.0,0.0,0.0,0.0,4.610121322912164e-06,-0.06379090249538422,-1.0,-0.0,0.0,0.0,0.0,2.98023217215615e-10,-0.044606998562812805,-0.9995051622390747,0.03145527467131615,0.0,0.0,0.0,0.0,-0.023475991562008858,-0.9990876317024231,0.04270758107304573,0.0,0.0,0.0,0.0,-0.019651994109153748,-1.0,-0.0,0.0,0.0,-0.00711638992652297,0.0018999999156221747,-0.016959700733423233,-0.9961947202682495,-0.0,-0.08715574443340302,0.0,0.0005882433033548295,0.0,-0.060253534466028214,-0.9996573328971863,-0.0,-0.026176923885941505,0.0,-1.1086464013487785e-07,-1.490116086078075e-10,-0.04255366697907448,-0.9995051622390747,0.03145527467131615,0.0,0.0,4.5299529460862686e-08,0.0,-0.022088106721639633,-0.999065101146698,0.04323066025972366,0.0,0.0,-1.4305114426349519e-08,0.0,-0.017740696668624878,-1.0,-0.0,0.0,0.0,-0.013503500260412693,-0.0037700000684708357,-0.014087299816310406,-0.9914448857307434,-0.0,-0.13052619993686676,0.0,-0.004897483624517918,-3.8501621020259336e-06,-0.05743739381432533,-0.9986295104026794,-0.0,-0.05233589559793472,0.0,5.4836270635405526e-08,-2.98023217215615e-10,-0.03276759013533592,-0.9995716214179993,0.029269907623529434,0.0,0.0,-9.298324243900424e-08,0.0,-0.01670967973768711,-0.9991451501846313,0.041340723633766174,0.0,0.0,6.19888282926695e-08,0.0,-0.013883084990084171,-1.0,-0.0,0.0,0.0
1782948308.4433002,2026-07-01 19:25:08.443,2121.0,2121,right,0,2,open_palm,1,0.0,0.003969999961555004,-0.04999999701976776,-1.0,-0.0,0.0,0.0,0.0,0.0,0.0,-1.0,-0.0,0.0,0.0,-0.025476505979895592,-0.012044684961438179,-0.022234933450818062,-0.810554027557373,-0.1487269401550293,-0.26143431663513184,-0.5025283098220825,0.0,1.19209286886246e-09,-0.02723044343292713,-0.9998829364776611,0.015300636179745197,0.0,0.0,2.38418573772492e-09,-1.19209286886246e-09,-0.031859468668699265,-0.9999423623085022,0.010737097822129726,0.0,0.0,0.0,-3.5762786065873797e-09,-0.023122519254684448,-1.0,-0.0,0.0,0.0,-0.012360505759716034,0.0032300001475960016,-0.016998957842588425,-0.9990482330322266,-0.0,-0.04361938685178757,0.0,-0.002149570034816861,-3.8927792047616094e-06,-0.06502974033355713,-0.9999619722366333,-0.0,-0.008726464584469795,0.0,0.0,0.0,-0.03691747412085533,-0.9993493556976318,0.0360686257481575,0.0,0.0,-2.38418573772492e-09,-2.98023217215615e-10,-0.02163529396057129,-0.999281644821167,0.037897396832704544,0.0,0.0,0.0,2.98023217215615e-10,-0.01868978515267372,-1.0,-0.0,0.0,0.0,0.0,0.003969999961555004,-0.017509059980511665,-1.0,-0.0,0.0,0.0,0.0,4.611611075233668e-06,-0.0637909397482872,-1.0,-0.0,0.0,0.0,0.0,2.98023217215615e-10,-0.04460655897855759,-0.9996492862701416,0.02648334950208664,0.0,0.0,0.0,-2.98023217215615e-10,-0.02347646653652191,-0.999390184879303,0.0349179282784462,0.0,0.0,0.0,0.0,-0.019652195274829865,-1.0,-0.0,0.0,0.0,0.00711638480424881,0.0018999999156221747,-0.016959700733423233,-0.9961947202682495,-0.0,0.08715574443340302,0.0,-0.0005882382392883301,0.0,-0.060253534466028214,-0.9996573328971863,-0.0,0.026176923885941505,0.0,1.19209286886246e-09,-1.490116086078075e-10,-0.04255415499210358,-0.9995051622390747,0.03145527467131615,0.0,0.0,-2.38418573772492e-09,0.0,-0.02208789810538292,-0.999065101146698,0.04323066025972366,0.0,0.0,0.0,0.0,-0.017740869894623756,-1.0,-0.0,0.0,0.0,0.013503451831638813,-0.0037700000684708357,-0.014087309129536152,-0.9914448857307434,-0.0,0.13052619993686676,0.0,0.0048975334502756596,-3.847479547403054e-06,-0.05743739381432533,-0.9986295104026794,-0.0,0.05233589559793472,0.0,4.76837147544984e-09,-2.98023217215615e-10,-0.03276757150888443,-0.9997390508651733,0.02284443937242031,0.0,0.0,2.38418573772492e-09,0.0,-0.016709718853235245,-0.9995173215866089,0.03106803447008133,0.0,0.0,0.0,0.0,-0.01388302817940712,-1.0,-0.0,0.0,0.0
1782948308.6494367,2026-07-01 19:25:08.649,16274.0,16274,left,0,1,open_palm,1,0.0,0.003969999961555004,-0.04999999701976776,-1.0,-0.0,0.0,0.0,0.0,0.0,0.0,-1.0,-0.0,0.0,0.0,0.025476500391960144,-0.012044699862599373,-0.022234899923205376,-0.809577465057373,-0.14576728641986847,0.2644490599632263,0.503391444683075,-5.7220457705398076e-08,-4.3511388270189855e-08,-0.027230437844991684,-0.9997742176055908,0.021249612793326378,0.0,0.0,3.5762786065873797e-09,6.318092005130893e-08,-0.031859491020441055,-0.9998239874839783,0.018763011321425438,0.0,0.0,2.384185648907078e-08,0.0,-0.023122519254684448,-1.0,-0.0,0.0,0.0,0.012359999120235443,0.0032300001475960016,-0.017000000923871994,-0.9990482330322266,-0.0,0.04361938685178757,0.0,0.0021501504816114902,-3.890097104886081e-06,-0.06502876430749893,-0.9999619722366333,-0.0,0.008726557716727257,0.0,-9.53674295089968e-09,-9.53674295089968e-09,-0.036917347460985184,-0.9995214939117432,0.030932152643799782,0.0,0.0,-2.8610228852699038e-08,-2.98023217215615e-10,-0.0216355137526989,-0.999514639377594,0.031153753399848938,0.0,0.0,1.2636184010261786e-07,2.98023217215615e-10,-0.018689393997192383,-1.0,-0.0,0.0,0.0,0.0,0.003969999961555004,-0.01750910095870495,-1.0,-0.0,0.0,0.0,0.0,4.610121322912164e-06,-0.06379090249538422,-1.0,-0.0,0.0,0.0,0.0,2.98023217215615e-10,-0.044606998562812805,-0.9995051622390747,0.03145527467131615,0.0,0.0,0.0,0.0,-0.023475991562008858,-0.9990876317024231,0.04270758107304573,0.0,0.0,0.0,0.0,-0.019651994109153748,-1.0,-0.0,0.0,0.0,-0.00711638992652297,0.0018999999156221747,-0.016959700733423233,-0.9961947202682495,-0.0,-0.08715574443340302,0.0,0.0005882433033548295,0.0,-0.060253534466028214,-0.9996573328971863,-0.0,-0.026176923885941505,0.0,-1.1086464013487785e-07,-1.490116086078075e-10,-0.04255366697907448,-0.9995051622390747,0.03145527467131615,0.0,0.0,4.5299529460862686e-08,0.0,-0.022088106721639633,-0.999065101146698,0.04323066025972366,0.0,0.0,-1.4305114426349519e-08,0.0,-0.017740696668624878,-1.0,-0.0,0.0,0.0,-0.013503500260412693,-0.0037700000684708357,-0.014087299816310406,-0.9914448857307434,-0.0,-0.13052619993686676,0.0,-0.004897483624517918,-3.8501621020259336e-06,-0.05743739381432533,-0.9986295104026794,-0.0,-0.05233589559793472,0.0,5.4836270635405526e-08,-2.98023217215615e-10,-0.03276759013533592,-0.9995716214179993,0.029269907623529434,0.0,0.0,-9.298324243900424e-08,0.0,-0.01670967973768711,-0.9991451501846313,0.041340723633766174,0.0,0.0,6.19888282926695e-08,0.0,-0.013883084990084171,-1.0,-0.0,0.0,0.0
1782948308.6497731,2026-07-01 19:25:08.649,2134.0,2134,right,0,2,open_palm,1,0.0,0.003969999961555004,-0.04999999701976776,-1.0,-0.0,0.0,0.0,0.0,0.0,0.0,-1.0,-0.0,0.0,0.0,-0.025476505979895592,-0.012044684961438179,-0.022234933450818062,-0.810554027557373,-0.1487269401550293,-0.26143431663513184,-0.5025283098220825,0.0,1.19209286886246e-09,-0.02723044343292713,-0.9998829364776611,0.015300636179745197,0.0,0.0,2.38418573772492e-09,-1.19209286886246e-09,-0.031859468668699265,-0.9999423623085022,0.010737097822129726,0.0,0.0,0.0,-3.5762786065873797e-09,-0.023122519254684448,-1.0,-0.0,0.0,0.0,-0.012360505759716034,0.0032300001475960016,-0.016998957842588425,-0.9990482330322266,-0.0,-0.04361938685178757,0.0,-0.002149570034816861,-3.8927792047616094e-06,-0.06502974033355713,-0.9999619722366333,-0.0,-0.008726464584469795,0.0,0.0,0.0,-0.03691747412085533,-0.9993493556976318,0.0360686257481575,0.0,0.0,-2.38418573772492e-09,-2.98023217215615e-10,-0.02163529396057129,-0.999281644821167,0.037897396832704544,0.0,0.0,0.0,2.98023217215615e-10,-0.01868978515267372,-1.0,-0.0,0.0,0.0,0.0,0.003969999961555004,-0.017509059980511665,-1.0,-0.0,0.0,0.0,0.0,4.611611075233668e-06,-0.0637909397482872,-1.0,-0.0,0.0,0.0,0.0,2.98023217215615e-10,-0.04460655897855759,-0.9996492862701416,0.02648334950208664,0.0,0.0,0.0,-2.98023217215615e-10,-0.02347646653652191,-0.999390184879303,0.0349179282784462,0.0,0.0,0.0,0.0,-0.019652195274829865,-1.0,-0.0,0.0,0.0,0.00711638480424881,0.0018999999156221747,-0.016959700733423233,-0.9961947202682495,-0.0,0.08715574443340302,0.0,-0.0005882382392883301,0.0,-0.060253534466028214,-0.9996573328971863,-0.0,0.026176923885941505,0.0,1.19209286886246e-09,-1.490116086078075e-10,-0.04255415499210358,-0.9995051622390747,0.03145527467131615,0.0,0.0,-2.38418573772492e-09,0.0,-0.02208789810538292,-0.999065101146698,0.04323066025972366,0.0,0.0,0.0,0.0,-0.017740869894623756,-1.0,-0.0,0.0,0.0,0.013503451831638813,-0.0037700000684708357,-0.014087309129536152,-0.9914448857307434,-0.0,0.13052619993686676,0.0,0.0048975334502756596,-3.847479547403054e-06,-0.05743739381432533,-0.9986295104026794,-0.0,0.05233589559793472,0.0,4.76837147544984e-09,-2.98023217215615e-10,-0.03276757150888443,-0.9997390508651733,0.02284443937242031,0.0,0.0,2.38418573772492e-09,0.0,-0.016709718853235245,-0.9995173215866089,0.03106803447008133,0.0,0.0,0.0,0.0,-0.01388302817940712,-1.0,-0.0,0.0,0.0
1782948308.8598456,2026-07-01 19:25:08.859,16276.0,16276,left,0,1,open_palm,1,0.0,0.003969999961555004,-0.04999999701976776,-1.0,-0.0,0.0,0.0,0.0,0.0,0.0,-1.0,-0.0,0.0,0.0,0.025476500391960144,-0.012044699862599373,-0.022234899923205376,-0.809577465057373,-0.14576728641986847,0.2644490599632263,0.503391444683075,-5.7220457705398076e-08,-4.3511388270189855e-08,-0.027230437844991684,-0.9997742176055908,0.021249612793326378,0.0,0.0,3.5762786065873797e-09,6.318092005130893e-08,-0.031859491020441055,-0.9998239874839783,0.018763011321425438,0.0,0.0,2.384185648907078e-08,0.0,-0.023122519254684448,-1.0,-0.0,0.0,0.0,0.012359999120235443,0.0032300001475960016,-0.017000000923871994,-0.9990482330322266,-0.0,0.04361938685178757,0.0,0.0021501504816114902,-3.890097104886081e-06,-0.06502876430749893,-0.9999619722366333,-0.0,0.008726557716727257,0.0,-9.53674295089968e-09,-9.53674295089968e-09,-0.036917347460985184,-0.9995214939117432,0.030932152643799782,0.0,0.0,-2.8610228852699038e-08,-2.98023217215615e-10,-0.0216355137526989,-0.999514639377594,0.031153753399848938,0.0,0.0,1.2636184010261786e-07,2.98023217215615e-10,-0.018689393997192383,-1.0,-0.0,0.0,0.0,0.0,0.003969999961555004,-0.01750910095870495,-1.0,-0.0,0.0,0.0,0.0,4.610121322912164e-06,-0.06379090249538422,-1.0,-0.0,0.0,0.0,0.0,2.98023217215615e-10,-0.044606998562812805,-0.9995051622390747,0.03145527467131615,0.0,0.0,0.0,0.0,-0.023475991562008858,-0.9990876317024231,0.04270758107304573,0.0,0.0,0.0,0.0,-0.019651994109153748,-1.0,-0.0,0.0,0.0,-0.00711638992652297,0.0018999999156221747,-0.016959700733423233,-0.9961947202682495,-0.0,-0.08715574443340302,0.0,0.0005882433033548295,0.0,-0.060253534466028214,-0.9996573328971863,-0.0,-0.026176923885941505,0.0,-1.1086464013487785e-07,-1.490116086078075e-10,-0.04255366697907448,-0.9995051622390747,0.03145527467131615,0.0,0.0,4.5299529460862686e-08,0.0,-0.022088106721639633,-0.999065101146698,0.04323066025972366,0.0,0.0,-1.4305114426349519e-08,0.0,-0.017740696668624878,-1.0,-0.0,0.0,0.0,-0.013503500260412693,-0.0037700000684708357,-0.014087299816310406,-0.9914448857307434,-0.0,-0.13052619993686676,0.0,-0.004897483624517918,-3.8501621020259336e-06,-0.05743739381432533,-0.9986295104026794,-0.0,-0.05233589559793472,0.0,5.4836270635405526e-08,-2.98023217215615e-10,-0.03276759013533592,-0.9995716214179993,0.029269907623529434,0.0,0.0,-9.298324243900424e-08,0.0,-0.01670967973768711,-0.9991451501846313,0.041340723633766174,0.0,0.0,6.19888282926695e-08,0.0,-0.013883084990084171,-1.0,-0.0,0.0,0.0
1782948308.8720644,2026-07-01 19:25:08.872,2147.0,2147,right,0,2,open_palm,1,0.0,0.003969999961555004,-0.04999999701976776,-1.0,-0.0,0.0,0.0,0.0,0.0,0.0,-1.0,-0.0,0.0,0.0,-0.025476505979895592,-0.012044684961438179,-0.022234933450818062,-0.810554027557373,-0.1487269401550293,-0.26143431663513184,-0.5025283098220825,0.0,1.19209286886246e-09,-0.02723044343292713,-0.9998829364776611,0.015300636179745197,0.0,0.0,2.38418573772492e-09,-1.19209286886246e-09,-0.031859468668699265,-0.9999423623085022,0.010737097822129726,0.0,0.0,0.0,-3.5762786065873797e-09,-0.023122519254684448,-1.0,-0.0,0.0,0.0,-0.012360505759716034,0.0032300001475960016,-0.016998957842588425,-0.9990482330322266,-0.0,-0.04361938685178757,0.0,-0.002149570034816861,-3.8927792047616094e-06,-0.06502974033355713,-0.9999619722366333,-0.0,-0.008726464584469795,0.0,0.0,0.0,-0.03691747412085533,-0.9993493556976318,0.0360686257481575,0.0,0.0,-2.38418573772492e-09,-2.98023217215615e-10,-0.02163529396057129,-0.999281644821167,0.037897396832704544,0.0,0.0,0.0,2.98023217215615e-10,-0.01868978515267372,-1.0,-0.0,0.0,0.0,0.0,0.003969999961555004,-0.017509059980511665,-1.0,-0.0,0.0,0.0,0.0,4.611611075233668e-06,-0.0637909397482872,-1.0,-0.0,0.0,0.0,0.0,2.98023217215615e-10,-0.04460655897855759,-0.9996492862701416,0.02648334950208664,0.0,0.0,0.0,-2.98023217215615e-10,-0.02347646653652191,-0.999390184879303,0.0349179282784462,0.0,0.0,0.0,0.0,-0.019652195274829865,-1.0,-0.0,0.0,0.0,0.00711638480424881,0.0018999999156221747,-0.016959700733423233,-0.9961947202682495,-0.0,0.08715574443340302,0.0,-0.0005882382392883301,0.0,-0.060253534466028214,-0.9996573328971863,-0.0,0.026176923885941505,0.0,1.19209286886246e-09,-1.490116086078075e-10,-0.04255415499210358,-0.9995051622390747,0.03145527467131615,0.0,0.0,-2.38418573772492e-09,0.0,-0.02208789810538292,-0.999065101146698,0.04323066025972366,0.0,0.0,0.0,0.0,-0.017740869894623756,-1.0,-0.0,0.0,0.0,0.013503451831638813,-0.0037700000684708357,-0.014087309129536152,-0.9914448857307434,-0.0,0.13052619993686676,0.0,0.0048975334502756596,-3.847479547403054e-06,-0.05743739381432533,-0.9986295104026794,-0.0,0.05233589559793472,0.0,4.76837147544984e-09,-2.98023217215615e-10,-0.03276757150888443,-0.9997390508651733,0.02284443937242031,0.0,0.0,2.38418573772492e-09,0.0,-0.016709718853235245,-0.9995173215866089,0.03106803447008133,0.0,0.0,0.0,0.0,-0.01388302817940712,-1.0,-0.0,0.0,0.0
1782948309.0806808,2026-07-01 19:25:09.080,16277.0,16277,left,0,1,open_palm,1,0.0,0.003969999961555004,-0.04999999701976776,-1.0,-0.0,0.0,0.0,0.0,0.0,0.0,-1.0,-0.0,0.0,0.0,0.025476500391960144,-0.012044699862599373,-0.022234899923205376,-0.809577465057373,-0.14576728641986847,0.2644490599632263,0.503391444683075,-5.7220457705398076e-08,-4.3511388270189855e-08,-0.027230437844991684,-0.9997742176055908,0.021249612793326378,0.0,0.0,3.5762786065873797e-09,6.318092005130893e-08,-0.031859491020441055,-0.9998239874839783,0.018763011321425438,0.0,0.0,2.384185648907078e-08,0.0,-0.023122519254684448,-1.0,-0.0,0.0,0.0,0.012359999120235443,0.0032300001475960016,-0.017000000923871994,-0.9990482330322266,-0.0,0.04361938685178757,0.0,0.0021501504816114902,-3.890097104886081e-06,-0.06502876430749893,-0.9999619722366333,-0.0,0.008726557716727257,0.0,-9.53674295089968e-09,-9.53674295089968e-09,-0.036917347460985184,-0.9995214939117432,0.030932152643799782,0.0,0.0,-2.8610228852699038e-08,-2.98023217215615e-10,-0.0216355137526989,-0.999514639377594,0.031153753399848938,0.0,0.0,1.2636184010261786e-07,2.98023217215615e-10,-0.018689393997192383,-1.0,-0.0,0.0,0.0,0.0,0.003969999961555004,-0.01750910095870495,-1.0,-0.0,0.0,0.0,0.0,4.610121322912164e-06,-0.06379090249538422,-1.0,-0.0,0.0,0.0,0.0,2.98023217215615e-10,-0.044606998562812805,-0.9995051622390747,0.03145527467131615,0.0,0.0,0.0,0.0,-0.023475991562008858,-0.9990876317024231,0.04270758107304573,0.0,0.0,0.0,0.0,-0.019651994109153748,-1.0,-0.0,0.0,0.0,-0.00711638992652297,0.0018999999156221747,-0.016959700733423233,-0.9961947202682495,-0.0,-0.08715574443340302,0.0,0.0005882433033548295,0.0,-0.060253534466028214,-0.9996573328971863,-0.0,-0.026176923885941505,0.0,-1.1086464013487785e-07,-1.490116086078075e-10,-0.04255366697907448,-0.9995051622390747,0.03145527467131615,0.0,0.0,4.5299529460862686e-08,0.0,-0.022088106721639633,-0.999065101146698,0.04323066025972366,0.0,0.0,-1.4305114426349519e-08,0.0,-0.017740696668624878,-1.0,-0.0,0.0,0.0,-0.013503500260412693,-0.0037700000684708357,-0.014087299816310406,-0.9914448857307434,-0.0,-0.13052619993686676,0.0,-0.004897483624517918,-3.8501621020259336e-06,-0.05743739381432533,-0.9986295104026794,-0.0,-0.05233589559793472,0.0,5.4836270635405526e-08,-2.98023217215615e-10,-0.03276759013533592,-0.9995716214179993,0.029269907623529434,0.0,0.0,-9.298324243900424e-08,0.0,-0.01670967973768711,-0.9991451501846313,0.041340723633766174,0.0,0.0,6.19888282926695e-08,0.0,-0.013883084990084171,-1.0,-0.0,0.0,0.0
1782948309.092345,2026-07-01 19:25:09.092,2159.0,2159,right,0,2,open_palm,1,0.0,0.003969999961555004,-0.04999999701976776,-1.0,-0.0,0.0,0.0,0.0,0.0,0.0,-1.0,-0.0,0.0,0.0,-0.025476505979895592,-0.012044684961438179,-0.022234933450818062,-0.810554027557373,-0.1487269401550293,-0.26143431663513184,-0.5025283098220825,0.0,1.19209286886246e-09,-0.02723044343292713,-0.9998829364776611,0.015300636179745197,0.0,0.0,2.38418573772492e-09,-1.19209286886246e-09,-0.031859468668699265,-0.9999423623085022,0.010737097822129726,0.0,0.0,0.0,-3.5762786065873797e-09,-0.023122519254684448,-1.0,-0.0,0.0,0.0,-0.012360505759716034,0.0032300001475960016,-0.016998957842588425,-0.9990482330322266,-0.0,-0.04361938685178757,0.0,-0.002149570034816861,-3.8927792047616094e-06,-0.06502974033355713,-0.9999619722366333,-0.0,-0.008726464584469795,0.0,0.0,0.0,-0.03691747412085533,-0.9993493556976318,0.0360686257481575,0.0,0.0,-2.38418573772492e-09,-2.98023217215615e-10,-0.02163529396057129,-0.999281644821167,0.037897396832704544,0.0,0.0,0.0,2.98023217215615e-10,-0.01868978515267372,-1.0,-0.0,0.0,0.0,0.0,0.003969999961555004,-0.017509059980511665,-1.0,-0.0,0.0,0.0,0.0,4.611611075233668e-06,-0.0637909397482872,-1.0,-0.0,0.0,0.0,0.0,2.98023217215615e-10,-0.04460655897855759,-0.9996492862701416,0.02648334950208664,0.0,0.0,0.0,-2.98023217215615e-10,-0.02347646653652191,-0.999390184879303,0.0349179282784462,0.0,0.0,0.0,0.0,-0.019652195274829865,-1.0,-0.0,0.0,0.0,0.00711638480424881,0.0018999999156221747,-0.016959700733423233,-0.9961947202682495,-0.0,0.08715574443340302,0.0,-0.0005882382392883301,0.0,-0.060253534466028214,-0.9996573328971863,-0.0,0.026176923885941505,0.0,1.19209286886246e-09,-1.490116086078075e-10,-0.04255415499210358,-0.9995051622390747,0.03145527467131615,0.0,0.0,-2.38418573772492e-09,0.0,-0.02208789810538292,-0.999065101146698,0.04323066025972366,0.0,0.0,0.0,0.0,-0.017740869894623756,-1.0,-0.0,0.0,0.0,0.013503451831638813,-0.0037700000684708357,-0.014087309129536152,-0.9914448857307434,-0.0,0.13052619993686676,0.0,0.0048975334502756596,-3.847479547403054e-06,-0.05743739381432533,-0.9986295104026794,-0.0,0.05233589559793472,0.0,4.76837147544984e-09,-2.98023217215615e-10,-0.03276757150888443,-0.9997390508651733,0.02284443937242031,0.0,0.0,2.38418573772492e-09,0.0,-0.016709718853235245,-0.9995173215866089,0.03106803447008133,0.0,0.0,0.0,0.0,-0.01388302817940712,-1.0,-0.0,0.0,0.0
1782948309.296187,2026-07-01 19:25:09.296,16279.0,16279,left,0,1,open_palm,1,0.0,0.003969999961555004,-0.04999999701976776,-1.0,-0.0,0.0,0.0,0.0,0.0,0.0,-1.0,-0.0,0.0,0.0,0.025476500391960144,-0.012044699862599373,-0.022234899923205376,-0.809577465057373,-0.14576728641986847,0.2644490599632263,0.503391444683075,-5.7220457705398076e-08,-4.3511388270189855e-08,-0.027230437844991684,-0.9997742176055908,0.021249612793326378,0.0,0.0,3.5762786065873797e-09,6.318092005130893e-08,-0.031859491020441055,-0.9998239874839783,0.018763011321425438,0.0,0.0,2.384185648907078e-08,0.0,-0.023122519254684448,-1.0,-0.0,0.0,0.0,0.012359999120235443,0.0032300001475960016,-0.017000000923871994,-0.9990482330322266,-0.0,0.04361938685178757,0.0,0.0021501504816114902,-3.890097104886081e-06,-0.06502876430749893,-0.9999619722366333,-0.0,0.008726557716727257,0.0,-9.53674295089968e-09,-9.53674295089968e-09,-0.036917347460985184,-0.9995214939117432,0.030932152643799782,0.0,0.0,-2.8610228852699038e-08,-2.98023217215615e-10,-0.0216355137526989,-0.999514639377594,0.031153753399848938,0.0,0.0,1.2636184010261786e-07,2.98023217215615e-10,-0.018689393997192383,-1.0,-0.0,0.0,0.0,0.0,0.003969999961555004,-0.01750910095870495,-1.0,-0.0,0.0,0.0,0.0,4.610121322912164e-06,-0.06379090249538422,-1.0,-0.0,0.0,0.0,0.0,2.98023217215615e-10,-0.044606998562812805,-0.9995051622390747,0.03145527467131615,0.0,0.0,0.0,0.0,-0.023475991562008858,-0.9990876317024231,0.04270758107304573,0.0,0.0,0.0,0.0,-0.019651994109153748,-1.0,-0.0,0.0,0.0,-0.00711638992652297,0.0018999999156221747,-0.016959700733423233,-0.9961947202682495,-0.0,-0.08715574443340302,0.0,0.0005882433033548295,0.0,-0.060253534466028214,-0.9996573328971863,-0.0,-0.026176923885941505,0.0,-1.1086464013487785e-07,-1.490116086078075e-10,-0.04255366697907448,-0.9995051622390747,0.03145527467131615,0.0,0.0,4.5299529460862686e-08,0.0,-0.022088106721639633,-0.999065101146698,0.04323066025972366,0.0,0.0,-1.4305114426349519e-08,0.0,-0.017740696668624878,-1.0,-0.0,0.0,0.0,-0.013503500260412693,-0.0037700000684708357,-0.014087299816310406,-0.9914448857307434,-0.0,-0.13052619993686676,0.0,-0.004897483624517918,-3.8501621020259336e-06,-0.05743739381432533,-0.9986295104026794,-0.0,-0.05233589559793472,0.0,5.4836270635405526e-08,-2.98023217215615e-10,-0.03276759013533592,-0.9995716214179993,0.029269907623529434,0.0,0.0,-9.298324243900424e-08,0.0,-0.01670967973768711,-0.9991451501846313,0.041340723633766174,0.0,0.0,6.19888282926695e-08,0.0,-0.013883084990084171,-1.0,-0.0,0.0,0.0
1782948309.2964525,2026-07-01 19:25:09.296,2173.0,2173,right,0,2,open_palm,1,0.0,0.003969999961555004,-0.04999999701976776,-1.0,-0.0,0.0,0.0,0.0,0.0,0.0,-1.0,-0.0,0.0,0.0,-0.025476505979895592,-0.012044684961438179,-0.022234933450818062,-0.810554027557373,-0.1487269401550293,-0.26143431663513184,-0.5025283098220825,0.0,1.19209286886246e-09,-0.02723044343292713,-0.9998829364776611,0.015300636179745197,0.0,0.0,2.38418573772492e-09,-1.19209286886246e-09,-0.031859468668699265,-0.9999423623085022,0.010737097822129726,0.0,0.0,0.0,-3.5762786065873797e-09,-0.023122519254684448,-1.0,-0.0,0.0,0.0,-0.012360505759716034,0.0032300001475960016,-0.016998957842588425,-0.9990482330322266,-0.0,-0.04361938685178757,0.0,-0.002149570034816861,-3.8927792047616094e-06,-0.06502974033355713,-0.9999619722366333,-0.0,-0.008726464584469795,0.0,0.0,0.0,-0.03691747412085533,-0.9993493556976318,0.0360686257481575,0.0,0.0,-2.38418573772492e-09,-2.98023217215615e-10,-0.02163529396057129,-0.999281644821167,0.037897396832704544,0.0,0.0,0.0,2.98023217215615e-10,-0.01868978515267372,-1.0,-0.0,0.0,0.0,0.0,0.003969999961555004,-0.017509059980511665,-1.0,-0.0,0.0,0.0,0.0,4.611611075233668e-06,-0.0637909397482872,-1.0,-0.0,0.0,0.0,0.0,2.98023217215615e-10,-0.04460655897855759,-0.9996492862701416,0.02648334950208664,0.0,0.0,0.0,-2.98023217215615e-10,-0.02347646653652191,-0.999390184879303,0.0349179282784462,0.0,0.0,0.0,0.0,-0.019652195274829865,-1.0,-0.0,0.0,0.0,0.00711638480424881,0.0018999999156221747,-0.016959700733423233,-0.9961947202682495,-0.0,0.08715574443340302,0.0,-0.0005882382392883301,0.0,-0.060253534466028214,-0.9996573328971863,-0.0,0.026176923885941505,0.0,1.19209286886246e-09,-1.490116086078075e-10,-0.04255415499210358,-0.9995051622390747,0.03145527467131615,0.0,0.0,-2.38418573772492e-09,0.0,-0.02208789810538292,-0.999065101146698,0.04323066025972366,0.0,0.0,0.0,0.0,-0.017740869894623756,-1.0,-0.0,0.0,0.0,0.013503451831638813,-0.0037700000684708357,-0.014087309129536152,-0.9914448857307434,-0.0,0.13052619993686676,0.0,0.0048975334502756596,-3.847479547403054e-06,-0.05743739381432533,-0.9986295104026794,-0.0,0.05233589559793472,0.0,4.76837147544984e-09,-2.98023217215615e-10,-0.03276757150888443,-0.9997390508651733,0.02284443937242031,0.0,0.0,2.38418573772492e-09,0.0,-0.016709718853235245,-0.9995173215866089,0.03106803447008133,0.0,0.0,0.0,0.0,-0.01388302817940712,-1.0,-0.0,0.0,0.0
1782948309.5145507,2026-07-01 19:25:09.514,16281.0,16281,left,0,1,open_palm,1,0.0,0.003969999961555004,-0.04999999701976776,-1.0,-0.0,0.0,0.0,0.0,0.0,0.0,-1.0,-0.0,0.0,0.0,0.025476500391960144,-0.012044699862599373,-0.022234899923205376,-0.809577465057373,-0.14576728641986847,0.2644490599632263,0.503391444683075,-5.7220457705398076e-08,-4.3511388270189855e-08,-0.027230437844991684,-0.9997742176055908,0.021249612793326378,0.0,0.0,3.5762786065873797e-09,6.318092005130893e-08,-0.031859491020441055,-0.9998239874839783,0.018763011321425438,0.0,0.0,2.384185648907078e-08,0.0,-0.023122519254684448,-1.0,-0.0,0.0,0.0,0.012359999120235443,0.0032300001475960016,-0.017000000923871994,-0.9990482330322266,-0.0,0.04361938685178757,0.0,0.0021501504816114902,-3.890097104886081e-06,-0.06502876430749893,-0.9999619722366333,-0.0,0.008726557716727257,0.0,-9.53674295089968e-09,-9.53674295089968e-09,-0.036917347460985184,-0.9995214939117432,0.030932152643799782,0.0,0.0,-2.8610228852699038e-08,-2.98023217215615e-10,-0.0216355137526989,-0.999514639377594,0.031153753399848938,0.0,0.0,1.2636184010261786e-07,2.98023217215615e-10,-0.018689393997192383,-1.0,-0.0,0.0,0.0,0.0,0.003969999961555004,-0.01750910095870495,-1.0,-0.0,0.0,0.0,0.0,4.610121322912164e-06,-0.06379090249538422,-1.0,-0.0,0.0,0.0,0.0,2.98023217215615e-10,-0.044606998562812805,-0.9995051622390747,0.03145527467131615,0.0,0.0,0.0,0.0,-0.023475991562008858,-0.9990876317024231,0.04270758107304573,0.0,0.0,0.0,0.0,-0.019651994109153748,-1.0,-0.0,0.0,0.0,-0.00711638992652297,0.0018999999156221747,-0.016959700733423233,-0.9961947202682495,-0.0,-0.08715574443340302,0.0,0.0005882433033548295,0.0,-0.060253534466028214,-0.9996573328971863,-0.0,-0.026176923885941505,0.0,-1.1086464013487785e-07,-1.490116086078075e-10,-0.04255366697907448,-0.9995051622390747,0.03145527467131615,0.0,0.0,4.5299529460862686e-08,0.0,-0.022088106721639633,-0.999065101146698,0.04323066025972366,0.0,0.0,-1.4305114426349519e-08,0.0,-0.017740696668624878,-1.0,-0.0,0.0,0.0,-0.013503500260412693,-0.0037700000684708357,-0.014087299816310406,-0.9914448857307434,-0.0,-0.13052619993686676,0.0,-0.004897483624517918,-3.8501621020259336e-06,-0.05743739381432533,-0.9986295104026794,-0.0,-0.05233589559793472,0.0,5.4836270635405526e-08,-2.98023217215615e-10,-0.03276759013533592,-0.9995716214179993,0.029269907623529434,0.0,0.0,-9.298324243900424e-08,0.0,-0.01670967973768711,-0.9991451501846313,0.041340723633766174,0.0,0.0,6.19888282926695e-08,0.0,-0.013883084990084171,-1.0,-0.0,0.0,0.0
1782948309.5148225,2026-07-01 19:25:09.514,2185.0,2185,right,0,2,open_palm,1,0.0,0.003969999961555004,-0.04999999701976776,-1.0,-0.0,0.0,0.0,0.0,0.0,0.0,-1.0,-0.0,0.0,0.0,-0.025476505979895592,-0.012044684961438179,-0.022234933450818062,-0.810554027557373,-0.1487269401550293,-0.26143431663513184,-0.5025283098220825,0.0,1.19209286886246e-09,-0.02723044343292713,-0.9998829364776611,0.015300636179745197,0.0,0.0,2.38418573772492e-09,-1.19209286886246e-09,-0.031859468668699265,-0.9999423623085022,0.010737097822129726,0.0,0.0,0.0,-3.5762786065873797e-09,-0.023122519254684448,-1.0,-0.0,0.0,0.0,-0.012360505759716034,0.0032300001475960016,-0.016998957842588425,-0.9990482330322266,-0.0,-0.04361938685178757,0.0,-0.002149570034816861,-3.8927792047616094e-06,-0.06502974033355713,-0.9999619722366333,-0.0,-0.008726464584469795,0.0,0.0,0.0,-0.03691747412085533,-0.9993493556976318,0.0360686257481575,0.0,0.0,-2.38418573772492e-09,-2.98023217215615e-10,-0.02163529396057129,-0.999281644821167,0.037897396832704544,0.0,0.0,0.0,2.98023217215615e-10,-0.01868978515267372,-1.0,-0.0,0.0,0.0,0.0,0.003969999961555004,-0.017509059980511665,-1.0,-0.0,0.0,0.0,0.0,4.611611075233668e-06,-0.0637909397482872,-1.0,-0.0,0.0,0.0,0.0,2.98023217215615e-10,-0.04460655897855759,-0.9996492862701416,0.02648334950208664,0.0,0.0,0.0,-2.98023217215615e-10,-0.02347646653652191,-0.999390184879303,0.0349179282784462,0.0,0.0,0.0,0.0,-0.019652195274829865,-1.0,-0.0,0.0,0.0,0.00711638480424881,0.0018999999156221747,-0.016959700733423233,-0.9961947202682495,-0.0,0.08715574443340302,0.0,-0.0005882382392883301,0.0,-0.060253534466028214,-0.9996573328971863,-0.0,0.026176923885941505,0.0,1.19209286886246e-09,-1.490116086078075e-10,-0.04255415499210358,-0.9995051622390747,0.03145527467131615,0.0,0.0,-2.38418573772492e-09,0.0,-0.02208789810538292,-0.999065101146698,0.04323066025972366,0.0,0.0,0.0,0.0,-0.017740869894623756,-1.0,-0.0,0.0,0.0,0.013503451831638813,-0.0037700000684708357,-0.014087309129536152,-0.9914448857307434,-0.0,0.13052619993686676,0.0,0.0048975334502756596,-3.847479547403054e-06,-0.05743739381432533,-0.9986295104026794,-0.0,0.05233589559793472,0.0,4.76837147544984e-09,-2.98023217215615e-10,-0.03276757150888443,-0.9997140169143677,0.023915419355034828,0.0,0.0,2.38418573772492e-09,0.0,-0.016709718853235245,-0.9994626045227051,0.03278039023280144,0.0,0.0,0.0,0.0,-0.01388302817940712,-1.0,-0.0,0.0,0.0
1782948309.7206662,2026-07-01 19:25:09.720,16283.0,16283,left,0,1,open_palm,1,0.0,0.003969999961555004,-0.04999999701976776,-1.0,-0.0,0.0,0.0,0.0,0.0,0.0,-1.0,-0.0,0.0,0.0,0.025476500391960144,-0.012044699862599373,-0.022234899923205376,-0.809577465057373,-0.14576728641986847,0.2644490599632263,0.503391444683075,-5.7220457705398076e-08,-4.3511388270189855e-08,-0.027230437844991684,-0.9997742176055908,0.021249612793326378,0.0,0.0,3.5762786065873797e-09,6.318092005130893e-08,-0.031859491020441055,-0.9998239874839783,0.018763011321425438,0.0,0.0,2.384185648907078e-08,0.0,-0.023122519254684448,-1.0,-0.0,0.0,0.0,0.012359999120235443,0.0032300001475960016,-0.017000000923871994,-0.9990482330322266,-0.0,0.04361938685178757,0.0,0.0021501504816114902,-3.890097104886081e-06,-0.06502876430749893,-0.9999619722366333,-0.0,0.008726557716727257,0.0,-9.53674295089968e-09,-9.53674295089968e-09,-0.036917347460985184,-0.9995214939117432,0.030932152643799782,0.0,0.0,-2.8610228852699038e-08,-2.98023217215615e-10,-0.0216355137526989,-0.999514639377594,0.031153753399848938,0.0,0.0,1.2636184010261786e-07,2.98023217215615e-10,-0.018689393997192383,-1.0,-0.0,0.0,0.0,0.0,0.003969999961555004,-0.01750910095870495,-1.0,-0.0,0.0,0.0,0.0,4.610121322912164e-06,-0.06379090249538422,-1.0,-0.0,0.0,0.0,0.0,2.98023217215615e-10,-0.044606998562812805,-0.9995051622390747,0.03145527467131615,0.0,0.0,0.0,0.0,-0.023475991562008858,-0.9990876317024231,0.04270758107304573,0.0,0.0,0.0,0.0,-0.019651994109153748,-1.0,-0.0,0.0,0.0,-0.00711638992652297,0.0018999999156221747,-0.016959700733423233,-0.9961947202682495,-0.0,-0.08715574443340302,0.0,0.0005882433033548295,0.0,-0.060253534466028214,-0.9996573328971863,-0.0,-0.026176923885941505,0.0,-1.1086464013487785e-07,-1.490116086078075e-10,-0.04255366697907448,-0.9995051622390747,0.03145527467131615,0.0,0.0,4.5299529460862686e-08,0.0,-0.022088106721639633,-0.999065101146698,0.04323066025972366,0.0,0.0,-1.4305114426349519e-08,0.0,-0.017740696668624878,-1.0,-0.0,0.0,0.0,-0.013503500260412693,-0.0037700000684708357,-0.014087299816310406,-0.9914448857307434,-0.0,-0.13052619993686676,0.0,-0.004897483624517918,-3.8501621020259336e-06,-0.05743739381432533,-0.9986295104026794,-0.0,-0.05233589559793472,0.0,5.4836270635405526e-08,-2.98023217215615e-10,-0.03276759013533592,-0.9995716214179993,0.029269907623529434,0.0,0.0,-9.298324243900424e-08,0.0,-0.01670967973768711,-0.9991451501846313,0.041340723633766174,0.0,0.0,6.19888282926695e-08,0.0,-0.013883084990084171,-1.0,-0.0,0.0,0.0
1782948309.7210557,2026-07-01 19:25:09.721,2198.0,2198,right,0,2,open_palm,1,0.0,0.003969999961555004,-0.04999999701976776,-1.0,-0.0,0.0,0.0,0.0,0.0,0.0,-1.0,-0.0,0.0,0.0,-0.025476505979895592,-0.012044684961438179,-0.022234933450818062,-0.810554027557373,-0.1487269401550293,-0.26143431663513184,-0.5025283098220825,0.0,1.19209286886246e-09,-0.02723044343292713,-0.9998829364776611,0.015300636179745197,0.0,0.0,2.38418573772492e-09,-1.19209286886246e-09,-0.031859468668699265,-0.9999423623085022,0.010737097822129726,0.0,0.0,0.0,-3.5762786065873797e-09,-0.023122519254684448,-1.0,-0.0,0.0,0.0,-0.012360505759716034,0.0032300001475960016,-0.016998957842588425,-0.9990482330322266,-0.0,-0.04361938685178757,0.0,-0.002149570034816861,-3.8927792047616094e-06,-0.06502974033355713,-0.9999619722366333,-0.0,-0.008726464584469795,0.0,0.0,0.0,-0.03691747412085533,-0.9993493556976318,0.0360686257481575,0.0,0.0,-2.38418573772492e-09,-2.98023217215615e-10,-0.02163529396057129,-0.999281644821167,0.037897396832704544,0.0,0.0,0.0,2.98023217215615e-10,-0.01868978515267372,-1.0,-0.0,0.0,0.0,0.0,0.003969999961555004,-0.017509059980511665,-1.0,-0.0,0.0,0.0,0.0,4.611611075233668e-06,-0.0637909397482872,-1.0,-0.0,0.0,0.0,0.0,2.98023217215615e-10,-0.04460655897855759,-0.9996492862701416,0.02648334950208664,0.0,0.0,0.0,-2.98023217215615e-10,-0.02347646653652191,-0.999390184879303,0.0349179282784462,0.0,0.0,0.0,0.0,-0.019652195274829865,-1.0,-0.0,0.0,0.0,0.00711638480424881,0.0018999999156221747,-0.016959700733423233,-0.9961947202682495,-0.0,0.08715574443340302,0.0,-0.0005882382392883301,0.0,-0.060253534466028214,-0.9996573328971863,-0.0,0.026176923885941505,0.0,1.19209286886246e-09,-1.490116086078075e-10,-0.04255415499210358,-0.9995051622390747,0.03145527467131615,0.0,0.0,-2.38418573772492e-09,0.0,-0.02208789810538292,-0.999065101146698,0.04323066025972366,0.0,0.0,0.0,0.0,-0.017740869894623756,-1.0,-0.0,0.0,0.0,0.013503451831638813,-0.0037700000684708357,-0.014087309129536152,-0.9914448857307434,-0.0,0.13052619993686676,0.0,0.0048975334502756596,-3.847479547403054e-06,-0.05743739381432533,-0.9986295104026794,-0.0,0.05233589559793472,0.0,4.76837147544984e-09,-2.98023217215615e-10,-0.03276757150888443,-0.9995716214179993,0.029269907623529434,0.0,0.0,2.38418573772492e-09,0.0,-0.016709718853235245,-0.9991451501846313,0.041340723633766174,0.0,0.0,0.0,0.0,-0.01388302817940712,-1.0,-0.0,0.0,0.0
1782948309.9373238,2026-07-01 19:25:09.937,16285.0,16285,left,0,1,open_palm,1,0.0,0.003969999961555004,-0.04999999701976776,-1.0,-0.0,0.0,0.0,0.0,0.0,0.0,-1.0,-0.0,0.0,0.0,0.025476500391960144,-0.012044699862599373,-0.022234899923205376,-0.809577465057373,-0.14576728641986847,0.2644490599632263,0.503391444683075,-5.7220457705398076e-08,-4.3511388270189855e-08,-0.027230437844991684,-0.9997742176055908,0.021249612793326378,0.0,0.0,3.5762786065873797e-09,6.318092005130893e-08,-0.031859491020441055,-0.9998239874839783,0.018763011321425438,0.0,0.0,2.384185648907078e-08,0.0,-0.023122519254684448,-1.0,-0.0,0.0,0.0,0.012359999120235443,0.0032300001475960016,-0.017000000923871994,-0.9990482330322266,-0.0,0.04361938685178757,0.0,0.0021501504816114902,-3.890097104886081e-06,-0.06502876430749893,-0.9999619722366333,-0.0,0.008726557716727257,0.0,-9.53674295089968e-09,-9.53674295089968e-09,-0.036917347460985184,-0.9995214939117432,0.030932152643799782,0.0,0.0,-2.8610228852699038e-08,-2.98023217215615e-10,-0.0216355137526989,-0.999514639377594,0.031153753399848938,0.0,0.0,1.2636184010261786e-07,2.98023217215615e-10,-0.018689393997192383,-1.0,-0.0,0.0,0.0,0.0,0.003969999961555004,-0.01750910095870495,-1.0,-0.0,0.0,0.0,0.0,4.610121322912164e-06,-0.06379090249538422,-1.0,-0.0,0.0,0.0,0.0,2.98023217215615e-10,-0.044606998562812805,-0.9995051622390747,0.03145527467131615,0.0,0.0,0.0,0.0,-0.023475991562008858,-0.9990876317024231,0.04270758107304573,0.0,0.0,0.0,0.0,-0.019651994109153748,-1.0,-0.0,0.0,0.0,-0.00711638992652297,0.0018999999156221747,-0.016959700733423233,-0.9961947202682495,-0.0,-0.08715574443340302,0.0,0.0005882433033548295,0.0,-0.060253534466028214,-0.9996573328971863,-0.0,-0.026176923885941505,0.0,-1.1086464013487785e-07,-1.490116086078075e-10,-0.04255366697907448,-0.9995051622390747,0.03145527467131615,0.0,0.0,4.5299529460862686e-08,0.0,-0.022088106721639633,-0.999065101146698,0.04323066025972366,0.0,0.0,-1.4305114426349519e-08,0.0,-0.017740696668624878,-1.0,-0.0,0.0,0.0,-0.013503500260412693,-0.0037700000684708357,-0.014087299816310406,-0.9914448857307434,-0.0,-0.13052619993686676,0.0,-0.004897483624517918,-3.8501621020259336e-06,-0.05743739381432533,-0.9986295104026794,-0.0,-0.05233589559793472,0.0,5.4836270635405526e-08,-2.98023217215615e-10,-0.03276759013533592,-0.9995716214179993,0.029269907623529434,0.0,0.0,-9.298324243900424e-08,0.0,-0.01670967973768711,-0.9991451501846313,0.041340723633766174,0.0,0.0,6.19888282926695e-08,0.0,-0.013883084990084171,-1.0,-0.0,0.0,0.0
1782948309.9377143,2026-07-01 19:25:09.937,2210.0,2210,right,0,2,open_palm,1,0.0,0.003969999961555004,-0.04999999701976776,-1.0,-0.0,0.0,0.0,0.0,0.0,0.0,-1.0,-0.0,0.0,0.0,-0.025476505979895592,-0.012044684961438179,-0.022234933450818062,-0.810554027557373,-0.1487269401550293,-0.26143431663513184,-0.5025283098220825,0.0,1.19209286886246e-09,-0.02723044343292713,-0.9998829364776611,0.015300636179745197,0.0,0.0,2.38418573772492e-09,-1.19209286886246e-09,-0.031859468668699265,-0.9999423623085022,0.010737097822129726,0.0,0.0,0.0,-3.5762786065873797e-09,-0.023122519254684448,-1.0,-0.0,0.0,0.0,-0.012360505759716034,0.0032300001475960016,-0.016998957842588425,-0.9990482330322266,-0.0,-0.04361938685178757,0.0,-0.002149570034816861,-3.8927792047616094e-06,-0.06502974033355713,-0.9999619722366333,-0.0,-0.008726464584469795,0.0,0.0,0.0,-0.03691747412085533,-0.9993493556976318,0.0360686257481575,0.0,0.0,-2.38418573772492e-09,-2.98023217215615e-10,-0.02163529396057129,-0.999281644821167,0.037897396832704544,0.0,0.0,0.0,2.98023217215615e-10,-0.01868978515267372,-1.0,-0.0,0.0,0.0,0.0,0.003969999961555004,-0.017509059980511665,-1.0,-0.0,0.0,0.0,0.0,4.611611075233668e-06,-0.0637909397482872,-1.0,-0.0,0.0,0.0,0.0,2.98023217215615e-10,-0.04460655897855759,-0.9996492862701416,0.02648334950208664,0.0,0.0,0.0,-2.98023217215615e-10,-0.02347646653652191,-0.999390184879303,0.0349179282784462,0.0,0.0,0.0,0.0,-0.019652195274829865,-1.0,-0.0,0.0,0.0,0.00711638480424881,0.0018999999156221747,-0.016959700733423233,-0.9961947202682495,-0.0,0.08715574443340302,0.0,-0.0005882382392883301,0.0,-0.060253534466028214,-0.9996573328971863,-0.0,0.026176923885941505,0.0,1.19209286886246e-09,-1.490116086078075e-10,-0.04255415499210358,-0.9995051622390747,0.03145527467131615,0.0,0.0,-2.38418573772492e-09,0.0,-0.02208789810538292,-0.999065101146698,0.04323066025972366,0.0,0.0,0.0,0.0,-0.017740869894623756,-1.0,-0.0,0.0,0.0,0.013503451831638813,-0.0037700000684708357,-0.014087309129536152,-0.9914448857307434,-0.0,0.13052619993686676,0.0,0.0048975334502756596,-3.847479547403054e-06,-0.05743739381432533,-0.9986295104026794,-0.0,0.05233589559793472,0.0,4.76837147544984e-09,-2.98023217215615e-10,-0.03276757150888443,-0.9995716214179993,0.029269907623529434,0.0,0.0,2.38418573772492e-09,0.0,-0.016709718853235245,-0.9991451501846313,0.041340723633766174,0.0,0.0,0.0,0.0,-0.01388302817940712,-1.0,-0.0,0.0,0.0
1782948310.1453164,2026-07-01 19:25:10.145,16286.0,16286,left,0,1,open_palm,1,0.0,0.003969999961555004,-0.04999999701976776,-1.0,-0.0,0.0,0.0,0.0,0.0,0.0,-1.0,-0.0,0.0,0.0,0.025476500391960144,-0.012044699862599373,-0.022234899923205376,-0.809577465057373,-0.14576728641986847,0.2644490599632263,0.503391444683075,-5.7220457705398076e-08,-4.3511388270189855e-08,-0.027230437844991684,-0.9997742176055908,0.021249612793326378,0.0,0.0,3.5762786065873797e-09,6.318092005130893e-08,-0.031859491020441055,-0.9998239874839783,0.018763011321425438,0.0,0.0,2.384185648907078e-08,0.0,-0.023122519254684448,-1.0,-0.0,0.0,0.0,0.012359999120235443,0.0032300001475960016,-0.017000000923871994,-0.9990482330322266,-0.0,0.04361938685178757,0.0,0.0021501504816114902,-3.890097104886081e-06,-0.06502876430749893,-0.9999619722366333,-0.0,0.008726557716727257,0.0,-9.53674295089968e-09,-9.53674295089968e-09,-0.036917347460985184,-0.9995214939117432,0.030932152643799782,0.0,0.0,-2.8610228852699038e-08,-2.98023217215615e-10,-0.0216355137526989,-0.999514639377594,0.031153753399848938,0.0,0.0,1.2636184010261786e-07,2.98023217215615e-10,-0.018689393997192383,-1.0,-0.0,0.0,0.0,0.0,0.003969999961555004,-0.01750910095870495,-1.0,-0.0,0.0,0.0,0.0,4.610121322912164e-06,-0.06379090249538422,-1.0,-0.0,0.0,0.0,0.0,2.98023217215615e-10,-0.044606998562812805,-0.9995051622390747,0.03145527467131615,0.0,0.0,0.0,0.0,-0.023475991562008858,-0.9990876317024231,0.04270758107304573,0.0,0.0,0.0,0.0,-0.019651994109153748,-1.0,-0.0,0.0,0.0,-0.00711638992652297,0.0018999999156221747,-0.016959700733423233,-0.9961947202682495,-0.0,-0.08715574443340302,0.0,0.0005882433033548295,0.0,-0.060253534466028214,-0.9996573328971863,-0.0,-0.026176923885941505,0.0,-1.1086464013487785e-07,-1.490116086078075e-10,-0.04255366697907448,-0.9995051622390747,0.03145527467131615,0.0,0.0,4.5299529460862686e-08,0.0,-0.022088106721639633,-0.999065101146698,0.04323066025972366,0.0,0.0,-1.4305114426349519e-08,0.0,-0.017740696668624878,-1.0,-0.0,0.0,0.0,-0.013503500260412693,-0.0037700000684708357,-0.014087299816310406,-0.9914448857307434,-0.0,-0.13052619993686676,0.0,-0.004897483624517918,-3.8501621020259336e-06,-0.05743739381432533,-0.9986295104026794,-0.0,-0.05233589559793472,0.0,5.4836270635405526e-08,-2.98023217215615e-10,-0.03276759013533592,-0.9995716214179993,0.029269907623529434,0.0,0.0,-9.298324243900424e-08,0.0,-0.01670967973768711,-0.9991451501846313,0.041340723633766174,0.0,0.0,6.19888282926695e-08,0.0,-0.013883084990084171,-1.0,-0.0,0.0,0.0
1782948310.1455321,2026-07-01 19:25:10.145,2224.0,2224,right,0,2,open_palm,1,0.0,0.003969999961555004,-0.04999999701976776,-1.0,-0.0,0.0,0.0,0.0,0.0,0.0,-1.0,-0.0,0.0,0.0,-0.025476505979895592,-0.012044684961438179,-0.022234933450818062,-0.810554027557373,-0.1487269401550293,-0.26143431663513184,-0.5025283098220825,0.0,1.19209286886246e-09,-0.02723044343292713,-0.9998829364776611,0.015300636179745197,0.0,0.0,2.38418573772492e-09,-1.19209286886246e-09,-0.031859468668699265,-0.9999423623085022,0.010737097822129726,0.0,0.0,0.0,-3.5762786065873797e-09,-0.023122519254684448,-1.0,-0.0,0.0,0.0,-0.012360505759716034,0.0032300001475960016,-0.016998957842588425,-0.9990482330322266,-0.0,-0.04361938685178757,0.0,-0.002149570034816861,-3.8927792047616094e-06,-0.06502974033355713,-0.9999619722366333,-0.0,-0.008726464584469795,0.0,0.0,0.0,-0.03691747412085533,-0.9993493556976318,0.0360686257481575,0.0,0.0,-2.38418573772492e-09,-2.98023217215615e-10,-0.02163529396057129,-0.999281644821167,0.037897396832704544,0.0,0.0,0.0,2.98023217215615e-10,-0.01868978515267372,-1.0,-0.0,0.0,0.0,0.0,0.003969999961555004,-0.017509059980511665,-1.0,-0.0,0.0,0.0,0.0,4.611611075233668e-06,-0.0637909397482872,-1.0,-0.0,0.0,0.0,0.0,2.98023217215615e-10,-0.04460655897855759,-0.9996492862701416,0.02648334950208664,0.0,0.0,0.0,-2.98023217215615e-10,-0.02347646653652191,-0.999390184879303,0.0349179282784462,0.0,0.0,0.0,0.0,-0.019652195274829865,-1.0,-0.0,0.0,0.0,0.00711638480424881,0.0018999999156221747,-0.016959700733423233,-0.9961947202682495,-0.0,0.08715574443340302,0.0,-0.0005882382392883301,0.0,-0.060253534466028214,-0.9996573328971863,-0.0,0.026176923885941505,0.0,1.19209286886246e-09,-1.490116086078075e-10,-0.04255415499210358,-0.9995051622390747,0.03145527467131615,0.0,0.0,-2.38418573772492e-09,0.0,-0.02208789810538292,-0.999065101146698,0.04323066025972366,0.0,0.0,0.0,0.0,-0.017740869894623756,-1.0,-0.0,0.0,0.0,0.013503451831638813,-0.0037700000684708357,-0.014087309129536152,-0.9914448857307434,-0.0,0.13052619993686676,0.0,0.0048975334502756596,-3.847479547403054e-06,-0.05743739381432533,-0.9986295104026794,-0.0,0.05233589559793472,0.0,4.76837147544984e-09,-2.98023217215615e-10,-0.03276757150888443,-0.9995716214179993,0.029269907623529434,0.0,0.0,2.38418573772492e-09,0.0,-0.016709718853235245,-0.9991451501846313,0.041340723633766174,0.0,0.0,0.0,0.0,-0.01388302817940712,-1.0,-0.0,0.0,0.0
1782948310.3511698,2026-07-01 19:25:10.351,16288.0,16288,left,0,1,open_palm,1,0.0,0.003969999961555004,-0.04999999701976776,-1.0,-0.0,0.0,0.0,0.0,0.0,0.0,-1.0,-0.0,0.0,0.0,0.025476500391960144,-0.012044699862599373,-0.022234899923205376,-0.809577465057373,-0.14576728641986847,0.2644490599632263,0.503391444683075,-5.7220457705398076e-08,-4.3511388270189855e-08,-0.027230437844991684,-0.9997742176055908,0.021249612793326378,0.0,0.0,3.5762786065873797e-09,6.318092005130893e-08,-0.031859491020441055,-0.9998239874839783,0.018763011321425438,0.0,0.0,2.384185648907078e-08,0.0,-0.023122519254684448,-1.0,-0.0,0.0,0.0,0.012359999120235443,0.0032300001475960016,-0.017000000923871994,-0.9990482330322266,-0.0,0.04361938685178757,0.0,0.0021501504816114902,-3.890097104886081e-06,-0.06502876430749893,-0.9999619722366333,-0.0,0.008726557716727257,0.0,-9.53674295089968e-09,-9.53674295089968e-09,-0.036917347460985184,-0.9995214939117432,0.030932152643799782,0.0,0.0,-2.8610228852699038e-08,-2.98023217215615e-10,-0.0216355137526989,-0.999514639377594,0.031153753399848938,0.0,0.0,1.2636184010261786e-07,2.98023217215615e-10,-0.018689393997192383,-1.0,-0.0,0.0,0.0,0.0,0.003969999961555004,-0.01750910095870495,-1.0,-0.0,0.0,0.0,0.0,4.610121322912164e-06,-0.06379090249538422,-1.0,-0.0,0.0,0.0,0.0,2.98023217215615e-10,-0.044606998562812805,-0.9995051622390747,0.03145527467131615,0.0,0.0,0.0,0.0,-0.023475991562008858,-0.9990876317024231,0.04270758107304573,0.0,0.0,0.0,0.0,-0.019651994109153748,-1.0,-0.0,0.0,0.0,-0.00711638992652297,0.0018999999156221747,-0.016959700733423233,-0.9961947202682495,-0.0,-0.08715574443340302,0.0,0.0005882433033548295,0.0,-0.060253534466028214,-0.9996573328971863,-0.0,-0.026176923885941505,0.0,-1.1086464013487785e-07,-1.490116086078075e-10,-0.04255366697907448,-0.9995051622390747,0.03145527467131615,0.0,0.0,4.5299529460862686e-08,0.0,-0.022088106721639633,-0.999065101146698,0.04323066025972366,0.0,0.0,-1.4305114426349519e-08,0.0,-0.017740696668624878,-1.0,-0.0,0.0,0.0,-0.013503500260412693,-0.0037700000684708357,-0.014087299816310406,-0.9914448857307434,-0.0,-0.13052619993686676,0.0,-0.004897483624517918,-3.8501621020259336e-06,-0.05743739381432533,-0.9986295104026794,-0.0,-0.05233589559793472,0.0,5.4836270635405526e-08,-2.98023217215615e-10,-0.03276759013533592,-0.9995716214179993,0.029269907623529434,0.0,0.0,-9.298324243900424e-08,0.0,-0.01670967973768711,-0.9991451501846313,0.041340723633766174,0.0,0.0,6.19888282926695e-08,0.0,-0.013883084990084171,-1.0,-0.0,0.0,0.0
1782948310.3653514,2026-07-01 19:25:10.365,2235.0,2235,right,0,2,open_palm,1,0.0,0.003969999961555004,-0.04999999701976776,-1.0,-0.0,0.0,0.0,0.0,0.0,0.0,-1.0,-0.0,0.0,0.0,-0.025476505979895592,-0.012044684961438179,-0.022234933450818062,-0.810554027557373,-0.1487269401550293,-0.26143431663513184,-0.5025283098220825,0.0,1.19209286886246e-09,-0.02723044343292713,-0.9998829364776611,0.015300636179745197,0.0,0.0,2.38418573772492e-09,-1.19209286886246e-09,-0.031859468668699265,-0.9999423623085022,0.010737097822129726,0.0,0.0,0.0,-3.5762786065873797e-09,-0.023122519254684448,-1.0,-0.0,0.0,0.0,-0.012360505759716034,0.0032300001475960016,-0.016998957842588425,-0.9990482330322266,-0.0,-0.04361938685178757,0.0,-0.002149570034816861,-3.8927792047616094e-06,-0.06502974033355713,-0.9999619722366333,-0.0,-0.008726464584469795,0.0,0.0,0.0,-0.03691747412085533,-0.9993493556976318,0.0360686257481575,0.0,0.0,-2.38418573772492e-09,-2.98023217215615e-10,-0.02163529396057129,-0.999281644821167,0.037897396832704544,0.0,0.0,0.0,2.98023217215615e-10,-0.01868978515267372,-1.0,-0.0,0.0,0.0,0.0,0.003969999961555004,-0.017509059980511665,-1.0,-0.0,0.0,0.0,0.0,4.611611075233668e-06,-0.0637909397482872,-1.0,-0.0,0.0,0.0,0.0,2.98023217215615e-10,-0.04460655897855759,-0.9996492862701416,0.02648334950208664,0.0,0.0,0.0,-2.98023217215615e-10,-0.02347646653652191,-0.999390184879303,0.0349179282784462,0.0,0.0,0.0,0.0,-0.019652195274829865,-1.0,-0.0,0.0,0.0,0.00711638480424881,0.0018999999156221747,-0.016959700733423233,-0.9961947202682495,-0.0,0.08715574443340302,0.0,-0.0005882382392883301,0.0,-0.060253534466028214,-0.9996573328971863,-0.0,0.026176923885941505,0.0,1.19209286886246e-09,-1.490116086078075e-10,-0.04255415499210358,-0.9995051622390747,0.03145527467131615,0.0,0.0,-2.38418573772492e-09,0.0,-0.02208789810538292,-0.999065101146698,0.04323066025972366,0.0,0.0,0.0,0.0,-0.017740869894623756,-1.0,-0.0,0.0,0.0,0.013503451831638813,-0.0037700000684708357,-0.014087309129536152,-0.9914448857307434,-0.0,0.13052619993686676,0.0,0.0048975334502756596,-3.847479547403054e-06,-0.05743739381432533,-0.9986295104026794,-0.0,0.05233589559793472,0.0,4.76837147544984e-09,-2.98023217215615e-10,-0.03276757150888443,-0.9995716214179993,0.029269907623529434,0.0,0.0,2.38418573772492e-09,0.0,-0.016709718853235245,-0.9991451501846313,0.041340723633766174,0.0,0.0,0.0,0.0,-0.01388302817940712,-1.0,-0.0,0.0,0.0
1782948310.556403,2026-07-01 19:25:10.556,16290.0,16290,left,0,1,open_palm,1,0.0,0.003969999961555004,-0.04999999701976776,-1.0,-0.0,0.0,0.0,0.0,0.0,0.0,-1.0,-0.0,0.0,0.0,0.025476500391960144,-0.012044699862599373,-0.022234899923205376,-0.809577465057373,-0.14576728641986847,0.2644490599632263,0.503391444683075,-5.7220457705398076e-08,-4.3511388270189855e-08,-0.027230437844991684,-0.9997742176055908,0.021249612793326378,0.0,0.0,3.5762786065873797e-09,6.318092005130893e-08,-0.031859491020441055,-0.9998239874839783,0.018763011321425438,0.0,0.0,2.384185648907078e-08,0.0,-0.023122519254684448,-1.0,-0.0,0.0,0.0,0.012359999120235443,0.0032300001475960016,-0.017000000923871994,-0.9990482330322266,-0.0,0.04361938685178757,0.0,0.0021501504816114902,-3.890097104886081e-06,-0.06502876430749893,-0.9999619722366333,-0.0,0.008726557716727257,0.0,-9.53674295089968e-09,-9.53674295089968e-09,-0.036917347460985184,-0.9995214939117432,0.030932152643799782,0.0,0.0,-2.8610228852699038e-08,-2.98023217215615e-10,-0.0216355137526989,-0.999514639377594,0.031153753399848938,0.0,0.0,1.2636184010261786e-07,2.98023217215615e-10,-0.018689393997192383,-1.0,-0.0,0.0,0.0,0.0,0.003969999961555004,-0.01750910095870495,-1.0,-0.0,0.0,0.0,0.0,4.610121322912164e-06,-0.06379090249538422,-1.0,-0.0,0.0,0.0,0.0,2.98023217215615e-10,-0.044606998562812805,-0.9995051622390747,0.03145527467131615,0.0,0.0,0.0,0.0,-0.023475991562008858,-0.9990876317024231,0.04270758107304573,0.0,0.0,0.0,0.0,-0.019651994109153748,-1.0,-0.0,0.0,0.0,-0.00711638992652297,0.0018999999156221747,-0.016959700733423233,-0.9961947202682495,-0.0,-0.08715574443340302,0.0,0.0005882433033548295,0.0,-0.060253534466028214,-0.9996573328971863,-0.0,-0.026176923885941505,0.0,-1.1086464013487785e-07,-1.490116086078075e-10,-0.04255366697907448,-0.9995051622390747,0.03145527467131615,0.0,0.0,4.5299529460862686e-08,0.0,-0.022088106721639633,-0.999065101146698,0.04323066025972366,0.0,0.0,-1.4305114426349519e-08,0.0,-0.017740696668624878,-1.0,-0.0,0.0,0.0,-0.013503500260412693,-0.0037700000684708357,-0.014087299816310406,-0.9914448857307434,-0.0,-0.13052619993686676,0.0,-0.004897483624517918,-3.8501621020259336e-06,-0.05743739381432533,-0.9986295104026794,-0.0,-0.05233589559793472,0.0,5.4836270635405526e-08,-2.98023217215615e-10,-0.03276759013533592,-0.9995716214179993,0.029269907623529434,0.0,0.0,-9.298324243900424e-08,0.0,-0.01670967973768711,-0.9991451501846313,0.041340723633766174,0.0,0.0,6.19888282926695e-08,0.0,-0.013883084990084171,-1.0,-0.0,0.0,0.0
1782948310.568591,2026-07-01 19:25:10.568,2248.0,2248,right,0,2,open_palm,1,0.0,0.003969999961555004,-0.04999999701976776,-1.0,-0.0,0.0,0.0,0.0,0.0,0.0,-1.0,-0.0,0.0,0.0,-0.025476505979895592,-0.012044684961438179,-0.022234933450818062,-0.810554027557373,-0.1487269401550293,-0.26143431663513184,-0.5025283098220825,0.0,1.19209286886246e-09,-0.02723044343292713,-0.9998829364776611,0.015300636179745197,0.0,0.0,2.38418573772492e-09,-1.19209286886246e-09,-0.031859468668699265,-0.9999423623085022,0.010737097822129726,0.0,0.0,0.0,-3.5762786065873797e-09,-0.023122519254684448,-1.0,-0.0,0.0,0.0,-0.012360505759716034,0.0032300001475960016,-0.016998957842588425,-0.9990482330322266,-0.0,-0.04361938685178757,0.0,-0.002149570034816861,-3.8927792047616094e-06,-0.06502974033355713,-0.9999619722366333,-0.0,-0.008726464584469795,0.0,0.0,0.0,-0.03691747412085533,-0.9993493556976318,0.0360686257481575,0.0,0.0,-2.38418573772492e-09,-2.98023217215615e-10,-0.02163529396057129,-0.999281644821167,0.037897396832704544,0.0,0.0,0.0,2.98023217215615e-10,-0.01868978515267372,-1.0,-0.0,0.0,0.0,0.0,0.003969999961555004,-0.017509059980511665,-1.0,-0.0,0.0,0.0,0.0,4.611611075233668e-06,-0.0637909397482872,-1.0,-0.0,0.0,0.0,0.0,2.98023217215615e-10,-0.04460655897855759,-0.9996492862701416,0.02648334950208664,0.0,0.0,0.0,-2.98023217215615e-10,-0.02347646653652191,-0.999390184879303,0.0349179282784462,0.0,0.0,0.0,0.0,-0.019652195274829865,-1.0,-0.0,0.0,0.0,0.00711638480424881,0.0018999999156221747,-0.016959700733423233,-0.9961947202682495,-0.0,0.08715574443340302,0.0,-0.0005882382392883301,0.0,-0.060253534466028214,-0.9996573328971863,-0.0,0.026176923885941505,0.0,1.19209286886246e-09,-1.490116086078075e-10,-0.04255415499210358,-0.9995051622390747,0.03145527467131615,0.0,0.0,-2.38418573772492e-09,0.0,-0.02208789810538292,-0.999065101146698,0.04323066025972366,0.0,0.0,0.0,0.0,-0.017740869894623756,-1.0,-0.0,0.0,0.0,0.013503451831638813,-0.0037700000684708357,-0.014087309129536152,-0.9914448857307434,-0.0,0.13052619993686676,0.0,0.0048975334502756596,-3.847479547403054e-06,-0.05743739381432533,-0.9986295104026794,-0.0,0.05233589559793472,0.0,4.76837147544984e-09,-2.98023217215615e-10,-0.03276757150888443,-0.9995716214179993,0.029269907623529434,0.0,0.0,2.38418573772492e-09,0.0,-0.016709718853235245,-0.9991451501846313,0.041340723633766174,0.0,0.0,0.0,0.0,-0.01388302817940712,-1.0,-0.0,0.0,0.0
