wall_time,iso_time,timestamp,packet_counter,hand_side,frame_id,status,pose,take,PALM_x,PALM_y,PALM_z,PALM_qw,PALM_qx,PALM_qy,PALM_qz,WRIST_x,WRIST_y,WRIST_z,WRIST_qw,WRIST_qx,WRIST_qy,WRIST_qz,THUMB_METACARPAL_x,THUMB_METACARPAL_y,THUMB_METACARPAL_z,THUMB_METACARPAL_qw,THUMB_METACARPAL_qx,THUMB_METACARPAL_qy,THUMB_METACARPAL_qz,THUMB_PROXIMAL_x,THUMB_PROXIMAL_y,THUMB_PROXIMAL_z,THUMB_PROXIMAL_qw,THUMB_PROXIMAL_qx,THUMB_PROXIMAL_qy,THUMB_PROXIMAL_qz,THUMB_DISTAL_x,THUMB_DISTAL_y,THUMB_DISTAL_z,THUMB_DISTAL_qw,THUMB_DISTAL_qx,THUMB_DISTAL_qy,THUMB_DISTAL_qz,THUMB_TIP_x,THUMB_TIP_y,THUMB_TIP_z,THUMB_TIP_qw,THUMB_TIP_qx,THUMB_TIP_qy,THUMB_TIP_qz,INDEX_METACARPAL_x,INDEX_METACARPAL_y,INDEX_METACARPAL_z,INDEX_METACARPAL_qw,INDEX_METACARPAL_qx,INDEX_METACARPAL_qy,INDEX_METACARPAL_qz,INDEX_PROXIMAL_x,INDEX_PROXIMAL_y,INDEX_PROXIMAL_z,INDEX_PROXIMAL_qw,INDEX_PROXIMAL_qx,INDEX_PROXIMAL_qy,INDEX_PROXIMAL_qz,INDEX_INTERMEDIATE_x,INDEX_INTERMEDIATE_y,INDEX_INTERMEDIATE_z,INDEX_INTERMEDIATE_qw,INDEX_INTERMEDIATE_qx,INDEX_INTERMEDIATE_qy,INDEX_INTERMEDIATE_qz,INDEX_DISTAL_x,INDEX_DISTAL_y,INDEX_DISTAL_z,INDEX_DISTAL_qw,INDEX_DISTAL_qx,INDEX_DISTAL_qy,INDEX_DISTAL_qz,INDEX_TIP_x,INDEX_TIP_y,INDEX_TIP_z,INDEX_TIP_qw,INDEX_TIP_qx,INDEX_TIP_qy,INDEX_TIP_qz,MIDDLE_METACARPAL_x,MIDDLE_METACARPAL_y,MIDDLE_METACARPAL_z,MIDDLE_METACARPAL_qw,MIDDLE_METACARPAL_qx,MIDDLE_METACARPAL_qy,MIDDLE_METACARPAL_qz,MIDDLE_PROXIMAL_x,MIDDLE_PROXIMAL_y,MIDDLE_PROXIMAL_z,MIDDLE_PROXIMAL_qw,MIDDLE_PROXIMAL_qx,MIDDLE_PROXIMAL_qy,MIDDLE_PROXIMAL_qz,MIDDLE_INTERMEDIATE_x,MIDDLE_INTERMEDIATE_y,MIDDLE_INTERMEDIATE_z,MIDDLE_INTERMEDIATE_qw,MIDDLE_INTERMEDIATE_qx,MIDDLE_INTERMEDIATE_qy,MIDDLE_INTERMEDIATE_qz,MIDDLE_DISTAL_x,MIDDLE_DISTAL_y,MIDDLE_DISTAL_z,MIDDLE_DISTAL_qw,MIDDLE_DISTAL_qx,MIDDLE_DISTAL_qy,MIDDLE_DISTAL_qz,MIDDLE_TIP_x,MIDDLE_TIP_y,MIDDLE_TIP_z,MIDDLE_TIP_qw,MIDDLE_TIP_qx,MIDDLE_TIP_qy,MIDDLE_TIP_qz,RING_METACARPAL_x,RING_METACARPAL_y,RING_METACARPAL_z,RING_METACARPAL_qw,RING_METACARPAL_qx,RING_METACARPAL_qy,RING_METACARPAL_qz,RING_PROXIMAL_x,RING_PROXIMAL_y,RING_PROXIMAL_z,RING_PROXIMAL_qw,RING_PROXIMAL_qx,RING_PROXIMAL_qy,RING_PROXIMAL_qz,RING_INTERMEDIATE_x,RING_INTERMEDIATE_y,RING_INTERMEDIATE_z,RING_INTERMEDIATE_qw,RING_INTERMEDIATE_qx,RING_INTERMEDIATE_qy,RING_INTERMEDIATE_qz,RING_DISTAL_x,RING_DISTAL_y,RING_DISTAL_z,RING_DISTAL_qw,RING_DISTAL_qx,RING_DISTAL_qy,RING_DISTAL_qz,RING_TIP_x,RING_TIP_y,RING_TIP_z,RING_TIP_qw,RING_TIP_qx,RING_TIP_qy,RING_TIP_qz,LITTLE_METACARPAL_x,LITTLE_METACARPAL_y,LITTLE_METACARPAL_z,LITTLE_METACARPAL_qw,LITTLE_METACARPAL_qx,LITTLE_METACARPAL_qy,LITTLE_METACARPAL_qz,LITTLE_PROXIMAL_x,LITTLE_PROXIMAL_y,LITTLE_PROXIMAL_z,LITTLE_PROXIMAL_qw,LITTLE_PROXIMAL_qx,LITTLE_PROXIMAL_qy,LITTLE_PROXIMAL_qz,LITTLE_INTERMEDIATE_x,LITTLE_INTERMEDIATE_y,LITTLE_INTERMEDIATE_z,LITTLE_INTERMEDIATE_qw,LITTLE_INTERMEDIATE_qx,LITTLE_INTERMEDIATE_qy,LITTLE_INTERMEDIATE_qz,LITTLE_DISTAL_x,LITTLE_DISTAL_y,LITTLE_DISTAL_z,LITTLE_DISTAL_qw,LITTLE_DISTAL_qx,LITTLE_DISTAL_qy,LITTLE_DISTAL_qz,LITTLE_TIP_x,LITTLE_TIP_y,LITTLE_TIP_z,LITTLE_TIP_qw,LITTLE_TIP_qx,LITTLE_TIP_qy,LITTLE_TIP_qz
1782948316.7238455,2026-07-01 19:25:16.723,16338.0,16338,left,0,1,open_palm,2,0.0,0.003969999961555004,-0.04999999701976776,-1.0,-0.0,0.0,0.0,0.0,0.0,0.0,-1.0,-0.0,0.0,0.0,0.025476500391960144,-0.012044699862599373,-0.022234899923205376,-0.809577465057373,-0.14576728641986847,0.2644490599632263,0.503391444683075,-5.7220457705398076e-08,-4.3511388270189855e-08,-0.027230437844991684,-0.9997742176055908,0.021249612793326378,0.0,0.0,3.5762786065873797e-09,6.318092005130893e-08,-0.031859491020441055,-0.9998239874839783,0.018763011321425438,0.0,0.0,2.384185648907078e-08,0.0,-0.023122519254684448,-1.0,-0.0,0.0,0.0,0.012359999120235443,0.0032300001475960016,-0.017000000923871994,-0.9990482330322266,-0.0,0.04361938685178757,0.0,0.0021501504816114902,-3.890097104886081e-06,-0.06502876430749893,-0.9999619722366333,-0.0,0.008726557716727257,0.0,-9.53674295089968e-09,-9.53674295089968e-09,-0.036917347460985184,-0.9995214939117432,0.030932152643799782,0.0,0.0,-2.8610228852699038e-08,-2.98023217215615e-10,-0.0216355137526989,-0.999514639377594,0.031153753399848938,0.0,0.0,1.2636184010261786e-07,2.98023217215615e-10,-0.018689393997192383,-1.0,-0.0,0.0,0.0,0.0,0.003969999961555004,-0.01750910095870495,-1.0,-0.0,0.0,0.0,0.0,4.610121322912164e-06,-0.06379090249538422,-1.0,-0.0,0.0,0.0,0.0,2.98023217215615e-10,-0.044606998562812805,-0.9995051622390747,0.03145527467131615,0.0,0.0,0.0,0.0,-0.023475991562008858,-0.9990876317024231,0.04270758107304573,0.0,0.0,0.0,0.0,-0.019651994109153748,-1.0,-0.0,0.0,0.0,-0.00711638992652297,0.0018999999156221747,-0.016959700733423233,-0.9961947202682495,-0.0,-0.08715574443340302,0.0,0.0005882433033548295,0.0,-0.060253534466028214,-0.9996573328971863,-0.0,-0.026176923885941505,0.0,-1.1086464013487785e-07,-1.490116086078075e-10,-0.04255366697907448,-0.9995051622390747,0.03145527467131615,0.0,0.0,4.5299529460862686e-08,0.0,-0.022088106721639633,-0.999065101146698,0.04323066025972366,0.0,0.0,-1.4305114426349519e-08,0.0,-0.017740696668624878,-1.0,-0.0,0.0,0.0,-0.013503500260412693,-0.0037700000684708357,-0.014087299816310406,-0.9914448857307434,-0.0,-0.13052619993686676,0.0,-0.004897483624517918,-3.8501621020259336e-06,-0.05743739381432533,-0.9986295104026794,-0.0,-0.05233589559793472,0.0,5.4836270635405526e-08,-2.98023217215615e-10,-0.03276759013533592,-0.9995716214179993,0.029269907623529434,0.0,0.0,-9.298324243900424e-08,0.0,-0.01670967973768711,-0.9991451501846313,0.041340723633766174,0.0,0.0,6.19888282926695e-08,0.0,-0.013883084990084171,-1.0,-0.0,0.0,0.0
1782948316.7256021,2026-07-01 19:25:16.725,2601.0,2601,right,0,2,open_palm,2,0.0,0.003969999961555004,-0.04999999701976776,-1.0,-0.0,0.0,0.0,0.0,0.0,0.0,-1.0,-0.0,0.0,0.0,-0.025476505979895592,-0.012044684961438179,-0.022234933450818062,-0.810554027557373,-0.1487269401550293,-0.26143431663513184,-0.5025283098220825,0.0,1.19209286886246e-09,-0.02723044343292713,-0.9998829364776611,0.015300636179745197,0.0,0.0,2.38418573772492e-09,-1.19209286886246e-09,-0.031859468668699265,-0.9999423623085022,0.010737097822129726,0.0,0.0,0.0,-3.5762786065873797e-09,-0.023122519254684448,-1.0,-0.0,0.0,0.0,-0.012360505759716034,0.0032300001475960016,-0.016998957842588425,-0.9990482330322266,-0.0,-0.04361938685178757,0.0,-0.002149570034816861,-3.8927792047616094e-06,-0.06502974033355713,-0.9999619722366333,-0.0,-0.008726464584469795,0.0,0.0,0.0,-0.03691747412085533,-0.9993493556976318,0.0360686257481575,0.0,0.0,-2.38418573772492e-09,-2.98023217215615e-10,-0.02163529396057129,-0.999281644821167,0.037897396832704544,0.0,0.0,0.0,2.98023217215615e-10,-0.01868978515267372,-1.0,-0.0,0.0,0.0,0.0,0.003969999961555004,-0.017509059980511665,-1.0,-0.0,0.0,0.0,0.0,4.611611075233668e-06,-0.0637909397482872,-1.0,-0.0,0.0,0.0,0.0,2.98023217215615e-10,-0.04460655897855759,-0.9996492862701416,0.02648334950208664,0.0,0.0,0.0,-2.98023217215615e-10,-0.02347646653652191,-0.999390184879303,0.0349179282784462,0.0,0.0,0.0,0.0,-0.019652195274829865,-1.0,-0.0,0.0,0.0,0.00711638480424881,0.0018999999156221747,-0.016959700733423233,-0.9961947202682495,-0.0,0.08715574443340302,0.0,-0.0005882382392883301,0.0,-0.060253534466028214,-0.9996573328971863,-0.0,0.026176923885941505,0.0,1.19209286886246e-09,-1.490116086078075e-10,-0.04255415499210358,-0.9995051622390747,0.03145527467131615,0.0,0.0,-2.38418573772492e-09,0.0,-0.02208789810538292,-0.999065101146698,0.04323066025972366,0.0,0.0,0.0,0.0,-0.017740869894623756,-1.0,-0.0,0.0,0.0,0.013503451831638813,-0.0037700000684708357,-0.014087309129536152,-0.9914448857307434,-0.0,0.13052619993686676,0.0,0.0048975334502756596,-3.847479547403054e-06,-0.05743739381432533,-0.9986295104026794,-0.0,0.05233589559793472,0.0,4.76837147544984e-09,-2.98023217215615e-10,-0.03276757150888443,-0.9995716214179993,0.029269907623529434,0.0,0.0,2.38418573772492e-09,0.0,-0.016709718853235245,-0.9991451501846313,0.041340723633766174,0.0,0.0,0.0,0.0,-0.01388302817940712,-1.0,-0.0,0.0,0.0
1782948316.9299657,2026-07-01 19:25:16.929,16342.0,16342,left,0,1,open_palm,2,0.0,0.003969999961555004,-0.04999999701976776,-1.0,-0.0,0.0,0.0,0.0,0.0,0.0,-1.0,-0.0,0.0,0.0,0.025476500391960144,-0.012044699862599373,-0.022234899923205376,-0.809577465057373,-0.14576728641986847,0.2644490599632263,0.503391444683075,-5.7220457705398076e-08,-4.3511388270189855e-08,-0.027230437844991684,-0.9997742176055908,0.021249612793326378,0.0,0.0,3.5762786065873797e-09,6.318092005130893e-08,-0.031859491020441055,-0.9998239874839783,0.018763011321425438,0.0,0.0,2.384185648907078e-08,0.0,-0.023122519254684448,-1.0,-0.0,0.0,0.0,0.012359999120235443,0.0032300001475960016,-0.017000000923871994,-0.9990482330322266,-0.0,0.04361938685178757,0.0,0.0021501504816114902,-3.890097104886081e-06,-0.06502876430749893,-0.9999619722366333,-0.0,0.008726557716727257,0.0,-9.53674295089968e-09,-9.53674295089968e-09,-0.036917347460985184,-0.9995214939117432,0.030932152643799782,0.0,0.0,-2.8610228852699038e-08,-2.98023217215615e-10,-0.0216355137526989,-0.999514639377594,0.031153753399848938,0.0,0.0,1.2636184010261786e-07,2.98023217215615e-10,-0.018689393997192383,-1.0,-0.0,0.0,0.0,0.0,0.003969999961555004,-0.01750910095870495,-1.0,-0.0,0.0,0.0,0.0,4.610121322912164e-06,-0.06379090249538422,-1.0,-0.0,0.0,0.0,0.0,2.98023217215615e-10,-0.044606998562812805,-0.9995051622390747,0.03145527467131615,0.0,0.0,0.0,0.0,-0.023475991562008858,-0.9990876317024231,0.04270758107304573,0.0,0.0,0.0,0.0,-0.019651994109153748,-1.0,-0.0,0.0,0.0,-0.00711638992652297,0.0018999999156221747,-0.016959700733423233,-0.9961947202682495,-0.0,-0.08715574443340302,0.0,0.0005882433033548295,0.0,-0.060253534466028214,-0.9996573328971863,-0.0,-0.026176923885941505,0.0,-1.1086464013487785e-07,-1.490116086078075e-10,-0.04255366697907448,-0.9995051622390747,0.03145527467131615,0.0,0.0,4.5299529460862686e-08,0.0,-0.022088106721639633,-0.999065101146698,0.04323066025972366,0.0,0.0,-1.4305114426349519e-08,0.0,-0.017740696668624878,-1.0,-0.0,0.0,0.0,-0.013503500260412693,-0.0037700000684708357,-0.014087299816310406,-0.9914448857307434,-0.0,-0.13052619993686676,0.0,-0.004897483624517918,-3.8501621020259336e-06,-0.05743739381432533,-0.9986295104026794,-0.0,-0.05233589559793472,0.0,5.4836270635405526e-08,-2.98023217215615e-10,-0.03276759013533592,-0.9995716214179993,0.029269907623529434,0.0,0.0,-9.298324243900424e-08,0.0,-0.01670967973768711,-0.9991451501846313,0.041340723633766174,0.0,0.0,6.19888282926695e-08,0.0,-0.013883084990084171,-1.0,-0.0,0.0,0.0
1782948316.9301882,2026-07-01 19:25:16.930,2631.0,2631,right,0,2,open_palm,2,0.0,0.003969999961555004,-0.04999999701976776,-1.0,-0.0,0.0,0.0,0.0,0.0,0.0,-1.0,-0.0,0.0,0.0,-0.025476505979895592,-0.012044684961438179,-0.022234933450818062,-0.810554027557373,-0.1487269401550293,-0.26143431663513184,-0.5025283098220825,0.0,1.19209286886246e-09,-0.02723044343292713,-0.9998829364776611,0.015300636179745197,0.0,0.0,2.38418573772492e-09,-1.19209286886246e-09,-0.031859468668699265,-0.9999423623085022,0.010737097822129726,0.0,0.0,0.0,-3.5762786065873797e-09,-0.023122519254684448,-1.0,-0.0,0.0,0.0,-0.012360505759716034,0.0032300001475960016,-0.016998957842588425,-0.9990482330322266,-0.0,-0.04361938685178757,0.0,-0.002149570034816861,-3.8927792047616094e-06,-0.06502974033355713,-0.9999619722366333,-0.0,-0.008726464584469795,0.0,0.0,0.0,-0.03691747412085533,-0.9993493556976318,0.0360686257481575,0.0,0.0,-2.38418573772492e-09,-2.98023217215615e-10,-0.02163529396057129,-0.999281644821167,0.037897396832704544,0.0,0.0,0.0,2.98023217215615e-10,-0.01868978515267372,-1.0,-0.0,0.0,0.0,0.0,0.003969999961555004,-0.017509059980511665,-1.0,-0.0,0.0,0.0,0.0,4.611611075233668e-06,-0.0637909397482872,-1.0,-0.0,0.0,0.0,0.0,2.98023217215615e-10,-0.04460655897855759,-0.9996492862701416,0.02648334950208664,0.0,0.0,0.0,-2.98023217215615e-10,-0.02347646653652191,-0.999390184879303,0.0349179282784462,0.0,0.0,0.0,0.0,-0.019652195274829865,-1.0,-0.0,0.0,0.0,0.00711638480424881,0.0018999999156221747,-0.016959700733423233,-0.9961947202682495,-0.0,0.08715574443340302,0.0,-0.0005882382392883301,0.0,-0.060253534466028214,-0.9996573328971863,-0.0,0.026176923885941505,0.0,1.19209286886246e-09,-1.490116086078075e-10,-0.04255415499210358,-0.9995051622390747,0.03145527467131615,0.0,0.0,-2.38418573772492e-09,0.0,-0.02208789810538292,-0.999065101146698,0.04323066025972366,0.0,0.0,0.0,0.0,-0.017740869894623756,-1.0,-0.0,0.0,0.0,0.013503451831638813,-0.0037700000684708357,-0.014087309129536152,-0.9914448857307434,-0.0,0.13052619993686676,0.0,0.0048975334502756596,-3.847479547403054e-06,-0.05743739381432533,-0.9986295104026794,-0.0,0.05233589559793472,0.0,4.76837147544984e-09,-2.98023217215615e-10,-0.03276757150888443,-0.9995716214179993,0.029269907623529434,0.0,0.0,2.38418573772492e-09,0.0,-0.016709718853235245,-0.9991451501846313,0.041340723633766174,0.0,0.0,0.0,0.0,-0.01388302817940712,-1.0,-0.0,0.0,0.0
1782948317.1322641,2026-07-01 19:25:17.132,16344.0,16344,left,0,1,open_palm,2,0.0,0.003969999961555004,-0.04999999701976776,-1.0,-0.0,0.0,0.0,0.0,0.0,0.0,-1.0,-0.0,0.0,0.0,0.025476500391960144,-0.012044699862599373,-0.022234899923205376,-0.809577465057373,-0.14576728641986847,0.2644490599632263,0.503391444683075,-5.7220457705398076e-08,-4.3511388270189855e-08,-0.027230437844991684,-0.9997742176055908,0.021249612793326378,0.0,0.0,3.5762786065873797e-09,6.318092005130893e-08,-0.031859491020441055,-0.9998239874839783,0.018763011321425438,0.0,0.0,2.384185648907078e-08,0.0,-0.023122519254684448,-1.0,-0.0,0.0,0.0,0.012359999120235443,0.0032300001475960016,-0.017000000923871994,-0.9990482330322266,-0.0,0.04361938685178757,0.0,0.0021501504816114902,-3.890097104886081e-06,-0.06502876430749893,-0.9999619722366333,-0.0,0.008726557716727257,0.0,-9.53674295089968e-09,-9.53674295089968e-09,-0.036917347460985184,-0.9995214939117432,0.030932152643799782,0.0,0.0,-2.8610228852699038e-08,-2.98023217215615e-10,-0.0216355137526989,-0.999514639377594,0.031153753399848938,0.0,0.0,1.2636184010261786e-07,2.98023217215615e-10,-0.018689393997192383,-1.0,-0.0,0.0,0.0,0.0,0.003969999961555004,-0.01750910095870495,-1.0,-0.0,0.0,0.0,0.0,4.610121322912164e-06,-0.06379090249538422,-1.0,-0.0,0.0,0.0,0.0,2.98023217215615e-10,-0.044606998562812805,-0.9995051622390747,0.03145527467131615,0.0,0.0,0.0,0.0,-0.023475991562008858,-0.9990876317024231,0.04270758107304573,0.0,0.0,0.0,0.0,-0.019651994109153748,-1.0,-0.0,0.0,0.0,-0.00711638992652297,0.0018999999156221747,-0.016959700733423233,-0.9961947202682495,-0.0,-0.08715574443340302,0.0,0.0005882433033548295,0.0,-0.060253534466028214,-0.9996573328971863,-0.0,-0.026176923885941505,0.0,-1.1086464013487785e-07,-1.490116086078075e-10,-0.04255366697907448,-0.9995051622390747,0.03145527467131615,0.0,0.0,4.5299529460862686e-08,0.0,-0.022088106721639633,-0.999065101146698,0.04323066025972366,0.0,0.0,-1.4305114426349519e-08,0.0,-0.017740696668624878,-1.0,-0.0,0.0,0.0,-0.013503500260412693,-0.0037700000684708357,-0.014087299816310406,-0.9914448857307434,-0.0,-0.13052619993686676,0.0,-0.004897483624517918,-3.8501621020259336e-06,-0.05743739381432533,-0.9986295104026794,-0.0,-0.05233589559793472,0.0,5.4836270635405526e-08,-2.98023217215615e-10,-0.03276759013533592,-0.9995716214179993,0.029269907623529434,0.0,0.0,-9.298324243900424e-08,0.0,-0.01670967973768711,-0.9991451501846313,0.041340723633766174,0.0,0.0,6.19888282926695e-08,0.0,-0.013883084990084171,-1.0,-0.0,0.0,0.0
1782948317.143703,2026-07-01 19:25:17.143,2643.0,2643,right,0,2,open_palm,2,0.0,0.003969999961555004,-0.04999999701976776,-1.0,-0.0,0.0,0.0,0.0,0.0,0.0,-1.0,-0.0,0.0,0.0,-0.025476505979895592,-0.012044684961438179,-0.022234933450818062,-0.810554027557373,-0.1487269401550293,-0.26143431663513184,-0.5025283098220825,0.0,1.19209286886246e-09,-0.02723044343292713,-0.9998829364776611,0.015300636179745197,0.0,0.0,2.38418573772492e-09,-1.19209286886246e-09,-0.031859468668699265,-0.9999423623085022,0.010737097822129726,0.0,0.0,0.0,-3.5762786065873797e-09,-0.023122519254684448,-1.0,-0.0,0.0,0.0,-0.012360505759716034,0.0032300001475960016,-0.016998957842588425,-0.9990482330322266,-0.0,-0.04361938685178757,0.0,-0.002149570034816861,-3.8927792047616094e-06,-0.06502974033355713,-0.9999619722366333,-0.0,-0.008726464584469795,0.0,0.0,0.0,-0.03691747412085533,-0.9993493556976318,0.0360686257481575,0.0,0.0,-2.38418573772492e-09,-2.98023217215615e-10,-0.02163529396057129,-0.999281644821167,0.037897396832704544,0.0,0.0,0.0,2.98023217215615e-10,-0.01868978515267372,-1.0,-0.0,0.0,0.0,0.0,0.003969999961555004,-0.017509059980511665,-1.0,-0.0,0.0,0.0,0.0,4.611611075233668e-06,-0.0637909397482872,-1.0,-0.0,0.0,0.0,0.0,2.98023217215615e-10,-0.04460655897855759,-0.9996492862701416,0.02648334950208664,0.0,0.0,0.0,-2.98023217215615e-10,-0.02347646653652191,-0.999390184879303,0.0349179282784462,0.0,0.0,0.0,0.0,-0.019652195274829865,-1.0,-0.0,0.0,0.0,0.00711638480424881,0.0018999999156221747,-0.016959700733423233,-0.9961947202682495,-0.0,0.08715574443340302,0.0,-0.0005882382392883301,0.0,-0.060253534466028214,-0.9996573328971863,-0.0,0.026176923885941505,0.0,1.19209286886246e-09,-1.490116086078075e-10,-0.04255415499210358,-0.9995051622390747,0.03145527467131615,0.0,0.0,-2.38418573772492e-09,0.0,-0.02208789810538292,-0.999065101146698,0.04323066025972366,0.0,0.0,0.0,0.0,-0.017740869894623756,-1.0,-0.0,0.0,0.0,0.013503451831638813,-0.0037700000684708357,-0.014087309129536152,-0.9914448857307434,-0.0,0.13052619993686676,0.0,0.0048975334502756596,-3.847479547403054e-06,-0.05743739381432533,-0.9986295104026794,-0.0,0.05233589559793472,0.0,4.76837147544984e-09,-2.98023217215615e-10,-0.03276757150888443,-0.9995716214179993,0.029269907623529434,0.0,0.0,2.38418573772492e-09,0.0,-0.016709718853235245,-0.9991451501846313,0.041340723633766174,0.0,0.0,0.0,0.0,-0.01388302817940712,-1.0,-0.0,0.0,0.0
1782948317.3371463,2026-07-01 19:25:17.337,16345.0,16345,left,0,1,open_palm,2,0.0,0.003969999961555004,-0.04999999701976776,-1.0,-0.0,0.0,0.0,0.0,0.0,0.0,-1.0,-0.0,0.0,0.0,0.025476500391960144,-0.012044699862599373,-0.022234899923205376,-0.809577465057373,-0.14576728641986847,0.2644490599632263,0.503391444683075,-5.7220457705398076e-08,-4.3511388270189855e-08,-0.027230437844991684,-0.9997742176055908,0.021249612793326378,0.0,0.0,3.5762786065873797e-09,6.318092005130893e-08,-0.031859491020441055,-0.9998239874839783,0.018763011321425438,0.0,0.0,2.384185648907078e-08,0.0,-0.023122519254684448,-1.0,-0.0,0.0,0.0,0.012359999120235443,0.0032300001475960016,-0.017000000923871994,-0.9990482330322266,-0.0,0.04361938685178757,0.0,0.0021501504816114902,-3.890097104886081e-06,-0.06502876430749893,-0.9999619722366333,-0.0,0.008726557716727257,0.0,-9.53674295089968e-09,-9.53674295089968e-09,-0.036917347460985184,-0.9995214939117432,0.030932152643799782,0.0,0.0,-2.8610228852699038e-08,-2.98023217215615e-10,-0.0216355137526989,-0.999514639377594,0.031153753399848938,0.0,0.0,1.2636184010261786e-07,2.98023217215615e-10,-0.018689393997192383,-1.0,-0.0,0.0,0.0,0.0,0.003969999961555004,-0.01750910095870495,-1.0,-0.0,0.0,0.0,0.0,4.610121322912164e-06,-0.06379090249538422,-1.0,-0.0,0.0,0.0,0.0,2.98023217215615e-10,-0.044606998562812805,-0.9995051622390747,0.03145527467131615,0.0,0.0,0.0,0.0,-0.023475991562008858,-0.9990876317024231,0.04270758107304573,0.0,0.0,0.0,0.0,-0.019651994109153748,-1.0,-0.0,0.0,0.0,-0.00711638992652297,0.0018999999156221747,-0.016959700733423233,-0.9961947202682495,-0.0,-0.08715574443340302,0.0,0.0005882433033548295,0.0,-0.060253534466028214,-0.9996573328971863,-0.0,-0.026176923885941505,0.0,-1.1086464013487785e-07,-1.490116086078075e-10,-0.04255366697907448,-0.9995051622390747,0.03145527467131615,0.0,0.0,4.5299529460862686e-08,0.0,-0.022088106721639633,-0.999065101146698,0.04323066025972366,0.0,0.0,-1.4305114426349519e-08,0.0,-0.017740696668624878,-1.0,-0.0,0.0,0.0,-0.013503500260412693,-0.0037700000684708357,-0.014087299816310406,-0.9914448857307434,-0.0,-0.13052619993686676,0.0,-0.004897483624517918,-3.8501621020259336e-06,-0.05743739381432533,-0.9986295104026794,-0.0,-0.05233589559793472,0.0,5.4836270635405526e-08,-2.98023217215615e-10,-0.03276759013533592,-0.9995716214179993,0.029269907623529434,0.0,0.0,-9.298324243900424e-08,0.0,-0.01670967973768711,-0.9991451501846313,0.041340723633766174,0.0,0.0,6.19888282926695e-08,0.0,-0.013883084990084171,-1.0,-0.0,0.0,0.0
1782948317.3500211,2026-07-01 19:25:17.350,2655.0,2655,right,0,2,open_palm,2,0.0,0.003969999961555004,-0.04999999701976776,-1.0,-0.0,0.0,0.0,0.0,0.0,0.0,-1.0,-0.0,0.0,0.0,-0.025476505979895592,-0.012044684961438179,-0.022234933450818062,-0.810554027557373,-0.1487269401550293,-0.26143431663513184,-0.5025283098220825,0.0,1.19209286886246e-09,-0.02723044343292713,-0.9998829364776611,0.015300636179745197,0.0,0.0,2.38418573772492e-09,-1.19209286886246e-09,-0.031859468668699265,-0.9999423623085022,0.010737097822129726,0.0,0.0,0.0,-3.5762786065873797e-09,-0.023122519254684448,-1.0,-0.0,0.0,0.0,-0.012360505759716034,0.0032300001475960016,-0.016998957842588425,-0.9990482330322266,-0.0,-0.04361938685178757,0.0,-0.002149570034816861,-3.8927792047616094e-06,-0.06502974033355713,-0.9999619722366333,-0.0,-0.008726464584469795,0.0,0.0,0.0,-0.03691747412085533,-0.9993493556976318,0.0360686257481575,0.0,0.0,-2.38418573772492e-09,-2.98023217215615e-10,-0.02163529396057129,-0.999281644821167,0.037897396832704544,0.0,0.0,0.0,2.98023217215615e-10,-0.01868978515267372,-1.0,-0.0,0.0,0.0,0.0,0.003969999961555004,-0.017509059980511665,-1.0,-0.0,0.0,0.0,0.0,4.611611075233668e-06,-0.0637909397482872,-1.0,-0.0,0.0,0.0,0.0,2.98023217215615e-10,-0.04460655897855759,-0.9996492862701416,0.02648334950208664,0.0,0.0,0.0,-2.98023217215615e-10,-0.02347646653652191,-0.999390184879303,0.0349179282784462,0.0,0.0,0.0,0.0,-0.019652195274829865,-1.0,-0.0,0.0,0.0,0.00711638480424881,0.0018999999156221747,-0.016959700733423233,-0.9961947202682495,-0.0,0.08715574443340302,0.0,-0.0005882382392883301,0.0,-0.060253534466028214,-0.9996573328971863,-0.0,0.026176923885941505,0.0,1.19209286886246e-09,-1.490116086078075e-10,-0.04255415499210358,-0.9995051622390747,0.03145527467131615,0.0,0.0,-2.38418573772492e-09,0.0,-0.02208789810538292,-0.999065101146698,0.04323066025972366,0.0,0.0,0.0,0.0,-0.017740869894623756,-1.0,-0.0,0.0,0.0,0.013503451831638813,-0.0037700000684708357,-0.014087309129536152,-0.9914448857307434,-0.0,0.13052619993686676,0.0,0.0048975334502756596,-3.847479547403054e-06,-0.05743739381432533,-0.9986295104026794,-0.0,0.05233589559793472,0.0,4.76837147544984e-09,-2.98023217215615e-10,-0.03276757150888443,-0.9995716214179993,0.029269907623529434,0.0,0.0,2.38418573772492e-09,0.0,-0.016709718853235245,-0.9991451501846313,0.041340723633766174,0.0,0.0,0.0,0.0,-0.01388302817940712,-1.0,-0.0,0.0,0.0
1782948317.5400896,2026-07-01 19:25:17.540,16347.0,16347,left,0,1,open_palm,2,0.0,0.003969999961555004,-0.04999999701976776,-1.0,-0.0,0.0,0.0,0.0,0.0,0.0,-1.0,-0.0,0.0,0.0,0.025476500391960144,-0.012044699862599373,-0.022234899923205376,-0.809577465057373,-0.14576728641986847,0.2644490599632263,0.503391444683075,-5.7220457705398076e-08,-4.3511388270189855e-08,-0.027230437844991684,-0.9997742176055908,0.021249612793326378,0.0,0.0,3.5762786065873797e-09,6.318092005130893e-08,-0.031859491020441055,-0.9998239874839783,0.018763011321425438,0.0,0.0,2.384185648907078e-08,0.0,-0.023122519254684448,-1.0,-0.0,0.0,0.0,0.012359999120235443,0.0032300001475960016,-0.017000000923871994,-0.9990482330322266,-0.0,0.04361938685178757,0.0,0.0021501504816114902,-3.890097104886081e-06,-0.06502876430749893,-0.9999619722366333,-0.0,0.008726557716727257,0.0,-9.53674295089968e-09,-9.53674295089968e-09,-0.036917347460985184,-0.9995214939117432,0.030932152643799782,0.0,0.0,-2.8610228852699038e-08,-2.98023217215615e-10,-0.0216355137526989,-0.999514639377594,0.031153753399848938,0.0,0.0,1.2636184010261786e-07,2.98023217215615e-10,-0.018689393997192383,-1.0,-0.0,0.0,0.0,0.0,0.003969999961555004,-0.01750910095870495,-1.0,-0.0,0.0,0.0,0.0,4.610121322912164e-06,-0.06379090249538422,-1.0,-0.0,0.0,0.0,0.0,2.98023217215615e-10,-0.044606998562812805,-0.9995051622390747,0.03145527467131615,0.0,0.0,0.0,0.0,-0.023475991562008858,-0.9990876317024231,0.04270758107304573,0.0,0.0,0.0,0.0,-0.019651994109153748,-1.0,-0.0,0.0,0.0,-0.00711638992652297,0.0018999999156221747,-0.016959700733423233,-0.9961947202682495,-0.0,-0.08715574443340302,0.0,0.0005882433033548295,0.0,-0.060253534466028214,-0.9996573328971863,-0.0,-0.026176923885941505,0.0,-1.1086464013487785e-07,-1.490116086078075e-10,-0.04255366697907448,-0.9995051622390747,0.03145527467131615,0.0,0.0,4.5299529460862686e-08,0.0,-0.022088106721639633,-0.999065101146698,0.04323066025972366,0.0,0.0,-1.4305114426349519e-08,0.0,-0.017740696668624878,-1.0,-0.0,0.0,0.0,-0.013503500260412693,-0.0037700000684708357,-0.014087299816310406,-0.9914448857307434,-0.0,-0.13052619993686676,0.0,-0.004897483624517918,-3.8501621020259336e-06,-0.05743739381432533,-0.9986295104026794,-0.0,-0.05233589559793472,0.0,5.4836270635405526e-08,-2.98023217215615e-10,-0.03276759013533592,-0.9995716214179993,0.029269907623529434,0.0,0.0,-9.298324243900424e-08,0.0,-0.01670967973768711,-0.9991451501846313,0.041340723633766174,0.0,0.0,6.19888282926695e-08,0.0,-0.013883084990084171,-1.0,-0.0,0.0,0.0
1782948317.5518248,2026-07-01 19:25:17.551,2668.0,2668,right,0,2,open_palm,2,0.0,0.003969999961555004,-0.04999999701976776,-1.0,-0.0,0.0,0.0,0.0,0.0,0.0,-1.0,-0.0,0.0,0.0,-0.025476505979895592,-0.012044684961438179,-0.022234933450818062,-0.810554027557373,-0.1487269401550293,-0.26143431663513184,-0.5025283098220825,0.0,1.19209286886246e-09,-0.02723044343292713,-0.9998829364776611,0.015300636179745197,0.0,0.0,2.38418573772492e-09,-1.19209286886246e-09,-0.031859468668699265,-0.9999423623085022,0.010737097822129726,0.0,0.0,0.0,-3.5762786065873797e-09,-0.023122519254684448,-1.0,-0.0,0.0,0.0,-0.012360505759716034,0.0032300001475960016,-0.016998957842588425,-0.9990482330322266,-0.0,-0.04361938685178757,0.0,-0.002149570034816861,-3.8927792047616094e-06,-0.06502974033355713,-0.9999619722366333,-0.0,-0.008726464584469795,0.0,0.0,0.0,-0.03691747412085533,-0.9993493556976318,0.0360686257481575,0.0,0.0,-2.38418573772492e-09,-2.98023217215615e-10,-0.02163529396057129,-0.999281644821167,0.037897396832704544,0.0,0.0,0.0,2.98023217215615e-10,-0.01868978515267372,-1.0,-0.0,0.0,0.0,0.0,0.003969999961555004,-0.017509059980511665,-1.0,-0.0,0.0,0.0,0.0,4.611611075233668e-06,-0.0637909397482872,-1.0,-0.0,0.0,0.0,0.0,2.98023217215615e-10,-0.04460655897855759,-0.9996492862701416,0.02648334950208664,0.0,0.0,0.0,-2.98023217215615e-10,-0.02347646653652191,-0.999390184879303,0.0349179282784462,0.0,0.0,0.0,0.0,-0.019652195274829865,-1.0,-0.0,0.0,0.0,0.00711638480424881,0.0018999999156221747,-0.016959700733423233,-0.9961947202682495,-0.0,0.08715574443340302,0.0,-0.0005882382392883301,0.0,-0.060253534466028214,-0.9996573328971863,-0.0,0.026176923885941505,0.0,1.19209286886246e-09,-1.490116086078075e-10,-0.04255415499210358,-0.9995051622390747,0.03145527467131615,0.0,0.0,-2.38418573772492e-09,0.0,-0.02208789810538292,-0.999065101146698,0.04323066025972366,0.0,0.0,0.0,0.0,-0.017740869894623756,-1.0,-0.0,0.0,0.0,0.013503451831638813,-0.0037700000684708357,-0.014087309129536152,-0.9914448857307434,-0.0,0.13052619993686676,0.0,0.0048975334502756596,-3.847479547403054e-06,-0.05743739381432533,-0.9986295104026794,-0.0,0.05233589559793472,0.0,4.76837147544984e-09,-2.98023217215615e-10,-0.03276757150888443,-0.9995716214179993,0.029269907623529434,0.0,0.0,2.38418573772492e-09,0.0,-0.016709718853235245,-0.9991451501846313,0.041340723633766174,0.0,0.0,0.0,0.0,-0.01388302817940712,-1.0,-0.0,0.0,0.0
1782948317.740434,2026-07-01 19:25:17.740,16349.0,16349,left,0,1,open_palm,2,0.0,0.003969999961555004,-0.04999999701976776,-1.0,-0.0,0.0,0.0,0.0,0.0,0.0,-1.0,-0.0,0.0,0.0,0.025476500391960144,-0.012044699862599373,-0.022234899923205376,-0.809577465057373,-0.14576728641986847,0.2644490599632263,0.503391444683075,-5.7220457705398076e-08,-4.3511388270189855e-08,-0.027230437844991684,-0.9997742176055908,0.021249612793326378,0.0,0.0,3.5762786065873797e-09,6.318092005130893e-08,-0.031859491020441055,-0.9998239874839783,0.018763011321425438,0.0,0.0,2.384185648907078e-08,0.0,-0.023122519254684448,-1.0,-0.0,0.0,0.0,0.012359999120235443,0.0032300001475960016,-0.017000000923871994,-0.9990482330322266,-0.0,0.04361938685178757,0.0,0.0021501504816114902,-3.890097104886081e-06,-0.06502876430749893,-0.9999619722366333,-0.0,0.008726557716727257,0.0,-9.53674295089968e-09,-9.53674295089968e-09,-0.036917347460985184,-0.9995214939117432,0.030932152643799782,0.0,0.0,-2.8610228852699038e-08,-2.98023217215615e-10,-0.0216355137526989,-0.999514639377594,0.031153753399848938,0.0,0.0,1.2636184010261786e-07,2.98023217215615e-10,-0.018689393997192383,-1.0,-0.0,0.0,0.0,0.0,0.003969999961555004,-0.01750910095870495,-1.0,-0.0,0.0,0.0,0.0,4.610121322912164e-06,-0.06379090249538422,-1.0,-0.0,0.0,0.0,0.0,2.98023217215615e-10,-0.044606998562812805,-0.9995051622390747,0.03145527467131615,0.0,0.0,0.0,0.0,-0.023475991562008858,-0.9990876317024231,0.04270758107304573,0.0,0.0,0.0,0.0,-0.019651994109153748,-1.0,-0.0,0.0,0.0,-0.00711638992652297,0.0018999999156221747,-0.016959700733423233,-0.9961947202682495,-0.0,-0.08715574443340302,0.0,0.0005882433033548295,0.0,-0.060253534466028214,-0.9996573328971863,-0.0,-0.026176923885941505,0.0,-1.1086464013487785e-07,-1.490116086078075e-10,-0.04255366697907448,-0.9995051622390747,0.03145527467131615,0.0,0.0,4.5299529460862686e-08,0.0,-0.022088106721639633,-0.999065101146698,0.04323066025972366,0.0,0.0,-1.4305114426349519e-08,0.0,-0.017740696668624878,-1.0,-0.0,0.0,0.0,-0.013503500260412693,-0.0037700000684708357,-0.014087299816310406,-0.9914448857307434,-0.0,-0.13052619993686676,0.0,-0.004897483624517918,-3.8501621020259336e-06,-0.05743739381432533,-0.9986295104026794,-0.0,-0.05233589559793472,0.0,5.4836270635405526e-08,-2.98023217215615e-10,-0.03276759013533592,-0.9995716214179993,0.029269907623529434,0.0,0.0,-9.298324243900424e-08,0.0,-0.01670967973768711,-0.9991451501846313,0.041340723633766174,0.0,0.0,6.19888282926695e-08,0.0,-0.013883084990084171,-1.0,-0.0,0.0,0.0
1782948317.7539022,2026-07-01 19:25:17.753,2679.0,2679,right,0,2,open_palm,2,0.0,0.003969999961555004,-0.04999999701976776,-1.0,-0.0,0.0,0.0,0.0,0.0,0.0,-1.0,-0.0,0.0,0.0,-0.025476505979895592,-0.012044684961438179,-0.022234933450818062,-0.810554027557373,-0.1487269401550293,-0.26143431663513184,-0.5025283098220825,0.0,1.19209286886246e-09,-0.02723044343292713,-0.9998829364776611,0.015300636179745197,0.0,0.0,2.38418573772492e-09,-1.19209286886246e-09,-0.031859468668699265,-0.9999423623085022,0.010737097822129726,0.0,0.0,0.0,-3.5762786065873797e-09,-0.023122519254684448,-1.0,-0.0,0.0,0.0,-0.012360505759716034,0.0032300001475960016,-0.016998957842588425,-0.9990482330322266,-0.0,-0.04361938685178757,0.0,-0.002149570034816861,-3.8927792047616094e-06,-0.06502974033355713,-0.9999619722366333,-0.0,-0.008726464584469795,0.0,0.0,0.0,-0.03691747412085533,-0.9993493556976318,0.0360686257481575,0.0,0.0,-2.38418573772492e-09,-2.98023217215615e-10,-0.02163529396057129,-0.999281644821167,0.037897396832704544,0.0,0.0,0.0,2.98023217215615e-10,-0.01868978515267372,-1.0,-0.0,0.0,0.0,0.0,0.003969999961555004,-0.017509059980511665,-1.0,-0.0,0.0,0.0,0.0,4.611611075233668e-06,-0.0637909397482872,-1.0,-0.0,0.0,0.0,0.0,2.98023217215615e-10,-0.04460655897855759,-0.9996492862701416,0.02648334950208664,0.0,0.0,0.0,-2.98023217215615e-10,-0.02347646653652191,-0.999390184879303,0.0349179282784462,0.0,0.0,0.0,0.0,-0.019652195274829865,-1.0,-0.0,0.0,0.0,0.00711638480424881,0.0018999999156221747,-0.016959700733423233,-0.9961947202682495,-0.0,0.08715574443340302,0.0,-0.0005882382392883301,0.0,-0.060253534466028214,-0.9996573328971863,-0.0,0.026176923885941505,0.0,1.19209286886246e-09,-1.490116086078075e-10,-0.04255415499210358,-0.9995051622390747,0.03145527467131615,0.0,0.0,-2.38418573772492e-09,0.0,-0.02208789810538292,-0.999065101146698,0.04323066025972366,0.0,0.0,0.0,0.0,-0.017740869894623756,-1.0,-0.0,0.0,0.0,0.013503451831638813,-0.0037700000684708357,-0.014087309129536152,-0.9914448857307434,-0.0,0.13052619993686676,0.0,0.0048975334502756596,-3.847479547403054e-06,-0.05743739381432533,-0.9986295104026794,-0.0,0.05233589559793472,0.0,4.76837147544984e-09,-2.98023217215615e-10,-0.03276757150888443,-0.9995716214179993,0.029269907623529434,0.0,0.0,2.38418573772492e-09,0.0,-0.016709718853235245,-0.9991451501846313,0.041340723633766174,0.0,0.0,0.0,0.0,-0.01388302817940712,-1.0,-0.0,0.0,0.0
1782948317.9597838,2026-07-01 19:25:17.959,16351.0,16351,left,0,1,open_palm,2,0.0,0.003969999961555004,-0.04999999701976776,-1.0,-0.0,0.0,0.0,0.0,0.0,0.0,-1.0,-0.0,0.0,0.0,0.025476500391960144,-0.012044699862599373,-0.022234899923205376,-0.809577465057373,-0.14576728641986847,0.2644490599632263,0.503391444683075,-5.7220457705398076e-08,-4.3511388270189855e-08,-0.027230437844991684,-0.9997742176055908,0.021249612793326378,0.0,0.0,3.5762786065873797e-09,6.318092005130893e-08,-0.031859491020441055,-0.9998239874839783,0.018763011321425438,0.0,0.0,2.384185648907078e-08,0.0,-0.023122519254684448,-1.0,-0.0,0.0,0.0,0.012359999120235443,0.0032300001475960016,-0.017000000923871994,-0.9990482330322266,-0.0,0.04361938685178757,0.0,0.0021501504816114902,-3.890097104886081e-06,-0.06502876430749893,-0.9999619722366333,-0.0,0.008726557716727257,0.0,-9.53674295089968e-09,-9.53674295089968e-09,-0.036917347460985184,-0.9995214939117432,0.030932152643799782,0.0,0.0,-2.8610228852699038e-08,-2.98023217215615e-10,-0.0216355137526989,-0.999514639377594,0.031153753399848938,0.0,0.0,1.2636184010261786e-07,2.98023217215615e-10,-0.018689393997192383,-1.0,-0.0,0.0,0.0,0.0,0.003969999961555004,-0.01750910095870495,-1.0,-0.0,0.0,0.0,0.0,4.610121322912164e-06,-0.06379090249538422,-1.0,-0.0,0.0,0.0,0.0,2.98023217215615e-10,-0.044606998562812805,-0.9995051622390747,0.03145527467131615,0.0,0.0,0.0,0.0,-0.023475991562008858,-0.9990876317024231,0.04270758107304573,0.0,0.0,0.0,0.0,-0.019651994109153748,-1.0,-0.0,0.0,0.0,-0.00711638992652297,0.0018999999156221747,-0.016959700733423233,-0.9961947202682495,-0.0,-0.08715574443340302,0.0,0.0005882433033548295,0.0,-0.060253534466028214,-0.9996573328971863,-0.0,-0.026176923885941505,0.0,-1.1086464013487785e-07,-1.490116086078075e-10,-0.04255366697907448,-0.9995051622390747,0.03145527467131615,0.0,0.0,4.5299529460862686e-08,0.0,-0.022088106721639633,-0.999065101146698,0.04323066025972366,0.0,0.0,-1.4305114426349519e-08,0.0,-0.017740696668624878,-1.0,-0.0,0.0,0.0,-0.013503500260412693,-0.0037700000684708357,-0.014087299816310406,-0.9914448857307434,-0.0,-0.13052619993686676,0.0,-0.004897483624517918,-3.8501621020259336e-06,-0.05743739381432533,-0.9986295104026794,-0.0,-0.05233589559793472,0.0,5.4836270635405526e-08,-2.98023217215615e-10,-0.03276759013533592,-0.9995716214179993,0.029269907623529434,0.0,0.0,-9.298324243900424e-08,0.0,-0.01670967973768711,-0.9991451501846313,0.041340723633766174,0.0,0.0,6.19888282926695e-08,0.0,-0.013883084990084171,-1.0,-0.0,0.0,0.0
1782948317.9709132,2026-07-01 19:25:17.970,2692.0,2692,right,0,2,open_palm,2,0.0,0.003969999961555004,-0.04999999701976776,-1.0,-0.0,0.0,0.0,0.0,0.0,0.0,-1.0,-0.0,0.0,0.0,-0.025476505979895592,-0.012044684961438179,-0.022234933450818062,-0.810554027557373,-0.1487269401550293,-0.26143431663513184,-0.5025283098220825,0.0,1.19209286886246e-09,-0.02723044343292713,-0.9998829364776611,0.015300636179745197,0.0,0.0,2.38418573772492e-09,-1.19209286886246e-09,-0.031859468668699265,-0.9999423623085022,0.010737097822129726,0.0,0.0,0.0,-3.5762786065873797e-09,-0.023122519254684448,-1.0,-0.0,0.0,0.0,-0.012360505759716034,0.0032300001475960016,-0.016998957842588425,-0.9990482330322266,-0.0,-0.04361938685178757,0.0,-0.002149570034816861,-3.8927792047616094e-06,-0.06502974033355713,-0.9999619722366333,-0.0,-0.008726464584469795,0.0,0.0,0.0,-0.03691747412085533,-0.9993493556976318,0.0360686257481575,0.0,0.0,-2.38418573772492e-09,-2.98023217215615e-10,-0.02163529396057129,-0.999281644821167,0.037897396832704544,0.0,0.0,0.0,2.98023217215615e-10,-0.01868978515267372,-1.0,-0.0,0.0,0.0,0.0,0.003969999961555004,-0.017509059980511665,-1.0,-0.0,0.0,0.0,0.0,4.611611075233668e-06,-0.0637909397482872,-1.0,-0.0,0.0,0.0,0.0,2.98023217215615e-10,-0.04460655897855759,-0.9996492862701416,0.02648334950208664,0.0,0.0,0.0,-2.98023217215615e-10,-0.02347646653652191,-0.999390184879303,0.0349179282784462,0.0,0.0,0.0,0.0,-0.019652195274829865,-1.0,-0.0,0.0,0.0,0.00711638480424881,0.0018999999156221747,-0.016959700733423233,-0.9961947202682495,-0.0,0.08715574443340302,0.0,-0.0005882382392883301,0.0,-0.060253534466028214,-0.9996573328971863,-0.0,0.026176923885941505,0.0,1.19209286886246e-09,-1.490116086078075e-10,-0.04255415499210358,-0.9995051622390747,0.03145527467131615,0.0,0.0,-2.38418573772492e-09,0.0,-0.02208789810538292,-0.999065101146698,0.04323066025972366,0.0,0.0,0.0,0.0,-0.017740869894623756,-1.0,-0.0,0.0,0.0,0.013503451831638813,-0.0037700000684708357,-0.014087309129536152,-0.9914448857307434,-0.0,0.13052619993686676,0.0,0.0048975334502756596,-3.847479547403054e-06,-0.05743739381432533,-0.9986295104026794,-0.0,0.05233589559793472,0.0,4.76837147544984e-09,-2.98023217215615e-10,-0.03276757150888443,-0.9995716214179993,0.029269907623529434,0.0,0.0,2.38418573772492e-09,0.0,-0.016709718853235245,-0.9991451501846313,0.041340723633766174,0.0,0.0,0.0,0.0,-0.01388302817940712,-1.0,-0.0,0.0,0.0
1782948318.1634994,2026-07-01 19:25:18.163,16352.0,16352,left,0,1,open_palm,2,0.0,0.003969999961555004,-0.04999999701976776,-1.0,-0.0,0.0,0.0,0.0,0.0,0.0,-1.0,-0.0,0.0,0.0,0.025476500391960144,-0.012044699862599373,-0.022234899923205376,-0.809577465057373,-0.14576728641986847,0.2644490599632263,0.503391444683075,-5.7220457705398076e-08,-4.3511388270189855e-08,-0.027230437844991684,-0.9997742176055908,0.021249612793326378,0.0,0.0,3.5762786065873797e-09,6.318092005130893e-08,-0.031859491020441055,-0.9998239874839783,0.018763011321425438,0.0,0.0,2.384185648907078e-08,0.0,-0.023122519254684448,-1.0,-0.0,0.0,0.0,0.012359999120235443,0.0032300001475960016,-0.017000000923871994,-0.9990482330322266,-0.0,0.04361938685178757,0.0,0.0021501504816114902,-3.890097104886081e-06,-0.06502876430749893,-0.9999619722366333,-0.0,0.008726557716727257,0.0,-9.53674295089968e-09,-9.53674295089968e-09,-0.036917347460985184,-0.9995214939117432,0.030932152643799782,0.0,0.0,-2.8610228852699038e-08,-2.98023217215615e-10,-0.0216355137526989,-0.999514639377594,0.031153753399848938,0.0,0.0,1.2636184010261786e-07,2.98023217215615e-10,-0.018689393997192383,-1.0,-0.0,0.0,0.0,0.0,0.003969999961555004,-0.01750910095870495,-1.0,-0.0,0.0,0.0,0.0,4.610121322912164e-06,-0.06379090249538422,-1.0,-0.0,0.0,0.0,0.0,2.98023217215615e-10,-0.044606998562812805,-0.9995051622390747,0.03145527467131615,0.0,0.0,0.0,0.0,-0.023475991562008858,-0.9990876317024231,0.04270758107304573,0.0,0.0,0.0,0.0,-0.019651994109153748,-1.0,-0.0,0.0,0.0,-0.00711638992652297,0.0018999999156221747,-0.016959700733423233,-0.9961947202682495,-0.0,-0.08715574443340302,0.0,0.0005882433033548295,0.0,-0.060253534466028214,-0.9996573328971863,-0.0,-0.026176923885941505,0.0,-1.1086464013487785e-07,-1.490116086078075e-10,-0.04255366697907448,-0.9995051622390747,0.03145527467131615,0.0,0.0,4.5299529460862686e-08,0.0,-0.022088106721639633,-0.999065101146698,0.04323066025972366,0.0,0.0,-1.4305114426349519e-08,0.0,-0.017740696668624878,-1.0,-0.0,0.0,0.0,-0.013503500260412693,-0.0037700000684708357,-0.014087299816310406,-0.9914448857307434,-0.0,-0.13052619993686676,0.0,-0.004897483624517918,-3.8501621020259336e-06,-0.05743739381432533,-0.9986295104026794,-0.0,-0.05233589559793472,0.0,5.4836270635405526e-08,-2.98023217215615e-10,-0.03276759013533592,-0.9995716214179993,0.029269907623529434,0.0,0.0,-9.298324243900424e-08,0.0,-0.01670967973768711,-0.9991451501846313,0.041340723633766174,0.0,0.0,6.19888282926695e-08,0.0,-0.013883084990084171,-1.0,-0.0,0.0,0.0
1782948318.175767,2026-07-01 19:25:18.175,2704.0,2704,right,0,2,open_palm,2,0.0,0.003969999961555004,-0.04999999701976776,-1.0,-0.0,0.0,0.0,0.0,0.0,0.0,-1.0,-0.0,0.0,0.0,-0.025476505979895592,-0.012044684961438179,-0.022234933450818062,-0.810554027557373,-0.1487269401550293,-0.26143431663513184,-0.5025283098220825,0.0,1.19209286886246e-09,-0.02723044343292713,-0.9998829364776611,0.015300636179745197,0.0,0.0,2.38418573772492e-09,-1.19209286886246e-09,-0.031859468668699265,-0.9999423623085022,0.010737097822129726,0.0,0.0,0.0,-3.5762786065873797e-09,-0.023122519254684448,-1.0,-0.0,0.0,0.0,-0.012360505759716034,0.0032300001475960016,-0.016998957842588425,-0.9990482330322266,-0.0,-0.04361938685178757,0.0,-0.002149570034816861,-3.8927792047616094e-06,-0.06502974033355713,-0.9999619722366333,-0.0,-0.008726464584469795,0.0,0.0,0.0,-0.03691747412085533,-0.9993493556976318,0.0360686257481575,0.0,0.0,-2.38418573772492e-09,-2.98023217215615e-10,-0.02163529396057129,-0.999281644821167,0.037897396832704544,0.0,0.0,0.0,2.98023217215615e-10,-0.01868978515267372,-1.0,-0.0,0.0,0.0,0.0,0.003969999961555004,-0.017509059980511665,-1.0,-0.0,0.0,0.0,0.0,4.611611075233668e-06,-0.0637909397482872,-1.0,-0.0,0.0,0.0,0.0,2.98023217215615e-10,-0.04460655897855759,-0.9996492862701416,0.02648334950208664,0.0,0.0,0.0,-2.98023217215615e-10,-0.02347646653652191,-0.999390184879303,0.0349179282784462,0.0,0.0,0.0,0.0,-0.019652195274829865,-1.0,-0.0,0.0,0.0,0.00711638480424881,0.0018999999156221747,-0.016959700733423233,-0.9961947202682495,-0.0,0.08715574443340302,0.0,-0.0005882382392883301,0.0,-0.060253534466028214,-0.9996573328971863,-0.0,0.026176923885941505,0.0,1.19209286886246e-09,-1.490116086078075e-10,-0.04255415499210358,-0.9995051622390747,0.03145527467131615,0.0,0.0,-2.38418573772492e-09,0.0,-0.02208789810538292,-0.999065101146698,0.04323066025972366,0.0,0.0,0.0,0.0,-0.017740869894623756,-1.0,-0.0,0.0,0.0,0.013503451831638813,-0.0037700000684708357,-0.014087309129536152,-0.9914448857307434,-0.0,0.13052619993686676,0.0,0.0048975334502756596,-3.847479547403054e-06,-0.05743739381432533,-0.9986295104026794,-0.0,0.05233589559793472,0.0,4.76837147544984e-09,-2.98023217215615e-10,-0.03276757150888443,-0.9995716214179993,0.029269907623529434,0.0,0.0,2.38418573772492e-09,0.0,-0.016709718853235245,-0.9991451501846313,0.041340723633766174,0.0,0.0,0.0,0.0,-0.01388302817940712,-1.0,-0.0,0.0,0.0
1782948318.375013,2026-07-01 19:25:18.375,16354.0,16354,left,0,1,open_palm,2,0.0,0.003969999961555004,-0.04999999701976776,-1.0,-0.0,0.0,0.0,0.0,0.0,0.0,-1.0,-0.0,0.0,0.0,0.025476500391960144,-0.012044699862599373,-0.022234899923205376,-0.809577465057373,-0.14576728641986847,0.2644490599632263,0.503391444683075,-5.7220457705398076e-08,-4.3511388270189855e-08,-0.027230437844991684,-0.9997742176055908,0.021249612793326378,0.0,0.0,3.5762786065873797e-09,6.318092005130893e-08,-0.031859491020441055,-0.9998239874839783,0.018763011321425438,0.0,0.0,2.384185648907078e-08,0.0,-0.023122519254684448,-1.0,-0.0,0.0,0.0,0.012359999120235443,0.0032300001475960016,-0.017000000923871994,-0.9990482330322266,-0.0,0.04361938685178757,0.0,0.0021501504816114902,-3.890097104886081e-06,-0.06502876430749893,-0.9999619722366333,-0.0,0.008726557716727257,0.0,-9.53674295089968e-09,-9.53674295089968e-09,-0.036917347460985184,-0.9995214939117432,0.030932152643799782,0.0,0.0,-2.8610228852699038e-08,-2.98023217215615e-10,-0.0216355137526989,-0.999514639377594,0.031153753399848938,0.0,0.0,1.2636184010261786e-07,2.98023217215615e-10,-0.018689393997192383,-1.0,-0.0,0.0,0.0,0.0,0.003969999961555004,-0.01750910095870495,-1.0,-0.0,0.0,0.0,0.0,4.610121322912164e-06,-0.06379090249538422,-1.0,-0.0,0.0,0.0,0.0,2.98023217215615e-10,-0.044606998562812805,-0.9995051622390747,0.03145527467131615,0.0,0.0,0.0,0.0,-0.023475991562008858,-0.9990876317024231,0.04270758107304573,0.0,0.0,0.0,0.0,-0.019651994109153748,-1.0,-0.0,0.0,0.0,-0.00711638992652297,0.0018999999156221747,-0.016959700733423233,-0.9961947202682495,-0.0,-0.08715574443340302,0.0,0.0005882433033548295,0.0,-0.060253534466028214,-0.9996573328971863,-0.0,-0.026176923885941505,0.0,-1.1086464013487785e-07,-1.490116086078075e-10,-0.04255366697907448,-0.9995051622390747,0.03145527467131615,0.0,0.0,4.5299529460862686e-08,0.0,-0.022088106721639633,-0.999065101146698,0.04323066025972366,0.0,0.0,-1.4305114426349519e-08,0.0,-0.017740696668624878,-1.0,-0.0,0.0,0.0,-0.013503500260412693,-0.0037700000684708357,-0.014087299816310406,-0.9914448857307434,-0.0,-0.13052619993686676,0.0,-0.004897483624517918,-3.8501621020259336e-06,-0.05743739381432533,-0.9986295104026794,-0.0,-0.05233589559793472,0.0,5.4836270635405526e-08,-2.98023217215615e-10,-0.03276759013533592,-0.9995716214179993,0.029269907623529434,0.0,0.0,-9.298324243900424e-08,0.0,-0.01670967973768711,-0.9991451501846313,0.041340723633766174,0.0,0.0,6.19888282926695e-08,0.0,-0.013883084990084171,-1.0,-0.0,0.0,0.0
1782948318.3865397,2026-07-01 19:25:18.386,2718.0,2718,right,0,2,open_palm,2,0.0,0.003969999961555004,-0.04999999701976776,-1.0,-0.0,0.0,0.0,0.0,0.0,0.0,-1.0,-0.0,0.0,0.0,-0.025476505979895592,-0.012044684961438179,-0.022234933450818062,-0.810554027557373,-0.1487269401550293,-0.26143431663513184,-0.5025283098220825,0.0,1.19209286886246e-09,-0.02723044343292713,-0.9998829364776611,0.015300636179745197,0.0,0.0,2.38418573772492e-09,-1.19209286886246e-09,-0.031859468668699265,-0.9999423623085022,0.010737097822129726,0.0,0.0,0.0,-3.5762786065873797e-09,-0.023122519254684448,-1.0,-0.0,0.0,0.0,-0.012360505759716034,0.0032300001475960016,-0.016998957842588425,-0.9990482330322266,-0.0,-0.04361938685178757,0.0,-0.002149570034816861,-3.8927792047616094e-06,-0.06502974033355713,-0.9999619722366333,-0.0,-0.008726464584469795,0.0,0.0,0.0,-0.03691747412085533,-0.9993493556976318,0.0360686257481575,0.0,0.0,-2.38418573772492e-09,-2.98023217215615e-10,-0.02163529396057129,-0.999281644821167,0.037897396832704544,0.0,0.0,0.0,2.98023217215615e-10,-0.01868978515267372,-1.0,-0.0,0.0,0.0,0.0,0.003969999961555004,-0.017509059980511665,-1.0,-0.0,0.0,0.0,0.0,4.611611075233668e-06,-0.0637909397482872,-1.0,-0.0,0.0,0.0,0.0,2.98023217215615e-10,-0.04460655897855759,-0.9996492862701416,0.02648334950208664,0.0,0.0,0.0,-2.98023217215615e-10,-0.02347646653652191,-0.999390184879303,0.0349179282784462,0.0,0.0,0.0,0.0,-0.019652195274829865,-1.0,-0.0,0.0,0.0,0.00711638480424881,0.0018999999156221747,-0.016959700733423233,-0.9961947202682495,-0.0,0.08715574443340302,0.0,-0.0005882382392883301,0.0,-0.060253534466028214,-0.9996573328971863,-0.0,0.026176923885941505,0.0,1.19209286886246e-09,-1.490116086078075e-10,-0.04255415499210358,-0.9995051622390747,0.03145527467131615,0.0,0.0,-2.38418573772492e-09,0.0,-0.02208789810538292,-0.999065101146698,0.04323066025972366,0.0,0.0,0.0,0.0,-0.017740869894623756,-1.0,-0.0,0.0,0.0,0.013503451831638813,-0.0037700000684708357,-0.014087309129536152,-0.9914448857307434,-0.0,0.13052619993686676,0.0,0.0048975334502756596,-3.847479547403054e-06,-0.05743739381432533,-0.9986295104026794,-0.0,0.05233589559793472,0.0,4.76837147544984e-09,-2.98023217215615e-10,-0.03276757150888443,-0.9995716214179993,0.029269907623529434,0.0,0.0,2.38418573772492e-09,0.0,-0.016709718853235245,-0.9991451501846313,0.041340723633766174,0.0,0.0,0.0,0.0,-0.01388302817940712,-1.0,-0.0,0.0,0.0
1782948318.58457,2026-07-01 19:25:18.584,16356.0,16356,left,0,1,open_palm,2,0.0,0.003969999961555004,-0.04999999701976776,-1.0,-0.0,0.0,0.0,0.0,0.0,0.0,-1.0,-0.0,0.0,0.0,0.025476500391960144,-0.012044699862599373,-0.022234899923205376,-0.809577465057373,-0.14576728641986847,0.2644490599632263,0.503391444683075,-5.7220457705398076e-08,-4.3511388270189855e-08,-0.027230437844991684,-0.9997742176055908,0.021249612793326378,0.0,0.0,3.5762786065873797e-09,6.318092005130893e-08,-0.031859491020441055,-0.9998239874839783,0.018763011321425438,0.0,0.0,2.384185648907078e-08,0.0,-0.023122519254684448,-1.0,-0.0,0.0,0.0,0.012359999120235443,0.0032300001475960016,-0.017000000923871994,-0.9990482330322266,-0.0,0.04361938685178757,0.0,0.0021501504816114902,-3.890097104886081e-06,-0.06502876430749893,-0.9999619722366333,-0.0,0.008726557716727257,0.0,-9.53674295089968e-09,-9.53674295089968e-09,-0.036917347460985184,-0.9995214939117432,0.030932152643799782,0.0,0.0,-2.8610228852699038e-08,-2.98023217215615e-10,-0.0216355137526989,-0.999514639377594,0.031153753399848938,0.0,0.0,1.2636184010261786e-07,2.98023217215615e-10,-0.018689393997192383,-1.0,-0.0,0.0,0.0,0.0,0.003969999961555004,-0.01750910095870495,-1.0,-0.0,0.0,0.0,0.0,4.610121322912164e-06,-0.06379090249538422,-1.0,-0.0,0.0,0.0,0.0,2.98023217215615e-10,-0.044606998562812805,-0.9995051622390747,0.03145527467131615,0.0,0.0,0.0,0.0,-0.023475991562008858,-0.9990876317024231,0.04270758107304573,0.0,0.0,0.0,0.0,-0.019651994109153748,-1.0,-0.0,0.0,0.0,-0.00711638992652297,0.0018999999156221747,-0.016959700733423233,-0.9961947202682495,-0.0,-0.08715574443340302,0.0,0.0005882433033548295,0.0,-0.060253534466028214,-0.9996573328971863,-0.0,-0.026176923885941505,0.0,-1.1086464013487785e-07,-1.490116086078075e-10,-0.04255366697907448,-0.9995051622390747,0.03145527467131615,0.0,0.0,4.5299529460862686e-08,0.0,-0.022088106721639633,-0.999065101146698,0.04323066025972366,0.0,0.0,-1.4305114426349519e-08,0.0,-0.017740696668624878,-1.0,-0.0,0.0,0.0,-0.013503500260412693,-0.0037700000684708357,-0.014087299816310406,-0.9914448857307434,-0.0,-0.13052619993686676,0.0,-0.004897483624517918,-3.8501621020259336e-06,-0.05743739381432533,-0.9986295104026794,-0.0,-0.05233589559793472,0.0,5.4836270635405526e-08,-2.98023217215615e-10,-0.03276759013533592,-0.9995716214179993,0.029269907623529434,0.0,0.0,-9.298324243900424e-08,0.0,-0.01670967973768711,-0.9991451501846313,0.041340723633766174,0.0,0.0,6.19888282926695e-08,0.0,-0.013883084990084171,-1.0,-0.0,0.0,0.0
1782948318.5951285,2026-07-01 19:25:18.595,2731.0,2731,right,0,2,open_palm,2,0.0,0.003969999961555004,-0.04999999701976776,-1.0,-0.0,0.0,0.0,0.0,0.0,0.0,-1.0,-0.0,0.0,0.0,-0.025476505979895592,-0.012044684961438179,-0.022234933450818062,-0.810554027557373,-0.1487269401550293,-0.26143431663513184,-0.5025283098220825,0.0,1.19209286886246e-09,-0.02723044343292713,-0.9998829364776611,0.015300636179745197,0.0,0.0,2.38418573772492e-09,-1.19209286886246e-09,-0.031859468668699265,-0.9999423623085022,0.010737097822129726,0.0,0.0,0.0,-3.5762786065873797e-09,-0.023122519254684448,-1.0,-0.0,0.0,0.0,-0.012360505759716034,0.0032300001475960016,-0.016998957842588425,-0.9990482330322266,-0.0,-0.04361938685178757,0.0,-0.002149570034816861,-3.8927792047616094e-06,-0.06502974033355713,-0.9999619722366333,-0.0,-0.008726464584469795,0.0,0.0,0.0,-0.03691747412085533,-0.9993493556976318,0.0360686257481575,0.0,0.0,-2.38418573772492e-09,-2.98023217215615e-10,-0.02163529396057129,-0.999281644821167,0.037897396832704544,0.0,0.0,0.0,2.98023217215615e-10,-0.01868978515267372,-1.0,-0.0,0.0,0.0,0.0,0.003969999961555004,-0.017509059980511665,-1.0,-0.0,0.0,0.0,0.0,4.611611075233668e-06,-0.0637909397482872,-1.0,-0.0,0.0,0.0,0.0,2.98023217215615e-10,-0.04460655897855759,-0.9996492862701416,0.02648334950208664,0.0,0.0,0.0,-2.98023217215615e-10,-0.02347646653652191,-0.999390184879303,0.0349179282784462,0.0,0.0,0.0,0.0,-0.019652195274829865,-1.0,-0.0,0.0,0.0,0.00711638480424881,0.0018999999156221747,-0.016959700733423233,-0.9961947202682495,-0.0,0.08715574443340302,0.0,-0.0005882382392883301,0.0,-0.060253534466028214,-0.9996573328971863,-0.0,0.026176923885941505,0.0,1.19209286886246e-09,-1.490116086078075e-10,-0.04255415499210358,-0.9995051622390747,0.03145527467131615,0.0,0.0,-2.38418573772492e-09,0.0,-0.02208789810538292,-0.999065101146698,0.04323066025972366,0.0,0.0,0.0,0.0,-0.017740869894623756,-1.0,-0.0,0.0,0.0,0.013503451831638813,-0.0037700000684708357,-0.014087309129536152,-0.9914448857307434,-0.0,0.13052619993686676,0.0,0.0048975334502756596,-3.847479547403054e-06,-0.05743739381432533,-0.9986295104026794,-0.0,0.05233589559793472,0.0,4.76837147544984e-09,-2.98023217215615e-10,-0.03276757150888443,-0.9995716214179993,0.029269907623529434,0.0,0.0,2.38418573772492e-09,0.0,-0.016709718853235245,-0.9991451501846313,0.041340723633766174,0.0,0.0,0.0,0.0,-0.01388302817940712,-1.0,-0.0,0.0,0.0
1782948318.7851639,2026-07-01 19:25:18.785,16357.0,16357,left,0,1,open_palm,2,0.0,0.003969999961555004,-0.04999999701976776,-1.0,-0.0,0.0,0.0,0.0,0.0,0.0,-1.0,-0.0,0.0,0.0,0.025476500391960144,-0.012044699862599373,-0.022234899923205376,-0.809577465057373,-0.14576728641986847,0.2644490599632263,0.503391444683075,-5.7220457705398076e-08,-4.3511388270189855e-08,-0.027230437844991684,-0.9997742176055908,0.021249612793326378,0.0,0.0,3.5762786065873797e-09,6.318092005130893e-08,-0.031859491020441055,-0.9998239874839783,0.018763011321425438,0.0,0.0,2.384185648907078e-08,0.0,-0.023122519254684448,-1.0,-0.0,0.0,0.0,0.012359999120235443,0.0032300001475960016,-0.017000000923871994,-0.9990482330322266,-0.0,0.04361938685178757,0.0,0.0021501504816114902,-3.890097104886081e-06,-0.06502876430749893,-0.9999619722366333,-0.0,0.008726557716727257,0.0,-9.53674295089968e-09,-9.53674295089968e-09,-0.036917347460985184,-0.9995214939117432,0.030932152643799782,0.0,0.0,-2.8610228852699038e-08,-2.98023217215615e-10,-0.0216355137526989,-0.999514639377594,0.031153753399848938,0.0,0.0,1.2636184010261786e-07,2.98023217215615e-10,-0.018689393997192383,-1.0,-0.0,0.0,0.0,0.0,0.003969999961555004,-0.01750910095870495,-1.0,-0.0,0.0,0.0,0.0,4.610121322912164e-06,-0.06379090249538422,-1.0,-0.0,0.0,0.0,0.0,2.98023217215615e-10,-0.044606998562812805,-0.9995051622390747,0.03145527467131615,0.0,0.0,0.0,0.0,-0.023475991562008858,-0.9990876317024231,0.04270758107304573,0.0,0.0,0.0,0.0,-0.019651994109153748,-1.0,-0.0,0.0,0.0,-0.00711638992652297,0.0018999999156221747,-0.016959700733423233,-0.9961947202682495,-0.0,-0.08715574443340302,0.0,0.0005882433033548295,0.0,-0.060253534466028214,-0.9996573328971863,-0.0,-0.026176923885941505,0.0,-1.1086464013487785e-07,-1.490116086078075e-10,-0.04255366697907448,-0.9995051622390747,0.03145527467131615,0.0,0.0,4.5299529460862686e-08,0.0,-0.022088106721639633,-0.999065101146698,0.04323066025972366,0.0,0.0,-1.4305114426349519e-08,0.0,-0.017740696668624878,-1.0,-0.0,0.0,0.0,-0.013503500260412693,-0.0037700000684708357,-0.014087299816310406,-0.9914448857307434,-0.0,-0.13052619993686676,0.0,-0.004897483624517918,-3.8501621020259336e-06,-0.05743739381432533,-0.9986295104026794,-0.0,-0.05233589559793472,0.0,5.4836270635405526e-08,-2.98023217215615e-10,-0.03276759013533592,-0.9995716214179993,0.029269907623529434,0.0,0.0,-9.298324243900424e-08,0.0,-0.01670967973768711,-0.9991451501846313,0.041340723633766174,0.0,0.0,6.19888282926695e-08,0.0,-0.013883084990084171,-1.0,-0.0,0.0,0.0
1782948318.8080475,2026-07-01 19:25:18.808,2743.0,2743,right,0,2,open_palm,2,0.0,0.003969999961555004,-0.04999999701976776,-1.0,-0.0,0.0,0.0,0.0,0.0,0.0,-1.0,-0.0,0.0,0.0,-0.025476505979895592,-0.012044684961438179,-0.022234933450818062,-0.810554027557373,-0.1487269401550293,-0.26143431663513184,-0.5025283098220825,0.0,1.19209286886246e-09,-0.02723044343292713,-0.9998829364776611,0.015300636179745197,0.0,0.0,2.38418573772492e-09,-1.19209286886246e-09,-0.031859468668699265,-0.9999423623085022,0.010737097822129726,0.0,0.0,0.0,-3.5762786065873797e-09,-0.023122519254684448,-1.0,-0.0,0.0,0.0,-0.012360505759716034,0.0032300001475960016,-0.016998957842588425,-0.9990482330322266,-0.0,-0.04361938685178757,0.0,-0.002149570034816861,-3.8927792047616094e-06,-0.06502974033355713,-0.9999619722366333,-0.0,-0.008726464584469795,0.0,0.0,0.0,-0.03691747412085533,-0.9993493556976318,0.0360686257481575,0.0,0.0,-2.38418573772492e-09,-2.98023217215615e-10,-0.02163529396057129,-0.999281644821167,0.037897396832704544,0.0,0.0,0.0,2.98023217215615e-10,-0.01868978515267372,-1.0,-0.0,0.0,0.0,0.0,0.003969999961555004,-0.017509059980511665,-1.0,-0.0,0.0,0.0,0.0,4.611611075233668e-06,-0.0637909397482872,-1.0,-0.0,0.0,0.0,0.0,2.98023217215615e-10,-0.04460655897855759,-0.9996492862701416,0.02648334950208664,0.0,0.0,0.0,-2.98023217215615e-10,-0.02347646653652191,-0.999390184879303,0.0349179282784462,0.0,0.0,0.0,0.0,-0.019652195274829865,-1.0,-0.0,0.0,0.0,0.00711638480424881,0.0018999999156221747,-0.016959700733423233,-0.9961947202682495,-0.0,0.08715574443340302,0.0,-0.0005882382392883301,0.0,-0.060253534466028214,-0.9996573328971863,-0.0,0.026176923885941505,0.0,1.19209286886246e-09,-1.490116086078075e-10,-0.04255415499210358,-0.9995051622390747,0.03145527467131615,0.0,0.0,-2.38418573772492e-09,0.0,-0.02208789810538292,-0.999065101146698,0.04323066025972366,0.0,0.0,0.0,0.0,-0.017740869894623756,-1.0,-0.0,0.0,0.0,0.013503451831638813,-0.0037700000684708357,-0.014087309129536152,-0.9914448857307434,-0.0,0.13052619993686676,0.0,0.0048975334502756596,-3.847479547403054e-06,-0.05743739381432533,-0.9986295104026794,-0.0,0.05233589559793472,0.0,4.76837147544984e-09,-2.98023217215615e-10,-0.03276757150888443,-0.9995716214179993,0.029269907623529434,0.0,0.0,2.38418573772492e-09,0.0,-0.016709718853235245,-0.9991451501846313,0.041340723633766174,0.0,0.0,0.0,0.0,-0.01388302817940712,-1.0,-0.0,0.0,0.0
1782948318.9853091,2026-07-01 19:25:18.985,16359.0,16359,left,0,1,open_palm,2,0.0,0.003969999961555004,-0.04999999701976776,-1.0,-0.0,0.0,0.0,0.0,0.0,0.0,-1.0,-0.0,0.0,0.0,0.025476500391960144,-0.012044699862599373,-0.022234899923205376,-0.809577465057373,-0.14576728641986847,0.2644490599632263,0.503391444683075,-5.7220457705398076e-08,-4.3511388270189855e-08,-0.027230437844991684,-0.9997742176055908,0.021249612793326378,0.0,0.0,3.5762786065873797e-09,6.318092005130893e-08,-0.031859491020441055,-0.9998239874839783,0.018763011321425438,0.0,0.0,2.384185648907078e-08,0.0,-0.023122519254684448,-1.0,-0.0,0.0,0.0,0.012359999120235443,0.0032300001475960016,-0.017000000923871994,-0.9990482330322266,-0.0,0.04361938685178757,0.0,0.0021501504816114902,-3.890097104886081e-06,-0.06502876430749893,-0.9999619722366333,-0.0,0.008726557716727257,0.0,-9.53674295089968e-09,-9.53674295089968e-09,-0.036917347460985184,-0.9995214939117432,0.030932152643799782,0.0,0.0,-2.8610228852699038e-08,-2.98023217215615e-10,-0.0216355137526989,-0.999514639377594,0.031153753399848938,0.0,0.0,1.2636184010261786e-07,2.98023217215615e-10,-0.018689393997192383,-1.0,-0.0,0.0,0.0,0.0,0.003969999961555004,-0.01750910095870495,-1.0,-0.0,0.0,0.0,0.0,4.610121322912164e-06,-0.06379090249538422,-1.0,-0.0,0.0,0.0,0.0,2.98023217215615e-10,-0.044606998562812805,-0.9995051622390747,0.03145527467131615,0.0,0.0,0.0,0.0,-0.023475991562008858,-0.9990876317024231,0.04270758107304573,0.0,0.0,0.0,0.0,-0.019651994109153748,-1.0,-0.0,0.0,0.0,-0.00711638992652297,0.0018999999156221747,-0.016959700733423233,-0.9961947202682495,-0.0,-0.08715574443340302,0.0,0.0005882433033548295,0.0,-0.060253534466028214,-0.9996573328971863,-0.0,-0.026176923885941505,0.0,-1.1086464013487785e-07,-1.490116086078075e-10,-0.04255366697907448,-0.9995051622390747,0.03145527467131615,0.0,0.0,4.5299529460862686e-08,0.0,-0.022088106721639633,-0.999065101146698,0.04323066025972366,0.0,0.0,-1.4305114426349519e-08,0.0,-0.017740696668624878,-1.0,-0.0,0.0,0.0,-0.013503500260412693,-0.0037700000684708357,-0.014087299816310406,-0.9914448857307434,-0.0,-0.13052619993686676,0.0,-0.004897483624517918,-3.8501621020259336e-06,-0.05743739381432533,-0.9986295104026794,-0.0,-0.05233589559793472,0.0,5.4836270635405526e-08,-2.98023217215615e-10,-0.03276759013533592,-0.9995716214179993,0.029269907623529434,0.0,0.0,-9.298324243900424e-08,0.0,-0.01670967973768711,-0.9991451501846313,0.041340723633766174,0.0,0.0,6.19888282926695e-08,0.0,-0.013883084990084171,-1.0,-0.0,0.0,0.0
1782948319.0085163,2026-07-01 19:25:19.008,2755.0,2755,right,0,2,open_palm,2,0.0,0.003969999961555004,-0.04999999701976776,-1.0,-0.0,0.0,0.0,0.0,0.0,0.0,-1.0,-0.0,0.0,0.0,-0.025476505979895592,-0.012044684961438179,-0.022234933450818062,-0.810554027557373,-0.1487269401550293,-0.26143431663513184,-0.5025283098220825,0.0,1.19209286886246e-09,-0.02723044343292713,-0.9998829364776611,0.015300636179745197,0.0,0.0,2.38418573772492e-09,-1.19209286886246e-09,-0.031859468668699265,-0.9999423623085022,0.010737097822129726,0.0,0.0,0.0,-3.5762786065873797e-09,-0.023122519254684448,-1.0,-0.0,0.0,0.0,-0.012360505759716034,0.0032300001475960016,-0.016998957842588425,-0.9990482330322266,-0.0,-0.04361938685178757,0.0,-0.002149570034816861,-3.8927792047616094e-06,-0.06502974033355713,-0.9999619722366333,-0.0,-0.008726464584469795,0.0,0.0,0.0,-0.03691747412085533,-0.9993493556976318,0.0360686257481575,0.0,0.0,-2.38418573772492e-09,-2.98023217215615e-10,-0.02163529396057129,-0.999281644821167,0.037897396832704544,0.0,0.0,0.0,2.98023217215615e-10,-0.01868978515267372,-1.0,-0.0,0.0,0.0,0.0,0.003969999961555004,-0.017509059980511665,-1.0,-0.0,0.0,0.0,0.0,4.611611075233668e-06,-0.0637909397482872,-1.0,-0.0,0.0,0.0,0.0,2.98023217215615e-10,-0.04460655897855759,-0.9996492862701416,0.02648334950208664,0.0,0.0,0.0,-2.98023217215615e-10,-0.02347646653652191,-0.999390184879303,0.0349179282784462,0.0,0.0,0.0,0.0,-0.019652195274829865,-1.0,-0.0,0.0,0.0,0.00711638480424881,0.0018999999156221747,-0.016959700733423233,-0.9961947202682495,-0.0,0.08715574443340302,0.0,-0.0005882382392883301,0.0,-0.060253534466028214,-0.9996573328971863,-0.0,0.026176923885941505,0.0,1.19209286886246e-09,-1.490116086078075e-10,-0.04255415499210358,-0.9995051622390747,0.03145527467131615,0.0,0.0,-2.38418573772492e-09,0.0,-0.02208789810538292,-0.999065101146698,0.04323066025972366,0.0,0.0,0.0,0.0,-0.017740869894623756,-1.0,-0.0,0.0,0.0,0.013503451831638813,-0.0037700000684708357,-0.014087309129536152,-0.9914448857307434,-0.0,0.13052619993686676,0.0,0.0048975334502756596,-3.847479547403054e-06,-0.05743739381432533,-0.9986295104026794,-0.0,0.05233589559793472,0.0,4.76837147544984e-09,-2.98023217215615e-10,-0.03276757150888443,-0.9995716214179993,0.029269907623529434,0.0,0.0,2.38418573772492e-09,0.0,-0.016709718853235245,-0.9991451501846313,0.041340723633766174,0.0,0.0,0.0,0.0,-0.01388302817940712,-1.0,-0.0,0.0,0.0
1782948319.2033045,2026-07-01 19:25:19.203,16361.0,16361,left,0,1,open_palm,2,0.0,0.003969999961555004,-0.04999999701976776,-1.0,-0.0,0.0,0.0,0.0,0.0,0.0,-1.0,-0.0,0.0,0.0,0.025476500391960144,-0.012044699862599373,-0.022234899923205376,-0.809577465057373,-0.14576728641986847,0.2644490599632263,0.503391444683075,-5.7220457705398076e-08,-4.3511388270189855e-08,-0.027230437844991684,-0.9997742176055908,0.021249612793326378,0.0,0.0,3.5762786065873797e-09,6.318092005130893e-08,-0.031859491020441055,-0.9998239874839783,0.018763011321425438,0.0,0.0,2.384185648907078e-08,0.0,-0.023122519254684448,-1.0,-0.0,0.0,0.0,0.012359999120235443,0.0032300001475960016,-0.017000000923871994,-0.9990482330322266,-0.0,0.04361938685178757,0.0,0.0021501504816114902,-3.890097104886081e-06,-0.06502876430749893,-0.9999619722366333,-0.0,0.008726557716727257,0.0,-9.53674295089968e-09,-9.53674295089968e-09,-0.036917347460985184,-0.9995214939117432,0.030932152643799782,0.0,0.0,-2.8610228852699038e-08,-2.98023217215615e-10,-0.0216355137526989,-0.999514639377594,0.031153753399848938,0.0,0.0,1.2636184010261786e-07,2.98023217215615e-10,-0.018689393997192383,-1.0,-0.0,0.0,0.0,0.0,0.003969999961555004,-0.01750910095870495,-1.0,-0.0,0.0,0.0,0.0,4.610121322912164e-06,-0.06379090249538422,-1.0,-0.0,0.0,0.0,0.0,2.98023217215615e-10,-0.044606998562812805,-0.9995051622390747,0.03145527467131615,0.0,0.0,0.0,0.0,-0.023475991562008858,-0.9990876317024231,0.04270758107304573,0.0,0.0,0.0,0.0,-0.019651994109153748,-1.0,-0.0,0.0,0.0,-0.00711638992652297,0.0018999999156221747,-0.016959700733423233,-0.9961947202682495,-0.0,-0.08715574443340302,0.0,0.0005882433033548295,0.0,-0.060253534466028214,-0.9996573328971863,-0.0,-0.026176923885941505,0.0,-1.1086464013487785e-07,-1.490116086078075e-10,-0.04255366697907448,-0.9995051622390747,0.03145527467131615,0.0,0.0,4.5299529460862686e-08,0.0,-0.022088106721639633,-0.999065101146698,0.04323066025972366,0.0,0.0,-1.4305114426349519e-08,0.0,-0.017740696668624878,-1.0,-0.0,0.0,0.0,-0.013503500260412693,-0.0037700000684708357,-0.014087299816310406,-0.9914448857307434,-0.0,-0.13052619993686676,0.0,-0.004897483624517918,-3.8501621020259336e-06,-0.05743739381432533,-0.9986295104026794,-0.0,-0.05233589559793472,0.0,5.4836270635405526e-08,-2.98023217215615e-10,-0.03276759013533592,-0.9995716214179993,0.029269907623529434,0.0,0.0,-9.298324243900424e-08,0.0,-0.01670967973768711,-0.9991451501846313,0.041340723633766174,0.0,0.0,6.19888282926695e-08,0.0,-0.013883084990084171,-1.0,-0.0,0.0,0.0
1782948319.226639,2026-07-01 19:25:19.226,2767.0,2767,right,0,2,open_palm,2,0.0,0.003969999961555004,-0.04999999701976776,-1.0,-0.0,0.0,0.0,0.0,0.0,0.0,-1.0,-0.0,0.0,0.0,-0.025476505979895592,-0.012044684961438179,-0.022234933450818062,-0.810554027557373,-0.1487269401550293,-0.26143431663513184,-0.5025283098220825,0.0,1.19209286886246e-09,-0.02723044343292713,-0.9998829364776611,0.015300636179745197,0.0,0.0,2.38418573772492e-09,-1.19209286886246e-09,-0.031859468668699265,-0.9999423623085022,0.010737097822129726,0.0,0.0,0.0,-3.5762786065873797e-09,-0.023122519254684448,-1.0,-0.0,0.0,0.0,-0.012360505759716034,0.0032300001475960016,-0.016998957842588425,-0.9990482330322266,-0.0,-0.04361938685178757,0.0,-0.002149570034816861,-3.8927792047616094e-06,-0.06502974033355713,-0.9999619722366333,-0.0,-0.008726464584469795,0.0,0.0,0.0,-0.03691747412085533,-0.9993493556976318,0.0360686257481575,0.0,0.0,-2.38418573772492e-09,-2.98023217215615e-10,-0.02163529396057129,-0.999281644821167,0.037897396832704544,0.0,0.0,0.0,2.98023217215615e-10,-0.01868978515267372,-1.0,-0.0,0.0,0.0,0.0,0.003969999961555004,-0.017509059980511665,-1.0,-0.0,0.0,0.0,0.0,4.611611075233668e-06,-0.0637909397482872,-1.0,-0.0,0.0,0.0,0.0,2.98023217215615e-10,-0.04460655897855759,-0.9996492862701416,0.02648334950208664,0.0,0.0,0.0,-2.98023217215615e-10,-0.02347646653652191,-0.999390184879303,0.0349179282784462,0.0,0.0,0.0,0.0,-0.019652195274829865,-1.0,-0.0,0.0,0.0,0.00711638480424881,0.0018999999156221747,-0.016959700733423233,-0.9961947202682495,-0.0,0.08715574443340302,0.0,-0.0005882382392883301,0.0,-0.060253534466028214,-0.9996573328971863,-0.0,0.026176923885941505,0.0,1.19209286886246e-09,-1.490116086078075e-10,-0.04255415499210358,-0.9995051622390747,0.03145527467131615,0.0,0.0,-2.38418573772492e-09,0.0,-0.02208789810538292,-0.999065101146698,0.04323066025972366,0.0,0.0,0.0,0.0,-0.017740869894623756,-1.0,-0.0,0.0,0.0,0.013503451831638813,-0.0037700000684708357,-0.014087309129536152,-0.9914448857307434,-0.0,0.13052619993686676,0.0,0.0048975334502756596,-3.847479547403054e-06,-0.05743739381432533,-0.9986295104026794,-0.0,0.05233589559793472,0.0,4.76837147544984e-09,-2.98023217215615e-10,-0.03276757150888443,-0.9995716214179993,0.029269907623529434,0.0,0.0,2.38418573772492e-09,0.0,-0.016709718853235245,-0.9991451501846313,0.041340723633766174,0.0,0.0,0.0,0.0,-0.01388302817940712,-1.0,-0.0,0.0,0.0
1782948319.4165494,2026-07-01 19:25:19.416,16363.0,16363,left,0,1,open_palm,2,0.0,0.003969999961555004,-0.04999999701976776,-1.0,-0.0,0.0,0.0,0.0,0.0,0.0,-1.0,-0.0,0.0,0.0,0.025476500391960144,-0.012044699862599373,-0.022234899923205376,-0.809577465057373,-0.14576728641986847,0.2644490599632263,0.503391444683075,-5.7220457705398076e-08,-4.3511388270189855e-08,-0.027230437844991684,-0.9997742176055908,0.021249612793326378,0.0,0.0,3.5762786065873797e-09,6.318092005130893e-08,-0.031859491020441055,-0.9998239874839783,0.018763011321425438,0.0,0.0,2.384185648907078e-08,0.0,-0.023122519254684448,-1.0,-0.0,0.0,0.0,0.012359999120235443,0.0032300001475960016,-0.017000000923871994,-0.9990482330322266,-0.0,0.04361938685178757,0.0,0.0021501504816114902,-3.890097104886081e-06,-0.06502876430749893,-0.9999619722366333,-0.0,0.008726557716727257,0.0,-9.53674295089968e-09,-9.53674295089968e-09,-0.036917347460985184,-0.9995214939117432,0.030932152643799782,0.0,0.0,-2.8610228852699038e-08,-2.98023217215615e-10,-0.0216355137526989,-0.999514639377594,0.031153753399848938,0.0,0.0,1.2636184010261786e-07,2.98023217215615e-10,-0.018689393997192383,-1.0,-0.0,0.0,0.0,0.0,0.003969999961555004,-0.01750910095870495,-1.0,-0.0,0.0,0.0,0.0,4.610121322912164e-06,-0.06379090249538422,-1.0,-0.0,0.0,0.0,0.0,2.98023217215615e-10,-0.044606998562812805,-0.9995051622390747,0.03145527467131615,0.0,0.0,0.0,0.0,-0.023475991562008858,-0.9990876317024231,0.04270758107304573,0.0,0.0,0.0,0.0,-0.019651994109153748,-1.0,-0.0,0.0,0.0,-0.00711638992652297,0.0018999999156221747,-0.016959700733423233,-0.9961947202682495,-0.0,-0.08715574443340302,0.0,0.0005882433033548295,0.0,-0.060253534466028214,-0.9996573328971863,-0.0,-0.026176923885941505,0.0,-1.1086464013487785e-07,-1.490116086078075e-10,-0.04255366697907448,-0.9995051622390747,0.03145527467131615,0.0,0.0,4.5299529460862686e-08,0.0,-0.022088106721639633,-0.999065101146698,0.04323066025972366,0.0,0.0,-1.4305114426349519e-08,0.0,-0.017740696668624878,-1.0,-0.0,0.0,0.0,-0.013503500260412693,-0.0037700000684708357,-0.014087299816310406,-0.9914448857307434,-0.0,-0.13052619993686676,0.0,-0.004897483624517918,-3.8501621020259336e-06,-0.05743739381432533,-0.9986295104026794,-0.0,-0.05233589559793472,0.0,5.4836270635405526e-08,-2.98023217215615e-10,-0.03276759013533592,-0.9995716214179993,0.029269907623529434,0.0,0.0,-9.298324243900424e-08,0.0,-0.01670967973768711,-0.9991451501846313,0.041340723633766174,0.0,0.0,6.19888282926695e-08,0.0,-0.013883084990084171,-1.0,-0.0,0.0,0.0
1782948319.4274206,2026-07-01 19:25:19.427,2781.0,2781,right,0,2,open_palm,2,0.0,0.003969999961555004,-0.04999999701976776,-1.0,-0.0,0.0,0.0,0.0,0.0,0.0,-1.0,-0.0,0.0,0.0,-0.025476505979895592,-0.012044684961438179,-0.022234933450818062,-0.810554027557373,-0.1487269401550293,-0.26143431663513184,-0.5025283098220825,0.0,1.19209286886246e-09,-0.02723044343292713,-0.9998829364776611,0.015300636179745197,0.0,0.0,2.38418573772492e-09,-1.19209286886246e-09,-0.031859468668699265,-0.9999423623085022,0.010737097822129726,0.0,0.0,0.0,-3.5762786065873797e-09,-0.023122519254684448,-1.0,-0.0,0.0,0.0,-0.012360505759716034,0.0032300001475960016,-0.016998957842588425,-0.9990482330322266,-0.0,-0.04361938685178757,0.0,-0.002149570034816861,-3.8927792047616094e-06,-0.06502974033355713,-0.9999619722366333,-0.0,-0.008726464584469795,0.0,0.0,0.0,-0.03691747412085533,-0.9993493556976318,0.0360686257481575,0.0,0.0,-2.38418573772492e-09,-2.98023217215615e-10,-0.02163529396057129,-0.999281644821167,0.037897396832704544,0.0,0.0,0.0,2.98023217215615e-10,-0.01868978515267372,-1.0,-0.0,0.0,0.0,0.0,0.003969999961555004,-0.017509059980511665,-1.0,-0.0,0.0,0.0,0.0,4.611611075233668e-06,-0.0637909397482872,-1.0,-0.0,0.0,0.0,0.0,2.98023217215615e-10,-0.04460655897855759,-0.9997645020484924,0.021701166406273842,0.0,0.0,0.0,-2.98023217215615e-10,-0.02347646653652191,-0.9996194243431091,0.027587557211518288,0.0,0.0,0.0,0.0,-0.019652195274829865,-1.0,-0.0,0.0,0.0,0.00711638480424881,0.0018999999156221747,-0.016959700733423233,-0.9961947202682495,-0.0,0.08715574443340302,0.0,-0.0005882382392883301,0.0,-0.060253534466028214,-0.9996573328971863,-0.0,0.026176923885941505,0.0,1.19209286886246e-09,-1.490116086078075e-10,-0.04255415499210358,-0.9995051622390747,0.03145527467131615,0.0,0.0,-2.38418573772492e-09,0.0,-0.02208789810538292,-0.999065101146698,0.04323066025972366,0.0,0.0,0.0,0.0,-0.017740869894623756,-1.0,-0.0,0.0,0.0,0.013503451831638813,-0.0037700000684708357,-0.014087309129536152,-0.9914448857307434,-0.0,0.13052619993686676,0.0,0.0048975334502756596,-3.847479547403054e-06,-0.05743739381432533,-0.9986295104026794,-0.0,0.05233589559793472,0.0,4.76837147544984e-09,-2.98023217215615e-10,-0.03276757150888443,-0.9995716214179993,0.029269907623529434,0.0,0.0,2.38418573772492e-09,0.0,-0.016709718853235245,-0.9991451501846313,0.041340723633766174,0.0,0.0,0.0,0.0,-0.01388302817940712,-1.0,-0.0,0.0,0.0
1782948319.6241934,2026-07-01 19:25:19.624,16364.0,16364,left,0,1,open_palm,2,0.0,0.003969999961555004,-0.04999999701976776,-1.0,-0.0,0.0,0.0,0.0,0.0,0.0,-1.0,-0.0,0.0,0.0,0.025476500391960144,-0.012044699862599373,-0.022234899923205376,-0.809577465057373,-0.14576728641986847,0.2644490599632263,0.503391444683075,-5.7220457705398076e-08,-4.3511388270189855e-08,-0.027230437844991684,-0.9997742176055908,0.021249612793326378,0.0,0.0,3.5762786065873797e-09,6.318092005130893e-08,-0.031859491020441055,-0.9998239874839783,0.018763011321425438,0.0,0.0,2.384185648907078e-08,0.0,-0.023122519254684448,-1.0,-0.0,0.0,0.0,0.012359999120235443,0.0032300001475960016,-0.017000000923871994,-0.9990482330322266,-0.0,0.04361938685178757,0.0,0.0021501504816114902,-3.890097104886081e-06,-0.06502876430749893,-0.9999619722366333,-0.0,0.008726557716727257,0.0,-9.53674295089968e-09,-9.53674295089968e-09,-0.036917347460985184,-0.9995214939117432,0.030932152643799782,0.0,0.0,-2.8610228852699038e-08,-2.98023217215615e-10,-0.0216355137526989,-0.999514639377594,0.031153753399848938,0.0,0.0,1.2636184010261786e-07,2.98023217215615e-10,-0.018689393997192383,-1.0,-0.0,0.0,0.0,0.0,0.003969999961555004,-0.01750910095870495,-1.0,-0.0,0.0,0.0,0.0,4.610121322912164e-06,-0.06379090249538422,-1.0,-0.0,0.0,0.0,0.0,2.98023217215615e-10,-0.044606998562812805,-0.9995051622390747,0.03145527467131615,0.0,0.0,0.0,0.0,-0.023475991562008858,-0.9990876317024231,0.04270758107304573,0.0,0.0,0.0,0.0,-0.019651994109153748,-1.0,-0.0,0.0,0.0,-0.00711638992652297,0.0018999999156221747,-0.016959700733423233,-0.9961947202682495,-0.0,-0.08715574443340302,0.0,0.0005882433033548295,0.0,-0.060253534466028214,-0.9996573328971863,-0.0,-0.026176923885941505,0.0,-1.1086464013487785e-07,-1.490116086078075e-10,-0.04255366697907448,-0.9995051622390747,0.03145527467131615,0.0,0.0,4.5299529460862686e-08,0.0,-0.022088106721639633,-0.999065101146698,0.04323066025972366,0.0,0.0,-1.4305114426349519e-08,0.0,-0.017740696668624878,-1.0,-0.0,0.0,0.0,-0.013503500260412693,-0.0037700000684708357,-0.014087299816310406,-0.9914448857307434,-0.0,-0.13052619993686676,0.0,-0.004897483624517918,-3.8501621020259336e-06,-0.05743739381432533,-0.9986295104026794,-0.0,-0.05233589559793472,0.0,5.4836270635405526e-08,-2.98023217215615e-10,-0.03276759013533592,-0.9995716214179993,0.029269907623529434,0.0,0.0,-9.298324243900424e-08,0.0,-0.01670967973768711,-0.9991451501846313,0.041340723633766174,0.0,0.0,6.19888282926695e-08,0.0,-0.013883084990084171,-1.0,-0.0,0.0,0.0
1782948319.628987,2026-07-01 19:25:19.628,2792.0,2792,right,0,2,open_palm,2,0.0,0.003969999961555004,-0.04999999701976776,-1.0,-0.0,0.0,0.0,0.0,0.0,0.0,-1.0,-0.0,0.0,0.0,-0.025476505979895592,-0.012044684961438179,-0.022234933450818062,-0.810554027557373,-0.1487269401550293,-0.26143431663513184,-0.5025283098220825,0.0,1.19209286886246e-09,-0.02723044343292713,-0.9998829364776611,0.015300636179745197,0.0,0.0,2.38418573772492e-09,-1.19209286886246e-09,-0.031859468668699265,-0.9999423623085022,0.010737097822129726,0.0,0.0,0.0,-3.5762786065873797e-09,-0.023122519254684448,-1.0,-0.0,0.0,0.0,-0.012360505759716034,0.0032300001475960016,-0.016998957842588425,-0.9990482330322266,-0.0,-0.04361938685178757,0.0,-0.002149570034816861,-3.8927792047616094e-06,-0.06502974033355713,-0.9999619722366333,-0.0,-0.008726464584469795,0.0,0.0,0.0,-0.03691747412085533,-0.9993493556976318,0.0360686257481575,0.0,0.0,-2.38418573772492e-09,-2.98023217215615e-10,-0.02163529396057129,-0.999281644821167,0.037897396832704544,0.0,0.0,0.0,2.98023217215615e-10,-0.01868978515267372,-1.0,-0.0,0.0,0.0,0.0,0.003969999961555004,-0.017509059980511665,-1.0,-0.0,0.0,0.0,0.0,4.611611075233668e-06,-0.0637909397482872,-1.0,-0.0,0.0,0.0,0.0,2.98023217215615e-10,-0.04460655897855759,-0.9997645020484924,0.021701166406273842,0.0,0.0,0.0,-2.98023217215615e-10,-0.02347646653652191,-0.9996194243431091,0.027587557211518288,0.0,0.0,0.0,0.0,-0.019652195274829865,-1.0,-0.0,0.0,0.0,0.00711638480424881,0.0018999999156221747,-0.016959700733423233,-0.9961947202682495,-0.0,0.08715574443340302,0.0,-0.0005882382392883301,0.0,-0.060253534466028214,-0.9996573328971863,-0.0,0.026176923885941505,0.0,1.19209286886246e-09,-1.490116086078075e-10,-0.04255415499210358,-0.9995051622390747,0.03145527467131615,0.0,0.0,-2.38418573772492e-09,0.0,-0.02208789810538292,-0.999065101146698,0.04323066025972366,0.0,0.0,0.0,0.0,-0.017740869894623756,-1.0,-0.0,0.0,0.0,0.013503451831638813,-0.0037700000684708357,-0.014087309129536152,-0.9914448857307434,-0.0,0.13052619993686676,0.0,0.0048975334502756596,-3.847479547403054e-06,-0.05743739381432533,-0.9986295104026794,-0.0,0.05233589559793472,0.0,4.76837147544984e-09,-2.98023217215615e-10,-0.03276757150888443,-0.9995716214179993,0.029269907623529434,0.0,0.0,2.38418573772492e-09,0.0,-0.016709718853235245,-0.9991451501846313,0.041340723633766174,0.0,0.0,0.0,0.0,-0.01388302817940712,-1.0,-0.0,0.0,0.0
1782948319.833979,2026-07-01 19:25:19.833,16366.0,16366,left,0,1,open_palm,2,0.0,0.003969999961555004,-0.04999999701976776,-1.0,-0.0,0.0,0.0,0.0,0.0,0.0,-1.0,-0.0,0.0,0.0,0.025476500391960144,-0.012044699862599373,-0.022234899923205376,-0.809577465057373,-0.14576728641986847,0.2644490599632263,0.503391444683075,-5.7220457705398076e-08,-4.3511388270189855e-08,-0.027230437844991684,-0.9997742176055908,0.021249612793326378,0.0,0.0,3.5762786065873797e-09,6.318092005130893e-08,-0.031859491020441055,-0.9998239874839783,0.018763011321425438,0.0,0.0,2.384185648907078e-08,0.0,-0.023122519254684448,-1.0,-0.0,0.0,0.0,0.012359999120235443,0.0032300001475960016,-0.017000000923871994,-0.9990482330322266,-0.0,0.04361938685178757,0.0,0.0021501504816114902,-3.890097104886081e-06,-0.06502876430749893,-0.9999619722366333,-0.0,0.008726557716727257,0.0,-9.53674295089968e-09,-9.53674295089968e-09,-0.036917347460985184,-0.9995214939117432,0.030932152643799782,0.0,0.0,-2.8610228852699038e-08,-2.98023217215615e-10,-0.0216355137526989,-0.999514639377594,0.031153753399848938,0.0,0.0,1.2636184010261786e-07,2.98023217215615e-10,-0.018689393997192383,-1.0,-0.0,0.0,0.0,0.0,0.003969999961555004,-0.01750910095870495,-1.0,-0.0,0.0,0.0,0.0,4.610121322912164e-06,-0.06379090249538422,-1.0,-0.0,0.0,0.0,0.0,2.98023217215615e-10,-0.044606998562812805,-0.9995051622390747,0.03145527467131615,0.0,0.0,0.0,0.0,-0.023475991562008858,-0.9990876317024231,0.04270758107304573,0.0,0.0,0.0,0.0,-0.019651994109153748,-1.0,-0.0,0.0,0.0,-0.00711638992652297,0.0018999999156221747,-0.016959700733423233,-0.9961947202682495,-0.0,-0.08715574443340302,0.0,0.0005882433033548295,0.0,-0.060253534466028214,-0.9996573328971863,-0.0,-0.026176923885941505,0.0,-1.1086464013487785e-07,-1.490116086078075e-10,-0.04255366697907448,-0.9995051622390747,0.03145527467131615,0.0,0.0,4.5299529460862686e-08,0.0,-0.022088106721639633,-0.999065101146698,0.04323066025972366,0.0,0.0,-1.4305114426349519e-08,0.0,-0.017740696668624878,-1.0,-0.0,0.0,0.0,-0.013503500260412693,-0.0037700000684708357,-0.014087299816310406,-0.9914448857307434,-0.0,-0.13052619993686676,0.0,-0.004897483624517918,-3.8501621020259336e-06,-0.05743739381432533,-0.9986295104026794,-0.0,-0.05233589559793472,0.0,5.4836270635405526e-08,-2.98023217215615e-10,-0.03276759013533592,-0.9995716214179993,0.029269907623529434,0.0,0.0,-9.298324243900424e-08,0.0,-0.01670967973768711,-0.9991451501846313,0.041340723633766174,0.0,0.0,6.19888282926695e-08,0.0,-0.013883084990084171,-1.0,-0.0,0.0,0.0
1782948319.8356812,2026-07-01 19:25:19.835,2803.0,2803,right,0,2,open_palm,2,0.0,0.003969999961555004,-0.04999999701976776,-1.0,-0.0,0.0,0.0,0.0,0.0,0.0,-1.0,-0.0,0.0,0.0,-0.025476505979895592,-0.012044684961438179,-0.022234933450818062,-0.810554027557373,-0.1487269401550293,-0.26143431663513184,-0.5025283098220825,0.0,1.19209286886246e-09,-0.02723044343292713,-0.9998829364776611,0.015300636179745197,0.0,0.0,2.38418573772492e-09,-1.19209286886246e-09,-0.031859468668699265,-0.9999423623085022,0.010737097822129726,0.0,0.0,0.0,-3.5762786065873797e-09,-0.023122519254684448,-1.0,-0.0,0.0,0.0,-0.012360505759716034,0.0032300001475960016,-0.016998957842588425,-0.9990482330322266,-0.0,-0.04361938685178757,0.0,-0.002149570034816861,-3.8927792047616094e-06,-0.06502974033355713,-0.9999619722366333,-0.0,-0.008726464584469795,0.0,0.0,0.0,-0.03691747412085533,-0.9993493556976318,0.0360686257481575,0.0,0.0,-2.38418573772492e-09,-2.98023217215615e-10,-0.02163529396057129,-0.999281644821167,0.037897396832704544,0.0,0.0,0.0,2.98023217215615e-10,-0.01868978515267372,-1.0,-0.0,0.0,0.0,0.0,0.003969999961555004,-0.017509059980511665,-1.0,-0.0,0.0,0.0,0.0,4.611611075233668e-06,-0.0637909397482872,-1.0,-0.0,0.0,0.0,0.0,2.98023217215615e-10,-0.04460655897855759,-0.9997645020484924,0.021701166406273842,0.0,0.0,0.0,-2.98023217215615e-10,-0.02347646653652191,-0.9996194243431091,0.027587557211518288,0.0,0.0,0.0,0.0,-0.019652195274829865,-1.0,-0.0,0.0,0.0,0.00711638480424881,0.0018999999156221747,-0.016959700733423233,-0.9961947202682495,-0.0,0.08715574443340302,0.0,-0.0005882382392883301,0.0,-0.060253534466028214,-0.9996573328971863,-0.0,0.026176923885941505,0.0,1.19209286886246e-09,-1.490116086078075e-10,-0.04255415499210358,-0.9995051622390747,0.03145527467131615,0.0,0.0,-2.38418573772492e-09,0.0,-0.02208789810538292,-0.999065101146698,0.04323066025972366,0.0,0.0,0.0,0.0,-0.017740869894623756,-1.0,-0.0,0.0,0.0,0.013503451831638813,-0.0037700000684708357,-0.014087309129536152,-0.9914448857307434,-0.0,0.13052619993686676,0.0,0.0048975334502756596,-3.847479547403054e-06,-0.05743739381432533,-0.9986295104026794,-0.0,0.05233589559793472,0.0,4.76837147544984e-09,-2.98023217215615e-10,-0.03276757150888443,-0.9995716214179993,0.029269907623529434,0.0,0.0,2.38418573772492e-09,0.0,-0.016709718853235245,-0.9991451501846313,0.041340723633766174,0.0,0.0,0.0,0.0,-0.01388302817940712,-1.0,-0.0,0.0,0.0
1782948320.0448027,2026-07-01 19:25:20.044,16368.0,16368,left,0,1,open_palm,2,0.0,0.003969999961555004,-0.04999999701976776,-1.0,-0.0,0.0,0.0,0.0,0.0,0.0,-1.0,-0.0,0.0,0.0,0.025476500391960144,-0.012044699862599373,-0.022234899923205376,-0.809577465057373,-0.14576728641986847,0.2644490599632263,0.503391444683075,-5.7220457705398076e-08,-4.3511388270189855e-08,-0.027230437844991684,-0.9997742176055908,0.021249612793326378,0.0,0.0,3.5762786065873797e-09,6.318092005130893e-08,-0.031859491020441055,-0.9998239874839783,0.018763011321425438,0.0,0.0,2.384185648907078e-08,0.0,-0.023122519254684448,-1.0,-0.0,0.0,0.0,0.012359999120235443,0.0032300001475960016,-0.017000000923871994,-0.9990482330322266,-0.0,0.04361938685178757,0.0,0.0021501504816114902,-3.890097104886081e-06,-0.06502876430749893,-0.9999619722366333,-0.0,0.008726557716727257,0.0,-9.53674295089968e-09,-9.53674295089968e-09,-0.036917347460985184,-0.9995214939117432,0.030932152643799782,0.0,0.0,-2.8610228852699038e-08,-2.98023217215615e-10,-0.0216355137526989,-0.999514639377594,0.031153753399848938,0.0,0.0,1.2636184010261786e-07,2.98023217215615e-10,-0.018689393997192383,-1.0,-0.0,0.0,0.0,0.0,0.003969999961555004,-0.01750910095870495,-1.0,-0.0,0.0,0.0,0.0,4.610121322912164e-06,-0.06379090249538422,-1.0,-0.0,0.0,0.0,0.0,2.98023217215615e-10,-0.044606998562812805,-0.9995051622390747,0.03145527467131615,0.0,0.0,0.0,0.0,-0.023475991562008858,-0.9990876317024231,0.04270758107304573,0.0,0.0,0.0,0.0,-0.019651994109153748,-1.0,-0.0,0.0,0.0,-0.00711638992652297,0.0018999999156221747,-0.016959700733423233,-0.9961947202682495,-0.0,-0.08715574443340302,0.0,0.0005882433033548295,0.0,-0.060253534466028214,-0.9996573328971863,-0.0,-0.026176923885941505,0.0,-1.1086464013487785e-07,-1.490116086078075e-10,-0.04255366697907448,-0.9995051622390747,0.03145527467131615,0.0,0.0,4.5299529460862686e-08,0.0,-0.022088106721639633,-0.999065101146698,0.04323066025972366,0.0,0.0,-1.4305114426349519e-08,0.0,-0.017740696668624878,-1.0,-0.0,0.0,0.0,-0.013503500260412693,-0.0037700000684708357,-0.014087299816310406,-0.9914448857307434,-0.0,-0.13052619993686676,0.0,-0.004897483624517918,-3.8501621020259336e-06,-0.05743739381432533,-0.9986295104026794,-0.0,-0.05233589559793472,0.0,5.4836270635405526e-08,-2.98023217215615e-10,-0.03276759013533592,-0.9995716214179993,0.029269907623529434,0.0,0.0,-9.298324243900424e-08,0.0,-0.01670967973768711,-0.9991451501846313,0.041340723633766174,0.0,0.0,6.19888282926695e-08,0.0,-0.013883084990084171,-1.0,-0.0,0.0,0.0
1782948320.057553,2026-07-01 19:25:20.057,2817.0,2817,right,0,2,open_palm,2,0.0,0.003969999961555004,-0.04999999701976776,-1.0,-0.0,0.0,0.0,0.0,0.0,0.0,-1.0,-0.0,0.0,0.0,-0.025476505979895592,-0.012044684961438179,-0.022234933450818062,-0.810554027557373,-0.1487269401550293,-0.26143431663513184,-0.5025283098220825,0.0,1.19209286886246e-09,-0.02723044343292713,-0.9998829364776611,0.015300636179745197,0.0,0.0,2.38418573772492e-09,-1.19209286886246e-09,-0.031859468668699265,-0.9999423623085022,0.010737097822129726,0.0,0.0,0.0,-3.5762786065873797e-09,-0.023122519254684448,-1.0,-0.0,0.0,0.0,-0.012360505759716034,0.0032300001475960016,-0.016998957842588425,-0.9990482330322266,-0.0,-0.04361938685178757,0.0,-0.002149570034816861,-3.8927792047616094e-06,-0.06502974033355713,-0.9999619722366333,-0.0,-0.008726464584469795,0.0,0.0,0.0,-0.03691747412085533,-0.9993493556976318,0.0360686257481575,0.0,0.0,-2.38418573772492e-09,-2.98023217215615e-10,-0.02163529396057129,-0.999281644821167,0.037897396832704544,0.0,0.0,0.0,2.98023217215615e-10,-0.01868978515267372,-1.0,-0.0,0.0,0.0,0.0,0.003969999961555004,-0.017509059980511665,-1.0,-0.0,0.0,0.0,0.0,4.611611075233668e-06,-0.0637909397482872,-1.0,-0.0,0.0,0.0,0.0,2.98023217215615e-10,-0.04460655897855759,-0.9996492862701416,0.02648334950208664,0.0,0.0,0.0,-2.98023217215615e-10,-0.02347646653652191,-0.999390184879303,0.0349179282784462,0.0,0.0,0.0,0.0,-0.019652195274829865,-1.0,-0.0,0.0,0.0,0.00711638480424881,0.0018999999156221747,-0.016959700733423233,-0.9961947202682495,-0.0,0.08715574443340302,0.0,-0.0005882382392883301,0.0,-0.060253534466028214,-0.9996573328971863,-0.0,0.026176923885941505,0.0,1.19209286886246e-09,-1.490116086078075e-10,-0.04255415499210358,-0.9995051622390747,0.03145527467131615,0.0,0.0,-2.38418573772492e-09,0.0,-0.02208789810538292,-0.999065101146698,0.04323066025972366,0.0,0.0,0.0,0.0,-0.017740869894623756,-1.0,-0.0,0.0,0.0,0.013503451831638813,-0.0037700000684708357,-0.014087309129536152,-0.9914448857307434,-0.0,0.13052619993686676,0.0,0.0048975334502756596,-3.847479547403054e-06,-0.05743739381432533,-0.9986295104026794,-0.0,0.05233589559793472,0.0,4.76837147544984e-09,-2.98023217215615e-10,-0.03276757150888443,-0.9988899827003479,0.04710528254508972,0.0,0.0,2.38418573772492e-09,0.0,-0.016709718853235245,-0.9975409507751465,0.07008709013462067,0.0,0.0,0.0,0.0,-0.01388302817940712,-1.0,-0.0,0.0,0.0
1782948320.2630162,2026-07-01 19:25:20.263,16370.0,16370,left,0,1,open_palm,2,0.0,0.003969999961555004,-0.04999999701976776,-1.0,-0.0,0.0,0.0,0.0,0.0,0.0,-1.0,-0.0,0.0,0.0,0.025476500391960144,-0.012044699862599373,-0.022234899923205376,-0.809577465057373,-0.14576728641986847,0.2644490599632263,0.503391444683075,-5.7220457705398076e-08,-4.3511388270189855e-08,-0.027230437844991684,-0.9997742176055908,0.021249612793326378,0.0,0.0,3.5762786065873797e-09,6.318092005130893e-08,-0.031859491020441055,-0.9998239874839783,0.018763011321425438,0.0,0.0,2.384185648907078e-08,0.0,-0.023122519254684448,-1.0,-0.0,0.0,0.0,0.012359999120235443,0.0032300001475960016,-0.017000000923871994,-0.9990482330322266,-0.0,0.04361938685178757,0.0,0.0021501504816114902,-3.890097104886081e-06,-0.06502876430749893,-0.9999619722366333,-0.0,0.008726557716727257,0.0,-9.53674295089968e-09,-9.53674295089968e-09,-0.036917347460985184,-0.9995214939117432,0.030932152643799782,0.0,0.0,-2.8610228852699038e-08,-2.98023217215615e-10,-0.0216355137526989,-0.999514639377594,0.031153753399848938,0.0,0.0,1.2636184010261786e-07,2.98023217215615e-10,-0.018689393997192383,-1.0,-0.0,0.0,0.0,0.0,0.003969999961555004,-0.01750910095870495,-1.0,-0.0,0.0,0.0,0.0,4.610121322912164e-06,-0.06379090249538422,-1.0,-0.0,0.0,0.0,0.0,2.98023217215615e-10,-0.044606998562812805,-0.9995051622390747,0.03145527467131615,0.0,0.0,0.0,0.0,-0.023475991562008858,-0.9990876317024231,0.04270758107304573,0.0,0.0,0.0,0.0,-0.019651994109153748,-1.0,-0.0,0.0,0.0,-0.00711638992652297,0.0018999999156221747,-0.016959700733423233,-0.9961947202682495,-0.0,-0.08715574443340302,0.0,0.0005882433033548295,0.0,-0.060253534466028214,-0.9996573328971863,-0.0,-0.026176923885941505,0.0,-1.1086464013487785e-07,-1.490116086078075e-10,-0.04255366697907448,-0.9995051622390747,0.03145527467131615,0.0,0.0,4.5299529460862686e-08,0.0,-0.022088106721639633,-0.999065101146698,0.04323066025972366,0.0,0.0,-1.4305114426349519e-08,0.0,-0.017740696668624878,-1.0,-0.0,0.0,0.0,-0.013503500260412693,-0.0037700000684708357,-0.014087299816310406,-0.9914448857307434,-0.0,-0.13052619993686676,0.0,-0.004897483624517918,-3.8501621020259336e-06,-0.05743739381432533,-0.9986295104026794,-0.0,-0.05233589559793472,0.0,5.4836270635405526e-08,-2.98023217215615e-10,-0.03276759013533592,-0.9995716214179993,0.029269907623529434,0.0,0.0,-9.298324243900424e-08,0.0,-0.01670967973768711,-0.9991451501846313,0.041340723633766174,0.0,0.0,6.19888282926695e-08,0.0,-0.013883084990084171,-1.0,-0.0,0.0,0.0
1782948320.2767692,2026-07-01 19:25:20.276,2830.0,2830,right,0,2,open_palm,2,0.0,0.003969999961555004,-0.04999999701976776,-1.0,-0.0,0.0,0.0,0.0,0.0,0.0,-1.0,-0.0,0.0,0.0,-0.025476505979895592,-0.012044684961438179,-0.022234933450818062,-0.810554027557373,-0.1487269401550293,-0.26143431663513184,-0.5025283098220825,0.0,1.19209286886246e-09,-0.02723044343292713,-0.9998829364776611,0.015300636179745197,0.0,0.0,2.38418573772492e-09,-1.19209286886246e-09,-0.031859468668699265,-0.9999423623085022,0.010737097822129726,0.0,0.0,0.0,-3.5762786065873797e-09,-0.023122519254684448,-1.0,-0.0,0.0,0.0,-0.012360505759716034,0.0032300001475960016,-0.016998957842588425,-0.9990482330322266,-0.0,-0.04361938685178757,0.0,-0.002149570034816861,-3.8927792047616094e-06,-0.06502974033355713,-0.9999619722366333,-0.0,-0.008726464584469795,0.0,0.0,0.0,-0.03691747412085533,-0.9993493556976318,0.0360686257481575,0.0,0.0,-2.38418573772492e-09,-2.98023217215615e-10,-0.02163529396057129,-0.999281644821167,0.037897396832704544,0.0,0.0,0.0,2.98023217215615e-10,-0.01868978515267372,-1.0,-0.0,0.0,0.0,0.0,0.003969999961555004,-0.017509059980511665,-1.0,-0.0,0.0,0.0,0.0,4.611611075233668e-06,-0.0637909397482872,-1.0,-0.0,0.0,0.0,0.0,2.98023217215615e-10,-0.04460655897855759,-0.9996492862701416,0.02648334950208664,0.0,0.0,0.0,-2.98023217215615e-10,-0.02347646653652191,-0.999390184879303,0.0349179282784462,0.0,0.0,0.0,0.0,-0.019652195274829865,-1.0,-0.0,0.0,0.0,0.00711638480424881,0.0018999999156221747,-0.016959700733423233,-0.9961947202682495,-0.0,0.08715574443340302,0.0,-0.0005882382392883301,0.0,-0.060253534466028214,-0.9996573328971863,-0.0,0.026176923885941505,0.0,1.19209286886246e-09,-1.490116086078075e-10,-0.04255415499210358,-0.9995051622390747,0.03145527467131615,0.0,0.0,-2.38418573772492e-09,0.0,-0.02208789810538292,-0.999065101146698,0.04323066025972366,0.0,0.0,0.0,0.0,-0.017740869894623756,-1.0,-0.0,0.0,0.0,0.013503451831638813,-0.0037700000684708357,-0.014087309129536152,-0.9914448857307434,-0.0,0.13052619993686676,0.0,0.0048975334502756596,-3.847479547403054e-06,-0.05743739381432533,-0.9986295104026794,-0.0,0.05233589559793472,0.0,4.76837147544984e-09,-2.98023217215615e-10,-0.03276757150888443,-0.9988899827003479,0.04710528254508972,0.0,0.0,2.38418573772492e-09,0.0,-0.016709718853235245,-0.9975409507751465,0.07008709013462067,0.0,0.0,0.0,0.0,-0.01388302817940712,-1.0,-0.0,0.0,0.0
1782948320.4707599,2026-07-01 19:25:20.470,16371.0,16371,left,0,1,open_palm,2,0.0,0.003969999961555004,-0.04999999701976776,-1.0,-0.0,0.0,0.0,0.0,0.0,0.0,-1.0,-0.0,0.0,0.0,0.025476500391960144,-0.012044699862599373,-0.022234899923205376,-0.809577465057373,-0.14576728641986847,0.2644490599632263,0.503391444683075,-5.7220457705398076e-08,-4.3511388270189855e-08,-0.027230437844991684,-0.9997742176055908,0.021249612793326378,0.0,0.0,3.5762786065873797e-09,6.318092005130893e-08,-0.031859491020441055,-0.9998239874839783,0.018763011321425438,0.0,0.0,2.384185648907078e-08,0.0,-0.023122519254684448,-1.0,-0.0,0.0,0.0,0.012359999120235443,0.0032300001475960016,-0.017000000923871994,-0.9990482330322266,-0.0,0.04361938685178757,0.0,0.0021501504816114902,-3.890097104886081e-06,-0.06502876430749893,-0.9999619722366333,-0.0,0.008726557716727257,0.0,-9.53674295089968e-09,-9.53674295089968e-09,-0.036917347460985184,-0.9995214939117432,0.030932152643799782,0.0,0.0,-2.8610228852699038e-08,-2.98023217215615e-10,-0.0216355137526989,-0.999514639377594,0.031153753399848938,0.0,0.0,1.2636184010261786e-07,2.98023217215615e-10,-0.018689393997192383,-1.0,-0.0,0.0,0.0,0.0,0.003969999961555004,-0.01750910095870495,-1.0,-0.0,0.0,0.0,0.0,4.610121322912164e-06,-0.06379090249538422,-1.0,-0.0,0.0,0.0,0.0,2.98023217215615e-10,-0.044606998562812805,-0.9995051622390747,0.03145527467131615,0.0,0.0,0.0,0.0,-0.023475991562008858,-0.9990876317024231,0.04270758107304573,0.0,0.0,0.0,0.0,-0.019651994109153748,-1.0,-0.0,0.0,0.0,-0.00711638992652297,0.0018999999156221747,-0.016959700733423233,-0.9961947202682495,-0.0,-0.08715574443340302,0.0,0.0005882433033548295,0.0,-0.060253534466028214,-0.9996573328971863,-0.0,-0.026176923885941505,0.0,-1.1086464013487785e-07,-1.490116086078075e-10,-0.04255366697907448,-0.9995051622390747,0.03145527467131615,0.0,0.0,4.5299529460862686e-08,0.0,-0.022088106721639633,-0.999065101146698,0.04323066025972366,0.0,0.0,-1.4305114426349519e-08,0.0,-0.017740696668624878,-1.0,-0.0,0.0,0.0,-0.013503500260412693,-0.0037700000684708357,-0.014087299816310406,-0.9914448857307434,-0.0,-0.13052619993686676,0.0,-0.004897483624517918,-3.8501621020259336e-06,-0.05743739381432533,-0.9986295104026794,-0.0,-0.05233589559793472,0.0,5.4836270635405526e-08,-2.98023217215615e-10,-0.03276759013533592,-0.9995716214179993,0.029269907623529434,0.0,0.0,-9.298324243900424e-08,0.0,-0.01670967973768711,-0.9991451501846313,0.041340723633766174,0.0,0.0,6.19888282926695e-08,0.0,-0.013883084990084171,-1.0,-0.0,0.0,0.0
1782948320.5034292,2026-07-01 19:25:20.503,2844.0,2844,right,0,2,open_palm,2,0.0,0.003969999961555004,-0.04999999701976776,-1.0,-0.0,0.0,0.0,0.0,0.0,0.0,-1.0,-0.0,0.0,0.0,-0.025476505979895592,-0.012044684961438179,-0.022234933450818062,-0.810554027557373,-0.1487269401550293,-0.26143431663513184,-0.5025283098220825,0.0,1.19209286886246e-09,-0.02723044343292713,-0.9998829364776611,0.015300636179745197,0.0,0.0,2.38418573772492e-09,-1.19209286886246e-09,-0.031859468668699265,-0.9999423623085022,0.010737097822129726,0.0,0.0,0.0,-3.5762786065873797e-09,-0.023122519254684448,-1.0,-0.0,0.0,0.0,-0.012360505759716034,0.0032300001475960016,-0.016998957842588425,-0.9990482330322266,-0.0,-0.04361938685178757,0.0,-0.002149570034816861,-3.8927792047616094e-06,-0.06502974033355713,-0.9999619722366333,-0.0,-0.008726464584469795,0.0,0.0,0.0,-0.03691747412085533,-0.9993493556976318,0.0360686257481575,0.0,0.0,-2.38418573772492e-09,-2.98023217215615e-10,-0.02163529396057129,-0.999281644821167,0.037897396832704544,0.0,0.0,0.0,2.98023217215615e-10,-0.01868978515267372,-1.0,-0.0,0.0,0.0,0.0,0.003969999961555004,-0.017509059980511665,-1.0,-0.0,0.0,0.0,0.0,4.611611075233668e-06,-0.0637909397482872,-1.0,-0.0,0.0,0.0,0.0,2.98023217215615e-10,-0.04460655897855759,-0.9996492862701416,0.02648334950208664,0.0,0.0,0.0,-2.98023217215615e-10,-0.02347646653652191,-0.999390184879303,0.0349179282784462,0.0,0.0,0.0,0.0,-0.019652195274829865,-1.0,-0.0,0.0,0.0,0.00711638480424881,0.0018999999156221747,-0.016959700733423233,-0.9961947202682495,-0.0,0.08715574443340302,0.0,-0.0005882382392883301,0.0,-0.060253534466028214,-0.9996573328971863,-0.0,0.026176923885941505,0.0,1.19209286886246e-09,-1.490116086078075e-10,-0.04255415499210358,-0.9995051622390747,0.03145527467131615,0.0,0.0,-2.38418573772492e-09,0.0,-0.02208789810538292,-0.999065101146698,0.04323066025972366,0.0,0.0,0.0,0.0,-0.017740869894623756,-1.0,-0.0,0.0,0.0,0.013503451831638813,-0.0037700000684708357,-0.014087309129536152,-0.9914448857307434,-0.0,0.13052619993686676,0.0,0.0048975334502756596,-3.847479547403054e-06,-0.05743739381432533,-0.9986295104026794,-0.0,0.05233589559793472,0.0,4.76837147544984e-09,-2.98023217215615e-10,-0.03276757150888443,-0.9988899827003479,0.04710528254508972,0.0,0.0,2.38418573772492e-09,0.0,-0.016709718853235245,-0.9975409507751465,0.07008709013462067,0.0,0.0,0.0,0.0,-0.01388302817940712,-1.0,-0.0,0.0,0.0
1782948320.7013505,2026-07-01 19:25:20.701,16373.0,16373,left,0,1,open_palm,2,0.0,0.003969999961555004,-0.04999999701976776,-1.0,-0.0,0.0,0.0,0.0,0.0,0.0,-1.0,-0.0,0.0,0.0,0.025476500391960144,-0.012044699862599373,-0.022234899923205376,-0.809577465057373,-0.14576728641986847,0.2644490599632263,0.503391444683075,-5.7220457705398076e-08,-4.3511388270189855e-08,-0.027230437844991684,-0.9997742176055908,0.021249612793326378,0.0,0.0,3.5762786065873797e-09,6.318092005130893e-08,-0.031859491020441055,-0.9998239874839783,0.018763011321425438,0.0,0.0,2.384185648907078e-08,0.0,-0.023122519254684448,-1.0,-0.0,0.0,0.0,0.012359999120235443,0.0032300001475960016,-0.017000000923871994,-0.9990482330322266,-0.0,0.04361938685178757,0.0,0.0021501504816114902,-3.890097104886081e-06,-0.06502876430749893,-0.9999619722366333,-0.0,0.008726557716727257,0.0,-9.53674295089968e-09,-9.53674295089968e-09,-0.036917347460985184,-0.9995214939117432,0.030932152643799782,0.0,0.0,-2.8610228852699038e-08,-2.98023217215615e-10,-0.0216355137526989,-0.999514639377594,0.031153753399848938,0.0,0.0,1.2636184010261786e-07,2.98023217215615e-10,-0.018689393997192383,-1.0,-0.0,0.0,0.0,0.0,0.003969999961555004,-0.01750910095870495,-1.0,-0.0,0.0,0.0,0.0,4.610121322912164e-06,-0.06379090249538422,-1.0,-0.0,0.0,0.0,0.0,2.98023217215615e-10,-0.044606998562812805,-0.9995051622390747,0.03145527467131615,0.0,0.0,0.0,0.0,-0.023475991562008858,-0.9990876317024231,0.04270758107304573,0.0,0.0,0.0,0.0,-0.019651994109153748,-1.0,-0.0,0.0,0.0,-0.00711638992652297,0.0018999999156221747,-0.016959700733423233,-0.9961947202682495,-0.0,-0.08715574443340302,0.0,0.0005882433033548295,0.0,-0.060253534466028214,-0.9996573328971863,-0.0,-0.026176923885941505,0.0,-1.1086464013487785e-07,-1.490116086078075e-10,-0.04255366697907448,-0.9995051622390747,0.03145527467131615,0.0,0.0,4.5299529460862686e-08,0.0,-0.022088106721639633,-0.999065101146698,0.04323066025972366,0.0,0.0,-1.4305114426349519e-08,0.0,-0.017740696668624878,-1.0,-0.0,0.0,0.0,-0.013503500260412693,-0.0037700000684708357,-0.014087299816310406,-0.9914448857307434,-0.0,-0.13052619993686676,0.0,-0.004897483624517918,-3.8501621020259336e-06,-0.05743739381432533,-0.9986295104026794,-0.0,-0.05233589559793472,0.0,5.4836270635405526e-08,-2.98023217215615e-10,-0.03276759013533592,-0.9995716214179993,0.029269907623529434,0.0,0.0,-9.298324243900424e-08,0.0,-0.01670967973768711,-0.9991451501846313,0.041340723633766174,0.0,0.0,6.19888282926695e-08,0.0,-0.013883084990084171,-1.0,-0.0,0.0,0.0
1782948320.7037904,2026-07-01 19:25:20.703,2856.0,2856,right,0,2,open_palm,2,0.0,0.003969999961555004,-0.04999999701976776,-1.0,-0.0,0.0,0.0,0.0,0.0,0.0,-1.0,-0.0,0.0,0.0,-0.025476505979895592,-0.012044684961438179,-0.022234933450818062,-0.810554027557373,-0.1487269401550293,-0.26143431663513184,-0.5025283098220825,0.0,1.19209286886246e-09,-0.02723044343292713,-0.9998829364776611,0.015300636179745197,0.0,0.0,2.38418573772492e-09,-1.19209286886246e-09,-0.031859468668699265,-0.9999423623085022,0.010737097822129726,0.0,0.0,0.0,-3.5762786065873797e-09,-0.023122519254684448,-1.0,-0.0,0.0,0.0,-0.012360505759716034,0.0032300001475960016,-0.016998957842588425,-0.9990482330322266,-0.0,-0.04361938685178757,0.0,-0.002149570034816861,-3.8927792047616094e-06,-0.06502974033355713,-0.9999619722366333,-0.0,-0.008726464584469795,0.0,0.0,0.0,-0.03691747412085533,-0.9993493556976318,0.0360686257481575,0.0,0.0,-2.38418573772492e-09,-2.98023217215615e-10,-0.02163529396057129,-0.999281644821167,0.037897396832704544,0.0,0.0,0.0,2.98023217215615e-10,-0.01868978515267372,-1.0,-0.0,0.0,0.0,0.0,0.003969999961555004,-0.017509059980511665,-1.0,-0.0,0.0,0.0,0.0,4.611611075233668e-06,-0.0637909397482872,-1.0,-0.0,0.0,0.0,0.0,2.98023217215615e-10,-0.04460655897855759,-0.9996492862701416,0.02648334950208664,0.0,0.0,0.0,-2.98023217215615e-10,-0.02347646653652191,-0.999390184879303,0.0349179282784462,0.0,0.0,0.0,0.0,-0.019652195274829865,-1.0,-0.0,0.0,0.0,0.00711638480424881,0.0018999999156221747,-0.016959700733423233,-0.9961947202682495,-0.0,0.08715574443340302,0.0,-0.0005882382392883301,0.0,-0.060253534466028214,-0.9996573328971863,-0.0,0.026176923885941505,0.0,1.19209286886246e-09,-1.490116086078075e-10,-0.04255415499210358,-0.9995051622390747,0.03145527467131615,0.0,0.0,-2.38418573772492e-09,0.0,-0.02208789810538292,-0.999065101146698,0.04323066025972366,0.0,0.0,0.0,0.0,-0.017740869894623756,-1.0,-0.0,0.0,0.0,0.013503451831638813,-0.0037700000684708357,-0.014087309129536152,-0.9914448857307434,-0.0,0.13052619993686676,0.0,0.0048975334502756596,-3.847479547403054e-06,-0.05743739381432533,-0.9986295104026794,-0.0,0.05233589559793472,0.0,4.76837147544984e-09,-2.98023217215615e-10,-0.03276757150888443,-0.9988899827003479,0.04710528254508972,0.0,0.0,2.38418573772492e-09,0.0,-0.016709718853235245,-0.9975409507751465,0.07008709013462067,0.0,0.0,0.0,0.0,-0.01388302817940712,-1.0,-0.0,0.0,0.0
1782948320.9058235,2026-07-01 19:25:20.905,2869.0,2869,right,0,2,open_palm,2,0.0,0.003969999961555004,-0.04999999701976776,-1.0,-0.0,0.0,0.0,0.0,0.0,0.0,-1.0,-0.0,0.0,0.0,-0.025476505979895592,-0.012044684961438179,-0.022234933450818062,-0.810554027557373,-0.1487269401550293,-0.26143431663513184,-0.5025283098220825,0.0,1.19209286886246e-09,-0.02723044343292713,-0.9998829364776611,0.015300636179745197,0.0,0.0,2.38418573772492e-09,-1.19209286886246e-09,-0.031859468668699265,-0.9999423623085022,0.010737097822129726,0.0,0.0,0.0,-3.5762786065873797e-09,-0.023122519254684448,-1.0,-0.0,0.0,0.0,-0.012360505759716034,0.0032300001475960016,-0.016998957842588425,-0.9990482330322266,-0.0,-0.04361938685178757,0.0,-0.002149570034816861,-3.8927792047616094e-06,-0.06502974033355713,-0.9999619722366333,-0.0,-0.008726464584469795,0.0,0.0,0.0,-0.03691747412085533,-0.9993493556976318,0.0360686257481575,0.0,0.0,-2.38418573772492e-09,-2.98023217215615e-10,-0.02163529396057129,-0.999281644821167,0.037897396832704544,0.0,0.0,0.0,2.98023217215615e-10,-0.01868978515267372,-1.0,-0.0,0.0,0.0,0.0,0.003969999961555004,-0.017509059980511665,-1.0,-0.0,0.0,0.0,0.0,4.611611075233668e-06,-0.0637909397482872,-1.0,-0.0,0.0,0.0,0.0,2.98023217215615e-10,-0.04460655897855759,-0.9996492862701416,0.02648334950208664,0.0,0.0,0.0,-2.98023217215615e-10,-0.02347646653652191,-0.999390184879303,0.0349179282784462,0.0,0.0,0.0,0.0,-0.019652195274829865,-1.0,-0.0,0.0,0.0,0.00711638480424881,0.0018999999156221747,-0.016959700733423233,-0.9961947202682495,-0.0,0.08715574443340302,0.0,-0.0005882382392883301,0.0,-0.060253534466028214,-0.9996573328971863,-0.0,0.026176923885941505,0.0,1.19209286886246e-09,-1.490116086078075e-10,-0.04255415499210358,-0.9995051622390747,0.03145527467131615,0.0,0.0,-2.38418573772492e-09,0.0,-0.02208789810538292,-0.999065101146698,0.04323066025972366,0.0,0.0,0.0,0.0,-0.017740869894623756,-1.0,-0.0,0.0,0.0,0.013503451831638813,-0.0037700000684708357,-0.014087309129536152,-0.9914448857307434,-0.0,0.13052619993686676,0.0,0.0048975334502756596,-3.847479547403054e-06,-0.05743739381432533,-0.9986295104026794,-0.0,0.05233589559793472,0.0,4.76837147544984e-09,-2.98023217215615e-10,-0.03276757150888443,-0.9988899827003479,0.04710528254508972,0.0,0.0,2.38418573772492e-09,0.0,-0.016709718853235245,-0.9975409507751465,0.07008709013462067,0.0,0.0,0.0,0.0,-0.01388302817940712,-1.0,-0.0,0.0,0.0
1782948320.9181662,2026-07-01 19:25:20.918,16375.0,16375,left,0,1,open_palm,2,0.0,0.003969999961555004,-0.04999999701976776,-1.0,-0.0,0.0,0.0,0.0,0.0,0.0,-1.0,-0.0,0.0,0.0,0.025476500391960144,-0.012044699862599373,-0.022234899923205376,-0.809577465057373,-0.14576728641986847,0.2644490599632263,0.503391444683075,-5.7220457705398076e-08,-4.3511388270189855e-08,-0.027230437844991684,-0.9997742176055908,0.021249612793326378,0.0,0.0,3.5762786065873797e-09,6.318092005130893e-08,-0.031859491020441055,-0.9998239874839783,0.018763011321425438,0.0,0.0,2.384185648907078e-08,0.0,-0.023122519254684448,-1.0,-0.0,0.0,0.0,0.012359999120235443,0.0032300001475960016,-0.017000000923871994,-0.9990482330322266,-0.0,0.04361938685178757,0.0,0.0021501504816114902,-3.890097104886081e-06,-0.06502876430749893,-0.9999619722366333,-0.0,0.008726557716727257,0.0,-9.53674295089968e-09,-9.53674295089968e-09,-0.036917347460985184,-0.9995214939117432,0.030932152643799782,0.0,0.0,-2.8610228852699038e-08,-2.98023217215615e-10,-0.0216355137526989,-0.999514639377594,0.031153753399848938,0.0,0.0,1.2636184010261786e-07,2.98023217215615e-10,-0.018689393997192383,-1.0,-0.0,0.0,0.0,0.0,0.003969999961555004,-0.01750910095870495,-1.0,-0.0,0.0,0.0,0.0,4.610121322912164e-06,-0.06379090249538422,-1.0,-0.0,0.0,0.0,0.0,2.98023217215615e-10,-0.044606998562812805,-0.9995051622390747,0.03145527467131615,0.0,0.0,0.0,0.0,-0.023475991562008858,-0.9990876317024231,0.04270758107304573,0.0,0.0,0.0,0.0,-0.019651994109153748,-1.0,-0.0,0.0,0.0,-0.00711638992652297,0.0018999999156221747,-0.016959700733423233,-0.9961947202682495,-0.0,-0.08715574443340302,0.0,0.0005882433033548295,0.0,-0.060253534466028214,-0.9996573328971863,-0.0,-0.026176923885941505,0.0,-1.1086464013487785e-07,-1.490116086078075e-10,-0.04255366697907448,-0.9995051622390747,0.03145527467131615,0.0,0.0,4.5299529460862686e-08,0.0,-0.022088106721639633,-0.999065101146698,0.04323066025972366,0.0,0.0,-1.4305114426349519e-08,0.0,-0.017740696668624878,-1.0,-0.0,0.0,0.0,-0.013503500260412693,-0.0037700000684708357,-0.014087299816310406,-0.9914448857307434,-0.0,-0.13052619993686676,0.0,-0.004897483624517918,-3.8501621020259336e-06,-0.05743739381432533,-0.9986295104026794,-0.0,-0.05233589559793472,0.0,5.4836270635405526e-08,-2.98023217215615e-10,-0.03276759013533592,-0.9995716214179993,0.029269907623529434,0.0,0.0,-9.298324243900424e-08,0.0,-0.01670967973768711,-0.9991451501846313,0.041340723633766174,0.0,0.0,6.19888282926695e-08,0.0,-0.013883084990084171,-1.0,-0.0,0.0,0.0
1782948321.11661,2026-07-01 19:25:21.116,2881.0,2881,right,0,2,open_palm,2,0.0,0.003969999961555004,-0.04999999701976776,-1.0,-0.0,0.0,0.0,0.0,0.0,0.0,-1.0,-0.0,0.0,0.0,-0.025476505979895592,-0.012044684961438179,-0.022234933450818062,-0.810554027557373,-0.1487269401550293,-0.26143431663513184,-0.5025283098220825,0.0,1.19209286886246e-09,-0.02723044343292713,-0.9998829364776611,0.015300636179745197,0.0,0.0,2.38418573772492e-09,-1.19209286886246e-09,-0.031859468668699265,-0.9999423623085022,0.010737097822129726,0.0,0.0,0.0,-3.5762786065873797e-09,-0.023122519254684448,-1.0,-0.0,0.0,0.0,-0.012360505759716034,0.0032300001475960016,-0.016998957842588425,-0.9990482330322266,-0.0,-0.04361938685178757,0.0,-0.002149570034816861,-3.8927792047616094e-06,-0.06502974033355713,-0.9999619722366333,-0.0,-0.008726464584469795,0.0,0.0,0.0,-0.03691747412085533,-0.9993493556976318,0.0360686257481575,0.0,0.0,-2.38418573772492e-09,-2.98023217215615e-10,-0.02163529396057129,-0.999281644821167,0.037897396832704544,0.0,0.0,0.0,2.98023217215615e-10,-0.01868978515267372,-1.0,-0.0,0.0,0.0,0.0,0.003969999961555004,-0.017509059980511665,-1.0,-0.0,0.0,0.0,0.0,4.611611075233668e-06,-0.0637909397482872,-1.0,-0.0,0.0,0.0,0.0,2.98023217215615e-10,-0.04460655897855759,-0.9996492862701416,0.02648334950208664,0.0,0.0,0.0,-2.98023217215615e-10,-0.02347646653652191,-0.999390184879303,0.0349179282784462,0.0,0.0,0.0,0.0,-0.019652195274829865,-1.0,-0.0,0.0,0.0,0.00711638480424881,0.0018999999156221747,-0.016959700733423233,-0.9961947202682495,-0.0,0.08715574443340302,0.0,-0.0005882382392883301,0.0,-0.060253534466028214,-0.9996573328971863,-0.0,0.026176923885941505,0.0,1.19209286886246e-09,-1.490116086078075e-10,-0.04255415499210358,-0.9995051622390747,0.03145527467131615,0.0,0.0,-2.38418573772492e-09,0.0,-0.02208789810538292,-0.999065101146698,0.04323066025972366,0.0,0.0,0.0,0.0,-0.017740869894623756,-1.0,-0.0,0.0,0.0,0.013503451831638813,-0.0037700000684708357,-0.014087309129536152,-0.9914448857307434,-0.0,0.13052619993686676,0.0,0.0048975334502756596,-3.847479547403054e-06,-0.05743739381432533,-0.9986295104026794,-0.0,0.05233589559793472,0.0,4.76837147544984e-09,-2.98023217215615e-10,-0.03276757150888443,-0.9988899827003479,0.04710528254508972,0.0,0.0,2.38418573772492e-09,0.0,-0.016709718853235245,-0.9975409507751465,0.07008709013462067,0.0,0.0,0.0,0.0,-0.01388302817940712,-1.0,-0.0,0.0,0.0
1782948321.1273897,2026-07-01 19:25:21.127,16377.0,16377,left,0,1,open_palm,2,0.0,0.003969999961555004,-0.04999999701976776,-1.0,-0.0,0.0,0.0,0.0,0.0,0.0,-1.0,-0.0,0.0,0.0,0.025476500391960144,-0.012044699862599373,-0.022234899923205376,-0.809577465057373,-0.14576728641986847,0.2644490599632263,0.503391444683075,-5.7220457705398076e-08,-4.3511388270189855e-08,-0.027230437844991684,-0.9997742176055908,0.021249612793326378,0.0,0.0,3.5762786065873797e-09,6.318092005130893e-08,-0.031859491020441055,-0.9998239874839783,0.018763011321425438,0.0,0.0,2.384185648907078e-08,0.0,-0.023122519254684448,-1.0,-0.0,0.0,0.0,0.012359999120235443,0.0032300001475960016,-0.017000000923871994,-0.9990482330322266,-0.0,0.04361938685178757,0.0,0.0021501504816114902,-3.890097104886081e-06,-0.06502876430749893,-0.9999619722366333,-0.0,0.008726557716727257,0.0,-9.53674295089968e-09,-9.53674295089968e-09,-0.036917347460985184,-0.9995214939117432,0.030932152643799782,0.0,0.0,-2.8610228852699038e-08,-2.98023217215615e-10,-0.0216355137526989,-0.999514639377594,0.031153753399848938,0.0,0.0,1.2636184010261786e-07,2.98023217215615e-10,-0.018689393997192383,-1.0,-0.0,0.0,0.0,0.0,0.003969999961555004,-0.01750910095870495,-1.0,-0.0,0.0,0.0,0.0,4.610121322912164e-06,-0.06379090249538422,-1.0,-0.0,0.0,0.0,0.0,2.98023217215615e-10,-0.044606998562812805,-0.9995051622390747,0.03145527467131615,0.0,0.0,0.0,0.0,-0.023475991562008858,-0.9990876317024231,0.04270758107304573,0.0,0.0,0.0,0.0,-0.019651994109153748,-1.0,-0.0,0.0,0.0,-0.00711638992652297,0.0018999999156221747,-0.016959700733423233,-0.9961947202682495,-0.0,-0.08715574443340302,0.0,0.0005882433033548295,0.0,-0.060253534466028214,-0.9996573328971863,-0.0,-0.026176923885941505,0.0,-1.1086464013487785e-07,-1.490116086078075e-10,-0.04255366697907448,-0.9993911981582642,0.03489004820585251,0.0,0.0,4.5299529460862686e-08,0.0,-0.022088106721639633,-0.9988139271736145,0.048689693212509155,0.0,0.0,-1.4305114426349519e-08,0.0,-0.017740696668624878,-1.0,-0.0,0.0,0.0,-0.013503500260412693,-0.0037700000684708357,-0.014087299816310406,-0.9914448857307434,-0.0,-0.13052619993686676,0.0,-0.004897483624517918,-3.8501621020259336e-06,-0.05743739381432533,-0.9986295104026794,-0.0,-0.05233589559793472,0.0,5.4836270635405526e-08,-2.98023217215615e-10,-0.03276759013533592,-0.9995716214179993,0.029269907623529434,0.0,0.0,-9.298324243900424e-08,0.0,-0.01670967973768711,-0.9991451501846313,0.041340723633766174,0.0,0.0,6.19888282926695e-08,0.0,-0.013883084990084171,-1.0,-0.0,0.0,0.0
1782948321.3276908,2026-07-01 19:25:21.327,16378.0,16378,left,0,1,open_palm,2,0.0,0.003969999961555004,-0.04999999701976776,-1.0,-0.0,0.0,0.0,0.0,0.0,0.0,-1.0,-0.0,0.0,0.0,0.025476500391960144,-0.012044699862599373,-0.022234899923205376,-0.809577465057373,-0.14576728641986847,0.2644490599632263,0.503391444683075,-5.7220457705398076e-08,-4.3511388270189855e-08,-0.027230437844991684,-0.9997742176055908,0.021249612793326378,0.0,0.0,3.5762786065873797e-09,6.318092005130893e-08,-0.031859491020441055,-0.9998239874839783,0.018763011321425438,0.0,0.0,2.384185648907078e-08,0.0,-0.023122519254684448,-1.0,-0.0,0.0,0.0,0.012359999120235443,0.0032300001475960016,-0.017000000923871994,-0.9990482330322266,-0.0,0.04361938685178757,0.0,0.0021501504816114902,-3.890097104886081e-06,-0.06502876430749893,-0.9999619722366333,-0.0,0.008726557716727257,0.0,-9.53674295089968e-09,-9.53674295089968e-09,-0.036917347460985184,-0.9995214939117432,0.030932152643799782,0.0,0.0,-2.8610228852699038e-08,-2.98023217215615e-10,-0.0216355137526989,-0.999514639377594,0.031153753399848938,0.0,0.0,1.2636184010261786e-07,2.98023217215615e-10,-0.018689393997192383,-1.0,-0.0,0.0,0.0,0.0,0.003969999961555004,-0.01750910095870495,-1.0,-0.0,0.0,0.0,0.0,4.610121322912164e-06,-0.06379090249538422,-1.0,-0.0,0.0,0.0,0.0,2.98023217215615e-10,-0.044606998562812805,-0.9995051622390747,0.03145527467131615,0.0,0.0,0.0,0.0,-0.023475991562008858,-0.9990876317024231,0.04270758107304573,0.0,0.0,0.0,0.0,-0.019651994109153748,-1.0,-0.0,0.0,0.0,-0.00711638992652297,0.0018999999156221747,-0.016959700733423233,-0.9961947202682495,-0.0,-0.08715574443340302,0.0,0.0005882433033548295,0.0,-0.060253534466028214,-0.9996573328971863,-0.0,-0.026176923885941505,0.0,-1.1086464013487785e-07,-1.490116086078075e-10,-0.04255366697907448,-0.9993911981582642,0.03489004820585251,0.0,0.0,4.5299529460862686e-08,0.0,-0.022088106721639633,-0.9988139271736145,0.048689693212509155,0.0,0.0,-1.4305114426349519e-08,0.0,-0.017740696668624878,-1.0,-0.0,0.0,0.0,-0.013503500260412693,-0.0037700000684708357,-0.014087299816310406,-0.9914448857307434,-0.0,-0.13052619993686676,0.0,-0.004897483624517918,-3.8501621020259336e-06,-0.05743739381432533,-0.9986295104026794,-0.0,-0.05233589559793472,0.0,5.4836270635405526e-08,-2.98023217215615e-10,-0.03276759013533592,-0.9995716214179993,0.029269907623529434,0.0,0.0,-9.298324243900424e-08,0.0,-0.01670967973768711,-0.9991451501846313,0.041340723633766174,0.0,0.0,6.19888282926695e-08,0.0,-0.013883084990084171,-1.0,-0.0,0.0,0.0
1782948321.3279548,2026-07-01 19:25:21.327,2895.0,2895,right,0,2,open_palm,2,0.0,0.003969999961555004,-0.04999999701976776,-1.0,-0.0,0.0,0.0,0.0,0.0,0.0,-1.0,-0.0,0.0,0.0,-0.025476505979895592,-0.012044684961438179,-0.022234933450818062,-0.810554027557373,-0.1487269401550293,-0.26143431663513184,-0.5025283098220825,0.0,1.19209286886246e-09,-0.02723044343292713,-0.9998829364776611,0.015300636179745197,0.0,0.0,2.38418573772492e-09,-1.19209286886246e-09,-0.031859468668699265,-0.9999423623085022,0.010737097822129726,0.0,0.0,0.0,-3.5762786065873797e-09,-0.023122519254684448,-1.0,-0.0,0.0,0.0,-0.012360505759716034,0.0032300001475960016,-0.016998957842588425,-0.9990482330322266,-0.0,-0.04361938685178757,0.0,-0.002149570034816861,-3.8927792047616094e-06,-0.06502974033355713,-0.9999619722366333,-0.0,-0.008726464584469795,0.0,0.0,0.0,-0.03691747412085533,-0.9993493556976318,0.0360686257481575,0.0,0.0,-2.38418573772492e-09,-2.98023217215615e-10,-0.02163529396057129,-0.999281644821167,0.037897396832704544,0.0,0.0,0.0,2.98023217215615e-10,-0.01868978515267372,-1.0,-0.0,0.0,0.0,0.0,0.003969999961555004,-0.017509059980511665,-1.0,-0.0,0.0,0.0,0.0,4.611611075233668e-06,-0.0637909397482872,-1.0,-0.0,0.0,0.0,0.0,2.98023217215615e-10,-0.04460655897855759,-0.9996492862701416,0.02648334950208664,0.0,0.0,0.0,-2.98023217215615e-10,-0.02347646653652191,-0.999390184879303,0.0349179282784462,0.0,0.0,0.0,0.0,-0.019652195274829865,-1.0,-0.0,0.0,0.0,0.00711638480424881,0.0018999999156221747,-0.016959700733423233,-0.9961947202682495,-0.0,0.08715574443340302,0.0,-0.0005882382392883301,0.0,-0.060253534466028214,-0.9996573328971863,-0.0,0.026176923885941505,0.0,1.19209286886246e-09,-1.490116086078075e-10,-0.04255415499210358,-0.9995051622390747,0.03145527467131615,0.0,0.0,-2.38418573772492e-09,0.0,-0.02208789810538292,-0.999065101146698,0.04323066025972366,0.0,0.0,0.0,0.0,-0.017740869894623756,-1.0,-0.0,0.0,0.0,0.013503451831638813,-0.0037700000684708357,-0.014087309129536152,-0.9914448857307434,-0.0,0.13052619993686676,0.0,0.0048975334502756596,-3.847479547403054e-06,-0.05743739381432533,-0.9986295104026794,-0.0,0.05233589559793472,0.0,4.76837147544984e-09,-2.98023217215615e-10,-0.03276757150888443,-0.9988899827003479,0.04710528254508972,0.0,0.0,2.38418573772492e-09,0.0,-0.016709718853235245,-0.9975409507751465,0.07008709013462067,0.0,0.0,0.0,0.0,-0.01388302817940712,-1.0,-0.0,0.0,0.0
1782948321.5320742,2026-07-01 19:25:21.532,16380.0,16380,left,0,1,open_palm,2,0.0,0.003969999961555004,-0.04999999701976776,-1.0,-0.0,0.0,0.0,0.0,0.0,0.0,-1.0,-0.0,0.0,0.0,0.025476500391960144,-0.012044699862599373,-0.022234899923205376,-0.809577465057373,-0.14576728641986847,0.2644490599632263,0.503391444683075,-5.7220457705398076e-08,-4.3511388270189855e-08,-0.027230437844991684,-0.9997742176055908,0.021249612793326378,0.0,0.0,3.5762786065873797e-09,6.318092005130893e-08,-0.031859491020441055,-0.9998239874839783,0.018763011321425438,0.0,0.0,2.384185648907078e-08,0.0,-0.023122519254684448,-1.0,-0.0,0.0,0.0,0.012359999120235443,0.0032300001475960016,-0.017000000923871994,-0.9990482330322266,-0.0,0.04361938685178757,0.0,0.0021501504816114902,-3.890097104886081e-06,-0.06502876430749893,-0.9999619722366333,-0.0,0.008726557716727257,0.0,-9.53674295089968e-09,-9.53674295089968e-09,-0.036917347460985184,-0.9995214939117432,0.030932152643799782,0.0,0.0,-2.8610228852699038e-08,-2.98023217215615e-10,-0.0216355137526989,-0.999514639377594,0.031153753399848938,0.0,0.0,1.2636184010261786e-07,2.98023217215615e-10,-0.018689393997192383,-1.0,-0.0,0.0,0.0,0.0,0.003969999961555004,-0.01750910095870495,-1.0,-0.0,0.0,0.0,0.0,4.610121322912164e-06,-0.06379090249538422,-1.0,-0.0,0.0,0.0,0.0,2.98023217215615e-10,-0.044606998562812805,-0.9995051622390747,0.03145527467131615,0.0,0.0,0.0,0.0,-0.023475991562008858,-0.9990876317024231,0.04270758107304573,0.0,0.0,0.0,0.0,-0.019651994109153748,-1.0,-0.0,0.0,0.0,-0.00711638992652297,0.0018999999156221747,-0.016959700733423233,-0.9961947202682495,-0.0,-0.08715574443340302,0.0,0.0005882433033548295,0.0,-0.060253534466028214,-0.9996573328971863,-0.0,-0.026176923885941505,0.0,-1.1086464013487785e-07,-1.490116086078075e-10,-0.04255366697907448,-0.9993911981582642,0.03489004820585251,0.0,0.0,4.5299529460862686e-08,0.0,-0.022088106721639633,-0.9988139271736145,0.048689693212509155,0.0,0.0,-1.4305114426349519e-08,0.0,-0.017740696668624878,-1.0,-0.0,0.0,0.0,-0.013503500260412693,-0.0037700000684708357,-0.014087299816310406,-0.9914448857307434,-0.0,-0.13052619993686676,0.0,-0.004897483624517918,-3.8501621020259336e-06,-0.05743739381432533,-0.9986295104026794,-0.0,-0.05233589559793472,0.0,5.4836270635405526e-08,-2.98023217215615e-10,-0.03276759013533592,-0.9995716214179993,0.029269907623529434,0.0,0.0,-9.298324243900424e-08,0.0,-0.01670967973768711,-0.9991451501846313,0.041340723633766174,0.0,0.0,6.19888282926695e-08,0.0,-0.013883084990084171,-1.0,-0.0,0.0,0.0
1782948321.544329,2026-07-01 19:25:21.544,2907.0,2907,right,0,2,open_palm,2,0.0,0.003969999961555004,-0.04999999701976776,-1.0,-0.0,0.0,0.0,0.0,0.0,0.0,-1.0,-0.0,0.0,0.0,-0.025476505979895592,-0.012044684961438179,-0.022234933450818062,-0.810554027557373,-0.1487269401550293,-0.26143431663513184,-0.5025283098220825,0.0,1.19209286886246e-09,-0.02723044343292713,-0.9998829364776611,0.015300636179745197,0.0,0.0,2.38418573772492e-09,-1.19209286886246e-09,-0.031859468668699265,-0.9999423623085022,0.010737097822129726,0.0,0.0,0.0,-3.5762786065873797e-09,-0.023122519254684448,-1.0,-0.0,0.0,0.0,-0.012360505759716034,0.0032300001475960016,-0.016998957842588425,-0.9990482330322266,-0.0,-0.04361938685178757,0.0,-0.002149570034816861,-3.8927792047616094e-06,-0.06502974033355713,-0.9999619722366333,-0.0,-0.008726464584469795,0.0,0.0,0.0,-0.03691747412085533,-0.9993493556976318,0.0360686257481575,0.0,0.0,-2.38418573772492e-09,-2.98023217215615e-10,-0.02163529396057129,-0.999281644821167,0.037897396832704544,0.0,0.0,0.0,2.98023217215615e-10,-0.01868978515267372,-1.0,-0.0,0.0,0.0,0.0,0.003969999961555004,-0.017509059980511665,-1.0,-0.0,0.0,0.0,0.0,4.611611075233668e-06,-0.0637909397482872,-1.0,-0.0,0.0,0.0,0.0,2.98023217215615e-10,-0.04460655897855759,-0.9996492862701416,0.02648334950208664,0.0,0.0,0.0,-2.98023217215615e-10,-0.02347646653652191,-0.999390184879303,0.0349179282784462,0.0,0.0,0.0,0.0,-0.019652195274829865,-1.0,-0.0,0.0,0.0,0.00711638480424881,0.0018999999156221747,-0.016959700733423233,-0.9961947202682495,-0.0,0.08715574443340302,0.0,-0.0005882382392883301,0.0,-0.060253534466028214,-0.9996573328971863,-0.0,0.026176923885941505,0.0,1.19209286886246e-09,-1.490116086078075e-10,-0.04255415499210358,-0.9995051622390747,0.03145527467131615,0.0,0.0,-2.38418573772492e-09,0.0,-0.02208789810538292,-0.999065101146698,0.04323066025972366,0.0,0.0,0.0,0.0,-0.017740869894623756,-1.0,-0.0,0.0,0.0,0.013503451831638813,-0.0037700000684708357,-0.014087309129536152,-0.9914448857307434,-0.0,0.13052619993686676,0.0,0.0048975334502756596,-3.847479547403054e-06,-0.05743739381432533,-0.9986295104026794,-0.0,0.05233589559793472,0.0,4.76837147544984e-09,-2.98023217215615e-10,-0.03276757150888443,-0.9988899827003479,0.04710528254508972,0.0,0.0,2.38418573772492e-09,0.0,-0.016709718853235245,-0.9975409507751465,0.07008709013462067,0.0,0.0,0.0,0.0,-0.01388302817940712,-1.0,-0.0,0.0,0.0
