wall_time,iso_time,timestamp,packet_counter,hand_side,frame_id,status,pose,take,PALM_x,PALM_y,PALM_z,PALM_qw,PALM_qx,PALM_qy,PALM_qz,WRIST_x,WRIST_y,WRIST_z,WRIST_qw,WRIST_qx,WRIST_qy,WRIST_qz,THUMB_METACARPAL_x,THUMB_METACARPAL_y,THUMB_METACARPAL_z,THUMB_METACARPAL_qw,THUMB_METACARPAL_qx,THUMB_METACARPAL_qy,THUMB_METACARPAL_qz,THUMB_PROXIMAL_x,THUMB_PROXIMAL_y,THUMB_PROXIMAL_z,THUMB_PROXIMAL_qw,THUMB_PROXIMAL_qx,THUMB_PROXIMAL_qy,THUMB_PROXIMAL_qz,THUMB_DISTAL_x,THUMB_DISTAL_y,THUMB_DISTAL_z,THUMB_DISTAL_qw,THUMB_DISTAL_qx,THUMB_DISTAL_qy,THUMB_DISTAL_qz,THUMB_TIP_x,THUMB_TIP_y,THUMB_TIP_z,THUMB_TIP_qw,THUMB_TIP_qx,THUMB_TIP_qy,THUMB_TIP_qz,INDEX_METACARPAL_x,INDEX_METACARPAL_y,INDEX_METACARPAL_z,INDEX_METACARPAL_qw,INDEX_METACARPAL_qx,INDEX_METACARPAL_qy,INDEX_METACARPAL_qz,INDEX_PROXIMAL_x,INDEX_PROXIMAL_y,INDEX_PROXIMAL_z,INDEX_PROXIMAL_qw,INDEX_PROXIMAL_qx,INDEX_PROXIMAL_qy,INDEX_PROXIMAL_qz,INDEX_INTERMEDIATE_x,INDEX_INTERMEDIATE_y,INDEX_INTERMEDIATE_z,INDEX_INTERMEDIATE_qw,INDEX_INTERMEDIATE_qx,INDEX_INTERMEDIATE_qy,INDEX_INTERMEDIATE_qz,INDEX_DISTAL_x,INDEX_DISTAL_y,INDEX_DISTAL_z,INDEX_DISTAL_qw,INDEX_DISTAL_qx,INDEX_DISTAL_qy,INDEX_DISTAL_qz,INDEX_TIP_x,INDEX_TIP_y,INDEX_TIP_z,INDEX_TIP_qw,INDEX_TIP_qx,INDEX_TIP_qy,INDEX_TIP_qz,MIDDLE_METACARPAL_x,MIDDLE_METACARPAL_y,MIDDLE_METACARPAL_z,MIDDLE_METACARPAL_qw,MIDDLE_METACARPAL_qx,MIDDLE_METACARPAL_qy,MIDDLE_METACARPAL_qz,MIDDLE_PROXIMAL_x,MIDDLE_PROXIMAL_y,MIDDLE_PROXIMAL_z,MIDDLE_PROXIMAL_qw,MIDDLE_PROXIMAL_qx,MIDDLE_PROXIMAL_qy,MIDDLE_PROXIMAL_qz,MIDDLE_INTERMEDIATE_x,MIDDLE_INTERMEDIATE_y,MIDDLE_INTERMEDIATE_z,MIDDLE_INTERMEDIATE_qw,MIDDLE_INTERMEDIATE_qx,MIDDLE_INTERMEDIATE_qy,MIDDLE_INTERMEDIATE_qz,MIDDLE_DISTAL_x,MIDDLE_DISTAL_y,MIDDLE_DISTAL_z,MIDDLE_DISTAL_qw,MIDDLE_DISTAL_qx,MIDDLE_DISTAL_qy,MIDDLE_DISTAL_qz,MIDDLE_TIP_x,MIDDLE_TIP_y,MIDDLE_TIP_z,MIDDLE_TIP_qw,MIDDLE_TIP_qx,MIDDLE_TIP_qy,MIDDLE_TIP_qz,RING_METACARPAL_x,RING_METACARPAL_y,RING_METACARPAL_z,RING_METACARPAL_qw,RING_METACARPAL_qx,RING_METACARPAL_qy,RING_METACARPAL_qz,RING_PROXIMAL_x,RING_PROXIMAL_y,RING_PROXIMAL_z,RING_PROXIMAL_qw,RING_PROXIMAL_qx,RING_PROXIMAL_qy,RING_PROXIMAL_qz,RING_INTERMEDIATE_x,RING_INTERMEDIATE_y,RING_INTERMEDIATE_z,RING_INTERMEDIATE_qw,RING_INTERMEDIATE_qx,RING_INTERMEDIATE_qy,RING_INTERMEDIATE_qz,RING_DISTAL_x,RING_DISTAL_y,RING_DISTAL_z,RING_DISTAL_qw,RING_DISTAL_qx,RING_DISTAL_qy,RING_DISTAL_qz,RING_TIP_x,RING_TIP_y,RING_TIP_z,RING_TIP_qw,RING_TIP_qx,RING_TIP_qy,RING_TIP_qz,LITTLE_METACARPAL_x,LITTLE_METACARPAL_y,LITTLE_METACARPAL_z,LITTLE_METACARPAL_qw,LITTLE_METACARPAL_qx,LITTLE_METACARPAL_qy,LITTLE_METACARPAL_qz,LITTLE_PROXIMAL_x,LITTLE_PROXIMAL_y,LITTLE_PROXIMAL_z,LITTLE_PROXIMAL_qw,LITTLE_PROXIMAL_qx,LITTLE_PROXIMAL_qy,LITTLE_PROXIMAL_qz,LITTLE_INTERMEDIATE_x,LITTLE_INTERMEDIATE_y,LITTLE_INTERMEDIATE_z,LITTLE_INTERMEDIATE_qw,LITTLE_INTERMEDIATE_qx,LITTLE_INTERMEDIATE_qy,LITTLE_INTERMEDIATE_qz,LITTLE_DISTAL_x,LITTLE_DISTAL_y,LITTLE_DISTAL_z,LITTLE_DISTAL_qw,LITTLE_DISTAL_qx,LITTLE_DISTAL_qy,LITTLE_DISTAL_qz,LITTLE_TIP_x,LITTLE_TIP_y,LITTLE_TIP_z,LITTLE_TIP_qw,LITTLE_TIP_qx,LITTLE_TIP_qy,LITTLE_TIP_qz
1782948448.8318179,2026-07-01 19:27:28.831,10508.0,10508,right,0,2,peace,2,0.0,0.003969999961555004,-0.04999999701976776,-1.0,-0.0,0.0,0.0,0.0,0.0,0.0,-1.0,-0.0,0.0,0.0,-0.025476505979895592,-0.012044684961438179,-0.022234933450818062,-0.7537015080451965,0.07655467092990875,-0.3591918349266052,-0.5450271964073181,0.0,1.19209286886246e-09,-0.02723044343292713,-0.9307860136032104,0.3655645549297333,0.0,0.0,2.38418573772492e-09,-1.19209286886246e-09,-0.031859468668699265,-0.8423715829849243,0.5388972163200378,0.0,0.0,0.0,-3.5762786065873797e-09,-0.023122519254684448,-1.0,-0.0,0.0,0.0,-0.012360505759716034,0.0032300001475960016,-0.016998957842588425,-0.9990482330322266,-0.0,-0.04361938685178757,0.0,-0.002149570034816861,-3.8927792047616094e-06,-0.06502974033355713,-0.9999619722366333,-0.0,-0.008726464584469795,0.0,0.0,0.0,-0.03691747412085533,-0.9991405606269836,0.04145072400569916,0.0,0.0,-2.38418573772492e-09,-2.98023217215615e-10,-0.02163529396057129,-0.9989849328994751,0.045045435428619385,0.0,0.0,0.0,2.98023217215615e-10,-0.01868978515267372,-1.0,-0.0,0.0,0.0,0.0,0.003969999961555004,-0.017509059980511665,-1.0,-0.0,0.0,0.0,0.0,4.611611075233668e-06,-0.0637909397482872,-1.0,-0.0,0.0,0.0,0.0,2.98023217215615e-10,-0.04460655897855759,-0.9987601637840271,0.049780797213315964,0.0,0.0,0.0,-2.98023217215615e-10,-0.02347646653652191,-0.9974532127380371,0.07132436335086823,0.0,0.0,0.0,0.0,-0.019652195274829865,-1.0,-0.0,0.0,0.0,0.00711638480424881,0.0018999999156221747,-0.016959700733423233,-0.9961947202682495,-0.0,0.08715574443340302,0.0,-0.0005882382392883301,0.0,-0.060253534466028214,-0.7850850224494934,0.6186627745628357,-0.023535650223493576,-0.018547149375081062,1.19209286886246e-09,-1.490116086078075e-10,-0.04255415499210358,-0.6438161134719849,0.765180230140686,0.0,0.0,-2.38418573772492e-09,0.0,-0.02208789810538292,-0.9064854383468628,0.4222371578216553,0.0,0.0,0.0,0.0,-0.017740869894623756,-1.0,-0.0,0.0,0.0,0.013503451831638813,-0.0037700000684708357,-0.014087309129536152,-0.9914448857307434,-0.0,0.13052619993686676,0.0,0.0048975334502756596,-3.847479547403054e-06,-0.05743739381432533,-0.7976070046424866,0.602405846118927,-0.00522896321490407,-0.03005072847008705,4.76837147544984e-09,-2.98023217215615e-10,-0.03276757150888443,-0.713771641254425,0.7003785371780396,0.0,0.0,2.38418573772492e-09,0.0,-0.016709718853235245,-0.8461501598358154,0.5329446792602539,0.0,0.0,0.0,0.0,-0.01388302817940712,-1.0,-0.0,0.0,0.0
1782948448.832545,2026-07-01 19:27:28.832,17435.0,17435,left,0,1,peace,2,0.0,0.003969999961555004,-0.04999999701976776,-1.0,-0.0,0.0,0.0,0.0,0.0,0.0,-1.0,-0.0,0.0,0.0,0.025476500391960144,-0.012044699862599373,-0.022234899923205376,-0.7623212337493896,0.0031432034447789192,0.35842227935791016,0.5388785004615784,-5.7220457705398076e-08,-4.3511388270189855e-08,-0.027230437844991684,-0.9618419408798218,0.2736058533191681,0.0,0.0,3.5762786065873797e-09,6.318092005130893e-08,-0.031859491020441055,-0.9001551270484924,0.4355693757534027,0.0,0.0,2.384185648907078e-08,0.0,-0.023122519254684448,-1.0,-0.0,0.0,0.0,0.012359999120235443,0.0032300001475960016,-0.017000000923871994,-0.9990482330322266,-0.0,0.04361938685178757,0.0,0.0021501504816114902,-3.890097104886081e-06,-0.06502876430749893,-0.9999619722366333,-0.0,0.008726557716727257,0.0,-9.53674295089968e-09,-9.53674295089968e-09,-0.036917347460985184,-0.9993493556976318,0.0360686257481575,0.0,0.0,-2.8610228852699038e-08,-2.98023217215615e-10,-0.0216355137526989,-0.999281644821167,0.037897396832704544,0.0,0.0,1.2636184010261786e-07,2.98023217215615e-10,-0.018689393997192383,-1.0,-0.0,0.0,0.0,0.0,0.003969999961555004,-0.01750910095870495,-1.0,-0.0,0.0,0.0,0.0,4.610121322912164e-06,-0.06379090249538422,-1.0,-0.0,0.0,0.0,0.0,2.98023217215615e-10,-0.044606998562812805,-0.9995051622390747,0.03145527467131615,0.0,0.0,0.0,0.0,-0.023475991562008858,-0.9990876317024231,0.04270758107304573,0.0,0.0,0.0,0.0,-0.019651994109153748,-1.0,-0.0,0.0,0.0,-0.00711638992652297,0.0018999999156221747,-0.016959700733423233,-0.9961947202682495,-0.0,-0.08715574443340302,0.0,0.0005882433033548295,0.0,-0.060253534466028214,-0.8953298330307007,0.4449658989906311,0.01768212951719761,0.008787761442363262,-1.1086464013487785e-07,-1.490116086078075e-10,-0.04255366697907448,-0.6986450552940369,0.7154684662818909,0.0,0.0,4.5299529460862686e-08,0.0,-0.022088106721639633,-0.9161885976791382,0.40074750781059265,0.0,0.0,-1.4305114426349519e-08,0.0,-0.017740696668624878,-1.0,-0.0,0.0,0.0,-0.013503500260412693,-0.0037700000684708357,-0.014087299816310406,-0.9914448857307434,-0.0,-0.13052619993686676,0.0,-0.004897483624517918,-3.8501621020259336e-06,-0.05743739381432533,-0.9065096974372864,0.42023229598999023,-0.01808049902319908,0.036306750029325485,5.4836270635405526e-08,-2.98023217215615e-10,-0.03276759013533592,-0.764145016670227,0.6450445652008057,0.0,0.0,-9.298324243900424e-08,0.0,-0.01670967973768711,-0.8754711151123047,0.4832705557346344,0.0,0.0,6.19888282926695e-08,0.0,-0.013883084990084171,-1.0,-0.0,0.0,0.0
1782948449.052196,2026-07-01 19:27:29.052,17439.0,17439,left,0,1,peace,2,0.0,0.003969999961555004,-0.04999999701976776,-1.0,-0.0,0.0,0.0,0.0,0.0,0.0,-1.0,-0.0,0.0,0.0,0.025476500391960144,-0.012044699862599373,-0.022234899923205376,-0.7618264555931091,0.0045541818253695965,0.3590887486934662,0.5391242504119873,-5.7220457705398076e-08,-4.3511388270189855e-08,-0.027230437844991684,-0.9611886143684387,0.2758921980857849,0.0,0.0,3.5762786065873797e-09,6.318092005130893e-08,-0.031859491020441055,-0.8987904787063599,0.4383784532546997,0.0,0.0,2.384185648907078e-08,0.0,-0.023122519254684448,-1.0,-0.0,0.0,0.0,0.012359999120235443,0.0032300001475960016,-0.017000000923871994,-0.9990482330322266,-0.0,0.04361938685178757,0.0,0.0021501504816114902,-3.890097104886081e-06,-0.06502876430749893,-0.9999619722366333,-0.0,0.008726557716727257,0.0,-9.53674295089968e-09,-9.53674295089968e-09,-0.036917347460985184,-0.9993493556976318,0.0360686257481575,0.0,0.0,-2.8610228852699038e-08,-2.98023217215615e-10,-0.0216355137526989,-0.999281644821167,0.037897396832704544,0.0,0.0,1.2636184010261786e-07,2.98023217215615e-10,-0.018689393997192383,-1.0,-0.0,0.0,0.0,0.0,0.003969999961555004,-0.01750910095870495,-1.0,-0.0,0.0,0.0,0.0,4.610121322912164e-06,-0.06379090249538422,-1.0,-0.0,0.0,0.0,0.0,2.98023217215615e-10,-0.044606998562812805,-0.9995051622390747,0.03145527467131615,0.0,0.0,0.0,0.0,-0.023475991562008858,-0.9990876317024231,0.04270758107304573,0.0,0.0,0.0,0.0,-0.019651994109153748,-1.0,-0.0,0.0,0.0,-0.00711638992652297,0.0018999999156221747,-0.016959700733423233,-0.9961947202682495,-0.0,-0.08715574443340302,0.0,0.0005882433033548295,0.0,-0.060253534466028214,-0.8953298330307007,0.4449658989906311,0.01768212951719761,0.008787761442363262,-1.1086464013487785e-07,-1.490116086078075e-10,-0.04255366697907448,-0.6986450552940369,0.7154684662818909,0.0,0.0,4.5299529460862686e-08,0.0,-0.022088106721639633,-0.9161885976791382,0.40074750781059265,0.0,0.0,-1.4305114426349519e-08,0.0,-0.017740696668624878,-1.0,-0.0,0.0,0.0,-0.013503500260412693,-0.0037700000684708357,-0.014087299816310406,-0.9914448857307434,-0.0,-0.13052619993686676,0.0,-0.004897483624517918,-3.8501621020259336e-06,-0.05743739381432533,-0.9044852256774902,0.4245840609073639,-0.017511894926428795,0.03644512966275215,5.4836270635405526e-08,-2.98023217215615e-10,-0.03276759013533592,-0.7626296877861023,0.6468353867530823,0.0,0.0,-9.298324243900424e-08,0.0,-0.01670967973768711,-0.8746307492256165,0.48478975892066956,0.0,0.0,6.19888282926695e-08,0.0,-0.013883084990084171,-1.0,-0.0,0.0,0.0
1782948449.0524385,2026-07-01 19:27:29.052,10538.0,10538,right,0,2,peace,2,0.0,0.003969999961555004,-0.04999999701976776,-1.0,-0.0,0.0,0.0,0.0,0.0,0.0,-1.0,-0.0,0.0,0.0,-0.025476505979895592,-0.012044684961438179,-0.022234933450818062,-0.7537015080451965,0.07655467092990875,-0.3591918349266052,-0.5450271964073181,0.0,1.19209286886246e-09,-0.02723044343292713,-0.9307860136032104,0.3655645549297333,0.0,0.0,2.38418573772492e-09,-1.19209286886246e-09,-0.031859468668699265,-0.8423715829849243,0.5388972163200378,0.0,0.0,0.0,-3.5762786065873797e-09,-0.023122519254684448,-1.0,-0.0,0.0,0.0,-0.012360505759716034,0.0032300001475960016,-0.016998957842588425,-0.9990482330322266,-0.0,-0.04361938685178757,0.0,-0.002149570034816861,-3.8927792047616094e-06,-0.06502974033355713,-0.9999619722366333,-0.0,-0.008726464584469795,0.0,0.0,0.0,-0.03691747412085533,-0.9991405606269836,0.04145072400569916,0.0,0.0,-2.38418573772492e-09,-2.98023217215615e-10,-0.02163529396057129,-0.9989849328994751,0.045045435428619385,0.0,0.0,0.0,2.98023217215615e-10,-0.01868978515267372,-1.0,-0.0,0.0,0.0,0.0,0.003969999961555004,-0.017509059980511665,-1.0,-0.0,0.0,0.0,0.0,4.611611075233668e-06,-0.0637909397482872,-1.0,-0.0,0.0,0.0,0.0,2.98023217215615e-10,-0.04460655897855759,-0.9987601637840271,0.049780797213315964,0.0,0.0,0.0,-2.98023217215615e-10,-0.02347646653652191,-0.9974532127380371,0.07132436335086823,0.0,0.0,0.0,0.0,-0.019652195274829865,-1.0,-0.0,0.0,0.0,0.00711638480424881,0.0018999999156221747,-0.016959700733423233,-0.9961947202682495,-0.0,0.08715574443340302,0.0,-0.0005882382392883301,0.0,-0.060253534466028214,-0.7832935452461243,0.6209139823913574,-0.02373199723660946,-0.01881226897239685,1.19209286886246e-09,-1.490116086078075e-10,-0.04255415499210358,-0.6435900330543518,0.7653704881668091,0.0,0.0,-2.38418573772492e-09,0.0,-0.02208789810538292,-0.9064463376998901,0.4223211109638214,0.0,0.0,0.0,0.0,-0.017740869894623756,-1.0,-0.0,0.0,0.0,0.013503451831638813,-0.0037700000684708357,-0.014087309129536152,-0.9914448857307434,-0.0,0.13052619993686676,0.0,0.0048975334502756596,-3.847479547403054e-06,-0.05743739381432533,-0.7976070046424866,0.602405846118927,-0.00522896321490407,-0.03005072847008705,4.76837147544984e-09,-2.98023217215615e-10,-0.03276757150888443,-0.713771641254425,0.7003785371780396,0.0,0.0,2.38418573772492e-09,0.0,-0.016709718853235245,-0.8461501598358154,0.5329446792602539,0.0,0.0,0.0,0.0,-0.01388302817940712,-1.0,-0.0,0.0,0.0
1782948449.254667,2026-07-01 19:27:29.254,17440.0,17440,left,0,1,peace,2,0.0,0.003969999961555004,-0.04999999701976776,-1.0,-0.0,0.0,0.0,0.0,0.0,0.0,-1.0,-0.0,0.0,0.0,0.025476500391960144,-0.012044699862599373,-0.022234899923205376,-0.7618264555931091,0.0045541818253695965,0.3590887486934662,0.5391242504119873,-5.7220457705398076e-08,-4.3511388270189855e-08,-0.027230437844991684,-0.9611886143684387,0.2758921980857849,0.0,0.0,3.5762786065873797e-09,6.318092005130893e-08,-0.031859491020441055,-0.8987904787063599,0.4383784532546997,0.0,0.0,2.384185648907078e-08,0.0,-0.023122519254684448,-1.0,-0.0,0.0,0.0,0.012359999120235443,0.0032300001475960016,-0.017000000923871994,-0.9990482330322266,-0.0,0.04361938685178757,0.0,0.0021501504816114902,-3.890097104886081e-06,-0.06502876430749893,-0.9999619722366333,-0.0,0.008726557716727257,0.0,-9.53674295089968e-09,-9.53674295089968e-09,-0.036917347460985184,-0.9993493556976318,0.0360686257481575,0.0,0.0,-2.8610228852699038e-08,-2.98023217215615e-10,-0.0216355137526989,-0.999281644821167,0.037897396832704544,0.0,0.0,1.2636184010261786e-07,2.98023217215615e-10,-0.018689393997192383,-1.0,-0.0,0.0,0.0,0.0,0.003969999961555004,-0.01750910095870495,-1.0,-0.0,0.0,0.0,0.0,4.610121322912164e-06,-0.06379090249538422,-1.0,-0.0,0.0,0.0,0.0,2.98023217215615e-10,-0.044606998562812805,-0.9995051622390747,0.03145527467131615,0.0,0.0,0.0,0.0,-0.023475991562008858,-0.9990876317024231,0.04270758107304573,0.0,0.0,0.0,0.0,-0.019651994109153748,-1.0,-0.0,0.0,0.0,-0.00711638992652297,0.0018999999156221747,-0.016959700733423233,-0.9961947202682495,-0.0,-0.08715574443340302,0.0,0.0005882433033548295,0.0,-0.060253534466028214,-0.8953298330307007,0.4449658989906311,0.01768212951719761,0.008787761442363262,-1.1086464013487785e-07,-1.490116086078075e-10,-0.04255366697907448,-0.6986450552940369,0.7154684662818909,0.0,0.0,4.5299529460862686e-08,0.0,-0.022088106721639633,-0.9161885976791382,0.40074750781059265,0.0,0.0,-1.4305114426349519e-08,0.0,-0.017740696668624878,-1.0,-0.0,0.0,0.0,-0.013503500260412693,-0.0037700000684708357,-0.014087299816310406,-0.9914448857307434,-0.0,-0.13052619993686676,0.0,-0.004897483624517918,-3.8501621020259336e-06,-0.05743739381432533,-0.9040777683258057,0.42545321583747864,-0.017398124560713768,0.03647270426154137,5.4836270635405526e-08,-2.98023217215615e-10,-0.03276759013533592,-0.7623261213302612,0.6471930742263794,0.0,0.0,-9.298324243900424e-08,0.0,-0.01670967973768711,-0.874462366104126,0.48509344458580017,0.0,0.0,6.19888282926695e-08,0.0,-0.013883084990084171,-1.0,-0.0,0.0,0.0
1782948449.2678027,2026-07-01 19:27:29.267,10550.0,10550,right,0,2,peace,2,0.0,0.003969999961555004,-0.04999999701976776,-1.0,-0.0,0.0,0.0,0.0,0.0,0.0,-1.0,-0.0,0.0,0.0,-0.025476505979895592,-0.012044684961438179,-0.022234933450818062,-0.7537015080451965,0.07655467092990875,-0.3591918349266052,-0.5450271964073181,0.0,1.19209286886246e-09,-0.02723044343292713,-0.9307860136032104,0.3655645549297333,0.0,0.0,2.38418573772492e-09,-1.19209286886246e-09,-0.031859468668699265,-0.8423715829849243,0.5388972163200378,0.0,0.0,0.0,-3.5762786065873797e-09,-0.023122519254684448,-1.0,-0.0,0.0,0.0,-0.012360505759716034,0.0032300001475960016,-0.016998957842588425,-0.9990482330322266,-0.0,-0.04361938685178757,0.0,-0.002149570034816861,-3.8927792047616094e-06,-0.06502974033355713,-0.9999619722366333,-0.0,-0.008726464584469795,0.0,0.0,0.0,-0.03691747412085533,-0.9991405606269836,0.04145072400569916,0.0,0.0,-2.38418573772492e-09,-2.98023217215615e-10,-0.02163529396057129,-0.9989849328994751,0.045045435428619385,0.0,0.0,0.0,2.98023217215615e-10,-0.01868978515267372,-1.0,-0.0,0.0,0.0,0.0,0.003969999961555004,-0.017509059980511665,-1.0,-0.0,0.0,0.0,0.0,4.611611075233668e-06,-0.0637909397482872,-1.0,-0.0,0.0,0.0,0.0,2.98023217215615e-10,-0.04460655897855759,-0.9987601637840271,0.049780797213315964,0.0,0.0,0.0,-2.98023217215615e-10,-0.02347646653652191,-0.9974532127380371,0.07132436335086823,0.0,0.0,0.0,0.0,-0.019652195274829865,-1.0,-0.0,0.0,0.0,0.00711638480424881,0.0018999999156221747,-0.016959700733423233,-0.9961947202682495,-0.0,0.08715574443340302,0.0,-0.0005882382392883301,0.0,-0.060253534466028214,-0.7832935452461243,0.6209139823913574,-0.02373199723660946,-0.01881226897239685,1.19209286886246e-09,-1.490116086078075e-10,-0.04255415499210358,-0.6435900330543518,0.7653704881668091,0.0,0.0,-2.38418573772492e-09,0.0,-0.02208789810538292,-0.9064463376998901,0.4223211109638214,0.0,0.0,0.0,0.0,-0.017740869894623756,-1.0,-0.0,0.0,0.0,0.013503451831638813,-0.0037700000684708357,-0.014087309129536152,-0.9914448857307434,-0.0,0.13052619993686676,0.0,0.0048975334502756596,-3.847479547403054e-06,-0.05743739381432533,-0.7976070046424866,0.602405846118927,-0.00522896321490407,-0.03005072847008705,4.76837147544984e-09,-2.98023217215615e-10,-0.03276757150888443,-0.713771641254425,0.7003785371780396,0.0,0.0,2.38418573772492e-09,0.0,-0.016709718853235245,-0.8461501598358154,0.5329446792602539,0.0,0.0,0.0,0.0,-0.01388302817940712,-1.0,-0.0,0.0,0.0
1782948449.4564877,2026-07-01 19:27:29.456,17442.0,17442,left,0,1,peace,2,0.0,0.003969999961555004,-0.04999999701976776,-1.0,-0.0,0.0,0.0,0.0,0.0,0.0,-1.0,-0.0,0.0,0.0,0.025476500391960144,-0.012044699862599373,-0.022234899923205376,-0.7618264555931091,0.0045541818253695965,0.3590887486934662,0.5391242504119873,-5.7220457705398076e-08,-4.3511388270189855e-08,-0.027230437844991684,-0.9611886143684387,0.2758921980857849,0.0,0.0,3.5762786065873797e-09,6.318092005130893e-08,-0.031859491020441055,-0.8987904787063599,0.4383784532546997,0.0,0.0,2.384185648907078e-08,0.0,-0.023122519254684448,-1.0,-0.0,0.0,0.0,0.012359999120235443,0.0032300001475960016,-0.017000000923871994,-0.9990482330322266,-0.0,0.04361938685178757,0.0,0.0021501504816114902,-3.890097104886081e-06,-0.06502876430749893,-0.9999619722366333,-0.0,0.008726557716727257,0.0,-9.53674295089968e-09,-9.53674295089968e-09,-0.036917347460985184,-0.9993493556976318,0.0360686257481575,0.0,0.0,-2.8610228852699038e-08,-2.98023217215615e-10,-0.0216355137526989,-0.999281644821167,0.037897396832704544,0.0,0.0,1.2636184010261786e-07,2.98023217215615e-10,-0.018689393997192383,-1.0,-0.0,0.0,0.0,0.0,0.003969999961555004,-0.01750910095870495,-1.0,-0.0,0.0,0.0,0.0,4.610121322912164e-06,-0.06379090249538422,-1.0,-0.0,0.0,0.0,0.0,2.98023217215615e-10,-0.044606998562812805,-0.9995051622390747,0.03145527467131615,0.0,0.0,0.0,0.0,-0.023475991562008858,-0.9990876317024231,0.04270758107304573,0.0,0.0,0.0,0.0,-0.019651994109153748,-1.0,-0.0,0.0,0.0,-0.00711638992652297,0.0018999999156221747,-0.016959700733423233,-0.9961947202682495,-0.0,-0.08715574443340302,0.0,0.0005882433033548295,0.0,-0.060253534466028214,-0.8953298330307007,0.4449658989906311,0.01768212951719761,0.008787761442363262,-1.1086464013487785e-07,-1.490116086078075e-10,-0.04255366697907448,-0.6986450552940369,0.7154684662818909,0.0,0.0,4.5299529460862686e-08,0.0,-0.022088106721639633,-0.9161885976791382,0.40074750781059265,0.0,0.0,-1.4305114426349519e-08,0.0,-0.017740696668624878,-1.0,-0.0,0.0,0.0,-0.013503500260412693,-0.0037700000684708357,-0.014087299816310406,-0.9914448857307434,-0.0,-0.13052619993686676,0.0,-0.004897483624517918,-3.8501621020259336e-06,-0.05743739381432533,-0.9040777683258057,0.42545321583747864,-0.017398124560713768,0.03647270426154137,5.4836270635405526e-08,-2.98023217215615e-10,-0.03276759013533592,-0.7623261213302612,0.6471930742263794,0.0,0.0,-9.298324243900424e-08,0.0,-0.01670967973768711,-0.874462366104126,0.48509344458580017,0.0,0.0,6.19888282926695e-08,0.0,-0.013883084990084171,-1.0,-0.0,0.0,0.0
1782948449.468299,2026-07-01 19:27:29.468,10563.0,10563,right,0,2,peace,2,0.0,0.003969999961555004,-0.04999999701976776,-1.0,-0.0,0.0,0.0,0.0,0.0,0.0,-1.0,-0.0,0.0,0.0,-0.025476505979895592,-0.012044684961438179,-0.022234933450818062,-0.7537015080451965,0.07655467092990875,-0.3591918349266052,-0.5450271964073181,0.0,1.19209286886246e-09,-0.02723044343292713,-0.9307860136032104,0.3655645549297333,0.0,0.0,2.38418573772492e-09,-1.19209286886246e-09,-0.031859468668699265,-0.8423715829849243,0.5388972163200378,0.0,0.0,0.0,-3.5762786065873797e-09,-0.023122519254684448,-1.0,-0.0,0.0,0.0,-0.012360505759716034,0.0032300001475960016,-0.016998957842588425,-0.9990482330322266,-0.0,-0.04361938685178757,0.0,-0.002149570034816861,-3.8927792047616094e-06,-0.06502974033355713,-0.9999619722366333,-0.0,-0.008726464584469795,0.0,0.0,0.0,-0.03691747412085533,-0.9991405606269836,0.04145072400569916,0.0,0.0,-2.38418573772492e-09,-2.98023217215615e-10,-0.02163529396057129,-0.9989849328994751,0.045045435428619385,0.0,0.0,0.0,2.98023217215615e-10,-0.01868978515267372,-1.0,-0.0,0.0,0.0,0.0,0.003969999961555004,-0.017509059980511665,-1.0,-0.0,0.0,0.0,0.0,4.611611075233668e-06,-0.0637909397482872,-1.0,-0.0,0.0,0.0,0.0,2.98023217215615e-10,-0.04460655897855759,-0.9987601637840271,0.049780797213315964,0.0,0.0,0.0,-2.98023217215615e-10,-0.02347646653652191,-0.9974532127380371,0.07132436335086823,0.0,0.0,0.0,0.0,-0.019652195274829865,-1.0,-0.0,0.0,0.0,0.00711638480424881,0.0018999999156221747,-0.016959700733423233,-0.9961947202682495,-0.0,0.08715574443340302,0.0,-0.0005882382392883301,0.0,-0.060253534466028214,-0.7855318784713745,0.6180992126464844,-0.023486530408263206,-0.018480844795703888,1.19209286886246e-09,-1.490116086078075e-10,-0.04255415499210358,-0.6438726782798767,0.7651327252388,0.0,0.0,-2.38418573772492e-09,0.0,-0.02208789810538292,-0.906495213508606,0.42221617698669434,0.0,0.0,0.0,0.0,-0.017740869894623756,-1.0,-0.0,0.0,0.0,0.013503451831638813,-0.0037700000684708357,-0.014087309129536152,-0.9914448857307434,-0.0,0.13052619993686676,0.0,0.0048975334502756596,-3.847479547403054e-06,-0.05743739381432533,-0.7976070046424866,0.602405846118927,-0.00522896321490407,-0.03005072847008705,4.76837147544984e-09,-2.98023217215615e-10,-0.03276757150888443,-0.713771641254425,0.7003785371780396,0.0,0.0,2.38418573772492e-09,0.0,-0.016709718853235245,-0.8461501598358154,0.5329446792602539,0.0,0.0,0.0,0.0,-0.01388302817940712,-1.0,-0.0,0.0,0.0
1782948449.6567721,2026-07-01 19:27:29.656,17444.0,17444,left,0,1,peace,2,0.0,0.003969999961555004,-0.04999999701976776,-1.0,-0.0,0.0,0.0,0.0,0.0,0.0,-1.0,-0.0,0.0,0.0,0.025476500391960144,-0.012044699862599373,-0.022234899923205376,-0.7618264555931091,0.0045541818253695965,0.3590887486934662,0.5391242504119873,-5.7220457705398076e-08,-4.3511388270189855e-08,-0.027230437844991684,-0.9611886143684387,0.2758921980857849,0.0,0.0,3.5762786065873797e-09,6.318092005130893e-08,-0.031859491020441055,-0.8987904787063599,0.4383784532546997,0.0,0.0,2.384185648907078e-08,0.0,-0.023122519254684448,-1.0,-0.0,0.0,0.0,0.012359999120235443,0.0032300001475960016,-0.017000000923871994,-0.9990482330322266,-0.0,0.04361938685178757,0.0,0.0021501504816114902,-3.890097104886081e-06,-0.06502876430749893,-0.9999619722366333,-0.0,0.008726557716727257,0.0,-9.53674295089968e-09,-9.53674295089968e-09,-0.036917347460985184,-0.9993493556976318,0.0360686257481575,0.0,0.0,-2.8610228852699038e-08,-2.98023217215615e-10,-0.0216355137526989,-0.999281644821167,0.037897396832704544,0.0,0.0,1.2636184010261786e-07,2.98023217215615e-10,-0.018689393997192383,-1.0,-0.0,0.0,0.0,0.0,0.003969999961555004,-0.01750910095870495,-1.0,-0.0,0.0,0.0,0.0,4.610121322912164e-06,-0.06379090249538422,-1.0,-0.0,0.0,0.0,0.0,2.98023217215615e-10,-0.044606998562812805,-0.9995051622390747,0.03145527467131615,0.0,0.0,0.0,0.0,-0.023475991562008858,-0.9990876317024231,0.04270758107304573,0.0,0.0,0.0,0.0,-0.019651994109153748,-1.0,-0.0,0.0,0.0,-0.00711638992652297,0.0018999999156221747,-0.016959700733423233,-0.9961947202682495,-0.0,-0.08715574443340302,0.0,0.0005882433033548295,0.0,-0.060253534466028214,-0.8953298330307007,0.4449658989906311,0.01768212951719761,0.008787761442363262,-1.1086464013487785e-07,-1.490116086078075e-10,-0.04255366697907448,-0.6986450552940369,0.7154684662818909,0.0,0.0,4.5299529460862686e-08,0.0,-0.022088106721639633,-0.9161885976791382,0.40074750781059265,0.0,0.0,-1.4305114426349519e-08,0.0,-0.017740696668624878,-1.0,-0.0,0.0,0.0,-0.013503500260412693,-0.0037700000684708357,-0.014087299816310406,-0.9914448857307434,-0.0,-0.13052619993686676,0.0,-0.004897483624517918,-3.8501621020259336e-06,-0.05743739381432533,-0.9040777683258057,0.42545321583747864,-0.017398124560713768,0.03647270426154137,5.4836270635405526e-08,-2.98023217215615e-10,-0.03276759013533592,-0.7623261213302612,0.6471930742263794,0.0,0.0,-9.298324243900424e-08,0.0,-0.01670967973768711,-0.874462366104126,0.48509344458580017,0.0,0.0,6.19888282926695e-08,0.0,-0.013883084990084171,-1.0,-0.0,0.0,0.0
1782948449.6792016,2026-07-01 19:27:29.679,10575.0,10575,right,0,2,peace,2,0.0,0.003969999961555004,-0.04999999701976776,-1.0,-0.0,0.0,0.0,0.0,0.0,0.0,-1.0,-0.0,0.0,0.0,-0.025476505979895592,-0.012044684961438179,-0.022234933450818062,-0.7545505166053772,0.07502052932977676,-0.3580377995967865,-0.5448251366615295,0.0,1.19209286886246e-09,-0.02723044343292713,-0.9319765567779541,0.3625186085700989,0.0,0.0,2.38418573772492e-09,-1.19209286886246e-09,-0.031859468668699265,-0.8443076610565186,0.535858690738678,0.0,0.0,0.0,-3.5762786065873797e-09,-0.023122519254684448,-1.0,-0.0,0.0,0.0,-0.012360505759716034,0.0032300001475960016,-0.016998957842588425,-0.9990482330322266,-0.0,-0.04361938685178757,0.0,-0.002149570034816861,-3.8927792047616094e-06,-0.06502974033355713,-0.9999619722366333,-0.0,-0.008726464584469795,0.0,0.0,0.0,-0.03691747412085533,-0.9991405606269836,0.04145072400569916,0.0,0.0,-2.38418573772492e-09,-2.98023217215615e-10,-0.02163529396057129,-0.9989849328994751,0.045045435428619385,0.0,0.0,0.0,2.98023217215615e-10,-0.01868978515267372,-1.0,-0.0,0.0,0.0,0.0,0.003969999961555004,-0.017509059980511665,-1.0,-0.0,0.0,0.0,0.0,4.611611075233668e-06,-0.0637909397482872,-1.0,-0.0,0.0,0.0,0.0,2.98023217215615e-10,-0.04460655897855759,-0.9987601637840271,0.049780797213315964,0.0,0.0,0.0,-2.98023217215615e-10,-0.02347646653652191,-0.9974532127380371,0.07132436335086823,0.0,0.0,0.0,0.0,-0.019652195274829865,-1.0,-0.0,0.0,0.0,0.00711638480424881,0.0018999999156221747,-0.016959700733423233,-0.9961947202682495,-0.0,0.08715574443340302,0.0,-0.0005882382392883301,0.0,-0.060253534466028214,-0.7859783172607422,0.6175352334976196,-0.02343740127980709,-0.018414530903100967,1.19209286886246e-09,-1.490116086078075e-10,-0.04255415499210358,-0.643929123878479,0.7650851607322693,0.0,0.0,-2.38418573772492e-09,0.0,-0.02208789810538292,-0.9065049886703491,0.422195166349411,0.0,0.0,0.0,0.0,-0.017740869894623756,-1.0,-0.0,0.0,0.0,0.013503451831638813,-0.0037700000684708357,-0.014087309129536152,-0.9914448857307434,-0.0,0.13052619993686676,0.0,0.0048975334502756596,-3.847479547403054e-06,-0.05743739381432533,-0.7976070046424866,0.602405846118927,-0.00522896321490407,-0.03005072847008705,4.76837147544984e-09,-2.98023217215615e-10,-0.03276757150888443,-0.713771641254425,0.7003785371780396,0.0,0.0,2.38418573772492e-09,0.0,-0.016709718853235245,-0.8461501598358154,0.5329446792602539,0.0,0.0,0.0,0.0,-0.01388302817940712,-1.0,-0.0,0.0,0.0
1782948449.857504,2026-07-01 19:27:29.857,17445.0,17445,left,0,1,peace,2,0.0,0.003969999961555004,-0.04999999701976776,-1.0,-0.0,0.0,0.0,0.0,0.0,0.0,-1.0,-0.0,0.0,0.0,0.025476500391960144,-0.012044699862599373,-0.022234899923205376,-0.7618264555931091,0.0045541818253695965,0.3590887486934662,0.5391242504119873,-5.7220457705398076e-08,-4.3511388270189855e-08,-0.027230437844991684,-0.9611886143684387,0.2758921980857849,0.0,0.0,3.5762786065873797e-09,6.318092005130893e-08,-0.031859491020441055,-0.8987904787063599,0.4383784532546997,0.0,0.0,2.384185648907078e-08,0.0,-0.023122519254684448,-1.0,-0.0,0.0,0.0,0.012359999120235443,0.0032300001475960016,-0.017000000923871994,-0.9990482330322266,-0.0,0.04361938685178757,0.0,0.0021501504816114902,-3.890097104886081e-06,-0.06502876430749893,-0.9999619722366333,-0.0,0.008726557716727257,0.0,-9.53674295089968e-09,-9.53674295089968e-09,-0.036917347460985184,-0.9993493556976318,0.0360686257481575,0.0,0.0,-2.8610228852699038e-08,-2.98023217215615e-10,-0.0216355137526989,-0.999281644821167,0.037897396832704544,0.0,0.0,1.2636184010261786e-07,2.98023217215615e-10,-0.018689393997192383,-1.0,-0.0,0.0,0.0,0.0,0.003969999961555004,-0.01750910095870495,-1.0,-0.0,0.0,0.0,0.0,4.610121322912164e-06,-0.06379090249538422,-1.0,-0.0,0.0,0.0,0.0,2.98023217215615e-10,-0.044606998562812805,-0.9995051622390747,0.03145527467131615,0.0,0.0,0.0,0.0,-0.023475991562008858,-0.9990876317024231,0.04270758107304573,0.0,0.0,0.0,0.0,-0.019651994109153748,-1.0,-0.0,0.0,0.0,-0.00711638992652297,0.0018999999156221747,-0.016959700733423233,-0.9961947202682495,-0.0,-0.08715574443340302,0.0,0.0005882433033548295,0.0,-0.060253534466028214,-0.8928466439247131,0.44990935921669006,0.018002815544605255,0.009074271656572819,-1.1086464013487785e-07,-1.490116086078075e-10,-0.04255366697907448,-0.696498692035675,0.7175580263137817,0.0,0.0,4.5299529460862686e-08,0.0,-0.022088106721639633,-0.9158017635345459,0.401630699634552,0.0,0.0,-1.4305114426349519e-08,0.0,-0.017740696668624878,-1.0,-0.0,0.0,0.0,-0.013503500260412693,-0.0037700000684708357,-0.014087299816310406,-0.9914448857307434,-0.0,-0.13052619993686676,0.0,-0.004897483624517918,-3.8501621020259336e-06,-0.05743739381432533,-0.9040777683258057,0.42545321583747864,-0.017398124560713768,0.03647270426154137,5.4836270635405526e-08,-2.98023217215615e-10,-0.03276759013533592,-0.7623261213302612,0.6471930742263794,0.0,0.0,-9.298324243900424e-08,0.0,-0.01670967973768711,-0.874462366104126,0.48509344458580017,0.0,0.0,6.19888282926695e-08,0.0,-0.013883084990084171,-1.0,-0.0,0.0,0.0
1782948449.8796172,2026-07-01 19:27:29.879,10586.0,10586,right,0,2,peace,2,0.0,0.003969999961555004,-0.04999999701976776,-1.0,-0.0,0.0,0.0,0.0,0.0,0.0,-1.0,-0.0,0.0,0.0,-0.025476505979895592,-0.012044684961438179,-0.022234933450818062,-0.7549737691879272,0.07425333559513092,-0.35746023058891296,-0.5447231531143188,0.0,1.19209286886246e-09,-0.02723044343292713,-0.9325681328773499,0.3609941899776459,0.0,0.0,2.38418573772492e-09,-1.19209286886246e-09,-0.031859468668699265,-0.845271646976471,0.5343368053436279,0.0,0.0,0.0,-3.5762786065873797e-09,-0.023122519254684448,-1.0,-0.0,0.0,0.0,-0.012360505759716034,0.0032300001475960016,-0.016998957842588425,-0.9990482330322266,-0.0,-0.04361938685178757,0.0,-0.002149570034816861,-3.8927792047616094e-06,-0.06502974033355713,-0.9999619722366333,-0.0,-0.008726464584469795,0.0,0.0,0.0,-0.03691747412085533,-0.9991405606269836,0.04145072400569916,0.0,0.0,-2.38418573772492e-09,-2.98023217215615e-10,-0.02163529396057129,-0.9989849328994751,0.045045435428619385,0.0,0.0,0.0,2.98023217215615e-10,-0.01868978515267372,-1.0,-0.0,0.0,0.0,0.0,0.003969999961555004,-0.017509059980511665,-1.0,-0.0,0.0,0.0,0.0,4.611611075233668e-06,-0.0637909397482872,-1.0,-0.0,0.0,0.0,0.0,2.98023217215615e-10,-0.04460655897855759,-0.9987601637840271,0.049780797213315964,0.0,0.0,0.0,-2.98023217215615e-10,-0.02347646653652191,-0.9974532127380371,0.07132436335086823,0.0,0.0,0.0,0.0,-0.019652195274829865,-1.0,-0.0,0.0,0.0,0.00711638480424881,0.0018999999156221747,-0.016959700733423233,-0.9961947202682495,-0.0,0.08715574443340302,0.0,-0.0005882382392883301,0.0,-0.060253534466028214,-0.7859783172607422,0.6175352334976196,-0.02343740127980709,-0.018414530903100967,1.19209286886246e-09,-1.490116086078075e-10,-0.04255415499210358,-0.643929123878479,0.7650851607322693,0.0,0.0,-2.38418573772492e-09,0.0,-0.02208789810538292,-0.9065049886703491,0.422195166349411,0.0,0.0,0.0,0.0,-0.017740869894623756,-1.0,-0.0,0.0,0.0,0.013503451831638813,-0.0037700000684708357,-0.014087309129536152,-0.9914448857307434,-0.0,0.13052619993686676,0.0,0.0048975334502756596,-3.847479547403054e-06,-0.05743739381432533,-0.8038057088851929,0.5941411852836609,-0.003391113132238388,-0.0296845231205225,4.76837147544984e-09,-2.98023217215615e-10,-0.03276757150888443,-0.715282678604126,0.6988352537155151,0.0,0.0,2.38418573772492e-09,0.0,-0.016709718853235245,-0.8470801115036011,0.5314651727676392,0.0,0.0,0.0,0.0,-0.01388302817940712,-1.0,-0.0,0.0,0.0
1782948450.0679314,2026-07-01 19:27:30.067,17447.0,17447,left,0,1,peace,2,0.0,0.003969999961555004,-0.04999999701976776,-1.0,-0.0,0.0,0.0,0.0,0.0,0.0,-1.0,-0.0,0.0,0.0,0.025476500391960144,-0.012044699862599373,-0.022234899923205376,-0.7618264555931091,0.0045541818253695965,0.3590887486934662,0.5391242504119873,-5.7220457705398076e-08,-4.3511388270189855e-08,-0.027230437844991684,-0.9611886143684387,0.2758921980857849,0.0,0.0,3.5762786065873797e-09,6.318092005130893e-08,-0.031859491020441055,-0.8987904787063599,0.4383784532546997,0.0,0.0,2.384185648907078e-08,0.0,-0.023122519254684448,-1.0,-0.0,0.0,0.0,0.012359999120235443,0.0032300001475960016,-0.017000000923871994,-0.9990482330322266,-0.0,0.04361938685178757,0.0,0.0021501504816114902,-3.890097104886081e-06,-0.06502876430749893,-0.9999619722366333,-0.0,0.008726557716727257,0.0,-9.53674295089968e-09,-9.53674295089968e-09,-0.036917347460985184,-0.9993493556976318,0.0360686257481575,0.0,0.0,-2.8610228852699038e-08,-2.98023217215615e-10,-0.0216355137526989,-0.999281644821167,0.037897396832704544,0.0,0.0,1.2636184010261786e-07,2.98023217215615e-10,-0.018689393997192383,-1.0,-0.0,0.0,0.0,0.0,0.003969999961555004,-0.01750910095870495,-1.0,-0.0,0.0,0.0,0.0,4.610121322912164e-06,-0.06379090249538422,-1.0,-0.0,0.0,0.0,0.0,2.98023217215615e-10,-0.044606998562812805,-0.9995051622390747,0.03145527467131615,0.0,0.0,0.0,0.0,-0.023475991562008858,-0.9990876317024231,0.04270758107304573,0.0,0.0,0.0,0.0,-0.019651994109153748,-1.0,-0.0,0.0,0.0,-0.00711638992652297,0.0018999999156221747,-0.016959700733423233,-0.9961947202682495,-0.0,-0.08715574443340302,0.0,0.0005882433033548295,0.0,-0.060253534466028214,-0.8920127749443054,0.45155414938926697,0.01810959167778492,0.009169716387987137,-1.1086464013487785e-07,-1.490116086078075e-10,-0.04255366697907448,-0.6957818865776062,0.7182531356811523,0.0,0.0,4.5299529460862686e-08,0.0,-0.022088106721639633,-0.9156726002693176,0.4019249677658081,0.0,0.0,-1.4305114426349519e-08,0.0,-0.017740696668624878,-1.0,-0.0,0.0,0.0,-0.013503500260412693,-0.0037700000684708357,-0.014087299816310406,-0.9914448857307434,-0.0,-0.13052619993686676,0.0,-0.004897483624517918,-3.8501621020259336e-06,-0.05743739381432533,-0.9040777683258057,0.42545321583747864,-0.017398124560713768,0.03647270426154137,5.4836270635405526e-08,-2.98023217215615e-10,-0.03276759013533592,-0.7623261213302612,0.6471930742263794,0.0,0.0,-9.298324243900424e-08,0.0,-0.01670967973768711,-0.874462366104126,0.48509344458580017,0.0,0.0,6.19888282926695e-08,0.0,-0.013883084990084171,-1.0,-0.0,0.0,0.0
1782948450.0803716,2026-07-01 19:27:30.080,10598.0,10598,right,0,2,peace,2,0.0,0.003969999961555004,-0.04999999701976776,-1.0,-0.0,0.0,0.0,0.0,0.0,0.0,-1.0,-0.0,0.0,0.0,-0.025476505979895592,-0.012044684961438179,-0.022234933450818062,-0.7553956508636475,0.07347126305103302,-0.3568856716156006,-0.5446209907531738,0.0,1.19209286886246e-09,-0.02723044343292713,-0.9331603050231934,0.3594605028629303,0.0,0.0,2.38418573772492e-09,-1.19209286886246e-09,-0.031859468668699265,-0.8462478518486023,0.5327895283699036,0.0,0.0,0.0,-3.5762786065873797e-09,-0.023122519254684448,-1.0,-0.0,0.0,0.0,-0.012360505759716034,0.0032300001475960016,-0.016998957842588425,-0.9990482330322266,-0.0,-0.04361938685178757,0.0,-0.002149570034816861,-3.8927792047616094e-06,-0.06502974033355713,-0.9999619722366333,-0.0,-0.008726464584469795,0.0,0.0,0.0,-0.03691747412085533,-0.9991405606269836,0.04145072400569916,0.0,0.0,-2.38418573772492e-09,-2.98023217215615e-10,-0.02163529396057129,-0.9989849328994751,0.045045435428619385,0.0,0.0,0.0,2.98023217215615e-10,-0.01868978515267372,-1.0,-0.0,0.0,0.0,0.0,0.003969999961555004,-0.017509059980511665,-1.0,-0.0,0.0,0.0,0.0,4.611611075233668e-06,-0.0637909397482872,-1.0,-0.0,0.0,0.0,0.0,2.98023217215615e-10,-0.04460655897855759,-0.9987601637840271,0.049780797213315964,0.0,0.0,0.0,-2.98023217215615e-10,-0.02347646653652191,-0.9974532127380371,0.07132436335086823,0.0,0.0,0.0,0.0,-0.019652195274829865,-1.0,-0.0,0.0,0.0,0.00711638480424881,0.0018999999156221747,-0.016959700733423233,-0.9961947202682495,-0.0,0.08715574443340302,0.0,-0.0005882382392883301,0.0,-0.060253534466028214,-0.7859783172607422,0.6175352334976196,-0.02343740127980709,-0.018414530903100967,1.19209286886246e-09,-1.490116086078075e-10,-0.04255415499210358,-0.643929123878479,0.7650851607322693,0.0,0.0,-2.38418573772492e-09,0.0,-0.02208789810538292,-0.9065049886703491,0.422195166349411,0.0,0.0,0.0,0.0,-0.017740869894623756,-1.0,-0.0,0.0,0.0,0.013503451831638813,-0.0037700000684708357,-0.014087309129536152,-0.9914448857307434,-0.0,0.13052619993686676,0.0,0.0048975334502756596,-3.847479547403054e-06,-0.05743739381432533,-0.8038057088851929,0.5941411852836609,-0.003391113132238388,-0.0296845231205225,4.76837147544984e-09,-2.98023217215615e-10,-0.03276757150888443,-0.715282678604126,0.6988352537155151,0.0,0.0,2.38418573772492e-09,0.0,-0.016709718853235245,-0.8470801115036011,0.5314651727676392,0.0,0.0,0.0,0.0,-0.01388302817940712,-1.0,-0.0,0.0,0.0
1782948450.2879786,2026-07-01 19:27:30.287,17449.0,17449,left,0,1,peace,2,0.0,0.003969999961555004,-0.04999999701976776,-1.0,-0.0,0.0,0.0,0.0,0.0,0.0,-1.0,-0.0,0.0,0.0,0.025476500391960144,-0.012044699862599373,-0.022234899923205376,-0.7618264555931091,0.0045541818253695965,0.3590887486934662,0.5391242504119873,-5.7220457705398076e-08,-4.3511388270189855e-08,-0.027230437844991684,-0.9611886143684387,0.2758921980857849,0.0,0.0,3.5762786065873797e-09,6.318092005130893e-08,-0.031859491020441055,-0.8987904787063599,0.4383784532546997,0.0,0.0,2.384185648907078e-08,0.0,-0.023122519254684448,-1.0,-0.0,0.0,0.0,0.012359999120235443,0.0032300001475960016,-0.017000000923871994,-0.9990482330322266,-0.0,0.04361938685178757,0.0,0.0021501504816114902,-3.890097104886081e-06,-0.06502876430749893,-0.9999619722366333,-0.0,0.008726557716727257,0.0,-9.53674295089968e-09,-9.53674295089968e-09,-0.036917347460985184,-0.9993493556976318,0.0360686257481575,0.0,0.0,-2.8610228852699038e-08,-2.98023217215615e-10,-0.0216355137526989,-0.999281644821167,0.037897396832704544,0.0,0.0,1.2636184010261786e-07,2.98023217215615e-10,-0.018689393997192383,-1.0,-0.0,0.0,0.0,0.0,0.003969999961555004,-0.01750910095870495,-1.0,-0.0,0.0,0.0,0.0,4.610121322912164e-06,-0.06379090249538422,-1.0,-0.0,0.0,0.0,0.0,2.98023217215615e-10,-0.044606998562812805,-0.9995051622390747,0.03145527467131615,0.0,0.0,0.0,0.0,-0.023475991562008858,-0.9990876317024231,0.04270758107304573,0.0,0.0,0.0,0.0,-0.019651994109153748,-1.0,-0.0,0.0,0.0,-0.00711638992652297,0.0018999999156221747,-0.016959700733423233,-0.9961947202682495,-0.0,-0.08715574443340302,0.0,0.0005882433033548295,0.0,-0.060253534466028214,-0.8953298330307007,0.4449658989906311,0.01768212951719761,0.008787761442363262,-1.1086464013487785e-07,-1.490116086078075e-10,-0.04255366697907448,-0.6986450552940369,0.7154684662818909,0.0,0.0,4.5299529460862686e-08,0.0,-0.022088106721639633,-0.9161885976791382,0.40074750781059265,0.0,0.0,-1.4305114426349519e-08,0.0,-0.017740696668624878,-1.0,-0.0,0.0,0.0,-0.013503500260412693,-0.0037700000684708357,-0.014087299816310406,-0.9914448857307434,-0.0,-0.13052619993686676,0.0,-0.004897483624517918,-3.8501621020259336e-06,-0.05743739381432533,-0.9040777683258057,0.42545321583747864,-0.017398124560713768,0.03647270426154137,5.4836270635405526e-08,-2.98023217215615e-10,-0.03276759013533592,-0.7623261213302612,0.6471930742263794,0.0,0.0,-9.298324243900424e-08,0.0,-0.01670967973768711,-0.874462366104126,0.48509344458580017,0.0,0.0,6.19888282926695e-08,0.0,-0.013883084990084171,-1.0,-0.0,0.0,0.0
1782948450.288257,2026-07-01 19:27:30.288,10611.0,10611,right,0,2,peace,2,0.0,0.003969999961555004,-0.04999999701976776,-1.0,-0.0,0.0,0.0,0.0,0.0,0.0,-1.0,-0.0,0.0,0.0,-0.025476505979895592,-0.012044684961438179,-0.022234933450818062,-0.7553956508636475,0.07347126305103302,-0.3568856716156006,-0.5446209907531738,0.0,1.19209286886246e-09,-0.02723044343292713,-0.9331603050231934,0.3594605028629303,0.0,0.0,2.38418573772492e-09,-1.19209286886246e-09,-0.031859468668699265,-0.8462478518486023,0.5327895283699036,0.0,0.0,0.0,-3.5762786065873797e-09,-0.023122519254684448,-1.0,-0.0,0.0,0.0,-0.012360505759716034,0.0032300001475960016,-0.016998957842588425,-0.9990482330322266,-0.0,-0.04361938685178757,0.0,-0.002149570034816861,-3.8927792047616094e-06,-0.06502974033355713,-0.9999619722366333,-0.0,-0.008726464584469795,0.0,0.0,0.0,-0.03691747412085533,-0.9991405606269836,0.04145072400569916,0.0,0.0,-2.38418573772492e-09,-2.98023217215615e-10,-0.02163529396057129,-0.9989849328994751,0.045045435428619385,0.0,0.0,0.0,2.98023217215615e-10,-0.01868978515267372,-1.0,-0.0,0.0,0.0,0.0,0.003969999961555004,-0.017509059980511665,-1.0,-0.0,0.0,0.0,0.0,4.611611075233668e-06,-0.0637909397482872,-1.0,-0.0,0.0,0.0,0.0,2.98023217215615e-10,-0.04460655897855759,-0.9987601637840271,0.049780797213315964,0.0,0.0,0.0,-2.98023217215615e-10,-0.02347646653652191,-0.9974532127380371,0.07132436335086823,0.0,0.0,0.0,0.0,-0.019652195274829865,-1.0,-0.0,0.0,0.0,0.00711638480424881,0.0018999999156221747,-0.016959700733423233,-0.9961947202682495,-0.0,0.08715574443340302,0.0,-0.0005882382392883301,0.0,-0.060253534466028214,-0.7859783172607422,0.6175352334976196,-0.02343740127980709,-0.018414530903100967,1.19209286886246e-09,-1.490116086078075e-10,-0.04255415499210358,-0.643929123878479,0.7650851607322693,0.0,0.0,-2.38418573772492e-09,0.0,-0.02208789810538292,-0.9065049886703491,0.422195166349411,0.0,0.0,0.0,0.0,-0.017740869894623756,-1.0,-0.0,0.0,0.0,0.013503451831638813,-0.0037700000684708357,-0.014087309129536152,-0.9914448857307434,-0.0,0.13052619993686676,0.0,0.0048975334502756596,-3.847479547403054e-06,-0.05743739381432533,-0.8038057088851929,0.5941411852836609,-0.003391113132238388,-0.0296845231205225,4.76837147544984e-09,-2.98023217215615e-10,-0.03276757150888443,-0.715282678604126,0.6988352537155151,0.0,0.0,2.38418573772492e-09,0.0,-0.016709718853235245,-0.8470801115036011,0.5314651727676392,0.0,0.0,0.0,0.0,-0.01388302817940712,-1.0,-0.0,0.0,0.0
1782948450.497856,2026-07-01 19:27:30.497,17451.0,17451,left,0,1,peace,2,0.0,0.003969999961555004,-0.04999999701976776,-1.0,-0.0,0.0,0.0,0.0,0.0,0.0,-1.0,-0.0,0.0,0.0,0.025476500391960144,-0.012044699862599373,-0.022234899923205376,-0.7618264555931091,0.0045541818253695965,0.3590887486934662,0.5391242504119873,-5.7220457705398076e-08,-4.3511388270189855e-08,-0.027230437844991684,-0.9611886143684387,0.2758921980857849,0.0,0.0,3.5762786065873797e-09,6.318092005130893e-08,-0.031859491020441055,-0.8987904787063599,0.4383784532546997,0.0,0.0,2.384185648907078e-08,0.0,-0.023122519254684448,-1.0,-0.0,0.0,0.0,0.012359999120235443,0.0032300001475960016,-0.017000000923871994,-0.9990482330322266,-0.0,0.04361938685178757,0.0,0.0021501504816114902,-3.890097104886081e-06,-0.06502876430749893,-0.9999619722366333,-0.0,0.008726557716727257,0.0,-9.53674295089968e-09,-9.53674295089968e-09,-0.036917347460985184,-0.9993493556976318,0.0360686257481575,0.0,0.0,-2.8610228852699038e-08,-2.98023217215615e-10,-0.0216355137526989,-0.999281644821167,0.037897396832704544,0.0,0.0,1.2636184010261786e-07,2.98023217215615e-10,-0.018689393997192383,-1.0,-0.0,0.0,0.0,0.0,0.003969999961555004,-0.01750910095870495,-1.0,-0.0,0.0,0.0,0.0,4.610121322912164e-06,-0.06379090249538422,-1.0,-0.0,0.0,0.0,0.0,2.98023217215615e-10,-0.044606998562812805,-0.9995051622390747,0.03145527467131615,0.0,0.0,0.0,0.0,-0.023475991562008858,-0.9990876317024231,0.04270758107304573,0.0,0.0,0.0,0.0,-0.019651994109153748,-1.0,-0.0,0.0,0.0,-0.00711638992652297,0.0018999999156221747,-0.016959700733423233,-0.9961947202682495,-0.0,-0.08715574443340302,0.0,0.0005882433033548295,0.0,-0.060253534466028214,-0.8953298330307007,0.4449658989906311,0.01768212951719761,0.008787761442363262,-1.1086464013487785e-07,-1.490116086078075e-10,-0.04255366697907448,-0.6986450552940369,0.7154684662818909,0.0,0.0,4.5299529460862686e-08,0.0,-0.022088106721639633,-0.9161885976791382,0.40074750781059265,0.0,0.0,-1.4305114426349519e-08,0.0,-0.017740696668624878,-1.0,-0.0,0.0,0.0,-0.013503500260412693,-0.0037700000684708357,-0.014087299816310406,-0.9914448857307434,-0.0,-0.13052619993686676,0.0,-0.004897483624517918,-3.8501621020259336e-06,-0.05743739381432533,-0.9040777683258057,0.42545321583747864,-0.017398124560713768,0.03647270426154137,5.4836270635405526e-08,-2.98023217215615e-10,-0.03276759013533592,-0.7623261213302612,0.6471930742263794,0.0,0.0,-9.298324243900424e-08,0.0,-0.01670967973768711,-0.874462366104126,0.48509344458580017,0.0,0.0,6.19888282926695e-08,0.0,-0.013883084990084171,-1.0,-0.0,0.0,0.0
1782948450.4980664,2026-07-01 19:27:30.498,10624.0,10624,right,0,2,peace,2,0.0,0.003969999961555004,-0.04999999701976776,-1.0,-0.0,0.0,0.0,0.0,0.0,0.0,-1.0,-0.0,0.0,0.0,-0.025476505979895592,-0.012044684961438179,-0.022234933450818062,-0.7553956508636475,0.07347126305103302,-0.3568856716156006,-0.5446209907531738,0.0,1.19209286886246e-09,-0.02723044343292713,-0.9331603050231934,0.3594605028629303,0.0,0.0,2.38418573772492e-09,-1.19209286886246e-09,-0.031859468668699265,-0.8462478518486023,0.5327895283699036,0.0,0.0,0.0,-3.5762786065873797e-09,-0.023122519254684448,-1.0,-0.0,0.0,0.0,-0.012360505759716034,0.0032300001475960016,-0.016998957842588425,-0.9990482330322266,-0.0,-0.04361938685178757,0.0,-0.002149570034816861,-3.8927792047616094e-06,-0.06502974033355713,-0.9999619722366333,-0.0,-0.008726464584469795,0.0,0.0,0.0,-0.03691747412085533,-0.9991405606269836,0.04145072400569916,0.0,0.0,-2.38418573772492e-09,-2.98023217215615e-10,-0.02163529396057129,-0.9989849328994751,0.045045435428619385,0.0,0.0,0.0,2.98023217215615e-10,-0.01868978515267372,-1.0,-0.0,0.0,0.0,0.0,0.003969999961555004,-0.017509059980511665,-1.0,-0.0,0.0,0.0,0.0,4.611611075233668e-06,-0.0637909397482872,-1.0,-0.0,0.0,0.0,0.0,2.98023217215615e-10,-0.04460655897855759,-0.9987601637840271,0.049780797213315964,0.0,0.0,0.0,-2.98023217215615e-10,-0.02347646653652191,-0.9974532127380371,0.07132436335086823,0.0,0.0,0.0,0.0,-0.019652195274829865,-1.0,-0.0,0.0,0.0,0.00711638480424881,0.0018999999156221747,-0.016959700733423233,-0.9961947202682495,-0.0,0.08715574443340302,0.0,-0.0005882382392883301,0.0,-0.060253534466028214,-0.7859783172607422,0.6175352334976196,-0.02343740127980709,-0.018414530903100967,1.19209286886246e-09,-1.490116086078075e-10,-0.04255415499210358,-0.643929123878479,0.7650851607322693,0.0,0.0,-2.38418573772492e-09,0.0,-0.02208789810538292,-0.9065049886703491,0.422195166349411,0.0,0.0,0.0,0.0,-0.017740869894623756,-1.0,-0.0,0.0,0.0,0.013503451831638813,-0.0037700000684708357,-0.014087309129536152,-0.9914448857307434,-0.0,0.13052619993686676,0.0,0.0048975334502756596,-3.847479547403054e-06,-0.05743739381432533,-0.8038057088851929,0.5941411852836609,-0.003391113132238388,-0.0296845231205225,4.76837147544984e-09,-2.98023217215615e-10,-0.03276757150888443,-0.715282678604126,0.6988352537155151,0.0,0.0,2.38418573772492e-09,0.0,-0.016709718853235245,-0.8470801115036011,0.5314651727676392,0.0,0.0,0.0,0.0,-0.01388302817940712,-1.0,-0.0,0.0,0.0
1782948450.7026212,2026-07-01 19:27:30.702,17452.0,17452,left,0,1,peace,2,0.0,0.003969999961555004,-0.04999999701976776,-1.0,-0.0,0.0,0.0,0.0,0.0,0.0,-1.0,-0.0,0.0,0.0,0.025476500391960144,-0.012044699862599373,-0.022234899923205376,-0.7618264555931091,0.0045541818253695965,0.3590887486934662,0.5391242504119873,-5.7220457705398076e-08,-4.3511388270189855e-08,-0.027230437844991684,-0.9611886143684387,0.2758921980857849,0.0,0.0,3.5762786065873797e-09,6.318092005130893e-08,-0.031859491020441055,-0.8987904787063599,0.4383784532546997,0.0,0.0,2.384185648907078e-08,0.0,-0.023122519254684448,-1.0,-0.0,0.0,0.0,0.012359999120235443,0.0032300001475960016,-0.017000000923871994,-0.9990482330322266,-0.0,0.04361938685178757,0.0,0.0021501504816114902,-3.890097104886081e-06,-0.06502876430749893,-0.9999619722366333,-0.0,0.008726557716727257,0.0,-9.53674295089968e-09,-9.53674295089968e-09,-0.036917347460985184,-0.9993493556976318,0.0360686257481575,0.0,0.0,-2.8610228852699038e-08,-2.98023217215615e-10,-0.0216355137526989,-0.999281644821167,0.037897396832704544,0.0,0.0,1.2636184010261786e-07,2.98023217215615e-10,-0.018689393997192383,-1.0,-0.0,0.0,0.0,0.0,0.003969999961555004,-0.01750910095870495,-1.0,-0.0,0.0,0.0,0.0,4.610121322912164e-06,-0.06379090249538422,-1.0,-0.0,0.0,0.0,0.0,2.98023217215615e-10,-0.044606998562812805,-0.9995051622390747,0.03145527467131615,0.0,0.0,0.0,0.0,-0.023475991562008858,-0.9990876317024231,0.04270758107304573,0.0,0.0,0.0,0.0,-0.019651994109153748,-1.0,-0.0,0.0,0.0,-0.00711638992652297,0.0018999999156221747,-0.016959700733423233,-0.9961947202682495,-0.0,-0.08715574443340302,0.0,0.0005882433033548295,0.0,-0.060253534466028214,-0.8953298330307007,0.4449658989906311,0.01768212951719761,0.008787761442363262,-1.1086464013487785e-07,-1.490116086078075e-10,-0.04255366697907448,-0.6986450552940369,0.7154684662818909,0.0,0.0,4.5299529460862686e-08,0.0,-0.022088106721639633,-0.9161885976791382,0.40074750781059265,0.0,0.0,-1.4305114426349519e-08,0.0,-0.017740696668624878,-1.0,-0.0,0.0,0.0,-0.013503500260412693,-0.0037700000684708357,-0.014087299816310406,-0.9914448857307434,-0.0,-0.13052619993686676,0.0,-0.004897483624517918,-3.8501621020259336e-06,-0.05743739381432533,-0.9040777683258057,0.42545321583747864,-0.017398124560713768,0.03647270426154137,5.4836270635405526e-08,-2.98023217215615e-10,-0.03276759013533592,-0.7623261213302612,0.6471930742263794,0.0,0.0,-9.298324243900424e-08,0.0,-0.01670967973768711,-0.874462366104126,0.48509344458580017,0.0,0.0,6.19888282926695e-08,0.0,-0.013883084990084171,-1.0,-0.0,0.0,0.0
1782948450.7145057,2026-07-01 19:27:30.714,10636.0,10636,right,0,2,peace,2,0.0,0.003969999961555004,-0.04999999701976776,-1.0,-0.0,0.0,0.0,0.0,0.0,0.0,-1.0,-0.0,0.0,0.0,-0.025476505979895592,-0.012044684961438179,-0.022234933450818062,-0.7562360763549805,0.07188492268323898,-0.3557406961917877,-0.5444154739379883,0.0,1.19209286886246e-09,-0.02723044343292713,-0.9343419075012207,0.3563779294490814,0.0,0.0,2.38418573772492e-09,-1.19209286886246e-09,-0.031859468668699265,-0.848213255405426,0.5296549201011658,0.0,0.0,0.0,-3.5762786065873797e-09,-0.023122519254684448,-1.0,-0.0,0.0,0.0,-0.012360505759716034,0.0032300001475960016,-0.016998957842588425,-0.9990482330322266,-0.0,-0.04361938685178757,0.0,-0.002149570034816861,-3.8927792047616094e-06,-0.06502974033355713,-0.9999619722366333,-0.0,-0.008726464584469795,0.0,0.0,0.0,-0.03691747412085533,-0.9991405606269836,0.04145072400569916,0.0,0.0,-2.38418573772492e-09,-2.98023217215615e-10,-0.02163529396057129,-0.9989849328994751,0.045045435428619385,0.0,0.0,0.0,2.98023217215615e-10,-0.01868978515267372,-1.0,-0.0,0.0,0.0,0.0,0.003969999961555004,-0.017509059980511665,-1.0,-0.0,0.0,0.0,0.0,4.611611075233668e-06,-0.0637909397482872,-1.0,-0.0,0.0,0.0,0.0,2.98023217215615e-10,-0.04460655897855759,-0.9987601637840271,0.049780797213315964,0.0,0.0,0.0,-2.98023217215615e-10,-0.02347646653652191,-0.9974532127380371,0.07132436335086823,0.0,0.0,0.0,0.0,-0.019652195274829865,-1.0,-0.0,0.0,0.0,0.00711638480424881,0.0018999999156221747,-0.016959700733423233,-0.9961947202682495,-0.0,0.08715574443340302,0.0,-0.0005882382392883301,0.0,-0.060253534466028214,-0.7859783172607422,0.6175352334976196,-0.02343740127980709,-0.018414530903100967,1.19209286886246e-09,-1.490116086078075e-10,-0.04255415499210358,-0.643929123878479,0.7650851607322693,0.0,0.0,-2.38418573772492e-09,0.0,-0.02208789810538292,-0.9065049886703491,0.422195166349411,0.0,0.0,0.0,0.0,-0.017740869894623756,-1.0,-0.0,0.0,0.0,0.013503451831638813,-0.0037700000684708357,-0.014087309129536152,-0.9914448857307434,-0.0,0.13052619993686676,0.0,0.0048975334502756596,-3.847479547403054e-06,-0.05743739381432533,-0.8038057088851929,0.5941411852836609,-0.003391113132238388,-0.0296845231205225,4.76837147544984e-09,-2.98023217215615e-10,-0.03276757150888443,-0.715282678604126,0.6988352537155151,0.0,0.0,2.38418573772492e-09,0.0,-0.016709718853235245,-0.8470801115036011,0.5314651727676392,0.0,0.0,0.0,0.0,-0.01388302817940712,-1.0,-0.0,0.0,0.0
1782948450.9231086,2026-07-01 19:27:30.923,17454.0,17454,left,0,1,peace,2,0.0,0.003969999961555004,-0.04999999701976776,-1.0,-0.0,0.0,0.0,0.0,0.0,0.0,-1.0,-0.0,0.0,0.0,0.025476500391960144,-0.012044699862599373,-0.022234899923205376,-0.7618264555931091,0.0045541818253695965,0.3590887486934662,0.5391242504119873,-5.7220457705398076e-08,-4.3511388270189855e-08,-0.027230437844991684,-0.9611886143684387,0.2758921980857849,0.0,0.0,3.5762786065873797e-09,6.318092005130893e-08,-0.031859491020441055,-0.8987904787063599,0.4383784532546997,0.0,0.0,2.384185648907078e-08,0.0,-0.023122519254684448,-1.0,-0.0,0.0,0.0,0.012359999120235443,0.0032300001475960016,-0.017000000923871994,-0.9990482330322266,-0.0,0.04361938685178757,0.0,0.0021501504816114902,-3.890097104886081e-06,-0.06502876430749893,-0.9999619722366333,-0.0,0.008726557716727257,0.0,-9.53674295089968e-09,-9.53674295089968e-09,-0.036917347460985184,-0.9993493556976318,0.0360686257481575,0.0,0.0,-2.8610228852699038e-08,-2.98023217215615e-10,-0.0216355137526989,-0.999281644821167,0.037897396832704544,0.0,0.0,1.2636184010261786e-07,2.98023217215615e-10,-0.018689393997192383,-1.0,-0.0,0.0,0.0,0.0,0.003969999961555004,-0.01750910095870495,-1.0,-0.0,0.0,0.0,0.0,4.610121322912164e-06,-0.06379090249538422,-1.0,-0.0,0.0,0.0,0.0,2.98023217215615e-10,-0.044606998562812805,-0.9995051622390747,0.03145527467131615,0.0,0.0,0.0,0.0,-0.023475991562008858,-0.9990876317024231,0.04270758107304573,0.0,0.0,0.0,0.0,-0.019651994109153748,-1.0,-0.0,0.0,0.0,-0.00711638992652297,0.0018999999156221747,-0.016959700733423233,-0.9961947202682495,-0.0,-0.08715574443340302,0.0,0.0005882433033548295,0.0,-0.060253534466028214,-0.8953298330307007,0.4449658989906311,0.01768212951719761,0.008787761442363262,-1.1086464013487785e-07,-1.490116086078075e-10,-0.04255366697907448,-0.6986450552940369,0.7154684662818909,0.0,0.0,4.5299529460862686e-08,0.0,-0.022088106721639633,-0.9161885976791382,0.40074750781059265,0.0,0.0,-1.4305114426349519e-08,0.0,-0.017740696668624878,-1.0,-0.0,0.0,0.0,-0.013503500260412693,-0.0037700000684708357,-0.014087299816310406,-0.9914448857307434,-0.0,-0.13052619993686676,0.0,-0.004897483624517918,-3.8501621020259336e-06,-0.05743739381432533,-0.9040777683258057,0.42545321583747864,-0.017398124560713768,0.03647270426154137,5.4836270635405526e-08,-2.98023217215615e-10,-0.03276759013533592,-0.7623261213302612,0.6471930742263794,0.0,0.0,-9.298324243900424e-08,0.0,-0.01670967973768711,-0.874462366104126,0.48509344458580017,0.0,0.0,6.19888282926695e-08,0.0,-0.013883084990084171,-1.0,-0.0,0.0,0.0
1782948450.923388,2026-07-01 19:27:30.923,10649.0,10649,right,0,2,peace,2,0.0,0.003969999961555004,-0.04999999701976776,-1.0,-0.0,0.0,0.0,0.0,0.0,0.0,-1.0,-0.0,0.0,0.0,-0.025476505979895592,-0.012044684961438179,-0.022234933450818062,-0.7565147876739502,0.07134184241294861,-0.35536226630210876,-0.5443467497825623,0.0,1.19209286886246e-09,-0.02723044343292713,-0.9347364902496338,0.35534167289733887,0.0,0.0,2.38418573772492e-09,-1.19209286886246e-09,-0.031859468668699265,-0.848879873752594,0.5285858511924744,0.0,0.0,0.0,-3.5762786065873797e-09,-0.023122519254684448,-1.0,-0.0,0.0,0.0,-0.012360505759716034,0.0032300001475960016,-0.016998957842588425,-0.9990482330322266,-0.0,-0.04361938685178757,0.0,-0.002149570034816861,-3.8927792047616094e-06,-0.06502974033355713,-0.9999619722366333,-0.0,-0.008726464584469795,0.0,0.0,0.0,-0.03691747412085533,-0.9991405606269836,0.04145072400569916,0.0,0.0,-2.38418573772492e-09,-2.98023217215615e-10,-0.02163529396057129,-0.9989849328994751,0.045045435428619385,0.0,0.0,0.0,2.98023217215615e-10,-0.01868978515267372,-1.0,-0.0,0.0,0.0,0.0,0.003969999961555004,-0.017509059980511665,-1.0,-0.0,0.0,0.0,0.0,4.611611075233668e-06,-0.0637909397482872,-1.0,-0.0,0.0,0.0,0.0,2.98023217215615e-10,-0.04460655897855759,-0.9987601637840271,0.049780797213315964,0.0,0.0,0.0,-2.98023217215615e-10,-0.02347646653652191,-0.9974532127380371,0.07132436335086823,0.0,0.0,0.0,0.0,-0.019652195274829865,-1.0,-0.0,0.0,0.0,0.00711638480424881,0.0018999999156221747,-0.016959700733423233,-0.9961947202682495,-0.0,0.08715574443340302,0.0,-0.0005882382392883301,0.0,-0.060253534466028214,-0.7859783172607422,0.6175352334976196,-0.02343740127980709,-0.018414530903100967,1.19209286886246e-09,-1.490116086078075e-10,-0.04255415499210358,-0.643929123878479,0.7650851607322693,0.0,0.0,-2.38418573772492e-09,0.0,-0.02208789810538292,-0.9065049886703491,0.422195166349411,0.0,0.0,0.0,0.0,-0.017740869894623756,-1.0,-0.0,0.0,0.0,0.013503451831638813,-0.0037700000684708357,-0.014087309129536152,-0.9914448857307434,-0.0,0.13052619993686676,0.0,0.0048975334502756596,-3.847479547403054e-06,-0.05743739381432533,-0.8038057088851929,0.5941411852836609,-0.003391113132238388,-0.0296845231205225,4.76837147544984e-09,-2.98023217215615e-10,-0.03276757150888443,-0.715282678604126,0.6988352537155151,0.0,0.0,2.38418573772492e-09,0.0,-0.016709718853235245,-0.8470801115036011,0.5314651727676392,0.0,0.0,0.0,0.0,-0.01388302817940712,-1.0,-0.0,0.0,0.0
1782948451.1273327,2026-07-01 19:27:31.127,10661.0,10661,right,0,2,peace,2,0.0,0.003969999961555004,-0.04999999701976776,-1.0,-0.0,0.0,0.0,0.0,0.0,0.0,-1.0,-0.0,0.0,0.0,-0.025476505979895592,-0.012044684961438179,-0.022234933450818062,-0.7579024434089661,0.06862589716911316,-0.3534673750400543,-0.5439992547035217,0.0,1.19209286886246e-09,-0.02723044343292713,-0.9366921782493591,0.35015398263931274,0.0,0.0,2.38418573772492e-09,-1.19209286886246e-09,-0.031859468668699265,-0.8521928191184998,0.5232279300689697,0.0,0.0,0.0,-3.5762786065873797e-09,-0.023122519254684448,-1.0,-0.0,0.0,0.0,-0.012360505759716034,0.0032300001475960016,-0.016998957842588425,-0.9990482330322266,-0.0,-0.04361938685178757,0.0,-0.002149570034816861,-3.8927792047616094e-06,-0.06502974033355713,-0.9999619722366333,-0.0,-0.008726464584469795,0.0,0.0,0.0,-0.03691747412085533,-0.9991405606269836,0.04145072400569916,0.0,0.0,-2.38418573772492e-09,-2.98023217215615e-10,-0.02163529396057129,-0.9989849328994751,0.045045435428619385,0.0,0.0,0.0,2.98023217215615e-10,-0.01868978515267372,-1.0,-0.0,0.0,0.0,0.0,0.003969999961555004,-0.017509059980511665,-1.0,-0.0,0.0,0.0,0.0,4.611611075233668e-06,-0.0637909397482872,-1.0,-0.0,0.0,0.0,0.0,2.98023217215615e-10,-0.04460655897855759,-0.9987601637840271,0.049780797213315964,0.0,0.0,0.0,-2.98023217215615e-10,-0.02347646653652191,-0.9974532127380371,0.07132436335086823,0.0,0.0,0.0,0.0,-0.019652195274829865,-1.0,-0.0,0.0,0.0,0.00711638480424881,0.0018999999156221747,-0.016959700733423233,-0.9961947202682495,-0.0,0.08715574443340302,0.0,-0.0005882382392883301,0.0,-0.060253534466028214,-0.7859783172607422,0.6175352334976196,-0.02343740127980709,-0.018414530903100967,1.19209286886246e-09,-1.490116086078075e-10,-0.04255415499210358,-0.643929123878479,0.7650851607322693,0.0,0.0,-2.38418573772492e-09,0.0,-0.02208789810538292,-0.9065049886703491,0.422195166349411,0.0,0.0,0.0,0.0,-0.017740869894623756,-1.0,-0.0,0.0,0.0,0.013503451831638813,-0.0037700000684708357,-0.014087309129536152,-0.9914448857307434,-0.0,0.13052619993686676,0.0,0.0048975334502756596,-3.847479547403054e-06,-0.05743739381432533,-0.8131125569343567,0.5813784599304199,-0.0006511174724437296,-0.02909821830689907,4.76837147544984e-09,-2.98023217215615e-10,-0.03276757150888443,-0.7178195714950562,0.6962292790412903,0.0,0.0,2.38418573772492e-09,0.0,-0.016709718853235245,-0.8486319780349731,0.5289837718009949,0.0,0.0,0.0,0.0,-0.01388302817940712,-1.0,-0.0,0.0,0.0
1782948451.1387749,2026-07-01 19:27:31.138,17456.0,17456,left,0,1,peace,2,0.0,0.003969999961555004,-0.04999999701976776,-1.0,-0.0,0.0,0.0,0.0,0.0,0.0,-1.0,-0.0,0.0,0.0,0.025476500391960144,-0.012044699862599373,-0.022234899923205376,-0.7618264555931091,0.0045541818253695965,0.3590887486934662,0.5391242504119873,-5.7220457705398076e-08,-4.3511388270189855e-08,-0.027230437844991684,-0.9611886143684387,0.2758921980857849,0.0,0.0,3.5762786065873797e-09,6.318092005130893e-08,-0.031859491020441055,-0.8987904787063599,0.4383784532546997,0.0,0.0,2.384185648907078e-08,0.0,-0.023122519254684448,-1.0,-0.0,0.0,0.0,0.012359999120235443,0.0032300001475960016,-0.017000000923871994,-0.9990482330322266,-0.0,0.04361938685178757,0.0,0.0021501504816114902,-3.890097104886081e-06,-0.06502876430749893,-0.9999619722366333,-0.0,0.008726557716727257,0.0,-9.53674295089968e-09,-9.53674295089968e-09,-0.036917347460985184,-0.9993493556976318,0.0360686257481575,0.0,0.0,-2.8610228852699038e-08,-2.98023217215615e-10,-0.0216355137526989,-0.999281644821167,0.037897396832704544,0.0,0.0,1.2636184010261786e-07,2.98023217215615e-10,-0.018689393997192383,-1.0,-0.0,0.0,0.0,0.0,0.003969999961555004,-0.01750910095870495,-1.0,-0.0,0.0,0.0,0.0,4.610121322912164e-06,-0.06379090249538422,-1.0,-0.0,0.0,0.0,0.0,2.98023217215615e-10,-0.044606998562812805,-0.9995051622390747,0.03145527467131615,0.0,0.0,0.0,0.0,-0.023475991562008858,-0.9990876317024231,0.04270758107304573,0.0,0.0,0.0,0.0,-0.019651994109153748,-1.0,-0.0,0.0,0.0,-0.00711638992652297,0.0018999999156221747,-0.016959700733423233,-0.9961947202682495,-0.0,-0.08715574443340302,0.0,0.0005882433033548295,0.0,-0.060253534466028214,-0.8953298330307007,0.4449658989906311,0.01768212951719761,0.008787761442363262,-1.1086464013487785e-07,-1.490116086078075e-10,-0.04255366697907448,-0.6986450552940369,0.7154684662818909,0.0,0.0,4.5299529460862686e-08,0.0,-0.022088106721639633,-0.9161885976791382,0.40074750781059265,0.0,0.0,-1.4305114426349519e-08,0.0,-0.017740696668624878,-1.0,-0.0,0.0,0.0,-0.013503500260412693,-0.0037700000684708357,-0.014087299816310406,-0.9914448857307434,-0.0,-0.13052619993686676,0.0,-0.004897483624517918,-3.8501621020259336e-06,-0.05743739381432533,-0.9040777683258057,0.42545321583747864,-0.017398124560713768,0.03647270426154137,5.4836270635405526e-08,-2.98023217215615e-10,-0.03276759013533592,-0.7623261213302612,0.6471930742263794,0.0,0.0,-9.298324243900424e-08,0.0,-0.01670967973768711,-0.874462366104126,0.48509344458580017,0.0,0.0,6.19888282926695e-08,0.0,-0.013883084990084171,-1.0,-0.0,0.0,0.0
1782948451.336298,2026-07-01 19:27:31.336,10674.0,10674,right,0,2,peace,2,0.0,0.003969999961555004,-0.04999999701976776,-1.0,-0.0,0.0,0.0,0.0,0.0,0.0,-1.0,-0.0,0.0,0.0,-0.025476505979895592,-0.012044684961438179,-0.022234933450818062,-0.7591395378112793,0.06610819697380066,-0.3517765402793884,-0.5436820983886719,0.0,1.19209286886246e-09,-0.02723044343292713,-0.9384421110153198,0.34543654322624207,0.0,0.0,2.38418573772492e-09,-1.19209286886246e-09,-0.031859468668699265,-0.8552154898643494,0.5182725787162781,0.0,0.0,0.0,-3.5762786065873797e-09,-0.023122519254684448,-1.0,-0.0,0.0,0.0,-0.012360505759716034,0.0032300001475960016,-0.016998957842588425,-0.9990482330322266,-0.0,-0.04361938685178757,0.0,-0.002149570034816861,-3.8927792047616094e-06,-0.06502974033355713,-0.9999619722366333,-0.0,-0.008726464584469795,0.0,0.0,0.0,-0.03691747412085533,-0.9991405606269836,0.04145072400569916,0.0,0.0,-2.38418573772492e-09,-2.98023217215615e-10,-0.02163529396057129,-0.9989849328994751,0.045045435428619385,0.0,0.0,0.0,2.98023217215615e-10,-0.01868978515267372,-1.0,-0.0,0.0,0.0,0.0,0.003969999961555004,-0.017509059980511665,-1.0,-0.0,0.0,0.0,0.0,4.611611075233668e-06,-0.0637909397482872,-1.0,-0.0,0.0,0.0,0.0,2.98023217215615e-10,-0.04460655897855759,-0.9987601637840271,0.049780797213315964,0.0,0.0,0.0,-2.98023217215615e-10,-0.02347646653652191,-0.9974532127380371,0.07132436335086823,0.0,0.0,0.0,0.0,-0.019652195274829865,-1.0,-0.0,0.0,0.0,0.00711638480424881,0.0018999999156221747,-0.016959700733423233,-0.9961947202682495,-0.0,0.08715574443340302,0.0,-0.0005882382392883301,0.0,-0.060253534466028214,-0.7914058566093445,0.6106104850769043,-0.022831395268440247,-0.017615599557757378,1.19209286886246e-09,-1.490116086078075e-10,-0.04255415499210358,-0.6447821259498596,0.7643664479255676,0.0,0.0,-2.38418573772492e-09,0.0,-0.02208789810538292,-0.9066526293754578,0.42187803983688354,0.0,0.0,0.0,0.0,-0.017740869894623756,-1.0,-0.0,0.0,0.0,0.013503451831638813,-0.0037700000684708357,-0.014087309129536152,-0.9914448857307434,-0.0,0.13052619993686676,0.0,0.0048975334502756596,-3.847479547403054e-06,-0.05743739381432533,-0.8131125569343567,0.5813784599304199,-0.0006511174724437296,-0.02909821830689907,4.76837147544984e-09,-2.98023217215615e-10,-0.03276757150888443,-0.7178195714950562,0.6962292790412903,0.0,0.0,2.38418573772492e-09,0.0,-0.016709718853235245,-0.8486319780349731,0.5289837718009949,0.0,0.0,0.0,0.0,-0.01388302817940712,-1.0,-0.0,0.0,0.0
1782948451.347005,2026-07-01 19:27:31.347,17458.0,17458,left,0,1,peace,2,0.0,0.003969999961555004,-0.04999999701976776,-1.0,-0.0,0.0,0.0,0.0,0.0,0.0,-1.0,-0.0,0.0,0.0,0.025476500391960144,-0.012044699862599373,-0.022234899923205376,-0.7618264555931091,0.0045541818253695965,0.3590887486934662,0.5391242504119873,-5.7220457705398076e-08,-4.3511388270189855e-08,-0.027230437844991684,-0.9611886143684387,0.2758921980857849,0.0,0.0,3.5762786065873797e-09,6.318092005130893e-08,-0.031859491020441055,-0.8987904787063599,0.4383784532546997,0.0,0.0,2.384185648907078e-08,0.0,-0.023122519254684448,-1.0,-0.0,0.0,0.0,0.012359999120235443,0.0032300001475960016,-0.017000000923871994,-0.9990482330322266,-0.0,0.04361938685178757,0.0,0.0021501504816114902,-3.890097104886081e-06,-0.06502876430749893,-0.9999619722366333,-0.0,0.008726557716727257,0.0,-9.53674295089968e-09,-9.53674295089968e-09,-0.036917347460985184,-0.9993493556976318,0.0360686257481575,0.0,0.0,-2.8610228852699038e-08,-2.98023217215615e-10,-0.0216355137526989,-0.999281644821167,0.037897396832704544,0.0,0.0,1.2636184010261786e-07,2.98023217215615e-10,-0.018689393997192383,-1.0,-0.0,0.0,0.0,0.0,0.003969999961555004,-0.01750910095870495,-1.0,-0.0,0.0,0.0,0.0,4.610121322912164e-06,-0.06379090249538422,-1.0,-0.0,0.0,0.0,0.0,2.98023217215615e-10,-0.044606998562812805,-0.9995051622390747,0.03145527467131615,0.0,0.0,0.0,0.0,-0.023475991562008858,-0.9990876317024231,0.04270758107304573,0.0,0.0,0.0,0.0,-0.019651994109153748,-1.0,-0.0,0.0,0.0,-0.00711638992652297,0.0018999999156221747,-0.016959700733423233,-0.9961947202682495,-0.0,-0.08715574443340302,0.0,0.0005882433033548295,0.0,-0.060253534466028214,-0.8953298330307007,0.4449658989906311,0.01768212951719761,0.008787761442363262,-1.1086464013487785e-07,-1.490116086078075e-10,-0.04255366697907448,-0.6986450552940369,0.7154684662818909,0.0,0.0,4.5299529460862686e-08,0.0,-0.022088106721639633,-0.9161885976791382,0.40074750781059265,0.0,0.0,-1.4305114426349519e-08,0.0,-0.017740696668624878,-1.0,-0.0,0.0,0.0,-0.013503500260412693,-0.0037700000684708357,-0.014087299816310406,-0.9914448857307434,-0.0,-0.13052619993686676,0.0,-0.004897483624517918,-3.8501621020259336e-06,-0.05743739381432533,-0.9040777683258057,0.42545321583747864,-0.017398124560713768,0.03647270426154137,5.4836270635405526e-08,-2.98023217215615e-10,-0.03276759013533592,-0.7623261213302612,0.6471930742263794,0.0,0.0,-9.298324243900424e-08,0.0,-0.01670967973768711,-0.874462366104126,0.48509344458580017,0.0,0.0,6.19888282926695e-08,0.0,-0.013883084990084171,-1.0,-0.0,0.0,0.0
1782948451.551507,2026-07-01 19:27:31.551,10686.0,10686,right,0,2,peace,2,0.0,0.003969999961555004,-0.04999999701976776,-1.0,-0.0,0.0,0.0,0.0,0.0,0.0,-1.0,-0.0,0.0,0.0,-0.025476505979895592,-0.012044684961438179,-0.022234933450818062,-0.7594811320304871,0.06539749354124069,-0.3513091802597046,-0.543593168258667,0.0,1.19209286886246e-09,-0.02723044343292713,-0.9389262199401855,0.344118595123291,0.0,0.0,2.38418573772492e-09,-1.19209286886246e-09,-0.031859468668699265,-0.8560606241226196,0.5168754458427429,0.0,0.0,0.0,-3.5762786065873797e-09,-0.023122519254684448,-1.0,-0.0,0.0,0.0,-0.012360505759716034,0.0032300001475960016,-0.016998957842588425,-0.9990482330322266,-0.0,-0.04361938685178757,0.0,-0.002149570034816861,-3.8927792047616094e-06,-0.06502974033355713,-0.9999619722366333,-0.0,-0.008726464584469795,0.0,0.0,0.0,-0.03691747412085533,-0.9991405606269836,0.04145072400569916,0.0,0.0,-2.38418573772492e-09,-2.98023217215615e-10,-0.02163529396057129,-0.9989849328994751,0.045045435428619385,0.0,0.0,0.0,2.98023217215615e-10,-0.01868978515267372,-1.0,-0.0,0.0,0.0,0.0,0.003969999961555004,-0.017509059980511665,-1.0,-0.0,0.0,0.0,0.0,4.611611075233668e-06,-0.0637909397482872,-1.0,-0.0,0.0,0.0,0.0,2.98023217215615e-10,-0.04460655897855759,-0.9987601637840271,0.049780797213315964,0.0,0.0,0.0,-2.98023217215615e-10,-0.02347646653652191,-0.9974532127380371,0.07132436335086823,0.0,0.0,0.0,0.0,-0.019652195274829865,-1.0,-0.0,0.0,0.0,0.00711638480424881,0.0018999999156221747,-0.016959700733423233,-0.9961947202682495,-0.0,0.08715574443340302,0.0,-0.0005882382392883301,0.0,-0.060253534466028214,-0.7914058566093445,0.6106104850769043,-0.022831395268440247,-0.017615599557757378,1.19209286886246e-09,-1.490116086078075e-10,-0.04255415499210358,-0.6447821259498596,0.7643664479255676,0.0,0.0,-2.38418573772492e-09,0.0,-0.02208789810538292,-0.9066526293754578,0.42187803983688354,0.0,0.0,0.0,0.0,-0.017740869894623756,-1.0,-0.0,0.0,0.0,0.013503451831638813,-0.0037700000684708357,-0.014087309129536152,-0.9914448857307434,-0.0,0.13052619993686676,0.0,0.0048975334502756596,-3.847479547403054e-06,-0.05743739381432533,-0.8162115812301636,0.5770302414894104,0.00025584176182746887,-0.028893278911709785,4.76837147544984e-09,-2.98023217215615e-10,-0.03276757150888443,-0.7187358736991882,0.6952832341194153,0.0,0.0,2.38418573772492e-09,0.0,-0.016709718853235245,-0.849189817905426,0.528087854385376,0.0,0.0,0.0,0.0,-0.01388302817940712,-1.0,-0.0,0.0,0.0
1782948451.552544,2026-07-01 19:27:31.552,17460.0,17460,left,0,1,peace,2,0.0,0.003969999961555004,-0.04999999701976776,-1.0,-0.0,0.0,0.0,0.0,0.0,0.0,-1.0,-0.0,0.0,0.0,0.025476500391960144,-0.012044699862599373,-0.022234899923205376,-0.7618264555931091,0.0045541818253695965,0.3590887486934662,0.5391242504119873,-5.7220457705398076e-08,-4.3511388270189855e-08,-0.027230437844991684,-0.9611886143684387,0.2758921980857849,0.0,0.0,3.5762786065873797e-09,6.318092005130893e-08,-0.031859491020441055,-0.8987904787063599,0.4383784532546997,0.0,0.0,2.384185648907078e-08,0.0,-0.023122519254684448,-1.0,-0.0,0.0,0.0,0.012359999120235443,0.0032300001475960016,-0.017000000923871994,-0.9990482330322266,-0.0,0.04361938685178757,0.0,0.0021501504816114902,-3.890097104886081e-06,-0.06502876430749893,-0.9999619722366333,-0.0,0.008726557716727257,0.0,-9.53674295089968e-09,-9.53674295089968e-09,-0.036917347460985184,-0.9993493556976318,0.0360686257481575,0.0,0.0,-2.8610228852699038e-08,-2.98023217215615e-10,-0.0216355137526989,-0.999281644821167,0.037897396832704544,0.0,0.0,1.2636184010261786e-07,2.98023217215615e-10,-0.018689393997192383,-1.0,-0.0,0.0,0.0,0.0,0.003969999961555004,-0.01750910095870495,-1.0,-0.0,0.0,0.0,0.0,4.610121322912164e-06,-0.06379090249538422,-1.0,-0.0,0.0,0.0,0.0,2.98023217215615e-10,-0.044606998562812805,-0.9995051622390747,0.03145527467131615,0.0,0.0,0.0,0.0,-0.023475991562008858,-0.9990876317024231,0.04270758107304573,0.0,0.0,0.0,0.0,-0.019651994109153748,-1.0,-0.0,0.0,0.0,-0.00711638992652297,0.0018999999156221747,-0.016959700733423233,-0.9961947202682495,-0.0,-0.08715574443340302,0.0,0.0005882433033548295,0.0,-0.060253534466028214,-0.8953298330307007,0.4449658989906311,0.01768212951719761,0.008787761442363262,-1.1086464013487785e-07,-1.490116086078075e-10,-0.04255366697907448,-0.6986450552940369,0.7154684662818909,0.0,0.0,4.5299529460862686e-08,0.0,-0.022088106721639633,-0.9161885976791382,0.40074750781059265,0.0,0.0,-1.4305114426349519e-08,0.0,-0.017740696668624878,-1.0,-0.0,0.0,0.0,-0.013503500260412693,-0.0037700000684708357,-0.014087299816310406,-0.9914448857307434,-0.0,-0.13052619993686676,0.0,-0.004897483624517918,-3.8501621020259336e-06,-0.05743739381432533,-0.9040777683258057,0.42545321583747864,-0.017398124560713768,0.03647270426154137,5.4836270635405526e-08,-2.98023217215615e-10,-0.03276759013533592,-0.7623261213302612,0.6471930742263794,0.0,0.0,-9.298324243900424e-08,0.0,-0.01670967973768711,-0.874462366104126,0.48509344458580017,0.0,0.0,6.19888282926695e-08,0.0,-0.013883084990084171,-1.0,-0.0,0.0,0.0
1782948451.7531288,2026-07-01 19:27:31.753,17461.0,17461,left,0,1,peace,2,0.0,0.003969999961555004,-0.04999999701976776,-1.0,-0.0,0.0,0.0,0.0,0.0,0.0,-1.0,-0.0,0.0,0.0,0.025476500391960144,-0.012044699862599373,-0.022234899923205376,-0.7618264555931091,0.0045541818253695965,0.3590887486934662,0.5391242504119873,-5.7220457705398076e-08,-4.3511388270189855e-08,-0.027230437844991684,-0.9611886143684387,0.2758921980857849,0.0,0.0,3.5762786065873797e-09,6.318092005130893e-08,-0.031859491020441055,-0.8987904787063599,0.4383784532546997,0.0,0.0,2.384185648907078e-08,0.0,-0.023122519254684448,-1.0,-0.0,0.0,0.0,0.012359999120235443,0.0032300001475960016,-0.017000000923871994,-0.9990482330322266,-0.0,0.04361938685178757,0.0,0.0021501504816114902,-3.890097104886081e-06,-0.06502876430749893,-0.9999619722366333,-0.0,0.008726557716727257,0.0,-9.53674295089968e-09,-9.53674295089968e-09,-0.036917347460985184,-0.9993493556976318,0.0360686257481575,0.0,0.0,-2.8610228852699038e-08,-2.98023217215615e-10,-0.0216355137526989,-0.999281644821167,0.037897396832704544,0.0,0.0,1.2636184010261786e-07,2.98023217215615e-10,-0.018689393997192383,-1.0,-0.0,0.0,0.0,0.0,0.003969999961555004,-0.01750910095870495,-1.0,-0.0,0.0,0.0,0.0,4.610121322912164e-06,-0.06379090249538422,-1.0,-0.0,0.0,0.0,0.0,2.98023217215615e-10,-0.044606998562812805,-0.9995051622390747,0.03145527467131615,0.0,0.0,0.0,0.0,-0.023475991562008858,-0.9990876317024231,0.04270758107304573,0.0,0.0,0.0,0.0,-0.019651994109153748,-1.0,-0.0,0.0,0.0,-0.00711638992652297,0.0018999999156221747,-0.016959700733423233,-0.9961947202682495,-0.0,-0.08715574443340302,0.0,0.0005882433033548295,0.0,-0.060253534466028214,-0.8953298330307007,0.4449658989906311,0.01768212951719761,0.008787761442363262,-1.1086464013487785e-07,-1.490116086078075e-10,-0.04255366697907448,-0.6986450552940369,0.7154684662818909,0.0,0.0,4.5299529460862686e-08,0.0,-0.022088106721639633,-0.9161885976791382,0.40074750781059265,0.0,0.0,-1.4305114426349519e-08,0.0,-0.017740696668624878,-1.0,-0.0,0.0,0.0,-0.013503500260412693,-0.0037700000684708357,-0.014087299816310406,-0.9914448857307434,-0.0,-0.13052619993686676,0.0,-0.004897483624517918,-3.8501621020259336e-06,-0.05743739381432533,-0.9040777683258057,0.42545321583747864,-0.017398124560713768,0.03647270426154137,5.4836270635405526e-08,-2.98023217215615e-10,-0.03276759013533592,-0.7623261213302612,0.6471930742263794,0.0,0.0,-9.298324243900424e-08,0.0,-0.01670967973768711,-0.874462366104126,0.48509344458580017,0.0,0.0,6.19888282926695e-08,0.0,-0.013883084990084171,-1.0,-0.0,0.0,0.0
1782948451.7654626,2026-07-01 19:27:31.765,10699.0,10699,right,0,2,peace,2,0.0,0.003969999961555004,-0.04999999701976776,-1.0,-0.0,0.0,0.0,0.0,0.0,0.0,-1.0,-0.0,0.0,0.0,-0.025476505979895592,-0.012044684961438179,-0.022234933450818062,-0.7603652477264404,0.0635298416018486,-0.35009780526161194,-0.5433600544929504,0.0,1.19209286886246e-09,-0.02723044343292713,-0.9401799440383911,0.3406783938407898,0.0,0.0,2.38418573772492e-09,-1.19209286886246e-09,-0.031859468668699265,-0.858266294002533,0.5132046937942505,0.0,0.0,0.0,-3.5762786065873797e-09,-0.023122519254684448,-1.0,-0.0,0.0,0.0,-0.012360505759716034,0.0032300001475960016,-0.016998957842588425,-0.9990482330322266,-0.0,-0.04361938685178757,0.0,-0.002149570034816861,-3.8927792047616094e-06,-0.06502974033355713,-0.9999619722366333,-0.0,-0.008726464584469795,0.0,0.0,0.0,-0.03691747412085533,-0.9991405606269836,0.04145072400569916,0.0,0.0,-2.38418573772492e-09,-2.98023217215615e-10,-0.02163529396057129,-0.9989849328994751,0.045045435428619385,0.0,0.0,0.0,2.98023217215615e-10,-0.01868978515267372,-1.0,-0.0,0.0,0.0,0.0,0.003969999961555004,-0.017509059980511665,-1.0,-0.0,0.0,0.0,0.0,4.611611075233668e-06,-0.0637909397482872,-1.0,-0.0,0.0,0.0,0.0,2.98023217215615e-10,-0.04460655897855759,-0.9987601637840271,0.049780797213315964,0.0,0.0,0.0,-2.98023217215615e-10,-0.02347646653652191,-0.9974532127380371,0.07132436335086823,0.0,0.0,0.0,0.0,-0.019652195274829865,-1.0,-0.0,0.0,0.0,0.00711638480424881,0.0018999999156221747,-0.016959700733423233,-0.9961947202682495,-0.0,0.08715574443340302,0.0,-0.0005882382392883301,0.0,-0.060253534466028214,-0.7914058566093445,0.6106104850769043,-0.022831395268440247,-0.017615599557757378,1.19209286886246e-09,-1.490116086078075e-10,-0.04255415499210358,-0.6447821259498596,0.7643664479255676,0.0,0.0,-2.38418573772492e-09,0.0,-0.02208789810538292,-0.9066526293754578,0.42187803983688354,0.0,0.0,0.0,0.0,-0.017740869894623756,-1.0,-0.0,0.0,0.0,0.013503451831638813,-0.0037700000684708357,-0.014087309129536152,-0.9914448857307434,-0.0,0.13052619993686676,0.0,0.0048975334502756596,-3.847479547403054e-06,-0.05743739381432533,-0.8182808756828308,0.5740983486175537,0.0008571904036216438,-0.028753001242876053,4.76837147544984e-09,-2.98023217215615e-10,-0.03276757150888443,-0.7193758487701416,0.6946210265159607,0.0,0.0,2.38418573772492e-09,0.0,-0.016709718853235245,-0.8495782017707825,0.5274626612663269,0.0,0.0,0.0,0.0,-0.01388302817940712,-1.0,-0.0,0.0,0.0
1782948451.959142,2026-07-01 19:27:31.959,17463.0,17463,left,0,1,peace,2,0.0,0.003969999961555004,-0.04999999701976776,-1.0,-0.0,0.0,0.0,0.0,0.0,0.0,-1.0,-0.0,0.0,0.0,0.025476500391960144,-0.012044699862599373,-0.022234899923205376,-0.7618264555931091,0.0045541818253695965,0.3590887486934662,0.5391242504119873,-5.7220457705398076e-08,-4.3511388270189855e-08,-0.027230437844991684,-0.9611886143684387,0.2758921980857849,0.0,0.0,3.5762786065873797e-09,6.318092005130893e-08,-0.031859491020441055,-0.8987904787063599,0.4383784532546997,0.0,0.0,2.384185648907078e-08,0.0,-0.023122519254684448,-1.0,-0.0,0.0,0.0,0.012359999120235443,0.0032300001475960016,-0.017000000923871994,-0.9990482330322266,-0.0,0.04361938685178757,0.0,0.0021501504816114902,-3.890097104886081e-06,-0.06502876430749893,-0.9999619722366333,-0.0,0.008726557716727257,0.0,-9.53674295089968e-09,-9.53674295089968e-09,-0.036917347460985184,-0.9993493556976318,0.0360686257481575,0.0,0.0,-2.8610228852699038e-08,-2.98023217215615e-10,-0.0216355137526989,-0.999281644821167,0.037897396832704544,0.0,0.0,1.2636184010261786e-07,2.98023217215615e-10,-0.018689393997192383,-1.0,-0.0,0.0,0.0,0.0,0.003969999961555004,-0.01750910095870495,-1.0,-0.0,0.0,0.0,0.0,4.610121322912164e-06,-0.06379090249538422,-1.0,-0.0,0.0,0.0,0.0,2.98023217215615e-10,-0.044606998562812805,-0.9995051622390747,0.03145527467131615,0.0,0.0,0.0,0.0,-0.023475991562008858,-0.9990876317024231,0.04270758107304573,0.0,0.0,0.0,0.0,-0.019651994109153748,-1.0,-0.0,0.0,0.0,-0.00711638992652297,0.0018999999156221747,-0.016959700733423233,-0.9961947202682495,-0.0,-0.08715574443340302,0.0,0.0005882433033548295,0.0,-0.060253534466028214,-0.8953298330307007,0.4449658989906311,0.01768212951719761,0.008787761442363262,-1.1086464013487785e-07,-1.490116086078075e-10,-0.04255366697907448,-0.6986450552940369,0.7154684662818909,0.0,0.0,4.5299529460862686e-08,0.0,-0.022088106721639633,-0.9161885976791382,0.40074750781059265,0.0,0.0,-1.4305114426349519e-08,0.0,-0.017740696668624878,-1.0,-0.0,0.0,0.0,-0.013503500260412693,-0.0037700000684708357,-0.014087299816310406,-0.9914448857307434,-0.0,-0.13052619993686676,0.0,-0.004897483624517918,-3.8501621020259336e-06,-0.05743739381432533,-0.9040777683258057,0.42545321583747864,-0.017398124560713768,0.03647270426154137,5.4836270635405526e-08,-2.98023217215615e-10,-0.03276759013533592,-0.7623261213302612,0.6471930742263794,0.0,0.0,-9.298324243900424e-08,0.0,-0.01670967973768711,-0.874462366104126,0.48509344458580017,0.0,0.0,6.19888282926695e-08,0.0,-0.013883084990084171,-1.0,-0.0,0.0,0.0
1782948451.9700646,2026-07-01 19:27:31.970,10712.0,10712,right,0,2,peace,2,0.0,0.003969999961555004,-0.04999999701976776,-1.0,-0.0,0.0,0.0,0.0,0.0,0.0,-1.0,-0.0,0.0,0.0,-0.025476505979895592,-0.012044684961438179,-0.022234933450818062,-0.7615794539451599,0.06089303642511368,-0.34843116998672485,-0.543032705783844,0.0,1.19209286886246e-09,-0.02723044343292713,-0.9419043660163879,0.33588117361068726,0.0,0.0,2.38418573772492e-09,-1.19209286886246e-09,-0.031859468668699265,-0.8613412976264954,0.5080268383026123,0.0,0.0,0.0,-3.5762786065873797e-09,-0.023122519254684448,-1.0,-0.0,0.0,0.0,-0.012360505759716034,0.0032300001475960016,-0.016998957842588425,-0.9990482330322266,-0.0,-0.04361938685178757,0.0,-0.002149570034816861,-3.8927792047616094e-06,-0.06502974033355713,-0.9999619722366333,-0.0,-0.008726464584469795,0.0,0.0,0.0,-0.03691747412085533,-0.9991405606269836,0.04145072400569916,0.0,0.0,-2.38418573772492e-09,-2.98023217215615e-10,-0.02163529396057129,-0.9989849328994751,0.045045435428619385,0.0,0.0,0.0,2.98023217215615e-10,-0.01868978515267372,-1.0,-0.0,0.0,0.0,0.0,0.003969999961555004,-0.017509059980511665,-1.0,-0.0,0.0,0.0,0.0,4.611611075233668e-06,-0.0637909397482872,-1.0,-0.0,0.0,0.0,0.0,2.98023217215615e-10,-0.04460655897855759,-0.9987601637840271,0.049780797213315964,0.0,0.0,0.0,-2.98023217215615e-10,-0.02347646653652191,-0.9974532127380371,0.07132436335086823,0.0,0.0,0.0,0.0,-0.019652195274829865,-1.0,-0.0,0.0,0.0,0.00711638480424881,0.0018999999156221747,-0.016959700733423233,-0.9961947202682495,-0.0,0.08715574443340302,0.0,-0.0005882382392883301,0.0,-0.060253534466028214,-0.7969014048576355,0.6034670472145081,-0.022203199565410614,-0.016813747584819794,1.19209286886246e-09,-1.490116086078075e-10,-0.04255415499210358,-0.6458641290664673,0.763452410697937,0.0,0.0,-2.38418573772492e-09,0.0,-0.02208789810538292,-0.9068401455879211,0.42147475481033325,0.0,0.0,0.0,0.0,-0.017740869894623756,-1.0,-0.0,0.0,0.0,0.013503451831638813,-0.0037700000684708357,-0.014087309129536152,-0.9914448857307434,-0.0,0.13052619993686676,0.0,0.0048975334502756596,-3.847479547403054e-06,-0.05743739381432533,-0.8223966956138611,0.5681979656219482,0.0020576976239681244,-0.02846948243677616,4.76837147544984e-09,-2.98023217215615e-10,-0.03276757150888443,-0.7206719517707825,0.6932762265205383,0.0,0.0,2.38418573772492e-09,0.0,-0.016709718853235245,-0.8503639698028564,0.5261949896812439,0.0,0.0,0.0,0.0,-0.01388302817940712,-1.0,-0.0,0.0,0.0
1782948452.177956,2026-07-01 19:27:32.177,17465.0,17465,left,0,1,peace,2,0.0,0.003969999961555004,-0.04999999701976776,-1.0,-0.0,0.0,0.0,0.0,0.0,0.0,-1.0,-0.0,0.0,0.0,0.025476500391960144,-0.012044699862599373,-0.022234899923205376,-0.7618264555931091,0.0045541818253695965,0.3590887486934662,0.5391242504119873,-5.7220457705398076e-08,-4.3511388270189855e-08,-0.027230437844991684,-0.9611886143684387,0.2758921980857849,0.0,0.0,3.5762786065873797e-09,6.318092005130893e-08,-0.031859491020441055,-0.8987904787063599,0.4383784532546997,0.0,0.0,2.384185648907078e-08,0.0,-0.023122519254684448,-1.0,-0.0,0.0,0.0,0.012359999120235443,0.0032300001475960016,-0.017000000923871994,-0.9990482330322266,-0.0,0.04361938685178757,0.0,0.0021501504816114902,-3.890097104886081e-06,-0.06502876430749893,-0.9999619722366333,-0.0,0.008726557716727257,0.0,-9.53674295089968e-09,-9.53674295089968e-09,-0.036917347460985184,-0.9993493556976318,0.0360686257481575,0.0,0.0,-2.8610228852699038e-08,-2.98023217215615e-10,-0.0216355137526989,-0.999281644821167,0.037897396832704544,0.0,0.0,1.2636184010261786e-07,2.98023217215615e-10,-0.018689393997192383,-1.0,-0.0,0.0,0.0,0.0,0.003969999961555004,-0.01750910095870495,-1.0,-0.0,0.0,0.0,0.0,4.610121322912164e-06,-0.06379090249538422,-1.0,-0.0,0.0,0.0,0.0,2.98023217215615e-10,-0.044606998562812805,-0.9995051622390747,0.03145527467131615,0.0,0.0,0.0,0.0,-0.023475991562008858,-0.9990876317024231,0.04270758107304573,0.0,0.0,0.0,0.0,-0.019651994109153748,-1.0,-0.0,0.0,0.0,-0.00711638992652297,0.0018999999156221747,-0.016959700733423233,-0.9961947202682495,-0.0,-0.08715574443340302,0.0,0.0005882433033548295,0.0,-0.060253534466028214,-0.8953298330307007,0.4449658989906311,0.01768212951719761,0.008787761442363262,-1.1086464013487785e-07,-1.490116086078075e-10,-0.04255366697907448,-0.6986450552940369,0.7154684662818909,0.0,0.0,4.5299529460862686e-08,0.0,-0.022088106721639633,-0.9161885976791382,0.40074750781059265,0.0,0.0,-1.4305114426349519e-08,0.0,-0.017740696668624878,-1.0,-0.0,0.0,0.0,-0.013503500260412693,-0.0037700000684708357,-0.014087299816310406,-0.9914448857307434,-0.0,-0.13052619993686676,0.0,-0.004897483624517918,-3.8501621020259336e-06,-0.05743739381432533,-0.9040777683258057,0.42545321583747864,-0.017398124560713768,0.03647270426154137,5.4836270635405526e-08,-2.98023217215615e-10,-0.03276759013533592,-0.7623261213302612,0.6471930742263794,0.0,0.0,-9.298324243900424e-08,0.0,-0.01670967973768711,-0.874462366104126,0.48509344458580017,0.0,0.0,6.19888282926695e-08,0.0,-0.013883084990084171,-1.0,-0.0,0.0,0.0
1782948452.1910646,2026-07-01 19:27:32.191,10725.0,10725,right,0,2,peace,2,0.0,0.003969999961555004,-0.04999999701976776,-1.0,-0.0,0.0,0.0,0.0,0.0,0.0,-1.0,-0.0,0.0,0.0,-0.025476505979895592,-0.012044684961438179,-0.022234933450818062,-0.7622488141059875,0.05940169841051102,-0.3475109040737152,-0.5428484678268433,0.0,1.19209286886246e-09,-0.02723044343292713,-0.9428565502166748,0.3331989347934723,0.0,0.0,2.38418573772492e-09,-1.19209286886246e-09,-0.031859468668699265,-0.8630602955818176,0.5051009058952332,0.0,0.0,0.0,-3.5762786065873797e-09,-0.023122519254684448,-1.0,-0.0,0.0,0.0,-0.012360505759716034,0.0032300001475960016,-0.016998957842588425,-0.9990482330322266,-0.0,-0.04361938685178757,0.0,-0.002149570034816861,-3.8927792047616094e-06,-0.06502974033355713,-0.9999619722366333,-0.0,-0.008726464584469795,0.0,0.0,0.0,-0.03691747412085533,-0.9991405606269836,0.04145072400569916,0.0,0.0,-2.38418573772492e-09,-2.98023217215615e-10,-0.02163529396057129,-0.9989849328994751,0.045045435428619385,0.0,0.0,0.0,2.98023217215615e-10,-0.01868978515267372,-1.0,-0.0,0.0,0.0,0.0,0.003969999961555004,-0.017509059980511665,-1.0,-0.0,0.0,0.0,0.0,4.611611075233668e-06,-0.0637909397482872,-1.0,-0.0,0.0,0.0,0.0,2.98023217215615e-10,-0.04460655897855759,-0.9987601637840271,0.049780797213315964,0.0,0.0,0.0,-2.98023217215615e-10,-0.02347646653652191,-0.9974532127380371,0.07132436335086823,0.0,0.0,0.0,0.0,-0.019652195274829865,-1.0,-0.0,0.0,0.0,0.00711638480424881,0.0018999999156221747,-0.016959700733423233,-0.9961947202682495,-0.0,0.08715574443340302,0.0,-0.0005882382392883301,0.0,-0.060253534466028214,-0.7969014048576355,0.6034670472145081,-0.022203199565410614,-0.016813747584819794,1.19209286886246e-09,-1.490116086078075e-10,-0.04255415499210358,-0.6458641290664673,0.763452410697937,0.0,0.0,-2.38418573772492e-09,0.0,-0.02208789810538292,-0.9068401455879211,0.42147475481033325,0.0,0.0,0.0,0.0,-0.017740869894623756,-1.0,-0.0,0.0,0.0,0.013503451831638813,-0.0037700000684708357,-0.014087309129536152,-0.9914448857307434,-0.0,0.13052619993686676,0.0,0.0048975334502756596,-3.847479547403054e-06,-0.05743739381432533,-0.8285558223724365,0.5591914057731628,0.003840475343167782,-0.028028136119246483,4.76837147544984e-09,-2.98023217215615e-10,-0.03276757150888443,-0.7227439880371094,0.6911159157752991,0.0,0.0,2.38418573772492e-09,0.0,-0.016709718853235245,-0.8516139388084412,0.5241695642471313,0.0,0.0,0.0,0.0,-0.01388302817940712,-1.0,-0.0,0.0,0.0
1782948452.3879657,2026-07-01 19:27:32.387,17466.0,17466,left,0,1,peace,2,0.0,0.003969999961555004,-0.04999999701976776,-1.0,-0.0,0.0,0.0,0.0,0.0,0.0,-1.0,-0.0,0.0,0.0,0.025476500391960144,-0.012044699862599373,-0.022234899923205376,-0.7618264555931091,0.0045541818253695965,0.3590887486934662,0.5391242504119873,-5.7220457705398076e-08,-4.3511388270189855e-08,-0.027230437844991684,-0.9611886143684387,0.2758921980857849,0.0,0.0,3.5762786065873797e-09,6.318092005130893e-08,-0.031859491020441055,-0.8987904787063599,0.4383784532546997,0.0,0.0,2.384185648907078e-08,0.0,-0.023122519254684448,-1.0,-0.0,0.0,0.0,0.012359999120235443,0.0032300001475960016,-0.017000000923871994,-0.9990482330322266,-0.0,0.04361938685178757,0.0,0.0021501504816114902,-3.890097104886081e-06,-0.06502876430749893,-0.9999619722366333,-0.0,0.008726557716727257,0.0,-9.53674295089968e-09,-9.53674295089968e-09,-0.036917347460985184,-0.9993493556976318,0.0360686257481575,0.0,0.0,-2.8610228852699038e-08,-2.98023217215615e-10,-0.0216355137526989,-0.999281644821167,0.037897396832704544,0.0,0.0,1.2636184010261786e-07,2.98023217215615e-10,-0.018689393997192383,-1.0,-0.0,0.0,0.0,0.0,0.003969999961555004,-0.01750910095870495,-1.0,-0.0,0.0,0.0,0.0,4.610121322912164e-06,-0.06379090249538422,-1.0,-0.0,0.0,0.0,0.0,2.98023217215615e-10,-0.044606998562812805,-0.9995051622390747,0.03145527467131615,0.0,0.0,0.0,0.0,-0.023475991562008858,-0.9990876317024231,0.04270758107304573,0.0,0.0,0.0,0.0,-0.019651994109153748,-1.0,-0.0,0.0,0.0,-0.00711638992652297,0.0018999999156221747,-0.016959700733423233,-0.9961947202682495,-0.0,-0.08715574443340302,0.0,0.0005882433033548295,0.0,-0.060253534466028214,-0.8953298330307007,0.4449658989906311,0.01768212951719761,0.008787761442363262,-1.1086464013487785e-07,-1.490116086078075e-10,-0.04255366697907448,-0.6986450552940369,0.7154684662818909,0.0,0.0,4.5299529460862686e-08,0.0,-0.022088106721639633,-0.9161885976791382,0.40074750781059265,0.0,0.0,-1.4305114426349519e-08,0.0,-0.017740696668624878,-1.0,-0.0,0.0,0.0,-0.013503500260412693,-0.0037700000684708357,-0.014087299816310406,-0.9914448857307434,-0.0,-0.13052619993686676,0.0,-0.004897483624517918,-3.8501621020259336e-06,-0.05743739381432533,-0.9040777683258057,0.42545321583747864,-0.017398124560713768,0.03647270426154137,5.4836270635405526e-08,-2.98023217215615e-10,-0.03276759013533592,-0.7623261213302612,0.6471930742263794,0.0,0.0,-9.298324243900424e-08,0.0,-0.01670967973768711,-0.874462366104126,0.48509344458580017,0.0,0.0,6.19888282926695e-08,0.0,-0.013883084990084171,-1.0,-0.0,0.0,0.0
1782948452.4004543,2026-07-01 19:27:32.400,10738.0,10738,right,0,2,peace,2,0.0,0.003969999961555004,-0.04999999701976776,-1.0,-0.0,0.0,0.0,0.0,0.0,0.0,-1.0,-0.0,0.0,0.0,-0.025476505979895592,-0.012044684961438179,-0.022234933450818062,-0.7623823881149292,0.059103403240442276,-0.34732672572135925,-0.5428113341331482,0.0,1.19209286886246e-09,-0.02723044343292713,-0.9430460929870605,0.3326621651649475,0.0,0.0,2.38418573772492e-09,-1.19209286886246e-09,-0.031859468668699265,-0.8634029030799866,0.5045150518417358,0.0,0.0,0.0,-3.5762786065873797e-09,-0.023122519254684448,-1.0,-0.0,0.0,0.0,-0.012360505759716034,0.0032300001475960016,-0.016998957842588425,-0.9990482330322266,-0.0,-0.04361938685178757,0.0,-0.002149570034816861,-3.8927792047616094e-06,-0.06502974033355713,-0.9999619722366333,-0.0,-0.008726464584469795,0.0,0.0,0.0,-0.03691747412085533,-0.9991405606269836,0.04145072400569916,0.0,0.0,-2.38418573772492e-09,-2.98023217215615e-10,-0.02163529396057129,-0.9989849328994751,0.045045435428619385,0.0,0.0,0.0,2.98023217215615e-10,-0.01868978515267372,-1.0,-0.0,0.0,0.0,0.0,0.003969999961555004,-0.017509059980511665,-1.0,-0.0,0.0,0.0,0.0,4.611611075233668e-06,-0.0637909397482872,-1.0,-0.0,0.0,0.0,0.0,2.98023217215615e-10,-0.04460655897855759,-0.9987601637840271,0.049780797213315964,0.0,0.0,0.0,-2.98023217215615e-10,-0.02347646653652191,-0.9974532127380371,0.07132436335086823,0.0,0.0,0.0,0.0,-0.019652195274829865,-1.0,-0.0,0.0,0.0,0.00711638480424881,0.0018999999156221747,-0.016959700733423233,-0.9961947202682495,-0.0,0.08715574443340302,0.0,-0.0005882382392883301,0.0,-0.060253534466028214,-0.7969014048576355,0.6034670472145081,-0.022203199565410614,-0.016813747584819794,1.19209286886246e-09,-1.490116086078075e-10,-0.04255415499210358,-0.6458641290664673,0.763452410697937,0.0,0.0,-2.38418573772492e-09,0.0,-0.02208789810538292,-0.9068401455879211,0.42147475481033325,0.0,0.0,0.0,0.0,-0.017740869894623756,-1.0,-0.0,0.0,0.0,0.013503451831638813,-0.0037700000684708357,-0.014087309129536152,-0.9914448857307434,-0.0,0.13052619993686676,0.0,0.0048975334502756596,-3.847479547403054e-06,-0.05743739381432533,-0.8285558223724365,0.5591914057731628,0.003840475343167782,-0.028028136119246483,4.76837147544984e-09,-2.98023217215615e-10,-0.03276757150888443,-0.7227439880371094,0.6911159157752991,0.0,0.0,2.38418573772492e-09,0.0,-0.016709718853235245,-0.8516139388084412,0.5241695642471313,0.0,0.0,0.0,0.0,-0.01388302817940712,-1.0,-0.0,0.0,0.0
1782948452.5963273,2026-07-01 19:27:32.596,17468.0,17468,left,0,1,peace,2,0.0,0.003969999961555004,-0.04999999701976776,-1.0,-0.0,0.0,0.0,0.0,0.0,0.0,-1.0,-0.0,0.0,0.0,0.025476500391960144,-0.012044699862599373,-0.022234899923205376,-0.7618264555931091,0.0045541818253695965,0.3590887486934662,0.5391242504119873,-5.7220457705398076e-08,-4.3511388270189855e-08,-0.027230437844991684,-0.9611886143684387,0.2758921980857849,0.0,0.0,3.5762786065873797e-09,6.318092005130893e-08,-0.031859491020441055,-0.8987904787063599,0.4383784532546997,0.0,0.0,2.384185648907078e-08,0.0,-0.023122519254684448,-1.0,-0.0,0.0,0.0,0.012359999120235443,0.0032300001475960016,-0.017000000923871994,-0.9990482330322266,-0.0,0.04361938685178757,0.0,0.0021501504816114902,-3.890097104886081e-06,-0.06502876430749893,-0.9999619722366333,-0.0,0.008726557716727257,0.0,-9.53674295089968e-09,-9.53674295089968e-09,-0.036917347460985184,-0.9993493556976318,0.0360686257481575,0.0,0.0,-2.8610228852699038e-08,-2.98023217215615e-10,-0.0216355137526989,-0.999281644821167,0.037897396832704544,0.0,0.0,1.2636184010261786e-07,2.98023217215615e-10,-0.018689393997192383,-1.0,-0.0,0.0,0.0,0.0,0.003969999961555004,-0.01750910095870495,-1.0,-0.0,0.0,0.0,0.0,4.610121322912164e-06,-0.06379090249538422,-1.0,-0.0,0.0,0.0,0.0,2.98023217215615e-10,-0.044606998562812805,-0.9995051622390747,0.03145527467131615,0.0,0.0,0.0,0.0,-0.023475991562008858,-0.9990876317024231,0.04270758107304573,0.0,0.0,0.0,0.0,-0.019651994109153748,-1.0,-0.0,0.0,0.0,-0.00711638992652297,0.0018999999156221747,-0.016959700733423233,-0.9961947202682495,-0.0,-0.08715574443340302,0.0,0.0005882433033548295,0.0,-0.060253534466028214,-0.8953298330307007,0.4449658989906311,0.01768212951719761,0.008787761442363262,-1.1086464013487785e-07,-1.490116086078075e-10,-0.04255366697907448,-0.6986450552940369,0.7154684662818909,0.0,0.0,4.5299529460862686e-08,0.0,-0.022088106721639633,-0.9161885976791382,0.40074750781059265,0.0,0.0,-1.4305114426349519e-08,0.0,-0.017740696668624878,-1.0,-0.0,0.0,0.0,-0.013503500260412693,-0.0037700000684708357,-0.014087299816310406,-0.9914448857307434,-0.0,-0.13052619993686676,0.0,-0.004897483624517918,-3.8501621020259336e-06,-0.05743739381432533,-0.9040777683258057,0.42545321583747864,-0.017398124560713768,0.03647270426154137,5.4836270635405526e-08,-2.98023217215615e-10,-0.03276759013533592,-0.7623261213302612,0.6471930742263794,0.0,0.0,-9.298324243900424e-08,0.0,-0.01670967973768711,-0.874462366104126,0.48509344458580017,0.0,0.0,6.19888282926695e-08,0.0,-0.013883084990084171,-1.0,-0.0,0.0,0.0
1782948452.6072388,2026-07-01 19:27:32.607,10751.0,10751,right,0,2,peace,2,0.0,0.003969999961555004,-0.04999999701976776,-1.0,-0.0,0.0,0.0,0.0,0.0,0.0,-1.0,-0.0,0.0,0.0,-0.025476505979895592,-0.012044684961438179,-0.022234933450818062,-0.7627152800559998,0.058350030332803726,-0.34686824679374695,-0.5427182912826538,0.0,1.19209286886246e-09,-0.02723044343292713,-0.9435198903083801,0.33131593465805054,0.0,0.0,2.38418573772492e-09,-1.19209286886246e-09,-0.031859468668699265,-0.864264726638794,0.5030373334884644,0.0,0.0,0.0,-3.5762786065873797e-09,-0.023122519254684448,-1.0,-0.0,0.0,0.0,-0.012360505759716034,0.0032300001475960016,-0.016998957842588425,-0.9990482330322266,-0.0,-0.04361938685178757,0.0,-0.002149570034816861,-3.8927792047616094e-06,-0.06502974033355713,-0.9999619722366333,-0.0,-0.008726464584469795,0.0,0.0,0.0,-0.03691747412085533,-0.9991405606269836,0.04145072400569916,0.0,0.0,-2.38418573772492e-09,-2.98023217215615e-10,-0.02163529396057129,-0.9989849328994751,0.045045435428619385,0.0,0.0,0.0,2.98023217215615e-10,-0.01868978515267372,-1.0,-0.0,0.0,0.0,0.0,0.003969999961555004,-0.017509059980511665,-1.0,-0.0,0.0,0.0,0.0,4.611611075233668e-06,-0.0637909397482872,-1.0,-0.0,0.0,0.0,0.0,2.98023217215615e-10,-0.04460655897855759,-0.9987601637840271,0.049780797213315964,0.0,0.0,0.0,-2.98023217215615e-10,-0.02347646653652191,-0.9974532127380371,0.07132436335086823,0.0,0.0,0.0,0.0,-0.019652195274829865,-1.0,-0.0,0.0,0.0,0.00711638480424881,0.0018999999156221747,-0.016959700733423233,-0.9961947202682495,-0.0,0.08715574443340302,0.0,-0.0005882382392883301,0.0,-0.060253534466028214,-0.7969014048576355,0.6034670472145081,-0.022203199565410614,-0.016813747584819794,1.19209286886246e-09,-1.490116086078075e-10,-0.04255415499210358,-0.6458641290664673,0.763452410697937,0.0,0.0,-2.38418573772492e-09,0.0,-0.02208789810538292,-0.9068401455879211,0.42147475481033325,0.0,0.0,0.0,0.0,-0.017740869894623756,-1.0,-0.0,0.0,0.0,0.013503451831638813,-0.0037700000684708357,-0.014087309129536152,-0.9914448857307434,-0.0,0.13052619993686676,0.0,0.0048975334502756596,-3.847479547403054e-06,-0.05743739381432533,-0.8285558223724365,0.5591914057731628,0.003840475343167782,-0.028028136119246483,4.76837147544984e-09,-2.98023217215615e-10,-0.03276757150888443,-0.7227439880371094,0.6911159157752991,0.0,0.0,2.38418573772492e-09,0.0,-0.016709718853235245,-0.8516139388084412,0.5241695642471313,0.0,0.0,0.0,0.0,-0.01388302817940712,-1.0,-0.0,0.0,0.0
1782948452.8028865,2026-07-01 19:27:32.802,17470.0,17470,left,0,1,peace,2,0.0,0.003969999961555004,-0.04999999701976776,-1.0,-0.0,0.0,0.0,0.0,0.0,0.0,-1.0,-0.0,0.0,0.0,0.025476500391960144,-0.012044699862599373,-0.022234899923205376,-0.7618264555931091,0.0045541818253695965,0.3590887486934662,0.5391242504119873,-5.7220457705398076e-08,-4.3511388270189855e-08,-0.027230437844991684,-0.9611886143684387,0.2758921980857849,0.0,0.0,3.5762786065873797e-09,6.318092005130893e-08,-0.031859491020441055,-0.8987904787063599,0.4383784532546997,0.0,0.0,2.384185648907078e-08,0.0,-0.023122519254684448,-1.0,-0.0,0.0,0.0,0.012359999120235443,0.0032300001475960016,-0.017000000923871994,-0.9990482330322266,-0.0,0.04361938685178757,0.0,0.0021501504816114902,-3.890097104886081e-06,-0.06502876430749893,-0.9999619722366333,-0.0,0.008726557716727257,0.0,-9.53674295089968e-09,-9.53674295089968e-09,-0.036917347460985184,-0.9993493556976318,0.0360686257481575,0.0,0.0,-2.8610228852699038e-08,-2.98023217215615e-10,-0.0216355137526989,-0.999281644821167,0.037897396832704544,0.0,0.0,1.2636184010261786e-07,2.98023217215615e-10,-0.018689393997192383,-1.0,-0.0,0.0,0.0,0.0,0.003969999961555004,-0.01750910095870495,-1.0,-0.0,0.0,0.0,0.0,4.610121322912164e-06,-0.06379090249538422,-1.0,-0.0,0.0,0.0,0.0,2.98023217215615e-10,-0.044606998562812805,-0.9995051622390747,0.03145527467131615,0.0,0.0,0.0,0.0,-0.023475991562008858,-0.9990876317024231,0.04270758107304573,0.0,0.0,0.0,0.0,-0.019651994109153748,-1.0,-0.0,0.0,0.0,-0.00711638992652297,0.0018999999156221747,-0.016959700733423233,-0.9961947202682495,-0.0,-0.08715574443340302,0.0,0.0005882433033548295,0.0,-0.060253534466028214,-0.8953298330307007,0.4449658989906311,0.01768212951719761,0.008787761442363262,-1.1086464013487785e-07,-1.490116086078075e-10,-0.04255366697907448,-0.6986450552940369,0.7154684662818909,0.0,0.0,4.5299529460862686e-08,0.0,-0.022088106721639633,-0.9161885976791382,0.40074750781059265,0.0,0.0,-1.4305114426349519e-08,0.0,-0.017740696668624878,-1.0,-0.0,0.0,0.0,-0.013503500260412693,-0.0037700000684708357,-0.014087299816310406,-0.9914448857307434,-0.0,-0.13052619993686676,0.0,-0.004897483624517918,-3.8501621020259336e-06,-0.05743739381432533,-0.9040777683258057,0.42545321583747864,-0.017398124560713768,0.03647270426154137,5.4836270635405526e-08,-2.98023217215615e-10,-0.03276759013533592,-0.7623261213302612,0.6471930742263794,0.0,0.0,-9.298324243900424e-08,0.0,-0.01670967973768711,-0.874462366104126,0.48509344458580017,0.0,0.0,6.19888282926695e-08,0.0,-0.013883084990084171,-1.0,-0.0,0.0,0.0
1782948452.81472,2026-07-01 19:27:32.814,10762.0,10762,right,0,2,peace,2,0.0,0.003969999961555004,-0.04999999701976776,-1.0,-0.0,0.0,0.0,0.0,0.0,0.0,-1.0,-0.0,0.0,0.0,-0.025476505979895592,-0.012044684961438179,-0.022234933450818062,-0.7627817988395691,0.05819934979081154,-0.3467765152454376,-0.5426996350288391,0.0,1.19209286886246e-09,-0.02723044343292713,-0.9436144232749939,0.33104658126831055,0.0,0.0,2.38418573772492e-09,-1.19209286886246e-09,-0.031859468668699265,-0.8644368052482605,0.5027415752410889,0.0,0.0,0.0,-3.5762786065873797e-09,-0.023122519254684448,-1.0,-0.0,0.0,0.0,-0.012360505759716034,0.0032300001475960016,-0.016998957842588425,-0.9990482330322266,-0.0,-0.04361938685178757,0.0,-0.002149570034816861,-3.8927792047616094e-06,-0.06502974033355713,-0.9999619722366333,-0.0,-0.008726464584469795,0.0,0.0,0.0,-0.03691747412085533,-0.9991405606269836,0.04145072400569916,0.0,0.0,-2.38418573772492e-09,-2.98023217215615e-10,-0.02163529396057129,-0.9989849328994751,0.045045435428619385,0.0,0.0,0.0,2.98023217215615e-10,-0.01868978515267372,-1.0,-0.0,0.0,0.0,0.0,0.003969999961555004,-0.017509059980511665,-1.0,-0.0,0.0,0.0,0.0,4.611611075233668e-06,-0.0637909397482872,-1.0,-0.0,0.0,0.0,0.0,2.98023217215615e-10,-0.04460655897855759,-0.9987601637840271,0.049780797213315964,0.0,0.0,0.0,-2.98023217215615e-10,-0.02347646653652191,-0.9974532127380371,0.07132436335086823,0.0,0.0,0.0,0.0,-0.019652195274829865,-1.0,-0.0,0.0,0.0,0.00711638480424881,0.0018999999156221747,-0.016959700733423233,-0.9961947202682495,-0.0,0.08715574443340302,0.0,-0.0005882382392883301,0.0,-0.060253534466028214,-0.7969014048576355,0.6034670472145081,-0.022203199565410614,-0.016813747584819794,1.19209286886246e-09,-1.490116086078075e-10,-0.04255415499210358,-0.6458641290664673,0.763452410697937,0.0,0.0,-2.38418573772492e-09,0.0,-0.02208789810538292,-0.9068401455879211,0.42147475481033325,0.0,0.0,0.0,0.0,-0.017740869894623756,-1.0,-0.0,0.0,0.0,0.013503451831638813,-0.0037700000684708357,-0.014087309129536152,-0.9914448857307434,-0.0,0.13052619993686676,0.0,0.0048975334502756596,-3.847479547403054e-06,-0.05743739381432533,-0.8377233147621155,0.545371949672699,0.006471771281212568,-0.02733534574508667,4.76837147544984e-09,-2.98023217215615e-10,-0.03276757150888443,-0.7260994911193848,0.6875896453857422,0.0,0.0,2.38418573772492e-09,0.0,-0.016709718853235245,-0.8536251783370972,0.5208878517150879,0.0,0.0,0.0,0.0,-0.01388302817940712,-1.0,-0.0,0.0,0.0
1782948453.0105097,2026-07-01 19:27:33.010,17472.0,17472,left,0,1,peace,2,0.0,0.003969999961555004,-0.04999999701976776,-1.0,-0.0,0.0,0.0,0.0,0.0,0.0,-1.0,-0.0,0.0,0.0,0.025476500391960144,-0.012044699862599373,-0.022234899923205376,-0.7618264555931091,0.0045541818253695965,0.3590887486934662,0.5391242504119873,-5.7220457705398076e-08,-4.3511388270189855e-08,-0.027230437844991684,-0.9611886143684387,0.2758921980857849,0.0,0.0,3.5762786065873797e-09,6.318092005130893e-08,-0.031859491020441055,-0.8987904787063599,0.4383784532546997,0.0,0.0,2.384185648907078e-08,0.0,-0.023122519254684448,-1.0,-0.0,0.0,0.0,0.012359999120235443,0.0032300001475960016,-0.017000000923871994,-0.9990482330322266,-0.0,0.04361938685178757,0.0,0.0021501504816114902,-3.890097104886081e-06,-0.06502876430749893,-0.9999619722366333,-0.0,0.008726557716727257,0.0,-9.53674295089968e-09,-9.53674295089968e-09,-0.036917347460985184,-0.9993493556976318,0.0360686257481575,0.0,0.0,-2.8610228852699038e-08,-2.98023217215615e-10,-0.0216355137526989,-0.999281644821167,0.037897396832704544,0.0,0.0,1.2636184010261786e-07,2.98023217215615e-10,-0.018689393997192383,-1.0,-0.0,0.0,0.0,0.0,0.003969999961555004,-0.01750910095870495,-1.0,-0.0,0.0,0.0,0.0,4.610121322912164e-06,-0.06379090249538422,-1.0,-0.0,0.0,0.0,0.0,2.98023217215615e-10,-0.044606998562812805,-0.9995051622390747,0.03145527467131615,0.0,0.0,0.0,0.0,-0.023475991562008858,-0.9990876317024231,0.04270758107304573,0.0,0.0,0.0,0.0,-0.019651994109153748,-1.0,-0.0,0.0,0.0,-0.00711638992652297,0.0018999999156221747,-0.016959700733423233,-0.9961947202682495,-0.0,-0.08715574443340302,0.0,0.0005882433033548295,0.0,-0.060253534466028214,-0.8953298330307007,0.4449658989906311,0.01768212951719761,0.008787761442363262,-1.1086464013487785e-07,-1.490116086078075e-10,-0.04255366697907448,-0.6986450552940369,0.7154684662818909,0.0,0.0,4.5299529460862686e-08,0.0,-0.022088106721639633,-0.9161885976791382,0.40074750781059265,0.0,0.0,-1.4305114426349519e-08,0.0,-0.017740696668624878,-1.0,-0.0,0.0,0.0,-0.013503500260412693,-0.0037700000684708357,-0.014087299816310406,-0.9914448857307434,-0.0,-0.13052619993686676,0.0,-0.004897483624517918,-3.8501621020259336e-06,-0.05743739381432533,-0.9040777683258057,0.42545321583747864,-0.017398124560713768,0.03647270426154137,5.4836270635405526e-08,-2.98023217215615e-10,-0.03276759013533592,-0.7623261213302612,0.6471930742263794,0.0,0.0,-9.298324243900424e-08,0.0,-0.01670967973768711,-0.874462366104126,0.48509344458580017,0.0,0.0,6.19888282926695e-08,0.0,-0.013883084990084171,-1.0,-0.0,0.0,0.0
1782948453.0327535,2026-07-01 19:27:33.032,10776.0,10776,right,0,2,peace,2,0.0,0.003969999961555004,-0.04999999701976776,-1.0,-0.0,0.0,0.0,0.0,0.0,0.0,-1.0,-0.0,0.0,0.0,-0.025476505979895592,-0.012044684961438179,-0.022234933450818062,-0.7627817988395691,0.05819934979081154,-0.3467765152454376,-0.5426996350288391,0.0,1.19209286886246e-09,-0.02723044343292713,-0.9436144232749939,0.33104658126831055,0.0,0.0,2.38418573772492e-09,-1.19209286886246e-09,-0.031859468668699265,-0.8644368052482605,0.5027415752410889,0.0,0.0,0.0,-3.5762786065873797e-09,-0.023122519254684448,-1.0,-0.0,0.0,0.0,-0.012360505759716034,0.0032300001475960016,-0.016998957842588425,-0.9990482330322266,-0.0,-0.04361938685178757,0.0,-0.002149570034816861,-3.8927792047616094e-06,-0.06502974033355713,-0.9999619722366333,-0.0,-0.008726464584469795,0.0,0.0,0.0,-0.03691747412085533,-0.9991405606269836,0.04145072400569916,0.0,0.0,-2.38418573772492e-09,-2.98023217215615e-10,-0.02163529396057129,-0.9989849328994751,0.045045435428619385,0.0,0.0,0.0,2.98023217215615e-10,-0.01868978515267372,-1.0,-0.0,0.0,0.0,0.0,0.003969999961555004,-0.017509059980511665,-1.0,-0.0,0.0,0.0,0.0,4.611611075233668e-06,-0.0637909397482872,-1.0,-0.0,0.0,0.0,0.0,2.98023217215615e-10,-0.04460655897855759,-0.9987601637840271,0.049780797213315964,0.0,0.0,0.0,-2.98023217215615e-10,-0.02347646653652191,-0.9974532127380371,0.07132436335086823,0.0,0.0,0.0,0.0,-0.019652195274829865,-1.0,-0.0,0.0,0.0,0.00711638480424881,0.0018999999156221747,-0.016959700733423233,-0.9961947202682495,-0.0,0.08715574443340302,0.0,-0.0005882382392883301,0.0,-0.060253534466028214,-0.7969014048576355,0.6034670472145081,-0.022203199565410614,-0.016813747584819794,1.19209286886246e-09,-1.490116086078075e-10,-0.04255415499210358,-0.6458641290664673,0.763452410697937,0.0,0.0,-2.38418573772492e-09,0.0,-0.02208789810538292,-0.9068401455879211,0.42147475481033325,0.0,0.0,0.0,0.0,-0.017740869894623756,-1.0,-0.0,0.0,0.0,0.013503451831638813,-0.0037700000684708357,-0.014087309129536152,-0.9914448857307434,-0.0,0.13052619993686676,0.0,0.0048975334502756596,-3.847479547403054e-06,-0.05743739381432533,-0.8467764258384705,0.5312061905860901,0.009042209014296532,-0.026609597727656364,4.76837147544984e-09,-2.98023217215615e-10,-0.03276757150888443,-0.7297428846359253,0.6837217211723328,0.0,0.0,2.38418573772492e-09,0.0,-0.016709718853235245,-0.8557910323143005,0.5173216462135315,0.0,0.0,0.0,0.0,-0.01388302817940712,-1.0,-0.0,0.0,0.0
1782948453.2204382,2026-07-01 19:27:33.220,17473.0,17473,left,0,1,peace,2,0.0,0.003969999961555004,-0.04999999701976776,-1.0,-0.0,0.0,0.0,0.0,0.0,0.0,-1.0,-0.0,0.0,0.0,0.025476500391960144,-0.012044699862599373,-0.022234899923205376,-0.7625678181648254,0.0024377107620239258,0.3580886721611023,0.5387549996376038,-5.7220457705398076e-08,-4.3511388270189855e-08,-0.027230437844991684,-0.9621665477752686,0.2724620997905731,0.0,0.0,3.5762786065873797e-09,6.318092005130893e-08,-0.031859491020441055,-0.9008342623710632,0.43416327238082886,0.0,0.0,2.384185648907078e-08,0.0,-0.023122519254684448,-1.0,-0.0,0.0,0.0,0.012359999120235443,0.0032300001475960016,-0.017000000923871994,-0.9990482330322266,-0.0,0.04361938685178757,0.0,0.0021501504816114902,-3.890097104886081e-06,-0.06502876430749893,-0.9999619722366333,-0.0,0.008726557716727257,0.0,-9.53674295089968e-09,-9.53674295089968e-09,-0.036917347460985184,-0.9993493556976318,0.0360686257481575,0.0,0.0,-2.8610228852699038e-08,-2.98023217215615e-10,-0.0216355137526989,-0.999281644821167,0.037897396832704544,0.0,0.0,1.2636184010261786e-07,2.98023217215615e-10,-0.018689393997192383,-1.0,-0.0,0.0,0.0,0.0,0.003969999961555004,-0.01750910095870495,-1.0,-0.0,0.0,0.0,0.0,4.610121322912164e-06,-0.06379090249538422,-1.0,-0.0,0.0,0.0,0.0,2.98023217215615e-10,-0.044606998562812805,-0.9995051622390747,0.03145527467131615,0.0,0.0,0.0,0.0,-0.023475991562008858,-0.9990876317024231,0.04270758107304573,0.0,0.0,0.0,0.0,-0.019651994109153748,-1.0,-0.0,0.0,0.0,-0.00711638992652297,0.0018999999156221747,-0.016959700733423233,-0.9961947202682495,-0.0,-0.08715574443340302,0.0,0.0005882433033548295,0.0,-0.060253534466028214,-0.8953298330307007,0.4449658989906311,0.01768212951719761,0.008787761442363262,-1.1086464013487785e-07,-1.490116086078075e-10,-0.04255366697907448,-0.6986450552940369,0.7154684662818909,0.0,0.0,4.5299529460862686e-08,0.0,-0.022088106721639633,-0.9161885976791382,0.40074750781059265,0.0,0.0,-1.4305114426349519e-08,0.0,-0.017740696668624878,-1.0,-0.0,0.0,0.0,-0.013503500260412693,-0.0037700000684708357,-0.014087299816310406,-0.9914448857307434,-0.0,-0.13052619993686676,0.0,-0.004897483624517918,-3.8501621020259336e-06,-0.05743739381432533,-0.9040777683258057,0.42545321583747864,-0.017398124560713768,0.03647270426154137,5.4836270635405526e-08,-2.98023217215615e-10,-0.03276759013533592,-0.7623261213302612,0.6471930742263794,0.0,0.0,-9.298324243900424e-08,0.0,-0.01670967973768711,-0.874462366104126,0.48509344458580017,0.0,0.0,6.19888282926695e-08,0.0,-0.013883084990084171,-1.0,-0.0,0.0,0.0
1782948453.2422018,2026-07-01 19:27:33.242,10789.0,10789,right,0,2,peace,2,0.0,0.003969999961555004,-0.04999999701976776,-1.0,-0.0,0.0,0.0,0.0,0.0,0.0,-1.0,-0.0,0.0,0.0,-0.025476505979895592,-0.012044684961438179,-0.022234933450818062,-0.7627817988395691,0.05819934979081154,-0.3467765152454376,-0.5426996350288391,0.0,1.19209286886246e-09,-0.02723044343292713,-0.9436144232749939,0.33104658126831055,0.0,0.0,2.38418573772492e-09,-1.19209286886246e-09,-0.031859468668699265,-0.8644368052482605,0.5027415752410889,0.0,0.0,0.0,-3.5762786065873797e-09,-0.023122519254684448,-1.0,-0.0,0.0,0.0,-0.012360505759716034,0.0032300001475960016,-0.016998957842588425,-0.9990482330322266,-0.0,-0.04361938685178757,0.0,-0.002149570034816861,-3.8927792047616094e-06,-0.06502974033355713,-0.9999619722366333,-0.0,-0.008726464584469795,0.0,0.0,0.0,-0.03691747412085533,-0.9991405606269836,0.04145072400569916,0.0,0.0,-2.38418573772492e-09,-2.98023217215615e-10,-0.02163529396057129,-0.9989849328994751,0.045045435428619385,0.0,0.0,0.0,2.98023217215615e-10,-0.01868978515267372,-1.0,-0.0,0.0,0.0,0.0,0.003969999961555004,-0.017509059980511665,-1.0,-0.0,0.0,0.0,0.0,4.611611075233668e-06,-0.0637909397482872,-1.0,-0.0,0.0,0.0,0.0,2.98023217215615e-10,-0.04460655897855759,-0.9987601637840271,0.049780797213315964,0.0,0.0,0.0,-2.98023217215615e-10,-0.02347646653652191,-0.9974532127380371,0.07132436335086823,0.0,0.0,0.0,0.0,-0.019652195274829865,-1.0,-0.0,0.0,0.0,0.00711638480424881,0.0018999999156221747,-0.016959700733423233,-0.9961947202682495,-0.0,0.08715574443340302,0.0,-0.0005882382392883301,0.0,-0.060253534466028214,-0.7969014048576355,0.6034670472145081,-0.022203199565410614,-0.016813747584819794,1.19209286886246e-09,-1.490116086078075e-10,-0.04255415499210358,-0.6458641290664673,0.763452410697937,0.0,0.0,-2.38418573772492e-09,0.0,-0.02208789810538292,-0.9068401455879211,0.42147475481033325,0.0,0.0,0.0,0.0,-0.017740869894623756,-1.0,-0.0,0.0,0.0,0.013503451831638813,-0.0037700000684708357,-0.014087309129536152,-0.9914448857307434,-0.0,0.13052619993686676,0.0,0.0048975334502756596,-3.847479547403054e-06,-0.05743739381432533,-0.8467764258384705,0.5312061905860901,0.009042209014296532,-0.026609597727656364,4.76837147544984e-09,-2.98023217215615e-10,-0.03276757150888443,-0.7297428846359253,0.6837217211723328,0.0,0.0,2.38418573772492e-09,0.0,-0.016709718853235245,-0.8557910323143005,0.5173216462135315,0.0,0.0,0.0,0.0,-0.01388302817940712,-1.0,-0.0,0.0,0.0
1782948453.4290469,2026-07-01 19:27:33.429,17475.0,17475,left,0,1,peace,2,0.0,0.003969999961555004,-0.04999999701976776,-1.0,-0.0,0.0,0.0,0.0,0.0,0.0,-1.0,-0.0,0.0,0.0,0.025476500391960144,-0.012044699862599373,-0.022234899923205376,-0.7625678181648254,0.0024377107620239258,0.3580886721611023,0.5387549996376038,-5.7220457705398076e-08,-4.3511388270189855e-08,-0.027230437844991684,-0.9621665477752686,0.2724620997905731,0.0,0.0,3.5762786065873797e-09,6.318092005130893e-08,-0.031859491020441055,-0.9008342623710632,0.43416327238082886,0.0,0.0,2.384185648907078e-08,0.0,-0.023122519254684448,-1.0,-0.0,0.0,0.0,0.012359999120235443,0.0032300001475960016,-0.017000000923871994,-0.9990482330322266,-0.0,0.04361938685178757,0.0,0.0021501504816114902,-3.890097104886081e-06,-0.06502876430749893,-0.9999619722366333,-0.0,0.008726557716727257,0.0,-9.53674295089968e-09,-9.53674295089968e-09,-0.036917347460985184,-0.9993493556976318,0.0360686257481575,0.0,0.0,-2.8610228852699038e-08,-2.98023217215615e-10,-0.0216355137526989,-0.999281644821167,0.037897396832704544,0.0,0.0,1.2636184010261786e-07,2.98023217215615e-10,-0.018689393997192383,-1.0,-0.0,0.0,0.0,0.0,0.003969999961555004,-0.01750910095870495,-1.0,-0.0,0.0,0.0,0.0,4.610121322912164e-06,-0.06379090249538422,-1.0,-0.0,0.0,0.0,0.0,2.98023217215615e-10,-0.044606998562812805,-0.9995051622390747,0.03145527467131615,0.0,0.0,0.0,0.0,-0.023475991562008858,-0.9990876317024231,0.04270758107304573,0.0,0.0,0.0,0.0,-0.019651994109153748,-1.0,-0.0,0.0,0.0,-0.00711638992652297,0.0018999999156221747,-0.016959700733423233,-0.9961947202682495,-0.0,-0.08715574443340302,0.0,0.0005882433033548295,0.0,-0.060253534466028214,-0.8953298330307007,0.4449658989906311,0.01768212951719761,0.008787761442363262,-1.1086464013487785e-07,-1.490116086078075e-10,-0.04255366697907448,-0.6986450552940369,0.7154684662818909,0.0,0.0,4.5299529460862686e-08,0.0,-0.022088106721639633,-0.9161885976791382,0.40074750781059265,0.0,0.0,-1.4305114426349519e-08,0.0,-0.017740696668624878,-1.0,-0.0,0.0,0.0,-0.013503500260412693,-0.0037700000684708357,-0.014087299816310406,-0.9914448857307434,-0.0,-0.13052619993686676,0.0,-0.004897483624517918,-3.8501621020259336e-06,-0.05743739381432533,-0.9040777683258057,0.42545321583747864,-0.017398124560713768,0.03647270426154137,5.4836270635405526e-08,-2.98023217215615e-10,-0.03276759013533592,-0.7623261213302612,0.6471930742263794,0.0,0.0,-9.298324243900424e-08,0.0,-0.01670967973768711,-0.874462366104126,0.48509344458580017,0.0,0.0,6.19888282926695e-08,0.0,-0.013883084990084171,-1.0,-0.0,0.0,0.0
1782948453.451627,2026-07-01 19:27:33.451,10801.0,10801,right,0,2,peace,2,0.0,0.003969999961555004,-0.04999999701976776,-1.0,-0.0,0.0,0.0,0.0,0.0,0.0,-1.0,-0.0,0.0,0.0,-0.025476505979895592,-0.012044684961438179,-0.022234933450818062,-0.7627817988395691,0.05819934979081154,-0.3467765152454376,-0.5426996350288391,0.0,1.19209286886246e-09,-0.02723044343292713,-0.9436144232749939,0.33104658126831055,0.0,0.0,2.38418573772492e-09,-1.19209286886246e-09,-0.031859468668699265,-0.8644368052482605,0.5027415752410889,0.0,0.0,0.0,-3.5762786065873797e-09,-0.023122519254684448,-1.0,-0.0,0.0,0.0,-0.012360505759716034,0.0032300001475960016,-0.016998957842588425,-0.9990482330322266,-0.0,-0.04361938685178757,0.0,-0.002149570034816861,-3.8927792047616094e-06,-0.06502974033355713,-0.9999619722366333,-0.0,-0.008726464584469795,0.0,0.0,0.0,-0.03691747412085533,-0.9991405606269836,0.04145072400569916,0.0,0.0,-2.38418573772492e-09,-2.98023217215615e-10,-0.02163529396057129,-0.9989849328994751,0.045045435428619385,0.0,0.0,0.0,2.98023217215615e-10,-0.01868978515267372,-1.0,-0.0,0.0,0.0,0.0,0.003969999961555004,-0.017509059980511665,-1.0,-0.0,0.0,0.0,0.0,4.611611075233668e-06,-0.0637909397482872,-1.0,-0.0,0.0,0.0,0.0,2.98023217215615e-10,-0.04460655897855759,-0.9987601637840271,0.049780797213315964,0.0,0.0,0.0,-2.98023217215615e-10,-0.02347646653652191,-0.9974532127380371,0.07132436335086823,0.0,0.0,0.0,0.0,-0.019652195274829865,-1.0,-0.0,0.0,0.0,0.00711638480424881,0.0018999999156221747,-0.016959700733423233,-0.9961947202682495,-0.0,0.08715574443340302,0.0,-0.0005882382392883301,0.0,-0.060253534466028214,-0.7969014048576355,0.6034670472145081,-0.022203199565410614,-0.016813747584819794,1.19209286886246e-09,-1.490116086078075e-10,-0.04255415499210358,-0.6458641290664673,0.763452410697937,0.0,0.0,-2.38418573772492e-09,0.0,-0.02208789810538292,-0.9068401455879211,0.42147475481033325,0.0,0.0,0.0,0.0,-0.017740869894623756,-1.0,-0.0,0.0,0.0,0.013503451831638813,-0.0037700000684708357,-0.014087309129536152,-0.9914448857307434,-0.0,0.13052619993686676,0.0,0.0048975334502756596,-3.847479547403054e-06,-0.05743739381432533,-0.8467764258384705,0.5312061905860901,0.009042209014296532,-0.026609597727656364,4.76837147544984e-09,-2.98023217215615e-10,-0.03276757150888443,-0.7297428846359253,0.6837217211723328,0.0,0.0,2.38418573772492e-09,0.0,-0.016709718853235245,-0.8557910323143005,0.5173216462135315,0.0,0.0,0.0,0.0,-0.01388302817940712,-1.0,-0.0,0.0,0.0
1782948453.636516,2026-07-01 19:27:33.636,17477.0,17477,left,0,1,peace,2,0.0,0.003969999961555004,-0.04999999701976776,-1.0,-0.0,0.0,0.0,0.0,0.0,0.0,-1.0,-0.0,0.0,0.0,0.025476500391960144,-0.012044699862599373,-0.022234899923205376,-0.7625678181648254,0.0024377107620239258,0.3580886721611023,0.5387549996376038,-5.7220457705398076e-08,-4.3511388270189855e-08,-0.027230437844991684,-0.9621665477752686,0.2724620997905731,0.0,0.0,3.5762786065873797e-09,6.318092005130893e-08,-0.031859491020441055,-0.9008342623710632,0.43416327238082886,0.0,0.0,2.384185648907078e-08,0.0,-0.023122519254684448,-1.0,-0.0,0.0,0.0,0.012359999120235443,0.0032300001475960016,-0.017000000923871994,-0.9990482330322266,-0.0,0.04361938685178757,0.0,0.0021501504816114902,-3.890097104886081e-06,-0.06502876430749893,-0.9999619722366333,-0.0,0.008726557716727257,0.0,-9.53674295089968e-09,-9.53674295089968e-09,-0.036917347460985184,-0.9993493556976318,0.0360686257481575,0.0,0.0,-2.8610228852699038e-08,-2.98023217215615e-10,-0.0216355137526989,-0.999281644821167,0.037897396832704544,0.0,0.0,1.2636184010261786e-07,2.98023217215615e-10,-0.018689393997192383,-1.0,-0.0,0.0,0.0,0.0,0.003969999961555004,-0.01750910095870495,-1.0,-0.0,0.0,0.0,0.0,4.610121322912164e-06,-0.06379090249538422,-1.0,-0.0,0.0,0.0,0.0,2.98023217215615e-10,-0.044606998562812805,-0.9995051622390747,0.03145527467131615,0.0,0.0,0.0,0.0,-0.023475991562008858,-0.9990876317024231,0.04270758107304573,0.0,0.0,0.0,0.0,-0.019651994109153748,-1.0,-0.0,0.0,0.0,-0.00711638992652297,0.0018999999156221747,-0.016959700733423233,-0.9961947202682495,-0.0,-0.08715574443340302,0.0,0.0005882433033548295,0.0,-0.060253534466028214,-0.8953298330307007,0.4449658989906311,0.01768212951719761,0.008787761442363262,-1.1086464013487785e-07,-1.490116086078075e-10,-0.04255366697907448,-0.6986450552940369,0.7154684662818909,0.0,0.0,4.5299529460862686e-08,0.0,-0.022088106721639633,-0.9161885976791382,0.40074750781059265,0.0,0.0,-1.4305114426349519e-08,0.0,-0.017740696668624878,-1.0,-0.0,0.0,0.0,-0.013503500260412693,-0.0037700000684708357,-0.014087299816310406,-0.9914448857307434,-0.0,-0.13052619993686676,0.0,-0.004897483624517918,-3.8501621020259336e-06,-0.05743739381432533,-0.9040777683258057,0.42545321583747864,-0.017398124560713768,0.03647270426154137,5.4836270635405526e-08,-2.98023217215615e-10,-0.03276759013533592,-0.7623261213302612,0.6471930742263794,0.0,0.0,-9.298324243900424e-08,0.0,-0.01670967973768711,-0.874462366104126,0.48509344458580017,0.0,0.0,6.19888282926695e-08,0.0,-0.013883084990084171,-1.0,-0.0,0.0,0.0
1782948453.65957,2026-07-01 19:27:33.659,10813.0,10813,right,0,2,peace,2,0.0,0.003969999961555004,-0.04999999701976776,-1.0,-0.0,0.0,0.0,0.0,0.0,0.0,-1.0,-0.0,0.0,0.0,-0.025476505979895592,-0.012044684961438179,-0.022234933450818062,-0.7627817988395691,0.05819934979081154,-0.3467765152454376,-0.5426996350288391,0.0,1.19209286886246e-09,-0.02723044343292713,-0.9436144232749939,0.33104658126831055,0.0,0.0,2.38418573772492e-09,-1.19209286886246e-09,-0.031859468668699265,-0.8644368052482605,0.5027415752410889,0.0,0.0,0.0,-3.5762786065873797e-09,-0.023122519254684448,-1.0,-0.0,0.0,0.0,-0.012360505759716034,0.0032300001475960016,-0.016998957842588425,-0.9990482330322266,-0.0,-0.04361938685178757,0.0,-0.002149570034816861,-3.8927792047616094e-06,-0.06502974033355713,-0.9999619722366333,-0.0,-0.008726464584469795,0.0,0.0,0.0,-0.03691747412085533,-0.9991405606269836,0.04145072400569916,0.0,0.0,-2.38418573772492e-09,-2.98023217215615e-10,-0.02163529396057129,-0.9989849328994751,0.045045435428619385,0.0,0.0,0.0,2.98023217215615e-10,-0.01868978515267372,-1.0,-0.0,0.0,0.0,0.0,0.003969999961555004,-0.017509059980511665,-1.0,-0.0,0.0,0.0,0.0,4.611611075233668e-06,-0.0637909397482872,-1.0,-0.0,0.0,0.0,0.0,2.98023217215615e-10,-0.04460655897855759,-0.9987601637840271,0.049780797213315964,0.0,0.0,0.0,-2.98023217215615e-10,-0.02347646653652191,-0.9974532127380371,0.07132436335086823,0.0,0.0,0.0,0.0,-0.019652195274829865,-1.0,-0.0,0.0,0.0,0.00711638480424881,0.0018999999156221747,-0.016959700733423233,-0.9961947202682495,-0.0,0.08715574443340302,0.0,-0.0005882382392883301,0.0,-0.060253534466028214,-0.7969014048576355,0.6034670472145081,-0.022203199565410614,-0.016813747584819794,1.19209286886246e-09,-1.490116086078075e-10,-0.04255415499210358,-0.6458641290664673,0.763452410697937,0.0,0.0,-2.38418573772492e-09,0.0,-0.02208789810538292,-0.9068401455879211,0.42147475481033325,0.0,0.0,0.0,0.0,-0.017740869894623756,-1.0,-0.0,0.0,0.0,0.013503451831638813,-0.0037700000684708357,-0.014087309129536152,-0.9914448857307434,-0.0,0.13052619993686676,0.0,0.0048975334502756596,-3.847479547403054e-06,-0.05743739381432533,-0.8467764258384705,0.5312061905860901,0.009042209014296532,-0.026609597727656364,4.76837147544984e-09,-2.98023217215615e-10,-0.03276757150888443,-0.7297428846359253,0.6837217211723328,0.0,0.0,2.38418573772492e-09,0.0,-0.016709718853235245,-0.8557910323143005,0.5173216462135315,0.0,0.0,0.0,0.0,-0.01388302817940712,-1.0,-0.0,0.0,0.0
