wall_time,iso_time,timestamp,packet_counter,hand_side,frame_id,status,pose,take,PALM_x,PALM_y,PALM_z,PALM_qw,PALM_qx,PALM_qy,PALM_qz,WRIST_x,WRIST_y,WRIST_z,WRIST_qw,WRIST_qx,WRIST_qy,WRIST_qz,THUMB_METACARPAL_x,THUMB_METACARPAL_y,THUMB_METACARPAL_z,THUMB_METACARPAL_qw,THUMB_METACARPAL_qx,THUMB_METACARPAL_qy,THUMB_METACARPAL_qz,THUMB_PROXIMAL_x,THUMB_PROXIMAL_y,THUMB_PROXIMAL_z,THUMB_PROXIMAL_qw,THUMB_PROXIMAL_qx,THUMB_PROXIMAL_qy,THUMB_PROXIMAL_qz,THUMB_DISTAL_x,THUMB_DISTAL_y,THUMB_DISTAL_z,THUMB_DISTAL_qw,THUMB_DISTAL_qx,THUMB_DISTAL_qy,THUMB_DISTAL_qz,THUMB_TIP_x,THUMB_TIP_y,THUMB_TIP_z,THUMB_TIP_qw,THUMB_TIP_qx,THUMB_TIP_qy,THUMB_TIP_qz,INDEX_METACARPAL_x,INDEX_METACARPAL_y,INDEX_METACARPAL_z,INDEX_METACARPAL_qw,INDEX_METACARPAL_qx,INDEX_METACARPAL_qy,INDEX_METACARPAL_qz,INDEX_PROXIMAL_x,INDEX_PROXIMAL_y,INDEX_PROXIMAL_z,INDEX_PROXIMAL_qw,INDEX_PROXIMAL_qx,INDEX_PROXIMAL_qy,INDEX_PROXIMAL_qz,INDEX_INTERMEDIATE_x,INDEX_INTERMEDIATE_y,INDEX_INTERMEDIATE_z,INDEX_INTERMEDIATE_qw,INDEX_INTERMEDIATE_qx,INDEX_INTERMEDIATE_qy,INDEX_INTERMEDIATE_qz,INDEX_DISTAL_x,INDEX_DISTAL_y,INDEX_DISTAL_z,INDEX_DISTAL_qw,INDEX_DISTAL_qx,INDEX_DISTAL_qy,INDEX_DISTAL_qz,INDEX_TIP_x,INDEX_TIP_y,INDEX_TIP_z,INDEX_TIP_qw,INDEX_TIP_qx,INDEX_TIP_qy,INDEX_TIP_qz,MIDDLE_METACARPAL_x,MIDDLE_METACARPAL_y,MIDDLE_METACARPAL_z,MIDDLE_METACARPAL_qw,MIDDLE_METACARPAL_qx,MIDDLE_METACARPAL_qy,MIDDLE_METACARPAL_qz,MIDDLE_PROXIMAL_x,MIDDLE_PROXIMAL_y,MIDDLE_PROXIMAL_z,MIDDLE_PROXIMAL_qw,MIDDLE_PROXIMAL_qx,MIDDLE_PROXIMAL_qy,MIDDLE_PROXIMAL_qz,MIDDLE_INTERMEDIATE_x,MIDDLE_INTERMEDIATE_y,MIDDLE_INTERMEDIATE_z,MIDDLE_INTERMEDIATE_qw,MIDDLE_INTERMEDIATE_qx,MIDDLE_INTERMEDIATE_qy,MIDDLE_INTERMEDIATE_qz,MIDDLE_DISTAL_x,MIDDLE_DISTAL_y,MIDDLE_DISTAL_z,MIDDLE_DISTAL_qw,MIDDLE_DISTAL_qx,MIDDLE_DISTAL_qy,MIDDLE_DISTAL_qz,MIDDLE_TIP_x,MIDDLE_TIP_y,MIDDLE_TIP_z,MIDDLE_TIP_qw,MIDDLE_TIP_qx,MIDDLE_TIP_qy,MIDDLE_TIP_qz,RING_METACARPAL_x,RING_METACARPAL_y,RING_METACARPAL_z,RING_METACARPAL_qw,RING_METACARPAL_qx,RING_METACARPAL_qy,RING_METACARPAL_qz,RING_PROXIMAL_x,RING_PROXIMAL_y,RING_PROXIMAL_z,RING_PROXIMAL_qw,RING_PROXIMAL_qx,RING_PROXIMAL_qy,RING_PROXIMAL_qz,RING_INTERMEDIATE_x,RING_INTERMEDIATE_y,RING_INTERMEDIATE_z,RING_INTERMEDIATE_qw,RING_INTERMEDIATE_qx,RING_INTERMEDIATE_qy,RING_INTERMEDIATE_qz,RING_DISTAL_x,RING_DISTAL_y,RING_DISTAL_z,RING_DISTAL_qw,RING_DISTAL_qx,RING_DISTAL_qy,RING_DISTAL_qz,RING_TIP_x,RING_TIP_y,RING_TIP_z,RING_TIP_qw,RING_TIP_qx,RING_TIP_qy,RING_TIP_qz,LITTLE_METACARPAL_x,LITTLE_METACARPAL_y,LITTLE_METACARPAL_z,LITTLE_METACARPAL_qw,LITTLE_METACARPAL_qx,LITTLE_METACARPAL_qy,LITTLE_METACARPAL_qz,LITTLE_PROXIMAL_x,LITTLE_PROXIMAL_y,LITTLE_PROXIMAL_z,LITTLE_PROXIMAL_qw,LITTLE_PROXIMAL_qx,LITTLE_PROXIMAL_qy,LITTLE_PROXIMAL_qz,LITTLE_INTERMEDIATE_x,LITTLE_INTERMEDIATE_y,LITTLE_INTERMEDIATE_z,LITTLE_INTERMEDIATE_qw,LITTLE_INTERMEDIATE_qx,LITTLE_INTERMEDIATE_qy,LITTLE_INTERMEDIATE_qz,LITTLE_DISTAL_x,LITTLE_DISTAL_y,LITTLE_DISTAL_z,LITTLE_DISTAL_qw,LITTLE_DISTAL_qx,LITTLE_DISTAL_qy,LITTLE_DISTAL_qz,LITTLE_TIP_x,LITTLE_TIP_y,LITTLE_TIP_z,LITTLE_TIP_qw,LITTLE_TIP_qx,LITTLE_TIP_qy,LITTLE_TIP_qz
1782948459.8229816,2026-07-01 19:27:39.822,11167.0,11167,right,0,2,peace,3,0.0,0.003969999961555004,-0.04999999701976776,-1.0,-0.0,0.0,0.0,0.0,0.0,0.0,-1.0,-0.0,0.0,0.0,-0.025476505979895592,-0.012044684961438179,-0.022234933450818062,-0.7651495337486267,0.05265016481280327,-0.34350284934043884,-0.5420147776603699,0.0,1.19209286886246e-09,-0.02723044343292713,-0.9469868540763855,0.3212723135948181,0.0,0.0,2.38418573772492e-09,-1.19209286886246e-09,-0.031859468668699265,-0.8706738948822021,0.4918608069419861,0.0,0.0,0.0,-3.5762786065873797e-09,-0.023122519254684448,-1.0,-0.0,0.0,0.0,-0.012360505759716034,0.0032300001475960016,-0.016998957842588425,-0.9990482330322266,-0.0,-0.04361938685178757,0.0,-0.002149570034816861,-3.8927792047616094e-06,-0.06502974033355713,-0.9999619722366333,-0.0,-0.008726464584469795,0.0,0.0,0.0,-0.03691747412085533,-0.9991405606269836,0.04145072400569916,0.0,0.0,-2.38418573772492e-09,-2.98023217215615e-10,-0.02163529396057129,-0.9989849328994751,0.045045435428619385,0.0,0.0,0.0,2.98023217215615e-10,-0.01868978515267372,-1.0,-0.0,0.0,0.0,0.0,0.003969999961555004,-0.017509059980511665,-1.0,-0.0,0.0,0.0,0.0,4.611611075233668e-06,-0.0637909397482872,-1.0,-0.0,0.0,0.0,0.0,2.98023217215615e-10,-0.04460655897855759,-0.9987601637840271,0.049780797213315964,0.0,0.0,0.0,-2.98023217215615e-10,-0.02347646653652191,-0.9974532127380371,0.07132436335086823,0.0,0.0,0.0,0.0,-0.019652195274829865,-1.0,-0.0,0.0,0.0,0.00711638480424881,0.0018999999156221747,-0.016959700733423233,-0.9961947202682495,-0.0,0.08715574443340302,0.0,-0.0005882382392883301,0.0,-0.060253534466028214,-0.8052476048469543,0.5923532843589783,-0.021220723167061806,-0.01561031024903059,1.19209286886246e-09,-1.490116086078075e-10,-0.04255415499210358,-0.647906482219696,0.7617198824882507,0.0,0.0,-2.38418573772492e-09,0.0,-0.02208789810538292,-0.9071947932243347,0.42071086168289185,0.0,0.0,0.0,0.0,-0.017740869894623756,-1.0,-0.0,0.0,0.0,0.013503451831638813,-0.0037700000684708357,-0.014087309129536152,-0.9914448857307434,-0.0,0.13052619993686676,0.0,0.0048975334502756596,-3.847479547403054e-06,-0.05743739381432533,-0.858614981174469,0.5118324160575867,0.012358266860246658,-0.02559877373278141,4.76837147544984e-09,-2.98023217215615e-10,-0.03276757150888443,-0.7350288033485413,0.6780358552932739,0.0,0.0,2.38418573772492e-09,0.0,-0.016709718853235245,-0.8589030504226685,0.5121382474899292,0.0,0.0,0.0,0.0,-0.01388302817940712,-1.0,-0.0,0.0,0.0
1782948459.8240306,2026-07-01 19:27:39.824,17526.0,17526,left,0,1,peace,3,0.0,0.003969999961555004,-0.04999999701976776,-1.0,-0.0,0.0,0.0,0.0,0.0,0.0,-1.0,-0.0,0.0,0.0,0.025476500391960144,-0.012044699862599373,-0.022234899923205376,-0.7629392147064209,0.001379460096359253,0.35758334398269653,0.5385685563087463,-5.7220457705398076e-08,-4.3511388270189855e-08,-0.027230437844991684,-0.962651252746582,0.2707446217536926,0.0,0.0,3.5762786065873797e-09,6.318092005130893e-08,-0.031859491020441055,-0.9018523693084717,0.4320443868637085,0.0,0.0,2.384185648907078e-08,0.0,-0.023122519254684448,-1.0,-0.0,0.0,0.0,0.012359999120235443,0.0032300001475960016,-0.017000000923871994,-0.9990482330322266,-0.0,0.04361938685178757,0.0,0.0021501504816114902,-3.890097104886081e-06,-0.06502876430749893,-0.9999619722366333,-0.0,0.008726557716727257,0.0,-9.53674295089968e-09,-9.53674295089968e-09,-0.036917347460985184,-0.9993493556976318,0.0360686257481575,0.0,0.0,-2.8610228852699038e-08,-2.98023217215615e-10,-0.0216355137526989,-0.999281644821167,0.037897396832704544,0.0,0.0,1.2636184010261786e-07,2.98023217215615e-10,-0.018689393997192383,-1.0,-0.0,0.0,0.0,0.0,0.003969999961555004,-0.01750910095870495,-1.0,-0.0,0.0,0.0,0.0,4.610121322912164e-06,-0.06379090249538422,-1.0,-0.0,0.0,0.0,0.0,2.98023217215615e-10,-0.044606998562812805,-0.9995051622390747,0.03145527467131615,0.0,0.0,0.0,0.0,-0.023475991562008858,-0.9990876317024231,0.04270758107304573,0.0,0.0,0.0,0.0,-0.019651994109153748,-1.0,-0.0,0.0,0.0,-0.00711638992652297,0.0018999999156221747,-0.016959700733423233,-0.9961947202682495,-0.0,-0.08715574443340302,0.0,0.0005882433033548295,0.0,-0.060253534466028214,-0.9002193808555603,0.43502578139305115,0.017028871923685074,0.008229102939367294,-1.1086464013487785e-07,-1.490116086078075e-10,-0.04255366697907448,-0.7030664682388306,0.7111241817474365,0.0,0.0,4.5299529460862686e-08,0.0,-0.022088106721639633,-0.9169875979423523,0.3989158272743225,0.0,0.0,-1.4305114426349519e-08,0.0,-0.017740696668624878,-1.0,-0.0,0.0,0.0,-0.013503500260412693,-0.0037700000684708357,-0.014087299816310406,-0.9914448857307434,-0.0,-0.13052619993686676,0.0,-0.004897483624517918,-3.8501621020259336e-06,-0.05743739381432533,-0.9065096974372864,0.42023229598999023,-0.01808049902319908,0.036306750029325485,5.4836270635405526e-08,-2.98023217215615e-10,-0.03276759013533592,-0.764145016670227,0.6450445652008057,0.0,0.0,-9.298324243900424e-08,0.0,-0.01670967973768711,-0.8754711151123047,0.4832705557346344,0.0,0.0,6.19888282926695e-08,0.0,-0.013883084990084171,-1.0,-0.0,0.0,0.0
1782948460.0335793,2026-07-01 19:27:40.033,17530.0,17530,left,0,1,peace,3,0.0,0.003969999961555004,-0.04999999701976776,-1.0,-0.0,0.0,0.0,0.0,0.0,0.0,-1.0,-0.0,0.0,0.0,0.025476500391960144,-0.012044699862599373,-0.022234899923205376,-0.7629392147064209,0.001379460096359253,0.35758334398269653,0.5385685563087463,-5.7220457705398076e-08,-4.3511388270189855e-08,-0.027230437844991684,-0.962651252746582,0.2707446217536926,0.0,0.0,3.5762786065873797e-09,6.318092005130893e-08,-0.031859491020441055,-0.9018523693084717,0.4320443868637085,0.0,0.0,2.384185648907078e-08,0.0,-0.023122519254684448,-1.0,-0.0,0.0,0.0,0.012359999120235443,0.0032300001475960016,-0.017000000923871994,-0.9990482330322266,-0.0,0.04361938685178757,0.0,0.0021501504816114902,-3.890097104886081e-06,-0.06502876430749893,-0.9999619722366333,-0.0,0.008726557716727257,0.0,-9.53674295089968e-09,-9.53674295089968e-09,-0.036917347460985184,-0.9993493556976318,0.0360686257481575,0.0,0.0,-2.8610228852699038e-08,-2.98023217215615e-10,-0.0216355137526989,-0.999281644821167,0.037897396832704544,0.0,0.0,1.2636184010261786e-07,2.98023217215615e-10,-0.018689393997192383,-1.0,-0.0,0.0,0.0,0.0,0.003969999961555004,-0.01750910095870495,-1.0,-0.0,0.0,0.0,0.0,4.610121322912164e-06,-0.06379090249538422,-1.0,-0.0,0.0,0.0,0.0,2.98023217215615e-10,-0.044606998562812805,-0.9995051622390747,0.03145527467131615,0.0,0.0,0.0,0.0,-0.023475991562008858,-0.9990876317024231,0.04270758107304573,0.0,0.0,0.0,0.0,-0.019651994109153748,-1.0,-0.0,0.0,0.0,-0.00711638992652297,0.0018999999156221747,-0.016959700733423233,-0.9961947202682495,-0.0,-0.08715574443340302,0.0,0.0005882433033548295,0.0,-0.060253534466028214,-0.9002193808555603,0.43502578139305115,0.017028871923685074,0.008229102939367294,-1.1086464013487785e-07,-1.490116086078075e-10,-0.04255366697907448,-0.7030664682388306,0.7111241817474365,0.0,0.0,4.5299529460862686e-08,0.0,-0.022088106721639633,-0.9169875979423523,0.3989158272743225,0.0,0.0,-1.4305114426349519e-08,0.0,-0.017740696668624878,-1.0,-0.0,0.0,0.0,-0.013503500260412693,-0.0037700000684708357,-0.014087299816310406,-0.9914448857307434,-0.0,-0.13052619993686676,0.0,-0.004897483624517918,-3.8501621020259336e-06,-0.05743739381432533,-0.9065096974372864,0.42023229598999023,-0.01808049902319908,0.036306750029325485,5.4836270635405526e-08,-2.98023217215615e-10,-0.03276759013533592,-0.764145016670227,0.6450445652008057,0.0,0.0,-9.298324243900424e-08,0.0,-0.01670967973768711,-0.8754711151123047,0.4832705557346344,0.0,0.0,6.19888282926695e-08,0.0,-0.013883084990084171,-1.0,-0.0,0.0,0.0
1782948460.0338244,2026-07-01 19:27:40.033,11196.0,11196,right,0,2,peace,3,0.0,0.003969999961555004,-0.04999999701976776,-1.0,-0.0,0.0,0.0,0.0,0.0,0.0,-1.0,-0.0,0.0,0.0,-0.025476505979895592,-0.012044684961438179,-0.022234933450818062,-0.7651495337486267,0.05265016481280327,-0.34350284934043884,-0.5420147776603699,0.0,1.19209286886246e-09,-0.02723044343292713,-0.9469868540763855,0.3212723135948181,0.0,0.0,2.38418573772492e-09,-1.19209286886246e-09,-0.031859468668699265,-0.8706738948822021,0.4918608069419861,0.0,0.0,0.0,-3.5762786065873797e-09,-0.023122519254684448,-1.0,-0.0,0.0,0.0,-0.012360505759716034,0.0032300001475960016,-0.016998957842588425,-0.9990482330322266,-0.0,-0.04361938685178757,0.0,-0.002149570034816861,-3.8927792047616094e-06,-0.06502974033355713,-0.9999619722366333,-0.0,-0.008726464584469795,0.0,0.0,0.0,-0.03691747412085533,-0.9991405606269836,0.04145072400569916,0.0,0.0,-2.38418573772492e-09,-2.98023217215615e-10,-0.02163529396057129,-0.9989849328994751,0.045045435428619385,0.0,0.0,0.0,2.98023217215615e-10,-0.01868978515267372,-1.0,-0.0,0.0,0.0,0.0,0.003969999961555004,-0.017509059980511665,-1.0,-0.0,0.0,0.0,0.0,4.611611075233668e-06,-0.0637909397482872,-1.0,-0.0,0.0,0.0,0.0,2.98023217215615e-10,-0.04460655897855759,-0.9987601637840271,0.049780797213315964,0.0,0.0,0.0,-2.98023217215615e-10,-0.02347646653652191,-0.9974532127380371,0.07132436335086823,0.0,0.0,0.0,0.0,-0.019652195274829865,-1.0,-0.0,0.0,0.0,0.00711638480424881,0.0018999999156221747,-0.016959700733423233,-0.9961947202682495,-0.0,0.08715574443340302,0.0,-0.0005882382392883301,0.0,-0.060253534466028214,-0.8052476048469543,0.5923532843589783,-0.021220723167061806,-0.01561031024903059,1.19209286886246e-09,-1.490116086078075e-10,-0.04255415499210358,-0.647906482219696,0.7617198824882507,0.0,0.0,-2.38418573772492e-09,0.0,-0.02208789810538292,-0.9071947932243347,0.42071086168289185,0.0,0.0,0.0,0.0,-0.017740869894623756,-1.0,-0.0,0.0,0.0,0.013503451831638813,-0.0037700000684708357,-0.014087309129536152,-0.9914448857307434,-0.0,0.13052619993686676,0.0,0.0048975334502756596,-3.847479547403054e-06,-0.05743739381432533,-0.8644152879714966,0.5019586086273193,0.013962743803858757,-0.02507873810827732,4.76837147544984e-09,-2.98023217215615e-10,-0.03276757150888443,-0.7378476858139038,0.6749672889709473,0.0,0.0,2.38418573772492e-09,0.0,-0.016709718853235245,-0.8605483174324036,0.5093687772750854,0.0,0.0,0.0,0.0,-0.01388302817940712,-1.0,-0.0,0.0,0.0
1782948460.2346926,2026-07-01 19:27:40.234,11208.0,11208,right,0,2,peace,3,0.0,0.003969999961555004,-0.04999999701976776,-1.0,-0.0,0.0,0.0,0.0,0.0,0.0,-1.0,-0.0,0.0,0.0,-0.025476505979895592,-0.012044684961438179,-0.022234933450818062,-0.7651495337486267,0.05265016481280327,-0.34350284934043884,-0.5420147776603699,0.0,1.19209286886246e-09,-0.02723044343292713,-0.9469868540763855,0.3212723135948181,0.0,0.0,2.38418573772492e-09,-1.19209286886246e-09,-0.031859468668699265,-0.8706738948822021,0.4918608069419861,0.0,0.0,0.0,-3.5762786065873797e-09,-0.023122519254684448,-1.0,-0.0,0.0,0.0,-0.012360505759716034,0.0032300001475960016,-0.016998957842588425,-0.9990482330322266,-0.0,-0.04361938685178757,0.0,-0.002149570034816861,-3.8927792047616094e-06,-0.06502974033355713,-0.9999619722366333,-0.0,-0.008726464584469795,0.0,0.0,0.0,-0.03691747412085533,-0.9991405606269836,0.04145072400569916,0.0,0.0,-2.38418573772492e-09,-2.98023217215615e-10,-0.02163529396057129,-0.9989849328994751,0.045045435428619385,0.0,0.0,0.0,2.98023217215615e-10,-0.01868978515267372,-1.0,-0.0,0.0,0.0,0.0,0.003969999961555004,-0.017509059980511665,-1.0,-0.0,0.0,0.0,0.0,4.611611075233668e-06,-0.0637909397482872,-1.0,-0.0,0.0,0.0,0.0,2.98023217215615e-10,-0.04460655897855759,-0.9987601637840271,0.049780797213315964,0.0,0.0,0.0,-2.98023217215615e-10,-0.02347646653652191,-0.9974532127380371,0.07132436335086823,0.0,0.0,0.0,0.0,-0.019652195274829865,-1.0,-0.0,0.0,0.0,0.00711638480424881,0.0018999999156221747,-0.016959700733423233,-0.9961947202682495,-0.0,0.08715574443340302,0.0,-0.0005882382392883301,0.0,-0.060253534466028214,-0.8052476048469543,0.5923532843589783,-0.021220723167061806,-0.01561031024903059,1.19209286886246e-09,-1.490116086078075e-10,-0.04255415499210358,-0.647906482219696,0.7617198824882507,0.0,0.0,-2.38418573772492e-09,0.0,-0.02208789810538292,-0.9071947932243347,0.42071086168289185,0.0,0.0,0.0,0.0,-0.017740869894623756,-1.0,-0.0,0.0,0.0,0.013503451831638813,-0.0037700000684708357,-0.014087309129536152,-0.9914448857307434,-0.0,0.13052619993686676,0.0,0.0048975334502756596,-3.847479547403054e-06,-0.05743739381432533,-0.8644152879714966,0.5019586086273193,0.013962743803858757,-0.02507873810827732,4.76837147544984e-09,-2.98023217215615e-10,-0.03276757150888443,-0.7378476858139038,0.6749672889709473,0.0,0.0,2.38418573772492e-09,0.0,-0.016709718853235245,-0.8605483174324036,0.5093687772750854,0.0,0.0,0.0,0.0,-0.01388302817940712,-1.0,-0.0,0.0,0.0
1782948460.2455888,2026-07-01 19:27:40.245,17532.0,17532,left,0,1,peace,3,0.0,0.003969999961555004,-0.04999999701976776,-1.0,-0.0,0.0,0.0,0.0,0.0,0.0,-1.0,-0.0,0.0,0.0,0.025476500391960144,-0.012044699862599373,-0.022234899923205376,-0.7629392147064209,0.001379460096359253,0.35758334398269653,0.5385685563087463,-5.7220457705398076e-08,-4.3511388270189855e-08,-0.027230437844991684,-0.962651252746582,0.2707446217536926,0.0,0.0,3.5762786065873797e-09,6.318092005130893e-08,-0.031859491020441055,-0.9018523693084717,0.4320443868637085,0.0,0.0,2.384185648907078e-08,0.0,-0.023122519254684448,-1.0,-0.0,0.0,0.0,0.012359999120235443,0.0032300001475960016,-0.017000000923871994,-0.9990482330322266,-0.0,0.04361938685178757,0.0,0.0021501504816114902,-3.890097104886081e-06,-0.06502876430749893,-0.9999619722366333,-0.0,0.008726557716727257,0.0,-9.53674295089968e-09,-9.53674295089968e-09,-0.036917347460985184,-0.9993493556976318,0.0360686257481575,0.0,0.0,-2.8610228852699038e-08,-2.98023217215615e-10,-0.0216355137526989,-0.999281644821167,0.037897396832704544,0.0,0.0,1.2636184010261786e-07,2.98023217215615e-10,-0.018689393997192383,-1.0,-0.0,0.0,0.0,0.0,0.003969999961555004,-0.01750910095870495,-1.0,-0.0,0.0,0.0,0.0,4.610121322912164e-06,-0.06379090249538422,-1.0,-0.0,0.0,0.0,0.0,2.98023217215615e-10,-0.044606998562812805,-0.9995051622390747,0.03145527467131615,0.0,0.0,0.0,0.0,-0.023475991562008858,-0.9990876317024231,0.04270758107304573,0.0,0.0,0.0,0.0,-0.019651994109153748,-1.0,-0.0,0.0,0.0,-0.00711638992652297,0.0018999999156221747,-0.016959700733423233,-0.9961947202682495,-0.0,-0.08715574443340302,0.0,0.0005882433033548295,0.0,-0.060253534466028214,-0.9002193808555603,0.43502578139305115,0.017028871923685074,0.008229102939367294,-1.1086464013487785e-07,-1.490116086078075e-10,-0.04255366697907448,-0.7030664682388306,0.7111241817474365,0.0,0.0,4.5299529460862686e-08,0.0,-0.022088106721639633,-0.9169875979423523,0.3989158272743225,0.0,0.0,-1.4305114426349519e-08,0.0,-0.017740696668624878,-1.0,-0.0,0.0,0.0,-0.013503500260412693,-0.0037700000684708357,-0.014087299816310406,-0.9914448857307434,-0.0,-0.13052619993686676,0.0,-0.004897483624517918,-3.8501621020259336e-06,-0.05743739381432533,-0.9065096974372864,0.42023229598999023,-0.01808049902319908,0.036306750029325485,5.4836270635405526e-08,-2.98023217215615e-10,-0.03276759013533592,-0.764145016670227,0.6450445652008057,0.0,0.0,-9.298324243900424e-08,0.0,-0.01670967973768711,-0.8754711151123047,0.4832705557346344,0.0,0.0,6.19888282926695e-08,0.0,-0.013883084990084171,-1.0,-0.0,0.0,0.0
1782948460.435539,2026-07-01 19:27:40.435,11220.0,11220,right,0,2,peace,3,0.0,0.003969999961555004,-0.04999999701976776,-1.0,-0.0,0.0,0.0,0.0,0.0,0.0,-1.0,-0.0,0.0,0.0,-0.025476505979895592,-0.012044684961438179,-0.022234933450818062,-0.7651495337486267,0.05265016481280327,-0.34350284934043884,-0.5420147776603699,0.0,1.19209286886246e-09,-0.02723044343292713,-0.9469868540763855,0.3212723135948181,0.0,0.0,2.38418573772492e-09,-1.19209286886246e-09,-0.031859468668699265,-0.8706738948822021,0.4918608069419861,0.0,0.0,0.0,-3.5762786065873797e-09,-0.023122519254684448,-1.0,-0.0,0.0,0.0,-0.012360505759716034,0.0032300001475960016,-0.016998957842588425,-0.9990482330322266,-0.0,-0.04361938685178757,0.0,-0.002149570034816861,-3.8927792047616094e-06,-0.06502974033355713,-0.9999619722366333,-0.0,-0.008726464584469795,0.0,0.0,0.0,-0.03691747412085533,-0.9991405606269836,0.04145072400569916,0.0,0.0,-2.38418573772492e-09,-2.98023217215615e-10,-0.02163529396057129,-0.9989849328994751,0.045045435428619385,0.0,0.0,0.0,2.98023217215615e-10,-0.01868978515267372,-1.0,-0.0,0.0,0.0,0.0,0.003969999961555004,-0.017509059980511665,-1.0,-0.0,0.0,0.0,0.0,4.611611075233668e-06,-0.0637909397482872,-1.0,-0.0,0.0,0.0,0.0,2.98023217215615e-10,-0.04460655897855759,-0.9987601637840271,0.049780797213315964,0.0,0.0,0.0,-2.98023217215615e-10,-0.02347646653652191,-0.9974532127380371,0.07132436335086823,0.0,0.0,0.0,0.0,-0.019652195274829865,-1.0,-0.0,0.0,0.0,0.00711638480424881,0.0018999999156221747,-0.016959700733423233,-0.9961947202682495,-0.0,0.08715574443340302,0.0,-0.0005882382392883301,0.0,-0.060253534466028214,-0.8052476048469543,0.5923532843589783,-0.021220723167061806,-0.01561031024903059,1.19209286886246e-09,-1.490116086078075e-10,-0.04255415499210358,-0.647906482219696,0.7617198824882507,0.0,0.0,-2.38418573772492e-09,0.0,-0.02208789810538292,-0.9071947932243347,0.42071086168289185,0.0,0.0,0.0,0.0,-0.017740869894623756,-1.0,-0.0,0.0,0.0,0.013503451831638813,-0.0037700000684708357,-0.014087309129536152,-0.9914448857307434,-0.0,0.13052619993686676,0.0,0.0048975334502756596,-3.847479547403054e-06,-0.05743739381432533,-0.8644152879714966,0.5019586086273193,0.013962743803858757,-0.02507873810827732,4.76837147544984e-09,-2.98023217215615e-10,-0.03276757150888443,-0.7378476858139038,0.6749672889709473,0.0,0.0,2.38418573772492e-09,0.0,-0.016709718853235245,-0.8605483174324036,0.5093687772750854,0.0,0.0,0.0,0.0,-0.01388302817940712,-1.0,-0.0,0.0,0.0
1782948460.4596329,2026-07-01 19:27:40.459,17534.0,17534,left,0,1,peace,3,0.0,0.003969999961555004,-0.04999999701976776,-1.0,-0.0,0.0,0.0,0.0,0.0,0.0,-1.0,-0.0,0.0,0.0,0.025476500391960144,-0.012044699862599373,-0.022234899923205376,-0.7629392147064209,0.001379460096359253,0.35758334398269653,0.5385685563087463,-5.7220457705398076e-08,-4.3511388270189855e-08,-0.027230437844991684,-0.962651252746582,0.2707446217536926,0.0,0.0,3.5762786065873797e-09,6.318092005130893e-08,-0.031859491020441055,-0.9018523693084717,0.4320443868637085,0.0,0.0,2.384185648907078e-08,0.0,-0.023122519254684448,-1.0,-0.0,0.0,0.0,0.012359999120235443,0.0032300001475960016,-0.017000000923871994,-0.9990482330322266,-0.0,0.04361938685178757,0.0,0.0021501504816114902,-3.890097104886081e-06,-0.06502876430749893,-0.9999619722366333,-0.0,0.008726557716727257,0.0,-9.53674295089968e-09,-9.53674295089968e-09,-0.036917347460985184,-0.9993493556976318,0.0360686257481575,0.0,0.0,-2.8610228852699038e-08,-2.98023217215615e-10,-0.0216355137526989,-0.999281644821167,0.037897396832704544,0.0,0.0,1.2636184010261786e-07,2.98023217215615e-10,-0.018689393997192383,-1.0,-0.0,0.0,0.0,0.0,0.003969999961555004,-0.01750910095870495,-1.0,-0.0,0.0,0.0,0.0,4.610121322912164e-06,-0.06379090249538422,-1.0,-0.0,0.0,0.0,0.0,2.98023217215615e-10,-0.044606998562812805,-0.9995051622390747,0.03145527467131615,0.0,0.0,0.0,0.0,-0.023475991562008858,-0.9990876317024231,0.04270758107304573,0.0,0.0,0.0,0.0,-0.019651994109153748,-1.0,-0.0,0.0,0.0,-0.00711638992652297,0.0018999999156221747,-0.016959700733423233,-0.9961947202682495,-0.0,-0.08715574443340302,0.0,0.0005882433033548295,0.0,-0.060253534466028214,-0.9002193808555603,0.43502578139305115,0.017028871923685074,0.008229102939367294,-1.1086464013487785e-07,-1.490116086078075e-10,-0.04255366697907448,-0.7030664682388306,0.7111241817474365,0.0,0.0,4.5299529460862686e-08,0.0,-0.022088106721639633,-0.9169875979423523,0.3989158272743225,0.0,0.0,-1.4305114426349519e-08,0.0,-0.017740696668624878,-1.0,-0.0,0.0,0.0,-0.013503500260412693,-0.0037700000684708357,-0.014087299816310406,-0.9914448857307434,-0.0,-0.13052619993686676,0.0,-0.004897483624517918,-3.8501621020259336e-06,-0.05743739381432533,-0.9065096974372864,0.42023229598999023,-0.01808049902319908,0.036306750029325485,5.4836270635405526e-08,-2.98023217215615e-10,-0.03276759013533592,-0.764145016670227,0.6450445652008057,0.0,0.0,-9.298324243900424e-08,0.0,-0.01670967973768711,-0.8754711151123047,0.4832705557346344,0.0,0.0,6.19888282926695e-08,0.0,-0.013883084990084171,-1.0,-0.0,0.0,0.0
1782948460.6481888,2026-07-01 19:27:40.648,11232.0,11232,right,0,2,peace,3,0.0,0.003969999961555004,-0.04999999701976776,-1.0,-0.0,0.0,0.0,0.0,0.0,0.0,-1.0,-0.0,0.0,0.0,-0.025476505979895592,-0.012044684961438179,-0.022234933450818062,-0.7651495337486267,0.05265016481280327,-0.34350284934043884,-0.5420147776603699,0.0,1.19209286886246e-09,-0.02723044343292713,-0.9469868540763855,0.3212723135948181,0.0,0.0,2.38418573772492e-09,-1.19209286886246e-09,-0.031859468668699265,-0.8706738948822021,0.4918608069419861,0.0,0.0,0.0,-3.5762786065873797e-09,-0.023122519254684448,-1.0,-0.0,0.0,0.0,-0.012360505759716034,0.0032300001475960016,-0.016998957842588425,-0.9990482330322266,-0.0,-0.04361938685178757,0.0,-0.002149570034816861,-3.8927792047616094e-06,-0.06502974033355713,-0.9999619722366333,-0.0,-0.008726464584469795,0.0,0.0,0.0,-0.03691747412085533,-0.9991405606269836,0.04145072400569916,0.0,0.0,-2.38418573772492e-09,-2.98023217215615e-10,-0.02163529396057129,-0.9989849328994751,0.045045435428619385,0.0,0.0,0.0,2.98023217215615e-10,-0.01868978515267372,-1.0,-0.0,0.0,0.0,0.0,0.003969999961555004,-0.017509059980511665,-1.0,-0.0,0.0,0.0,0.0,4.611611075233668e-06,-0.0637909397482872,-1.0,-0.0,0.0,0.0,0.0,2.98023217215615e-10,-0.04460655897855759,-0.9987601637840271,0.049780797213315964,0.0,0.0,0.0,-2.98023217215615e-10,-0.02347646653652191,-0.9974532127380371,0.07132436335086823,0.0,0.0,0.0,0.0,-0.019652195274829865,-1.0,-0.0,0.0,0.0,0.00711638480424881,0.0018999999156221747,-0.016959700733423233,-0.9961947202682495,-0.0,0.08715574443340302,0.0,-0.0005882382392883301,0.0,-0.060253534466028214,-0.8052476048469543,0.5923532843589783,-0.021220723167061806,-0.01561031024903059,1.19209286886246e-09,-1.490116086078075e-10,-0.04255415499210358,-0.647906482219696,0.7617198824882507,0.0,0.0,-2.38418573772492e-09,0.0,-0.02208789810538292,-0.9071947932243347,0.42071086168289185,0.0,0.0,0.0,0.0,-0.017740869894623756,-1.0,-0.0,0.0,0.0,0.013503451831638813,-0.0037700000684708357,-0.014087309129536152,-0.9914448857307434,-0.0,0.13052619993686676,0.0,0.0048975334502756596,-3.847479547403054e-06,-0.05743739381432533,-0.8644152879714966,0.5019586086273193,0.013962743803858757,-0.02507873810827732,4.76837147544984e-09,-2.98023217215615e-10,-0.03276757150888443,-0.7378476858139038,0.6749672889709473,0.0,0.0,2.38418573772492e-09,0.0,-0.016709718853235245,-0.8605483174324036,0.5093687772750854,0.0,0.0,0.0,0.0,-0.01388302817940712,-1.0,-0.0,0.0,0.0
1782948460.669568,2026-07-01 19:27:40.669,17535.0,17535,left,0,1,peace,3,0.0,0.003969999961555004,-0.04999999701976776,-1.0,-0.0,0.0,0.0,0.0,0.0,0.0,-1.0,-0.0,0.0,0.0,0.025476500391960144,-0.012044699862599373,-0.022234899923205376,-0.7629392147064209,0.001379460096359253,0.35758334398269653,0.5385685563087463,-5.7220457705398076e-08,-4.3511388270189855e-08,-0.027230437844991684,-0.962651252746582,0.2707446217536926,0.0,0.0,3.5762786065873797e-09,6.318092005130893e-08,-0.031859491020441055,-0.9018523693084717,0.4320443868637085,0.0,0.0,2.384185648907078e-08,0.0,-0.023122519254684448,-1.0,-0.0,0.0,0.0,0.012359999120235443,0.0032300001475960016,-0.017000000923871994,-0.9990482330322266,-0.0,0.04361938685178757,0.0,0.0021501504816114902,-3.890097104886081e-06,-0.06502876430749893,-0.9999619722366333,-0.0,0.008726557716727257,0.0,-9.53674295089968e-09,-9.53674295089968e-09,-0.036917347460985184,-0.9993493556976318,0.0360686257481575,0.0,0.0,-2.8610228852699038e-08,-2.98023217215615e-10,-0.0216355137526989,-0.999281644821167,0.037897396832704544,0.0,0.0,1.2636184010261786e-07,2.98023217215615e-10,-0.018689393997192383,-1.0,-0.0,0.0,0.0,0.0,0.003969999961555004,-0.01750910095870495,-1.0,-0.0,0.0,0.0,0.0,4.610121322912164e-06,-0.06379090249538422,-1.0,-0.0,0.0,0.0,0.0,2.98023217215615e-10,-0.044606998562812805,-0.9995051622390747,0.03145527467131615,0.0,0.0,0.0,0.0,-0.023475991562008858,-0.9990876317024231,0.04270758107304573,0.0,0.0,0.0,0.0,-0.019651994109153748,-1.0,-0.0,0.0,0.0,-0.00711638992652297,0.0018999999156221747,-0.016959700733423233,-0.9961947202682495,-0.0,-0.08715574443340302,0.0,0.0005882433033548295,0.0,-0.060253534466028214,-0.9002193808555603,0.43502578139305115,0.017028871923685074,0.008229102939367294,-1.1086464013487785e-07,-1.490116086078075e-10,-0.04255366697907448,-0.7030664682388306,0.7111241817474365,0.0,0.0,4.5299529460862686e-08,0.0,-0.022088106721639633,-0.9169875979423523,0.3989158272743225,0.0,0.0,-1.4305114426349519e-08,0.0,-0.017740696668624878,-1.0,-0.0,0.0,0.0,-0.013503500260412693,-0.0037700000684708357,-0.014087299816310406,-0.9914448857307434,-0.0,-0.13052619993686676,0.0,-0.004897483624517918,-3.8501621020259336e-06,-0.05743739381432533,-0.9065096974372864,0.42023229598999023,-0.01808049902319908,0.036306750029325485,5.4836270635405526e-08,-2.98023217215615e-10,-0.03276759013533592,-0.764145016670227,0.6450445652008057,0.0,0.0,-9.298324243900424e-08,0.0,-0.01670967973768711,-0.8754711151123047,0.4832705557346344,0.0,0.0,6.19888282926695e-08,0.0,-0.013883084990084171,-1.0,-0.0,0.0,0.0
1782948460.8520634,2026-07-01 19:27:40.852,11244.0,11244,right,0,2,peace,3,0.0,0.003969999961555004,-0.04999999701976776,-1.0,-0.0,0.0,0.0,0.0,0.0,0.0,-1.0,-0.0,0.0,0.0,-0.025476505979895592,-0.012044684961438179,-0.022234933450818062,-0.7651495337486267,0.05265016481280327,-0.34350284934043884,-0.5420147776603699,0.0,1.19209286886246e-09,-0.02723044343292713,-0.9469868540763855,0.3212723135948181,0.0,0.0,2.38418573772492e-09,-1.19209286886246e-09,-0.031859468668699265,-0.8706738948822021,0.4918608069419861,0.0,0.0,0.0,-3.5762786065873797e-09,-0.023122519254684448,-1.0,-0.0,0.0,0.0,-0.012360505759716034,0.0032300001475960016,-0.016998957842588425,-0.9990482330322266,-0.0,-0.04361938685178757,0.0,-0.002149570034816861,-3.8927792047616094e-06,-0.06502974033355713,-0.9999619722366333,-0.0,-0.008726464584469795,0.0,0.0,0.0,-0.03691747412085533,-0.9991405606269836,0.04145072400569916,0.0,0.0,-2.38418573772492e-09,-2.98023217215615e-10,-0.02163529396057129,-0.9989849328994751,0.045045435428619385,0.0,0.0,0.0,2.98023217215615e-10,-0.01868978515267372,-1.0,-0.0,0.0,0.0,0.0,0.003969999961555004,-0.017509059980511665,-1.0,-0.0,0.0,0.0,0.0,4.611611075233668e-06,-0.0637909397482872,-1.0,-0.0,0.0,0.0,0.0,2.98023217215615e-10,-0.04460655897855759,-0.9987601637840271,0.049780797213315964,0.0,0.0,0.0,-2.98023217215615e-10,-0.02347646653652191,-0.9974532127380371,0.07132436335086823,0.0,0.0,0.0,0.0,-0.019652195274829865,-1.0,-0.0,0.0,0.0,0.00711638480424881,0.0018999999156221747,-0.016959700733423233,-0.9961947202682495,-0.0,0.08715574443340302,0.0,-0.0005882382392883301,0.0,-0.060253534466028214,-0.8052476048469543,0.5923532843589783,-0.021220723167061806,-0.01561031024903059,1.19209286886246e-09,-1.490116086078075e-10,-0.04255415499210358,-0.647906482219696,0.7617198824882507,0.0,0.0,-2.38418573772492e-09,0.0,-0.02208789810538292,-0.9071947932243347,0.42071086168289185,0.0,0.0,0.0,0.0,-0.017740869894623756,-1.0,-0.0,0.0,0.0,0.013503451831638813,-0.0037700000684708357,-0.014087309129536152,-0.9914448857307434,-0.0,0.13052619993686676,0.0,0.0048975334502756596,-3.847479547403054e-06,-0.05743739381432533,-0.8644152879714966,0.5019586086273193,0.013962743803858757,-0.02507873810827732,4.76837147544984e-09,-2.98023217215615e-10,-0.03276757150888443,-0.7378476858139038,0.6749672889709473,0.0,0.0,2.38418573772492e-09,0.0,-0.016709718853235245,-0.8605483174324036,0.5093687772750854,0.0,0.0,0.0,0.0,-0.01388302817940712,-1.0,-0.0,0.0,0.0
1782948460.8753097,2026-07-01 19:27:40.875,17537.0,17537,left,0,1,peace,3,0.0,0.003969999961555004,-0.04999999701976776,-1.0,-0.0,0.0,0.0,0.0,0.0,0.0,-1.0,-0.0,0.0,0.0,0.025476500391960144,-0.012044699862599373,-0.022234899923205376,-0.7629392147064209,0.001379460096359253,0.35758334398269653,0.5385685563087463,-5.7220457705398076e-08,-4.3511388270189855e-08,-0.027230437844991684,-0.962651252746582,0.2707446217536926,0.0,0.0,3.5762786065873797e-09,6.318092005130893e-08,-0.031859491020441055,-0.9018523693084717,0.4320443868637085,0.0,0.0,2.384185648907078e-08,0.0,-0.023122519254684448,-1.0,-0.0,0.0,0.0,0.012359999120235443,0.0032300001475960016,-0.017000000923871994,-0.9990482330322266,-0.0,0.04361938685178757,0.0,0.0021501504816114902,-3.890097104886081e-06,-0.06502876430749893,-0.9999619722366333,-0.0,0.008726557716727257,0.0,-9.53674295089968e-09,-9.53674295089968e-09,-0.036917347460985184,-0.9993493556976318,0.0360686257481575,0.0,0.0,-2.8610228852699038e-08,-2.98023217215615e-10,-0.0216355137526989,-0.999281644821167,0.037897396832704544,0.0,0.0,1.2636184010261786e-07,2.98023217215615e-10,-0.018689393997192383,-1.0,-0.0,0.0,0.0,0.0,0.003969999961555004,-0.01750910095870495,-1.0,-0.0,0.0,0.0,0.0,4.610121322912164e-06,-0.06379090249538422,-1.0,-0.0,0.0,0.0,0.0,2.98023217215615e-10,-0.044606998562812805,-0.9995051622390747,0.03145527467131615,0.0,0.0,0.0,0.0,-0.023475991562008858,-0.9990876317024231,0.04270758107304573,0.0,0.0,0.0,0.0,-0.019651994109153748,-1.0,-0.0,0.0,0.0,-0.00711638992652297,0.0018999999156221747,-0.016959700733423233,-0.9961947202682495,-0.0,-0.08715574443340302,0.0,0.0005882433033548295,0.0,-0.060253534466028214,-0.9002193808555603,0.43502578139305115,0.017028871923685074,0.008229102939367294,-1.1086464013487785e-07,-1.490116086078075e-10,-0.04255366697907448,-0.7030664682388306,0.7111241817474365,0.0,0.0,4.5299529460862686e-08,0.0,-0.022088106721639633,-0.9169875979423523,0.3989158272743225,0.0,0.0,-1.4305114426349519e-08,0.0,-0.017740696668624878,-1.0,-0.0,0.0,0.0,-0.013503500260412693,-0.0037700000684708357,-0.014087299816310406,-0.9914448857307434,-0.0,-0.13052619993686676,0.0,-0.004897483624517918,-3.8501621020259336e-06,-0.05743739381432533,-0.9065096974372864,0.42023229598999023,-0.01808049902319908,0.036306750029325485,5.4836270635405526e-08,-2.98023217215615e-10,-0.03276759013533592,-0.764145016670227,0.6450445652008057,0.0,0.0,-9.298324243900424e-08,0.0,-0.01670967973768711,-0.8754711151123047,0.4832705557346344,0.0,0.0,6.19888282926695e-08,0.0,-0.013883084990084171,-1.0,-0.0,0.0,0.0
1782948461.0708938,2026-07-01 19:27:41.070,11258.0,11258,right,0,2,peace,3,0.0,0.003969999961555004,-0.04999999701976776,-1.0,-0.0,0.0,0.0,0.0,0.0,0.0,-1.0,-0.0,0.0,0.0,-0.025476505979895592,-0.012044684961438179,-0.022234933450818062,-0.7651495337486267,0.05265016481280327,-0.34350284934043884,-0.5420147776603699,0.0,1.19209286886246e-09,-0.02723044343292713,-0.9469868540763855,0.3212723135948181,0.0,0.0,2.38418573772492e-09,-1.19209286886246e-09,-0.031859468668699265,-0.8706738948822021,0.4918608069419861,0.0,0.0,0.0,-3.5762786065873797e-09,-0.023122519254684448,-1.0,-0.0,0.0,0.0,-0.012360505759716034,0.0032300001475960016,-0.016998957842588425,-0.9990482330322266,-0.0,-0.04361938685178757,0.0,-0.002149570034816861,-3.8927792047616094e-06,-0.06502974033355713,-0.9999619722366333,-0.0,-0.008726464584469795,0.0,0.0,0.0,-0.03691747412085533,-0.9991405606269836,0.04145072400569916,0.0,0.0,-2.38418573772492e-09,-2.98023217215615e-10,-0.02163529396057129,-0.9989849328994751,0.045045435428619385,0.0,0.0,0.0,2.98023217215615e-10,-0.01868978515267372,-1.0,-0.0,0.0,0.0,0.0,0.003969999961555004,-0.017509059980511665,-1.0,-0.0,0.0,0.0,0.0,4.611611075233668e-06,-0.0637909397482872,-1.0,-0.0,0.0,0.0,0.0,2.98023217215615e-10,-0.04460655897855759,-0.9987601637840271,0.049780797213315964,0.0,0.0,0.0,-2.98023217215615e-10,-0.02347646653652191,-0.9974532127380371,0.07132436335086823,0.0,0.0,0.0,0.0,-0.019652195274829865,-1.0,-0.0,0.0,0.0,0.00711638480424881,0.0018999999156221747,-0.016959700733423233,-0.9961947202682495,-0.0,0.08715574443340302,0.0,-0.0005882382392883301,0.0,-0.060253534466028214,-0.8052476048469543,0.5923532843589783,-0.021220723167061806,-0.01561031024903059,1.19209286886246e-09,-1.490116086078075e-10,-0.04255415499210358,-0.647906482219696,0.7617198824882507,0.0,0.0,-2.38418573772492e-09,0.0,-0.02208789810538292,-0.9071947932243347,0.42071086168289185,0.0,0.0,0.0,0.0,-0.017740869894623756,-1.0,-0.0,0.0,0.0,0.013503451831638813,-0.0037700000684708357,-0.014087309129536152,-0.9914448857307434,-0.0,0.13052619993686676,0.0,0.0048975334502756596,-3.847479547403054e-06,-0.05743739381432533,-0.8644152879714966,0.5019586086273193,0.013962743803858757,-0.02507873810827732,4.76837147544984e-09,-2.98023217215615e-10,-0.03276757150888443,-0.7378476858139038,0.6749672889709473,0.0,0.0,2.38418573772492e-09,0.0,-0.016709718853235245,-0.8605483174324036,0.5093687772750854,0.0,0.0,0.0,0.0,-0.01388302817940712,-1.0,-0.0,0.0,0.0
1782948461.0816147,2026-07-01 19:27:41.081,17539.0,17539,left,0,1,peace,3,0.0,0.003969999961555004,-0.04999999701976776,-1.0,-0.0,0.0,0.0,0.0,0.0,0.0,-1.0,-0.0,0.0,0.0,0.025476500391960144,-0.012044699862599373,-0.022234899923205376,-0.7629392147064209,0.001379460096359253,0.35758334398269653,0.5385685563087463,-5.7220457705398076e-08,-4.3511388270189855e-08,-0.027230437844991684,-0.962651252746582,0.2707446217536926,0.0,0.0,3.5762786065873797e-09,6.318092005130893e-08,-0.031859491020441055,-0.9018523693084717,0.4320443868637085,0.0,0.0,2.384185648907078e-08,0.0,-0.023122519254684448,-1.0,-0.0,0.0,0.0,0.012359999120235443,0.0032300001475960016,-0.017000000923871994,-0.9990482330322266,-0.0,0.04361938685178757,0.0,0.0021501504816114902,-3.890097104886081e-06,-0.06502876430749893,-0.9999619722366333,-0.0,0.008726557716727257,0.0,-9.53674295089968e-09,-9.53674295089968e-09,-0.036917347460985184,-0.9993493556976318,0.0360686257481575,0.0,0.0,-2.8610228852699038e-08,-2.98023217215615e-10,-0.0216355137526989,-0.999281644821167,0.037897396832704544,0.0,0.0,1.2636184010261786e-07,2.98023217215615e-10,-0.018689393997192383,-1.0,-0.0,0.0,0.0,0.0,0.003969999961555004,-0.01750910095870495,-1.0,-0.0,0.0,0.0,0.0,4.610121322912164e-06,-0.06379090249538422,-1.0,-0.0,0.0,0.0,0.0,2.98023217215615e-10,-0.044606998562812805,-0.9995051622390747,0.03145527467131615,0.0,0.0,0.0,0.0,-0.023475991562008858,-0.9990876317024231,0.04270758107304573,0.0,0.0,0.0,0.0,-0.019651994109153748,-1.0,-0.0,0.0,0.0,-0.00711638992652297,0.0018999999156221747,-0.016959700733423233,-0.9961947202682495,-0.0,-0.08715574443340302,0.0,0.0005882433033548295,0.0,-0.060253534466028214,-0.9002193808555603,0.43502578139305115,0.017028871923685074,0.008229102939367294,-1.1086464013487785e-07,-1.490116086078075e-10,-0.04255366697907448,-0.7030664682388306,0.7111241817474365,0.0,0.0,4.5299529460862686e-08,0.0,-0.022088106721639633,-0.9169875979423523,0.3989158272743225,0.0,0.0,-1.4305114426349519e-08,0.0,-0.017740696668624878,-1.0,-0.0,0.0,0.0,-0.013503500260412693,-0.0037700000684708357,-0.014087299816310406,-0.9914448857307434,-0.0,-0.13052619993686676,0.0,-0.004897483624517918,-3.8501621020259336e-06,-0.05743739381432533,-0.9065096974372864,0.42023229598999023,-0.01808049902319908,0.036306750029325485,5.4836270635405526e-08,-2.98023217215615e-10,-0.03276759013533592,-0.764145016670227,0.6450445652008057,0.0,0.0,-9.298324243900424e-08,0.0,-0.01670967973768711,-0.8754711151123047,0.4832705557346344,0.0,0.0,6.19888282926695e-08,0.0,-0.013883084990084171,-1.0,-0.0,0.0,0.0
1782948461.2849052,2026-07-01 19:27:41.284,17541.0,17541,left,0,1,peace,3,0.0,0.003969999961555004,-0.04999999701976776,-1.0,-0.0,0.0,0.0,0.0,0.0,0.0,-1.0,-0.0,0.0,0.0,0.025476500391960144,-0.012044699862599373,-0.022234899923205376,-0.7629392147064209,0.001379460096359253,0.35758334398269653,0.5385685563087463,-5.7220457705398076e-08,-4.3511388270189855e-08,-0.027230437844991684,-0.962651252746582,0.2707446217536926,0.0,0.0,3.5762786065873797e-09,6.318092005130893e-08,-0.031859491020441055,-0.9018523693084717,0.4320443868637085,0.0,0.0,2.384185648907078e-08,0.0,-0.023122519254684448,-1.0,-0.0,0.0,0.0,0.012359999120235443,0.0032300001475960016,-0.017000000923871994,-0.9990482330322266,-0.0,0.04361938685178757,0.0,0.0021501504816114902,-3.890097104886081e-06,-0.06502876430749893,-0.9999619722366333,-0.0,0.008726557716727257,0.0,-9.53674295089968e-09,-9.53674295089968e-09,-0.036917347460985184,-0.9993493556976318,0.0360686257481575,0.0,0.0,-2.8610228852699038e-08,-2.98023217215615e-10,-0.0216355137526989,-0.999281644821167,0.037897396832704544,0.0,0.0,1.2636184010261786e-07,2.98023217215615e-10,-0.018689393997192383,-1.0,-0.0,0.0,0.0,0.0,0.003969999961555004,-0.01750910095870495,-1.0,-0.0,0.0,0.0,0.0,4.610121322912164e-06,-0.06379090249538422,-1.0,-0.0,0.0,0.0,0.0,2.98023217215615e-10,-0.044606998562812805,-0.9995051622390747,0.03145527467131615,0.0,0.0,0.0,0.0,-0.023475991562008858,-0.9990876317024231,0.04270758107304573,0.0,0.0,0.0,0.0,-0.019651994109153748,-1.0,-0.0,0.0,0.0,-0.00711638992652297,0.0018999999156221747,-0.016959700733423233,-0.9961947202682495,-0.0,-0.08715574443340302,0.0,0.0005882433033548295,0.0,-0.060253534466028214,-0.9002193808555603,0.43502578139305115,0.017028871923685074,0.008229102939367294,-1.1086464013487785e-07,-1.490116086078075e-10,-0.04255366697907448,-0.7030664682388306,0.7111241817474365,0.0,0.0,4.5299529460862686e-08,0.0,-0.022088106721639633,-0.9169875979423523,0.3989158272743225,0.0,0.0,-1.4305114426349519e-08,0.0,-0.017740696668624878,-1.0,-0.0,0.0,0.0,-0.013503500260412693,-0.0037700000684708357,-0.014087299816310406,-0.9914448857307434,-0.0,-0.13052619993686676,0.0,-0.004897483624517918,-3.8501621020259336e-06,-0.05743739381432533,-0.9065096974372864,0.42023229598999023,-0.01808049902319908,0.036306750029325485,5.4836270635405526e-08,-2.98023217215615e-10,-0.03276759013533592,-0.764145016670227,0.6450445652008057,0.0,0.0,-9.298324243900424e-08,0.0,-0.01670967973768711,-0.8754711151123047,0.4832705557346344,0.0,0.0,6.19888282926695e-08,0.0,-0.013883084990084171,-1.0,-0.0,0.0,0.0
1782948461.2851684,2026-07-01 19:27:41.285,11270.0,11270,right,0,2,peace,3,0.0,0.003969999961555004,-0.04999999701976776,-1.0,-0.0,0.0,0.0,0.0,0.0,0.0,-1.0,-0.0,0.0,0.0,-0.025476505979895592,-0.012044684961438179,-0.022234933450818062,-0.7651495337486267,0.05265016481280327,-0.34350284934043884,-0.5420147776603699,0.0,1.19209286886246e-09,-0.02723044343292713,-0.9469868540763855,0.3212723135948181,0.0,0.0,2.38418573772492e-09,-1.19209286886246e-09,-0.031859468668699265,-0.8706738948822021,0.4918608069419861,0.0,0.0,0.0,-3.5762786065873797e-09,-0.023122519254684448,-1.0,-0.0,0.0,0.0,-0.012360505759716034,0.0032300001475960016,-0.016998957842588425,-0.9990482330322266,-0.0,-0.04361938685178757,0.0,-0.002149570034816861,-3.8927792047616094e-06,-0.06502974033355713,-0.9999619722366333,-0.0,-0.008726464584469795,0.0,0.0,0.0,-0.03691747412085533,-0.9991405606269836,0.04145072400569916,0.0,0.0,-2.38418573772492e-09,-2.98023217215615e-10,-0.02163529396057129,-0.9989849328994751,0.045045435428619385,0.0,0.0,0.0,2.98023217215615e-10,-0.01868978515267372,-1.0,-0.0,0.0,0.0,0.0,0.003969999961555004,-0.017509059980511665,-1.0,-0.0,0.0,0.0,0.0,4.611611075233668e-06,-0.0637909397482872,-1.0,-0.0,0.0,0.0,0.0,2.98023217215615e-10,-0.04460655897855759,-0.9987601637840271,0.049780797213315964,0.0,0.0,0.0,-2.98023217215615e-10,-0.02347646653652191,-0.9974532127380371,0.07132436335086823,0.0,0.0,0.0,0.0,-0.019652195274829865,-1.0,-0.0,0.0,0.0,0.00711638480424881,0.0018999999156221747,-0.016959700733423233,-0.9961947202682495,-0.0,0.08715574443340302,0.0,-0.0005882382392883301,0.0,-0.060253534466028214,-0.8052476048469543,0.5923532843589783,-0.021220723167061806,-0.01561031024903059,1.19209286886246e-09,-1.490116086078075e-10,-0.04255415499210358,-0.647906482219696,0.7617198824882507,0.0,0.0,-2.38418573772492e-09,0.0,-0.02208789810538292,-0.9071947932243347,0.42071086168289185,0.0,0.0,0.0,0.0,-0.017740869894623756,-1.0,-0.0,0.0,0.0,0.013503451831638813,-0.0037700000684708357,-0.014087309129536152,-0.9914448857307434,-0.0,0.13052619993686676,0.0,0.0048975334502756596,-3.847479547403054e-06,-0.05743739381432533,-0.8644152879714966,0.5019586086273193,0.013962743803858757,-0.02507873810827732,4.76837147544984e-09,-2.98023217215615e-10,-0.03276757150888443,-0.7378476858139038,0.6749672889709473,0.0,0.0,2.38418573772492e-09,0.0,-0.016709718853235245,-0.8605483174324036,0.5093687772750854,0.0,0.0,0.0,0.0,-0.01388302817940712,-1.0,-0.0,0.0,0.0
1782948461.4943464,2026-07-01 19:27:41.494,17542.0,17542,left,0,1,peace,3,0.0,0.003969999961555004,-0.04999999701976776,-1.0,-0.0,0.0,0.0,0.0,0.0,0.0,-1.0,-0.0,0.0,0.0,0.025476500391960144,-0.012044699862599373,-0.022234899923205376,-0.7629392147064209,0.001379460096359253,0.35758334398269653,0.5385685563087463,-5.7220457705398076e-08,-4.3511388270189855e-08,-0.027230437844991684,-0.962651252746582,0.2707446217536926,0.0,0.0,3.5762786065873797e-09,6.318092005130893e-08,-0.031859491020441055,-0.9018523693084717,0.4320443868637085,0.0,0.0,2.384185648907078e-08,0.0,-0.023122519254684448,-1.0,-0.0,0.0,0.0,0.012359999120235443,0.0032300001475960016,-0.017000000923871994,-0.9990482330322266,-0.0,0.04361938685178757,0.0,0.0021501504816114902,-3.890097104886081e-06,-0.06502876430749893,-0.9999619722366333,-0.0,0.008726557716727257,0.0,-9.53674295089968e-09,-9.53674295089968e-09,-0.036917347460985184,-0.9993493556976318,0.0360686257481575,0.0,0.0,-2.8610228852699038e-08,-2.98023217215615e-10,-0.0216355137526989,-0.999281644821167,0.037897396832704544,0.0,0.0,1.2636184010261786e-07,2.98023217215615e-10,-0.018689393997192383,-1.0,-0.0,0.0,0.0,0.0,0.003969999961555004,-0.01750910095870495,-1.0,-0.0,0.0,0.0,0.0,4.610121322912164e-06,-0.06379090249538422,-1.0,-0.0,0.0,0.0,0.0,2.98023217215615e-10,-0.044606998562812805,-0.9995051622390747,0.03145527467131615,0.0,0.0,0.0,0.0,-0.023475991562008858,-0.9990876317024231,0.04270758107304573,0.0,0.0,0.0,0.0,-0.019651994109153748,-1.0,-0.0,0.0,0.0,-0.00711638992652297,0.0018999999156221747,-0.016959700733423233,-0.9961947202682495,-0.0,-0.08715574443340302,0.0,0.0005882433033548295,0.0,-0.060253534466028214,-0.9002193808555603,0.43502578139305115,0.017028871923685074,0.008229102939367294,-1.1086464013487785e-07,-1.490116086078075e-10,-0.04255366697907448,-0.7030664682388306,0.7111241817474365,0.0,0.0,4.5299529460862686e-08,0.0,-0.022088106721639633,-0.9169875979423523,0.3989158272743225,0.0,0.0,-1.4305114426349519e-08,0.0,-0.017740696668624878,-1.0,-0.0,0.0,0.0,-0.013503500260412693,-0.0037700000684708357,-0.014087299816310406,-0.9914448857307434,-0.0,-0.13052619993686676,0.0,-0.004897483624517918,-3.8501621020259336e-06,-0.05743739381432533,-0.9065096974372864,0.42023229598999023,-0.01808049902319908,0.036306750029325485,5.4836270635405526e-08,-2.98023217215615e-10,-0.03276759013533592,-0.764145016670227,0.6450445652008057,0.0,0.0,-9.298324243900424e-08,0.0,-0.01670967973768711,-0.8754711151123047,0.4832705557346344,0.0,0.0,6.19888282926695e-08,0.0,-0.013883084990084171,-1.0,-0.0,0.0,0.0
1782948461.5053031,2026-07-01 19:27:41.505,11284.0,11284,right,0,2,peace,3,0.0,0.003969999961555004,-0.04999999701976776,-1.0,-0.0,0.0,0.0,0.0,0.0,0.0,-1.0,-0.0,0.0,0.0,-0.025476505979895592,-0.012044684961438179,-0.022234933450818062,-0.765798032283783,0.05107055604457855,-0.34260255098342896,-0.5418197512626648,0.0,1.19209286886246e-09,-0.02723044343292713,-0.94791179895401,0.3185330331325531,0.0,0.0,2.38418573772492e-09,-1.19209286886246e-09,-0.031859468668699265,-0.8724154829978943,0.48876506090164185,0.0,0.0,0.0,-3.5762786065873797e-09,-0.023122519254684448,-1.0,-0.0,0.0,0.0,-0.012360505759716034,0.0032300001475960016,-0.016998957842588425,-0.9990482330322266,-0.0,-0.04361938685178757,0.0,-0.002149570034816861,-3.8927792047616094e-06,-0.06502974033355713,-0.9999619722366333,-0.0,-0.008726464584469795,0.0,0.0,0.0,-0.03691747412085533,-0.9991405606269836,0.04145072400569916,0.0,0.0,-2.38418573772492e-09,-2.98023217215615e-10,-0.02163529396057129,-0.9989849328994751,0.045045435428619385,0.0,0.0,0.0,2.98023217215615e-10,-0.01868978515267372,-1.0,-0.0,0.0,0.0,0.0,0.003969999961555004,-0.017509059980511665,-1.0,-0.0,0.0,0.0,0.0,4.611611075233668e-06,-0.0637909397482872,-1.0,-0.0,0.0,0.0,0.0,2.98023217215615e-10,-0.04460655897855759,-0.9987601637840271,0.049780797213315964,0.0,0.0,0.0,-2.98023217215615e-10,-0.02347646653652191,-0.9974532127380371,0.07132436335086823,0.0,0.0,0.0,0.0,-0.019652195274829865,-1.0,-0.0,0.0,0.0,0.00711638480424881,0.0018999999156221747,-0.016959700733423233,-0.9961947202682495,-0.0,0.08715574443340302,0.0,-0.0005882382392883301,0.0,-0.060253534466028214,-0.8057160973548889,0.5917195081710815,-0.02116445265710354,-0.01554363127797842,1.19209286886246e-09,-1.490116086078075e-10,-0.04255415499210358,-0.6480382680892944,0.761607825756073,0.0,0.0,-2.38418573772492e-09,0.0,-0.02208789810538292,-0.9072177410125732,0.42066144943237305,0.0,0.0,0.0,0.0,-0.017740869894623756,-1.0,-0.0,0.0,0.0,0.013503451831638813,-0.0037700000684708357,-0.014087309129536152,-0.9914448857307434,-0.0,0.13052619993686676,0.0,0.0048975334502756596,-3.847479547403054e-06,-0.05743739381432533,-0.8644152879714966,0.5019586086273193,0.013962743803858757,-0.02507873810827732,4.76837147544984e-09,-2.98023217215615e-10,-0.03276757150888443,-0.7378476858139038,0.6749672889709473,0.0,0.0,2.38418573772492e-09,0.0,-0.016709718853235245,-0.8605483174324036,0.5093687772750854,0.0,0.0,0.0,0.0,-0.01388302817940712,-1.0,-0.0,0.0,0.0
1782948461.6988435,2026-07-01 19:27:41.698,17544.0,17544,left,0,1,peace,3,0.0,0.003969999961555004,-0.04999999701976776,-1.0,-0.0,0.0,0.0,0.0,0.0,0.0,-1.0,-0.0,0.0,0.0,0.025476500391960144,-0.012044699862599373,-0.022234899923205376,-0.7629392147064209,0.001379460096359253,0.35758334398269653,0.5385685563087463,-5.7220457705398076e-08,-4.3511388270189855e-08,-0.027230437844991684,-0.962651252746582,0.2707446217536926,0.0,0.0,3.5762786065873797e-09,6.318092005130893e-08,-0.031859491020441055,-0.9018523693084717,0.4320443868637085,0.0,0.0,2.384185648907078e-08,0.0,-0.023122519254684448,-1.0,-0.0,0.0,0.0,0.012359999120235443,0.0032300001475960016,-0.017000000923871994,-0.9990482330322266,-0.0,0.04361938685178757,0.0,0.0021501504816114902,-3.890097104886081e-06,-0.06502876430749893,-0.9999619722366333,-0.0,0.008726557716727257,0.0,-9.53674295089968e-09,-9.53674295089968e-09,-0.036917347460985184,-0.9993493556976318,0.0360686257481575,0.0,0.0,-2.8610228852699038e-08,-2.98023217215615e-10,-0.0216355137526989,-0.999281644821167,0.037897396832704544,0.0,0.0,1.2636184010261786e-07,2.98023217215615e-10,-0.018689393997192383,-1.0,-0.0,0.0,0.0,0.0,0.003969999961555004,-0.01750910095870495,-1.0,-0.0,0.0,0.0,0.0,4.610121322912164e-06,-0.06379090249538422,-1.0,-0.0,0.0,0.0,0.0,2.98023217215615e-10,-0.044606998562812805,-0.9995051622390747,0.03145527467131615,0.0,0.0,0.0,0.0,-0.023475991562008858,-0.9990876317024231,0.04270758107304573,0.0,0.0,0.0,0.0,-0.019651994109153748,-1.0,-0.0,0.0,0.0,-0.00711638992652297,0.0018999999156221747,-0.016959700733423233,-0.9961947202682495,-0.0,-0.08715574443340302,0.0,0.0005882433033548295,0.0,-0.060253534466028214,-0.9002193808555603,0.43502578139305115,0.017028871923685074,0.008229102939367294,-1.1086464013487785e-07,-1.490116086078075e-10,-0.04255366697907448,-0.7030664682388306,0.7111241817474365,0.0,0.0,4.5299529460862686e-08,0.0,-0.022088106721639633,-0.9169875979423523,0.3989158272743225,0.0,0.0,-1.4305114426349519e-08,0.0,-0.017740696668624878,-1.0,-0.0,0.0,0.0,-0.013503500260412693,-0.0037700000684708357,-0.014087299816310406,-0.9914448857307434,-0.0,-0.13052619993686676,0.0,-0.004897483624517918,-3.8501621020259336e-06,-0.05743739381432533,-0.9065096974372864,0.42023229598999023,-0.01808049902319908,0.036306750029325485,5.4836270635405526e-08,-2.98023217215615e-10,-0.03276759013533592,-0.764145016670227,0.6450445652008057,0.0,0.0,-9.298324243900424e-08,0.0,-0.01670967973768711,-0.8754711151123047,0.4832705557346344,0.0,0.0,6.19888282926695e-08,0.0,-0.013883084990084171,-1.0,-0.0,0.0,0.0
1782948461.719647,2026-07-01 19:27:41.719,11297.0,11297,right,0,2,peace,3,0.0,0.003969999961555004,-0.04999999701976776,-1.0,-0.0,0.0,0.0,0.0,0.0,0.0,-1.0,-0.0,0.0,0.0,-0.025476505979895592,-0.012044684961438179,-0.022234933450818062,-0.7659274339675903,0.050754614174366,-0.34242233633995056,-0.5417804718017578,0.0,1.19209286886246e-09,-0.02723044343292713,-0.9480957984924316,0.3179848790168762,0.0,0.0,2.38418573772492e-09,-1.19209286886246e-09,-0.031859468668699265,-0.8727625012397766,0.4881451427936554,0.0,0.0,0.0,-3.5762786065873797e-09,-0.023122519254684448,-1.0,-0.0,0.0,0.0,-0.012360505759716034,0.0032300001475960016,-0.016998957842588425,-0.9990482330322266,-0.0,-0.04361938685178757,0.0,-0.002149570034816861,-3.8927792047616094e-06,-0.06502974033355713,-0.9999619722366333,-0.0,-0.008726464584469795,0.0,0.0,0.0,-0.03691747412085533,-0.9991405606269836,0.04145072400569916,0.0,0.0,-2.38418573772492e-09,-2.98023217215615e-10,-0.02163529396057129,-0.9989849328994751,0.045045435428619385,0.0,0.0,0.0,2.98023217215615e-10,-0.01868978515267372,-1.0,-0.0,0.0,0.0,0.0,0.003969999961555004,-0.017509059980511665,-1.0,-0.0,0.0,0.0,0.0,4.611611075233668e-06,-0.0637909397482872,-1.0,-0.0,0.0,0.0,0.0,2.98023217215615e-10,-0.04460655897855759,-0.9987601637840271,0.049780797213315964,0.0,0.0,0.0,-2.98023217215615e-10,-0.02347646653652191,-0.9974532127380371,0.07132436335086823,0.0,0.0,0.0,0.0,-0.019652195274829865,-1.0,-0.0,0.0,0.0,0.00711638480424881,0.0018999999156221747,-0.016959700733423233,-0.9961947202682495,-0.0,0.08715574443340302,0.0,-0.0005882382392883301,0.0,-0.060253534466028214,-0.8080512881278992,0.5885454416275024,-0.02088291570544243,-0.01521010510623455,1.19209286886246e-09,-1.490116086078075e-10,-0.04255415499210358,-0.6486966609954834,0.7610470652580261,0.0,0.0,-2.38418573772492e-09,0.0,-0.02208789810538292,-0.9073323011398315,0.42041438817977905,0.0,0.0,0.0,0.0,-0.017740869894623756,-1.0,-0.0,0.0,0.0,0.013503451831638813,-0.0037700000684708357,-0.014087309129536152,-0.9914448857307434,-0.0,0.13052619993686676,0.0,0.0048975334502756596,-3.847479547403054e-06,-0.05743739381432533,-0.8644152879714966,0.5019586086273193,0.013962743803858757,-0.02507873810827732,4.76837147544984e-09,-2.98023217215615e-10,-0.03276757150888443,-0.7378476858139038,0.6749672889709473,0.0,0.0,2.38418573772492e-09,0.0,-0.016709718853235245,-0.8605483174324036,0.5093687772750854,0.0,0.0,0.0,0.0,-0.01388302817940712,-1.0,-0.0,0.0,0.0
1782948461.9056778,2026-07-01 19:27:41.905,17546.0,17546,left,0,1,peace,3,0.0,0.003969999961555004,-0.04999999701976776,-1.0,-0.0,0.0,0.0,0.0,0.0,0.0,-1.0,-0.0,0.0,0.0,0.025476500391960144,-0.012044699862599373,-0.022234899923205376,-0.7629392147064209,0.001379460096359253,0.35758334398269653,0.5385685563087463,-5.7220457705398076e-08,-4.3511388270189855e-08,-0.027230437844991684,-0.962651252746582,0.2707446217536926,0.0,0.0,3.5762786065873797e-09,6.318092005130893e-08,-0.031859491020441055,-0.9018523693084717,0.4320443868637085,0.0,0.0,2.384185648907078e-08,0.0,-0.023122519254684448,-1.0,-0.0,0.0,0.0,0.012359999120235443,0.0032300001475960016,-0.017000000923871994,-0.9990482330322266,-0.0,0.04361938685178757,0.0,0.0021501504816114902,-3.890097104886081e-06,-0.06502876430749893,-0.9999619722366333,-0.0,0.008726557716727257,0.0,-9.53674295089968e-09,-9.53674295089968e-09,-0.036917347460985184,-0.9993493556976318,0.0360686257481575,0.0,0.0,-2.8610228852699038e-08,-2.98023217215615e-10,-0.0216355137526989,-0.999281644821167,0.037897396832704544,0.0,0.0,1.2636184010261786e-07,2.98023217215615e-10,-0.018689393997192383,-1.0,-0.0,0.0,0.0,0.0,0.003969999961555004,-0.01750910095870495,-1.0,-0.0,0.0,0.0,0.0,4.610121322912164e-06,-0.06379090249538422,-1.0,-0.0,0.0,0.0,0.0,2.98023217215615e-10,-0.044606998562812805,-0.9995051622390747,0.03145527467131615,0.0,0.0,0.0,0.0,-0.023475991562008858,-0.9990876317024231,0.04270758107304573,0.0,0.0,0.0,0.0,-0.019651994109153748,-1.0,-0.0,0.0,0.0,-0.00711638992652297,0.0018999999156221747,-0.016959700733423233,-0.9961947202682495,-0.0,-0.08715574443340302,0.0,0.0005882433033548295,0.0,-0.060253534466028214,-0.9002193808555603,0.43502578139305115,0.017028871923685074,0.008229102939367294,-1.1086464013487785e-07,-1.490116086078075e-10,-0.04255366697907448,-0.7030664682388306,0.7111241817474365,0.0,0.0,4.5299529460862686e-08,0.0,-0.022088106721639633,-0.9169875979423523,0.3989158272743225,0.0,0.0,-1.4305114426349519e-08,0.0,-0.017740696668624878,-1.0,-0.0,0.0,0.0,-0.013503500260412693,-0.0037700000684708357,-0.014087299816310406,-0.9914448857307434,-0.0,-0.13052619993686676,0.0,-0.004897483624517918,-3.8501621020259336e-06,-0.05743739381432533,-0.9065096974372864,0.42023229598999023,-0.01808049902319908,0.036306750029325485,5.4836270635405526e-08,-2.98023217215615e-10,-0.03276759013533592,-0.764145016670227,0.6450445652008057,0.0,0.0,-9.298324243900424e-08,0.0,-0.01670967973768711,-0.8754711151123047,0.4832705557346344,0.0,0.0,6.19888282926695e-08,0.0,-0.013883084990084171,-1.0,-0.0,0.0,0.0
1782948461.9285944,2026-07-01 19:27:41.928,11308.0,11308,right,0,2,peace,3,0.0,0.003969999961555004,-0.04999999701976776,-1.0,-0.0,0.0,0.0,0.0,0.0,0.0,-1.0,-0.0,0.0,0.0,-0.025476505979895592,-0.012044684961438179,-0.022234933450818062,-0.7659274339675903,0.050754614174366,-0.34242233633995056,-0.5417804718017578,0.0,1.19209286886246e-09,-0.02723044343292713,-0.9480957984924316,0.3179848790168762,0.0,0.0,2.38418573772492e-09,-1.19209286886246e-09,-0.031859468668699265,-0.8727625012397766,0.4881451427936554,0.0,0.0,0.0,-3.5762786065873797e-09,-0.023122519254684448,-1.0,-0.0,0.0,0.0,-0.012360505759716034,0.0032300001475960016,-0.016998957842588425,-0.9990482330322266,-0.0,-0.04361938685178757,0.0,-0.002149570034816861,-3.8927792047616094e-06,-0.06502974033355713,-0.9999619722366333,-0.0,-0.008726464584469795,0.0,0.0,0.0,-0.03691747412085533,-0.9991405606269836,0.04145072400569916,0.0,0.0,-2.38418573772492e-09,-2.98023217215615e-10,-0.02163529396057129,-0.9989849328994751,0.045045435428619385,0.0,0.0,0.0,2.98023217215615e-10,-0.01868978515267372,-1.0,-0.0,0.0,0.0,0.0,0.003969999961555004,-0.017509059980511665,-1.0,-0.0,0.0,0.0,0.0,4.611611075233668e-06,-0.0637909397482872,-1.0,-0.0,0.0,0.0,0.0,2.98023217215615e-10,-0.04460655897855759,-0.9987601637840271,0.049780797213315964,0.0,0.0,0.0,-2.98023217215615e-10,-0.02347646653652191,-0.9974532127380371,0.07132436335086823,0.0,0.0,0.0,0.0,-0.019652195274829865,-1.0,-0.0,0.0,0.0,0.00711638480424881,0.0018999999156221747,-0.016959700733423233,-0.9961947202682495,-0.0,0.08715574443340302,0.0,-0.0005882382392883301,0.0,-0.060253534466028214,-0.8080512881278992,0.5885454416275024,-0.02088291570544243,-0.01521010510623455,1.19209286886246e-09,-1.490116086078075e-10,-0.04255415499210358,-0.6486966609954834,0.7610470652580261,0.0,0.0,-2.38418573772492e-09,0.0,-0.02208789810538292,-0.9073323011398315,0.42041438817977905,0.0,0.0,0.0,0.0,-0.017740869894623756,-1.0,-0.0,0.0,0.0,0.013503451831638813,-0.0037700000684708357,-0.014087309129536152,-0.9914448857307434,-0.0,0.13052619993686676,0.0,0.0048975334502756596,-3.847479547403054e-06,-0.05743739381432533,-0.8672820925712585,0.49697932600975037,0.014750510454177856,-0.024815915152430534,4.76837147544984e-09,-2.98023217215615e-10,-0.03276757150888443,-0.7392995357513428,0.673376739025116,0.0,0.0,2.38418573772492e-09,0.0,-0.016709718853235245,-0.8613921403884888,0.5079405903816223,0.0,0.0,0.0,0.0,-0.01388302817940712,-1.0,-0.0,0.0,0.0
1782948462.1079874,2026-07-01 19:27:42.107,17547.0,17547,left,0,1,peace,3,0.0,0.003969999961555004,-0.04999999701976776,-1.0,-0.0,0.0,0.0,0.0,0.0,0.0,-1.0,-0.0,0.0,0.0,0.025476500391960144,-0.012044699862599373,-0.022234899923205376,-0.7629392147064209,0.001379460096359253,0.35758334398269653,0.5385685563087463,-5.7220457705398076e-08,-4.3511388270189855e-08,-0.027230437844991684,-0.962651252746582,0.2707446217536926,0.0,0.0,3.5762786065873797e-09,6.318092005130893e-08,-0.031859491020441055,-0.9018523693084717,0.4320443868637085,0.0,0.0,2.384185648907078e-08,0.0,-0.023122519254684448,-1.0,-0.0,0.0,0.0,0.012359999120235443,0.0032300001475960016,-0.017000000923871994,-0.9990482330322266,-0.0,0.04361938685178757,0.0,0.0021501504816114902,-3.890097104886081e-06,-0.06502876430749893,-0.9999619722366333,-0.0,0.008726557716727257,0.0,-9.53674295089968e-09,-9.53674295089968e-09,-0.036917347460985184,-0.9993493556976318,0.0360686257481575,0.0,0.0,-2.8610228852699038e-08,-2.98023217215615e-10,-0.0216355137526989,-0.999281644821167,0.037897396832704544,0.0,0.0,1.2636184010261786e-07,2.98023217215615e-10,-0.018689393997192383,-1.0,-0.0,0.0,0.0,0.0,0.003969999961555004,-0.01750910095870495,-1.0,-0.0,0.0,0.0,0.0,4.610121322912164e-06,-0.06379090249538422,-1.0,-0.0,0.0,0.0,0.0,2.98023217215615e-10,-0.044606998562812805,-0.9995051622390747,0.03145527467131615,0.0,0.0,0.0,0.0,-0.023475991562008858,-0.9990876317024231,0.04270758107304573,0.0,0.0,0.0,0.0,-0.019651994109153748,-1.0,-0.0,0.0,0.0,-0.00711638992652297,0.0018999999156221747,-0.016959700733423233,-0.9961947202682495,-0.0,-0.08715574443340302,0.0,0.0005882433033548295,0.0,-0.060253534466028214,-0.9002193808555603,0.43502578139305115,0.017028871923685074,0.008229102939367294,-1.1086464013487785e-07,-1.490116086078075e-10,-0.04255366697907448,-0.7030664682388306,0.7111241817474365,0.0,0.0,4.5299529460862686e-08,0.0,-0.022088106721639633,-0.9169875979423523,0.3989158272743225,0.0,0.0,-1.4305114426349519e-08,0.0,-0.017740696668624878,-1.0,-0.0,0.0,0.0,-0.013503500260412693,-0.0037700000684708357,-0.014087299816310406,-0.9914448857307434,-0.0,-0.13052619993686676,0.0,-0.004897483624517918,-3.8501621020259336e-06,-0.05743739381432533,-0.9065096974372864,0.42023229598999023,-0.01808049902319908,0.036306750029325485,5.4836270635405526e-08,-2.98023217215615e-10,-0.03276759013533592,-0.764145016670227,0.6450445652008057,0.0,0.0,-9.298324243900424e-08,0.0,-0.01670967973768711,-0.8754711151123047,0.4832705557346344,0.0,0.0,6.19888282926695e-08,0.0,-0.013883084990084171,-1.0,-0.0,0.0,0.0
1782948462.131823,2026-07-01 19:27:42.131,11321.0,11321,right,0,2,peace,3,0.0,0.003969999961555004,-0.04999999701976776,-1.0,-0.0,0.0,0.0,0.0,0.0,0.0,-1.0,-0.0,0.0,0.0,-0.025476505979895592,-0.012044684961438179,-0.022234933450818062,-0.7670837640762329,0.04787028208374977,-0.34081128239631653,-0.5414228439331055,0.0,1.19209286886246e-09,-0.02723044343292713,-0.9497439861297607,0.3130277097225189,0.0,0.0,2.38418573772492e-09,-1.19209286886246e-09,-0.031859468668699265,-0.8759008049964905,0.48249131441116333,0.0,0.0,0.0,-3.5762786065873797e-09,-0.023122519254684448,-1.0,-0.0,0.0,0.0,-0.012360505759716034,0.0032300001475960016,-0.016998957842588425,-0.9990482330322266,-0.0,-0.04361938685178757,0.0,-0.002149570034816861,-3.8927792047616094e-06,-0.06502974033355713,-0.9999619722366333,-0.0,-0.008726464584469795,0.0,0.0,0.0,-0.03691747412085533,-0.9991405606269836,0.04145072400569916,0.0,0.0,-2.38418573772492e-09,-2.98023217215615e-10,-0.02163529396057129,-0.9989849328994751,0.045045435428619385,0.0,0.0,0.0,2.98023217215615e-10,-0.01868978515267372,-1.0,-0.0,0.0,0.0,0.0,0.003969999961555004,-0.017509059980511665,-1.0,-0.0,0.0,0.0,0.0,4.611611075233668e-06,-0.0637909397482872,-1.0,-0.0,0.0,0.0,0.0,2.98023217215615e-10,-0.04460655897855759,-0.9987601637840271,0.049780797213315964,0.0,0.0,0.0,-2.98023217215615e-10,-0.02347646653652191,-0.9974532127380371,0.07132436335086823,0.0,0.0,0.0,0.0,-0.019652195274829865,-1.0,-0.0,0.0,0.0,0.00711638480424881,0.0018999999156221747,-0.016959700733423233,-0.9961947202682495,-0.0,0.08715574443340302,0.0,-0.0005882382392883301,0.0,-0.060253534466028214,-0.8080512881278992,0.5885454416275024,-0.02088291570544243,-0.01521010510623455,1.19209286886246e-09,-1.490116086078075e-10,-0.04255415499210358,-0.6486966609954834,0.7610470652580261,0.0,0.0,-2.38418573772492e-09,0.0,-0.02208789810538292,-0.9073323011398315,0.42041438817977905,0.0,0.0,0.0,0.0,-0.017740869894623756,-1.0,-0.0,0.0,0.0,0.013503451831638813,-0.0037700000684708357,-0.014087309129536152,-0.9914448857307434,-0.0,0.13052619993686676,0.0,0.0048975334502756596,-3.847479547403054e-06,-0.05743739381432533,-0.8672820925712585,0.49697932600975037,0.014750510454177856,-0.024815915152430534,4.76837147544984e-09,-2.98023217215615e-10,-0.03276757150888443,-0.7392995357513428,0.673376739025116,0.0,0.0,2.38418573772492e-09,0.0,-0.016709718853235245,-0.8613921403884888,0.5079405903816223,0.0,0.0,0.0,0.0,-0.01388302817940712,-1.0,-0.0,0.0,0.0
1782948462.309192,2026-07-01 19:27:42.309,17549.0,17549,left,0,1,peace,3,0.0,0.003969999961555004,-0.04999999701976776,-1.0,-0.0,0.0,0.0,0.0,0.0,0.0,-1.0,-0.0,0.0,0.0,0.025476500391960144,-0.012044699862599373,-0.022234899923205376,-0.7629392147064209,0.001379460096359253,0.35758334398269653,0.5385685563087463,-5.7220457705398076e-08,-4.3511388270189855e-08,-0.027230437844991684,-0.962651252746582,0.2707446217536926,0.0,0.0,3.5762786065873797e-09,6.318092005130893e-08,-0.031859491020441055,-0.9018523693084717,0.4320443868637085,0.0,0.0,2.384185648907078e-08,0.0,-0.023122519254684448,-1.0,-0.0,0.0,0.0,0.012359999120235443,0.0032300001475960016,-0.017000000923871994,-0.9990482330322266,-0.0,0.04361938685178757,0.0,0.0021501504816114902,-3.890097104886081e-06,-0.06502876430749893,-0.9999619722366333,-0.0,0.008726557716727257,0.0,-9.53674295089968e-09,-9.53674295089968e-09,-0.036917347460985184,-0.9993493556976318,0.0360686257481575,0.0,0.0,-2.8610228852699038e-08,-2.98023217215615e-10,-0.0216355137526989,-0.999281644821167,0.037897396832704544,0.0,0.0,1.2636184010261786e-07,2.98023217215615e-10,-0.018689393997192383,-1.0,-0.0,0.0,0.0,0.0,0.003969999961555004,-0.01750910095870495,-1.0,-0.0,0.0,0.0,0.0,4.610121322912164e-06,-0.06379090249538422,-1.0,-0.0,0.0,0.0,0.0,2.98023217215615e-10,-0.044606998562812805,-0.9995051622390747,0.03145527467131615,0.0,0.0,0.0,0.0,-0.023475991562008858,-0.9990876317024231,0.04270758107304573,0.0,0.0,0.0,0.0,-0.019651994109153748,-1.0,-0.0,0.0,0.0,-0.00711638992652297,0.0018999999156221747,-0.016959700733423233,-0.9961947202682495,-0.0,-0.08715574443340302,0.0,0.0005882433033548295,0.0,-0.060253534466028214,-0.9002193808555603,0.43502578139305115,0.017028871923685074,0.008229102939367294,-1.1086464013487785e-07,-1.490116086078075e-10,-0.04255366697907448,-0.7030664682388306,0.7111241817474365,0.0,0.0,4.5299529460862686e-08,0.0,-0.022088106721639633,-0.9169875979423523,0.3989158272743225,0.0,0.0,-1.4305114426349519e-08,0.0,-0.017740696668624878,-1.0,-0.0,0.0,0.0,-0.013503500260412693,-0.0037700000684708357,-0.014087299816310406,-0.9914448857307434,-0.0,-0.13052619993686676,0.0,-0.004897483624517918,-3.8501621020259336e-06,-0.05743739381432533,-0.9065096974372864,0.42023229598999023,-0.01808049902319908,0.036306750029325485,5.4836270635405526e-08,-2.98023217215615e-10,-0.03276759013533592,-0.764145016670227,0.6450445652008057,0.0,0.0,-9.298324243900424e-08,0.0,-0.01670967973768711,-0.8754711151123047,0.4832705557346344,0.0,0.0,6.19888282926695e-08,0.0,-0.013883084990084171,-1.0,-0.0,0.0,0.0
1782948462.342154,2026-07-01 19:27:42.342,11335.0,11335,right,0,2,peace,3,0.0,0.003969999961555004,-0.04999999701976776,-1.0,-0.0,0.0,0.0,0.0,0.0,0.0,-1.0,-0.0,0.0,0.0,-0.025476505979895592,-0.012044684961438179,-0.022234933450818062,-0.7672750949859619,0.047384265810251236,-0.34054407477378845,-0.5413625240325928,0.0,1.19209286886246e-09,-0.02723044343292713,-0.9500169157981873,0.31219837069511414,0.0,0.0,2.38418573772492e-09,-1.19209286886246e-09,-0.031859468668699265,-0.8764247298240662,0.4815388321876526,0.0,0.0,0.0,-3.5762786065873797e-09,-0.023122519254684448,-1.0,-0.0,0.0,0.0,-0.012360505759716034,0.0032300001475960016,-0.016998957842588425,-0.9990482330322266,-0.0,-0.04361938685178757,0.0,-0.002149570034816861,-3.8927792047616094e-06,-0.06502974033355713,-0.9999619722366333,-0.0,-0.008726464584469795,0.0,0.0,0.0,-0.03691747412085533,-0.9991405606269836,0.04145072400569916,0.0,0.0,-2.38418573772492e-09,-2.98023217215615e-10,-0.02163529396057129,-0.9989849328994751,0.045045435428619385,0.0,0.0,0.0,2.98023217215615e-10,-0.01868978515267372,-1.0,-0.0,0.0,0.0,0.0,0.003969999961555004,-0.017509059980511665,-1.0,-0.0,0.0,0.0,0.0,4.611611075233668e-06,-0.0637909397482872,-1.0,-0.0,0.0,0.0,0.0,2.98023217215615e-10,-0.04460655897855759,-0.9987601637840271,0.049780797213315964,0.0,0.0,0.0,-2.98023217215615e-10,-0.02347646653652191,-0.9974532127380371,0.07132436335086823,0.0,0.0,0.0,0.0,-0.019652195274829865,-1.0,-0.0,0.0,0.0,0.00711638480424881,0.0018999999156221747,-0.016959700733423233,-0.9961947202682495,-0.0,0.08715574443340302,0.0,-0.0005882382392883301,0.0,-0.060253534466028214,-0.8080512881278992,0.5885454416275024,-0.02088291570544243,-0.01521010510623455,1.19209286886246e-09,-1.490116086078075e-10,-0.04255415499210358,-0.6486966609954834,0.7610470652580261,0.0,0.0,-2.38418573772492e-09,0.0,-0.02208789810538292,-0.9073323011398315,0.42041438817977905,0.0,0.0,0.0,0.0,-0.017740869894623756,-1.0,-0.0,0.0,0.0,0.013503451831638813,-0.0037700000684708357,-0.014087309129536152,-0.9914448857307434,-0.0,0.13052619993686676,0.0,0.0048975334502756596,-3.847479547403054e-06,-0.05743739381432533,-0.8701254725456238,0.4919734597206116,0.015528326854109764,-0.024551372975111008,4.76837147544984e-09,-2.98023217215615e-10,-0.03276757150888443,-0.7407790422439575,0.6717487573623657,0.0,0.0,2.38418573772492e-09,0.0,-0.016709718853235245,-0.8622495532035828,0.5064837336540222,0.0,0.0,0.0,0.0,-0.01388302817940712,-1.0,-0.0,0.0,0.0
1782948462.5291378,2026-07-01 19:27:42.529,17551.0,17551,left,0,1,peace,3,0.0,0.003969999961555004,-0.04999999701976776,-1.0,-0.0,0.0,0.0,0.0,0.0,0.0,-1.0,-0.0,0.0,0.0,0.025476500391960144,-0.012044699862599373,-0.022234899923205376,-0.7629392147064209,0.001379460096359253,0.35758334398269653,0.5385685563087463,-5.7220457705398076e-08,-4.3511388270189855e-08,-0.027230437844991684,-0.962651252746582,0.2707446217536926,0.0,0.0,3.5762786065873797e-09,6.318092005130893e-08,-0.031859491020441055,-0.9018523693084717,0.4320443868637085,0.0,0.0,2.384185648907078e-08,0.0,-0.023122519254684448,-1.0,-0.0,0.0,0.0,0.012359999120235443,0.0032300001475960016,-0.017000000923871994,-0.9990482330322266,-0.0,0.04361938685178757,0.0,0.0021501504816114902,-3.890097104886081e-06,-0.06502876430749893,-0.9999619722366333,-0.0,0.008726557716727257,0.0,-9.53674295089968e-09,-9.53674295089968e-09,-0.036917347460985184,-0.9993493556976318,0.0360686257481575,0.0,0.0,-2.8610228852699038e-08,-2.98023217215615e-10,-0.0216355137526989,-0.999281644821167,0.037897396832704544,0.0,0.0,1.2636184010261786e-07,2.98023217215615e-10,-0.018689393997192383,-1.0,-0.0,0.0,0.0,0.0,0.003969999961555004,-0.01750910095870495,-1.0,-0.0,0.0,0.0,0.0,4.610121322912164e-06,-0.06379090249538422,-1.0,-0.0,0.0,0.0,0.0,2.98023217215615e-10,-0.044606998562812805,-0.9995051622390747,0.03145527467131615,0.0,0.0,0.0,0.0,-0.023475991562008858,-0.9990876317024231,0.04270758107304573,0.0,0.0,0.0,0.0,-0.019651994109153748,-1.0,-0.0,0.0,0.0,-0.00711638992652297,0.0018999999156221747,-0.016959700733423233,-0.9961947202682495,-0.0,-0.08715574443340302,0.0,0.0005882433033548295,0.0,-0.060253534466028214,-0.9002193808555603,0.43502578139305115,0.017028871923685074,0.008229102939367294,-1.1086464013487785e-07,-1.490116086078075e-10,-0.04255366697907448,-0.7030664682388306,0.7111241817474365,0.0,0.0,4.5299529460862686e-08,0.0,-0.022088106721639633,-0.9169875979423523,0.3989158272743225,0.0,0.0,-1.4305114426349519e-08,0.0,-0.017740696668624878,-1.0,-0.0,0.0,0.0,-0.013503500260412693,-0.0037700000684708357,-0.014087299816310406,-0.9914448857307434,-0.0,-0.13052619993686676,0.0,-0.004897483624517918,-3.8501621020259336e-06,-0.05743739381432533,-0.9065096974372864,0.42023229598999023,-0.01808049902319908,0.036306750029325485,5.4836270635405526e-08,-2.98023217215615e-10,-0.03276759013533592,-0.764145016670227,0.6450445652008057,0.0,0.0,-9.298324243900424e-08,0.0,-0.01670967973768711,-0.8754711151123047,0.4832705557346344,0.0,0.0,6.19888282926695e-08,0.0,-0.013883084990084171,-1.0,-0.0,0.0,0.0
1782948462.552929,2026-07-01 19:27:42.552,11346.0,11346,right,0,2,peace,3,0.0,0.003969999961555004,-0.04999999701976776,-1.0,-0.0,0.0,0.0,0.0,0.0,0.0,-1.0,-0.0,0.0,0.0,-0.025476505979895592,-0.012044684961438179,-0.022234933450818062,-0.7674663066864014,0.04689823463559151,-0.3402767777442932,-0.541301965713501,0.0,1.19209286886246e-09,-0.02723044343292713,-0.9502891898155212,0.311368852853775,0.0,0.0,2.38418573772492e-09,-1.19209286886246e-09,-0.031859468668699265,-0.8769477605819702,0.48058581352233887,0.0,0.0,0.0,-3.5762786065873797e-09,-0.023122519254684448,-1.0,-0.0,0.0,0.0,-0.012360505759716034,0.0032300001475960016,-0.016998957842588425,-0.9990482330322266,-0.0,-0.04361938685178757,0.0,-0.002149570034816861,-3.8927792047616094e-06,-0.06502974033355713,-0.9999619722366333,-0.0,-0.008726464584469795,0.0,0.0,0.0,-0.03691747412085533,-0.9991405606269836,0.04145072400569916,0.0,0.0,-2.38418573772492e-09,-2.98023217215615e-10,-0.02163529396057129,-0.9989849328994751,0.045045435428619385,0.0,0.0,0.0,2.98023217215615e-10,-0.01868978515267372,-1.0,-0.0,0.0,0.0,0.0,0.003969999961555004,-0.017509059980511665,-1.0,-0.0,0.0,0.0,0.0,4.611611075233668e-06,-0.0637909397482872,-1.0,-0.0,0.0,0.0,0.0,2.98023217215615e-10,-0.04460655897855759,-0.9987601637840271,0.049780797213315964,0.0,0.0,0.0,-2.98023217215615e-10,-0.02347646653652191,-0.9974532127380371,0.07132436335086823,0.0,0.0,0.0,0.0,-0.019652195274829865,-1.0,-0.0,0.0,0.0,0.00711638480424881,0.0018999999156221747,-0.016959700733423233,-0.9961947202682495,-0.0,0.08715574443340302,0.0,-0.0005882382392883301,0.0,-0.060253534466028214,-0.8080512881278992,0.5885454416275024,-0.02088291570544243,-0.01521010510623455,1.19209286886246e-09,-1.490116086078075e-10,-0.04255415499210358,-0.6486966609954834,0.7610470652580261,0.0,0.0,-2.38418573772492e-09,0.0,-0.02208789810538292,-0.9073323011398315,0.42041438817977905,0.0,0.0,0.0,0.0,-0.017740869894623756,-1.0,-0.0,0.0,0.0,0.013503451831638813,-0.0037700000684708357,-0.014087309129536152,-0.9914448857307434,-0.0,0.13052619993686676,0.0,0.0048975334502756596,-3.847479547403054e-06,-0.05743739381432533,-0.8701254725456238,0.4919734597206116,0.015528326854109764,-0.024551372975111008,4.76837147544984e-09,-2.98023217215615e-10,-0.03276757150888443,-0.7407790422439575,0.6717487573623657,0.0,0.0,2.38418573772492e-09,0.0,-0.016709718853235245,-0.8622495532035828,0.5064837336540222,0.0,0.0,0.0,0.0,-0.01388302817940712,-1.0,-0.0,0.0,0.0
1782948462.7293072,2026-07-01 19:27:42.729,17552.0,17552,left,0,1,peace,3,0.0,0.003969999961555004,-0.04999999701976776,-1.0,-0.0,0.0,0.0,0.0,0.0,0.0,-1.0,-0.0,0.0,0.0,0.025476500391960144,-0.012044699862599373,-0.022234899923205376,-0.7629392147064209,0.001379460096359253,0.35758334398269653,0.5385685563087463,-5.7220457705398076e-08,-4.3511388270189855e-08,-0.027230437844991684,-0.962651252746582,0.2707446217536926,0.0,0.0,3.5762786065873797e-09,6.318092005130893e-08,-0.031859491020441055,-0.9018523693084717,0.4320443868637085,0.0,0.0,2.384185648907078e-08,0.0,-0.023122519254684448,-1.0,-0.0,0.0,0.0,0.012359999120235443,0.0032300001475960016,-0.017000000923871994,-0.9990482330322266,-0.0,0.04361938685178757,0.0,0.0021501504816114902,-3.890097104886081e-06,-0.06502876430749893,-0.9999619722366333,-0.0,0.008726557716727257,0.0,-9.53674295089968e-09,-9.53674295089968e-09,-0.036917347460985184,-0.9993493556976318,0.0360686257481575,0.0,0.0,-2.8610228852699038e-08,-2.98023217215615e-10,-0.0216355137526989,-0.999281644821167,0.037897396832704544,0.0,0.0,1.2636184010261786e-07,2.98023217215615e-10,-0.018689393997192383,-1.0,-0.0,0.0,0.0,0.0,0.003969999961555004,-0.01750910095870495,-1.0,-0.0,0.0,0.0,0.0,4.610121322912164e-06,-0.06379090249538422,-1.0,-0.0,0.0,0.0,0.0,2.98023217215615e-10,-0.044606998562812805,-0.9995051622390747,0.03145527467131615,0.0,0.0,0.0,0.0,-0.023475991562008858,-0.9990876317024231,0.04270758107304573,0.0,0.0,0.0,0.0,-0.019651994109153748,-1.0,-0.0,0.0,0.0,-0.00711638992652297,0.0018999999156221747,-0.016959700733423233,-0.9961947202682495,-0.0,-0.08715574443340302,0.0,0.0005882433033548295,0.0,-0.060253534466028214,-0.9002193808555603,0.43502578139305115,0.017028871923685074,0.008229102939367294,-1.1086464013487785e-07,-1.490116086078075e-10,-0.04255366697907448,-0.7030664682388306,0.7111241817474365,0.0,0.0,4.5299529460862686e-08,0.0,-0.022088106721639633,-0.9169875979423523,0.3989158272743225,0.0,0.0,-1.4305114426349519e-08,0.0,-0.017740696668624878,-1.0,-0.0,0.0,0.0,-0.013503500260412693,-0.0037700000684708357,-0.014087299816310406,-0.9914448857307434,-0.0,-0.13052619993686676,0.0,-0.004897483624517918,-3.8501621020259336e-06,-0.05743739381432533,-0.9065096974372864,0.42023229598999023,-0.01808049902319908,0.036306750029325485,5.4836270635405526e-08,-2.98023217215615e-10,-0.03276759013533592,-0.764145016670227,0.6450445652008057,0.0,0.0,-9.298324243900424e-08,0.0,-0.01670967973768711,-0.8754711151123047,0.4832705557346344,0.0,0.0,6.19888282926695e-08,0.0,-0.013883084990084171,-1.0,-0.0,0.0,0.0
1782948462.7633572,2026-07-01 19:27:42.763,11360.0,11360,right,0,2,peace,3,0.0,0.003969999961555004,-0.04999999701976776,-1.0,-0.0,0.0,0.0,0.0,0.0,0.0,-1.0,-0.0,0.0,0.0,-0.025476505979895592,-0.012044684961438179,-0.022234933450818062,-0.7674663066864014,0.04689823463559151,-0.3402767777442932,-0.541301965713501,0.0,1.19209286886246e-09,-0.02723044343292713,-0.9502891898155212,0.311368852853775,0.0,0.0,2.38418573772492e-09,-1.19209286886246e-09,-0.031859468668699265,-0.8769477605819702,0.48058581352233887,0.0,0.0,0.0,-3.5762786065873797e-09,-0.023122519254684448,-1.0,-0.0,0.0,0.0,-0.012360505759716034,0.0032300001475960016,-0.016998957842588425,-0.9990482330322266,-0.0,-0.04361938685178757,0.0,-0.002149570034816861,-3.8927792047616094e-06,-0.06502974033355713,-0.9999619722366333,-0.0,-0.008726464584469795,0.0,0.0,0.0,-0.03691747412085533,-0.9991405606269836,0.04145072400569916,0.0,0.0,-2.38418573772492e-09,-2.98023217215615e-10,-0.02163529396057129,-0.9989849328994751,0.045045435428619385,0.0,0.0,0.0,2.98023217215615e-10,-0.01868978515267372,-1.0,-0.0,0.0,0.0,0.0,0.003969999961555004,-0.017509059980511665,-1.0,-0.0,0.0,0.0,0.0,4.611611075233668e-06,-0.0637909397482872,-1.0,-0.0,0.0,0.0,0.0,2.98023217215615e-10,-0.04460655897855759,-0.9987601637840271,0.049780797213315964,0.0,0.0,0.0,-2.98023217215615e-10,-0.02347646653652191,-0.9974532127380371,0.07132436335086823,0.0,0.0,0.0,0.0,-0.019652195274829865,-1.0,-0.0,0.0,0.0,0.00711638480424881,0.0018999999156221747,-0.016959700733423233,-0.9961947202682495,-0.0,0.08715574443340302,0.0,-0.0005882382392883301,0.0,-0.060253534466028214,-0.8080512881278992,0.5885454416275024,-0.02088291570544243,-0.01521010510623455,1.19209286886246e-09,-1.490116086078075e-10,-0.04255415499210358,-0.6486966609954834,0.7610470652580261,0.0,0.0,-2.38418573772492e-09,0.0,-0.02208789810538292,-0.9073323011398315,0.42041438817977905,0.0,0.0,0.0,0.0,-0.017740869894623756,-1.0,-0.0,0.0,0.0,0.013503451831638813,-0.0037700000684708357,-0.014087309129536152,-0.9914448857307434,-0.0,0.13052619993686676,0.0,0.0048975334502756596,-3.847479547403054e-06,-0.05743739381432533,-0.8701254725456238,0.4919734597206116,0.015528326854109764,-0.024551372975111008,4.76837147544984e-09,-2.98023217215615e-10,-0.03276757150888443,-0.7407790422439575,0.6717487573623657,0.0,0.0,2.38418573772492e-09,0.0,-0.016709718853235245,-0.8622495532035828,0.5064837336540222,0.0,0.0,0.0,0.0,-0.01388302817940712,-1.0,-0.0,0.0,0.0
1782948462.940347,2026-07-01 19:27:42.940,17554.0,17554,left,0,1,peace,3,0.0,0.003969999961555004,-0.04999999701976776,-1.0,-0.0,0.0,0.0,0.0,0.0,0.0,-1.0,-0.0,0.0,0.0,0.025476500391960144,-0.012044699862599373,-0.022234899923205376,-0.7629392147064209,0.001379460096359253,0.35758334398269653,0.5385685563087463,-5.7220457705398076e-08,-4.3511388270189855e-08,-0.027230437844991684,-0.962651252746582,0.2707446217536926,0.0,0.0,3.5762786065873797e-09,6.318092005130893e-08,-0.031859491020441055,-0.9018523693084717,0.4320443868637085,0.0,0.0,2.384185648907078e-08,0.0,-0.023122519254684448,-1.0,-0.0,0.0,0.0,0.012359999120235443,0.0032300001475960016,-0.017000000923871994,-0.9990482330322266,-0.0,0.04361938685178757,0.0,0.0021501504816114902,-3.890097104886081e-06,-0.06502876430749893,-0.9999619722366333,-0.0,0.008726557716727257,0.0,-9.53674295089968e-09,-9.53674295089968e-09,-0.036917347460985184,-0.9993493556976318,0.0360686257481575,0.0,0.0,-2.8610228852699038e-08,-2.98023217215615e-10,-0.0216355137526989,-0.999281644821167,0.037897396832704544,0.0,0.0,1.2636184010261786e-07,2.98023217215615e-10,-0.018689393997192383,-1.0,-0.0,0.0,0.0,0.0,0.003969999961555004,-0.01750910095870495,-1.0,-0.0,0.0,0.0,0.0,4.610121322912164e-06,-0.06379090249538422,-1.0,-0.0,0.0,0.0,0.0,2.98023217215615e-10,-0.044606998562812805,-0.9995051622390747,0.03145527467131615,0.0,0.0,0.0,0.0,-0.023475991562008858,-0.9990876317024231,0.04270758107304573,0.0,0.0,0.0,0.0,-0.019651994109153748,-1.0,-0.0,0.0,0.0,-0.00711638992652297,0.0018999999156221747,-0.016959700733423233,-0.9961947202682495,-0.0,-0.08715574443340302,0.0,0.0005882433033548295,0.0,-0.060253534466028214,-0.9002193808555603,0.43502578139305115,0.017028871923685074,0.008229102939367294,-1.1086464013487785e-07,-1.490116086078075e-10,-0.04255366697907448,-0.7030664682388306,0.7111241817474365,0.0,0.0,4.5299529460862686e-08,0.0,-0.022088106721639633,-0.9169875979423523,0.3989158272743225,0.0,0.0,-1.4305114426349519e-08,0.0,-0.017740696668624878,-1.0,-0.0,0.0,0.0,-0.013503500260412693,-0.0037700000684708357,-0.014087299816310406,-0.9914448857307434,-0.0,-0.13052619993686676,0.0,-0.004897483624517918,-3.8501621020259336e-06,-0.05743739381432533,-0.9065096974372864,0.42023229598999023,-0.01808049902319908,0.036306750029325485,5.4836270635405526e-08,-2.98023217215615e-10,-0.03276759013533592,-0.764145016670227,0.6450445652008057,0.0,0.0,-9.298324243900424e-08,0.0,-0.01670967973768711,-0.8754711151123047,0.4832705557346344,0.0,0.0,6.19888282926695e-08,0.0,-0.013883084990084171,-1.0,-0.0,0.0,0.0
1782948462.975043,2026-07-01 19:27:42.975,11372.0,11372,right,0,2,peace,3,0.0,0.003969999961555004,-0.04999999701976776,-1.0,-0.0,0.0,0.0,0.0,0.0,0.0,-1.0,-0.0,0.0,0.0,-0.025476505979895592,-0.012044684961438179,-0.022234933450818062,-0.7674663066864014,0.04689823463559151,-0.3402767777442932,-0.541301965713501,0.0,1.19209286886246e-09,-0.02723044343292713,-0.9502891898155212,0.311368852853775,0.0,0.0,2.38418573772492e-09,-1.19209286886246e-09,-0.031859468668699265,-0.8769477605819702,0.48058581352233887,0.0,0.0,0.0,-3.5762786065873797e-09,-0.023122519254684448,-1.0,-0.0,0.0,0.0,-0.012360505759716034,0.0032300001475960016,-0.016998957842588425,-0.9990482330322266,-0.0,-0.04361938685178757,0.0,-0.002149570034816861,-3.8927792047616094e-06,-0.06502974033355713,-0.9999619722366333,-0.0,-0.008726464584469795,0.0,0.0,0.0,-0.03691747412085533,-0.9991405606269836,0.04145072400569916,0.0,0.0,-2.38418573772492e-09,-2.98023217215615e-10,-0.02163529396057129,-0.9989849328994751,0.045045435428619385,0.0,0.0,0.0,2.98023217215615e-10,-0.01868978515267372,-1.0,-0.0,0.0,0.0,0.0,0.003969999961555004,-0.017509059980511665,-1.0,-0.0,0.0,0.0,0.0,4.611611075233668e-06,-0.0637909397482872,-1.0,-0.0,0.0,0.0,0.0,2.98023217215615e-10,-0.04460655897855759,-0.9987601637840271,0.049780797213315964,0.0,0.0,0.0,-2.98023217215615e-10,-0.02347646653652191,-0.9974532127380371,0.07132436335086823,0.0,0.0,0.0,0.0,-0.019652195274829865,-1.0,-0.0,0.0,0.0,0.00711638480424881,0.0018999999156221747,-0.016959700733423233,-0.9961947202682495,-0.0,0.08715574443340302,0.0,-0.0005882382392883301,0.0,-0.060253534466028214,-0.8080512881278992,0.5885454416275024,-0.02088291570544243,-0.01521010510623455,1.19209286886246e-09,-1.490116086078075e-10,-0.04255415499210358,-0.6486966609954834,0.7610470652580261,0.0,0.0,-2.38418573772492e-09,0.0,-0.02208789810538292,-0.9073323011398315,0.42041438817977905,0.0,0.0,0.0,0.0,-0.017740869894623756,-1.0,-0.0,0.0,0.0,0.013503451831638813,-0.0037700000684708357,-0.014087309129536152,-0.9914448857307434,-0.0,0.13052619993686676,0.0,0.0048975334502756596,-3.847479547403054e-06,-0.05743739381432533,-0.8701254725456238,0.4919734597206116,0.015528326854109764,-0.024551372975111008,4.76837147544984e-09,-2.98023217215615e-10,-0.03276757150888443,-0.7407790422439575,0.6717487573623657,0.0,0.0,2.38418573772492e-09,0.0,-0.016709718853235245,-0.8622495532035828,0.5064837336540222,0.0,0.0,0.0,0.0,-0.01388302817940712,-1.0,-0.0,0.0,0.0
1782948463.1498477,2026-07-01 19:27:43.149,17556.0,17556,left,0,1,peace,3,0.0,0.003969999961555004,-0.04999999701976776,-1.0,-0.0,0.0,0.0,0.0,0.0,0.0,-1.0,-0.0,0.0,0.0,0.025476500391960144,-0.012044699862599373,-0.022234899923205376,-0.7629392147064209,0.001379460096359253,0.35758334398269653,0.5385685563087463,-5.7220457705398076e-08,-4.3511388270189855e-08,-0.027230437844991684,-0.962651252746582,0.2707446217536926,0.0,0.0,3.5762786065873797e-09,6.318092005130893e-08,-0.031859491020441055,-0.9018523693084717,0.4320443868637085,0.0,0.0,2.384185648907078e-08,0.0,-0.023122519254684448,-1.0,-0.0,0.0,0.0,0.012359999120235443,0.0032300001475960016,-0.017000000923871994,-0.9990482330322266,-0.0,0.04361938685178757,0.0,0.0021501504816114902,-3.890097104886081e-06,-0.06502876430749893,-0.9999619722366333,-0.0,0.008726557716727257,0.0,-9.53674295089968e-09,-9.53674295089968e-09,-0.036917347460985184,-0.9993493556976318,0.0360686257481575,0.0,0.0,-2.8610228852699038e-08,-2.98023217215615e-10,-0.0216355137526989,-0.999281644821167,0.037897396832704544,0.0,0.0,1.2636184010261786e-07,2.98023217215615e-10,-0.018689393997192383,-1.0,-0.0,0.0,0.0,0.0,0.003969999961555004,-0.01750910095870495,-1.0,-0.0,0.0,0.0,0.0,4.610121322912164e-06,-0.06379090249538422,-1.0,-0.0,0.0,0.0,0.0,2.98023217215615e-10,-0.044606998562812805,-0.9995051622390747,0.03145527467131615,0.0,0.0,0.0,0.0,-0.023475991562008858,-0.9990876317024231,0.04270758107304573,0.0,0.0,0.0,0.0,-0.019651994109153748,-1.0,-0.0,0.0,0.0,-0.00711638992652297,0.0018999999156221747,-0.016959700733423233,-0.9961947202682495,-0.0,-0.08715574443340302,0.0,0.0005882433033548295,0.0,-0.060253534466028214,-0.9002193808555603,0.43502578139305115,0.017028871923685074,0.008229102939367294,-1.1086464013487785e-07,-1.490116086078075e-10,-0.04255366697907448,-0.7030664682388306,0.7111241817474365,0.0,0.0,4.5299529460862686e-08,0.0,-0.022088106721639633,-0.9169875979423523,0.3989158272743225,0.0,0.0,-1.4305114426349519e-08,0.0,-0.017740696668624878,-1.0,-0.0,0.0,0.0,-0.013503500260412693,-0.0037700000684708357,-0.014087299816310406,-0.9914448857307434,-0.0,-0.13052619993686676,0.0,-0.004897483624517918,-3.8501621020259336e-06,-0.05743739381432533,-0.9065096974372864,0.42023229598999023,-0.01808049902319908,0.036306750029325485,5.4836270635405526e-08,-2.98023217215615e-10,-0.03276759013533592,-0.764145016670227,0.6450445652008057,0.0,0.0,-9.298324243900424e-08,0.0,-0.01670967973768711,-0.8754711151123047,0.4832705557346344,0.0,0.0,6.19888282926695e-08,0.0,-0.013883084990084171,-1.0,-0.0,0.0,0.0
1782948463.1818085,2026-07-01 19:27:43.181,11384.0,11384,right,0,2,peace,3,0.0,0.003969999961555004,-0.04999999701976776,-1.0,-0.0,0.0,0.0,0.0,0.0,0.0,-1.0,-0.0,0.0,0.0,-0.025476505979895592,-0.012044684961438179,-0.022234933450818062,-0.7682269215583801,0.04493877291679382,-0.3392117917537689,-0.5410575866699219,0.0,1.19209286886246e-09,-0.02723044343292713,-0.9513729810714722,0.30804136395454407,0.0,0.0,2.38418573772492e-09,-1.19209286886246e-09,-0.031859468668699265,-0.8790421485900879,0.4767440855503082,0.0,0.0,0.0,-3.5762786065873797e-09,-0.023122519254684448,-1.0,-0.0,0.0,0.0,-0.012360505759716034,0.0032300001475960016,-0.016998957842588425,-0.9990482330322266,-0.0,-0.04361938685178757,0.0,-0.002149570034816861,-3.8927792047616094e-06,-0.06502974033355713,-0.9999619722366333,-0.0,-0.008726464584469795,0.0,0.0,0.0,-0.03691747412085533,-0.9991405606269836,0.04145072400569916,0.0,0.0,-2.38418573772492e-09,-2.98023217215615e-10,-0.02163529396057129,-0.9989849328994751,0.045045435428619385,0.0,0.0,0.0,2.98023217215615e-10,-0.01868978515267372,-1.0,-0.0,0.0,0.0,0.0,0.003969999961555004,-0.017509059980511665,-1.0,-0.0,0.0,0.0,0.0,4.611611075233668e-06,-0.0637909397482872,-1.0,-0.0,0.0,0.0,0.0,2.98023217215615e-10,-0.04460655897855759,-0.9987601637840271,0.049780797213315964,0.0,0.0,0.0,-2.98023217215615e-10,-0.02347646653652191,-0.9974532127380371,0.07132436335086823,0.0,0.0,0.0,0.0,-0.019652195274829865,-1.0,-0.0,0.0,0.0,0.00711638480424881,0.0018999999156221747,-0.016959700733423233,-0.9961947202682495,-0.0,0.08715574443340302,0.0,-0.0005882382392883301,0.0,-0.060253534466028214,-0.8080512881278992,0.5885454416275024,-0.02088291570544243,-0.01521010510623455,1.19209286886246e-09,-1.490116086078075e-10,-0.04255415499210358,-0.6486966609954834,0.7610470652580261,0.0,0.0,-2.38418573772492e-09,0.0,-0.02208789810538292,-0.9073323011398315,0.42041438817977905,0.0,0.0,0.0,0.0,-0.017740869894623756,-1.0,-0.0,0.0,0.0,0.013503451831638813,-0.0037700000684708357,-0.014087309129536152,-0.9914448857307434,-0.0,0.13052619993686676,0.0,0.0048975334502756596,-3.847479547403054e-06,-0.05743739381432533,-0.8701254725456238,0.4919734597206116,0.015528326854109764,-0.024551372975111008,4.76837147544984e-09,-2.98023217215615e-10,-0.03276757150888443,-0.7407790422439575,0.6717487573623657,0.0,0.0,2.38418573772492e-09,0.0,-0.016709718853235245,-0.8622495532035828,0.5064837336540222,0.0,0.0,0.0,0.0,-0.01388302817940712,-1.0,-0.0,0.0,0.0
1782948463.367286,2026-07-01 19:27:43.367,17558.0,17558,left,0,1,peace,3,0.0,0.003969999961555004,-0.04999999701976776,-1.0,-0.0,0.0,0.0,0.0,0.0,0.0,-1.0,-0.0,0.0,0.0,0.025476500391960144,-0.012044699862599373,-0.022234899923205376,-0.7625678181648254,0.0024377107620239258,0.3580886721611023,0.5387549996376038,-5.7220457705398076e-08,-4.3511388270189855e-08,-0.027230437844991684,-0.9621665477752686,0.2724620997905731,0.0,0.0,3.5762786065873797e-09,6.318092005130893e-08,-0.031859491020441055,-0.9008342623710632,0.43416327238082886,0.0,0.0,2.384185648907078e-08,0.0,-0.023122519254684448,-1.0,-0.0,0.0,0.0,0.012359999120235443,0.0032300001475960016,-0.017000000923871994,-0.9990482330322266,-0.0,0.04361938685178757,0.0,0.0021501504816114902,-3.890097104886081e-06,-0.06502876430749893,-0.9999619722366333,-0.0,0.008726557716727257,0.0,-9.53674295089968e-09,-9.53674295089968e-09,-0.036917347460985184,-0.9993493556976318,0.0360686257481575,0.0,0.0,-2.8610228852699038e-08,-2.98023217215615e-10,-0.0216355137526989,-0.999281644821167,0.037897396832704544,0.0,0.0,1.2636184010261786e-07,2.98023217215615e-10,-0.018689393997192383,-1.0,-0.0,0.0,0.0,0.0,0.003969999961555004,-0.01750910095870495,-1.0,-0.0,0.0,0.0,0.0,4.610121322912164e-06,-0.06379090249538422,-1.0,-0.0,0.0,0.0,0.0,2.98023217215615e-10,-0.044606998562812805,-0.9995051622390747,0.03145527467131615,0.0,0.0,0.0,0.0,-0.023475991562008858,-0.9990876317024231,0.04270758107304573,0.0,0.0,0.0,0.0,-0.019651994109153748,-1.0,-0.0,0.0,0.0,-0.00711638992652297,0.0018999999156221747,-0.016959700733423233,-0.9961947202682495,-0.0,-0.08715574443340302,0.0,0.0005882433033548295,0.0,-0.060253534466028214,-0.9002193808555603,0.43502578139305115,0.017028871923685074,0.008229102939367294,-1.1086464013487785e-07,-1.490116086078075e-10,-0.04255366697907448,-0.7030664682388306,0.7111241817474365,0.0,0.0,4.5299529460862686e-08,0.0,-0.022088106721639633,-0.9169875979423523,0.3989158272743225,0.0,0.0,-1.4305114426349519e-08,0.0,-0.017740696668624878,-1.0,-0.0,0.0,0.0,-0.013503500260412693,-0.0037700000684708357,-0.014087299816310406,-0.9914448857307434,-0.0,-0.13052619993686676,0.0,-0.004897483624517918,-3.8501621020259336e-06,-0.05743739381432533,-0.9065096974372864,0.42023229598999023,-0.01808049902319908,0.036306750029325485,5.4836270635405526e-08,-2.98023217215615e-10,-0.03276759013533592,-0.764145016670227,0.6450445652008057,0.0,0.0,-9.298324243900424e-08,0.0,-0.01670967973768711,-0.8754711151123047,0.4832705557346344,0.0,0.0,6.19888282926695e-08,0.0,-0.013883084990084171,-1.0,-0.0,0.0,0.0
1782948463.3998218,2026-07-01 19:27:43.399,11398.0,11398,right,0,2,peace,3,0.0,0.003969999961555004,-0.04999999701976776,-1.0,-0.0,0.0,0.0,0.0,0.0,0.0,-1.0,-0.0,0.0,0.0,-0.025476505979895592,-0.012044684961438179,-0.022234933450818062,-0.7682269215583801,0.04493877291679382,-0.3392117917537689,-0.5410575866699219,0.0,1.19209286886246e-09,-0.02723044343292713,-0.9513729810714722,0.30804136395454407,0.0,0.0,2.38418573772492e-09,-1.19209286886246e-09,-0.031859468668699265,-0.8790421485900879,0.4767440855503082,0.0,0.0,0.0,-3.5762786065873797e-09,-0.023122519254684448,-1.0,-0.0,0.0,0.0,-0.012360505759716034,0.0032300001475960016,-0.016998957842588425,-0.9990482330322266,-0.0,-0.04361938685178757,0.0,-0.002149570034816861,-3.8927792047616094e-06,-0.06502974033355713,-0.9999619722366333,-0.0,-0.008726464584469795,0.0,0.0,0.0,-0.03691747412085533,-0.9991405606269836,0.04145072400569916,0.0,0.0,-2.38418573772492e-09,-2.98023217215615e-10,-0.02163529396057129,-0.9989849328994751,0.045045435428619385,0.0,0.0,0.0,2.98023217215615e-10,-0.01868978515267372,-1.0,-0.0,0.0,0.0,0.0,0.003969999961555004,-0.017509059980511665,-1.0,-0.0,0.0,0.0,0.0,4.611611075233668e-06,-0.0637909397482872,-1.0,-0.0,0.0,0.0,0.0,2.98023217215615e-10,-0.04460655897855759,-0.9987601637840271,0.049780797213315964,0.0,0.0,0.0,-2.98023217215615e-10,-0.02347646653652191,-0.9974532127380371,0.07132436335086823,0.0,0.0,0.0,0.0,-0.019652195274829865,-1.0,-0.0,0.0,0.0,0.00711638480424881,0.0018999999156221747,-0.016959700733423233,-0.9961947202682495,-0.0,0.08715574443340302,0.0,-0.0005882382392883301,0.0,-0.060253534466028214,-0.8080512881278992,0.5885454416275024,-0.02088291570544243,-0.01521010510623455,1.19209286886246e-09,-1.490116086078075e-10,-0.04255415499210358,-0.6486966609954834,0.7610470652580261,0.0,0.0,-2.38418573772492e-09,0.0,-0.02208789810538292,-0.9073323011398315,0.42041438817977905,0.0,0.0,0.0,0.0,-0.017740869894623756,-1.0,-0.0,0.0,0.0,0.013503451831638813,-0.0037700000684708357,-0.014087309129536152,-0.9914448857307434,-0.0,0.13052619993686676,0.0,0.0048975334502756596,-3.847479547403054e-06,-0.05743739381432533,-0.8701254725456238,0.4919734597206116,0.015528326854109764,-0.024551372975111008,4.76837147544984e-09,-2.98023217215615e-10,-0.03276757150888443,-0.7407790422439575,0.6717487573623657,0.0,0.0,2.38418573772492e-09,0.0,-0.016709718853235245,-0.8622495532035828,0.5064837336540222,0.0,0.0,0.0,0.0,-0.01388302817940712,-1.0,-0.0,0.0,0.0
1782948463.5720239,2026-07-01 19:27:43.572,17560.0,17560,left,0,1,peace,3,0.0,0.003969999961555004,-0.04999999701976776,-1.0,-0.0,0.0,0.0,0.0,0.0,0.0,-1.0,-0.0,0.0,0.0,0.025476500391960144,-0.012044699862599373,-0.022234899923205376,-0.7625678181648254,0.0024377107620239258,0.3580886721611023,0.5387549996376038,-5.7220457705398076e-08,-4.3511388270189855e-08,-0.027230437844991684,-0.9621665477752686,0.2724620997905731,0.0,0.0,3.5762786065873797e-09,6.318092005130893e-08,-0.031859491020441055,-0.9008342623710632,0.43416327238082886,0.0,0.0,2.384185648907078e-08,0.0,-0.023122519254684448,-1.0,-0.0,0.0,0.0,0.012359999120235443,0.0032300001475960016,-0.017000000923871994,-0.9990482330322266,-0.0,0.04361938685178757,0.0,0.0021501504816114902,-3.890097104886081e-06,-0.06502876430749893,-0.9999619722366333,-0.0,0.008726557716727257,0.0,-9.53674295089968e-09,-9.53674295089968e-09,-0.036917347460985184,-0.9993493556976318,0.0360686257481575,0.0,0.0,-2.8610228852699038e-08,-2.98023217215615e-10,-0.0216355137526989,-0.999281644821167,0.037897396832704544,0.0,0.0,1.2636184010261786e-07,2.98023217215615e-10,-0.018689393997192383,-1.0,-0.0,0.0,0.0,0.0,0.003969999961555004,-0.01750910095870495,-1.0,-0.0,0.0,0.0,0.0,4.610121322912164e-06,-0.06379090249538422,-1.0,-0.0,0.0,0.0,0.0,2.98023217215615e-10,-0.044606998562812805,-0.9995051622390747,0.03145527467131615,0.0,0.0,0.0,0.0,-0.023475991562008858,-0.9990876317024231,0.04270758107304573,0.0,0.0,0.0,0.0,-0.019651994109153748,-1.0,-0.0,0.0,0.0,-0.00711638992652297,0.0018999999156221747,-0.016959700733423233,-0.9961947202682495,-0.0,-0.08715574443340302,0.0,0.0005882433033548295,0.0,-0.060253534466028214,-0.9002193808555603,0.43502578139305115,0.017028871923685074,0.008229102939367294,-1.1086464013487785e-07,-1.490116086078075e-10,-0.04255366697907448,-0.7030664682388306,0.7111241817474365,0.0,0.0,4.5299529460862686e-08,0.0,-0.022088106721639633,-0.9169875979423523,0.3989158272743225,0.0,0.0,-1.4305114426349519e-08,0.0,-0.017740696668624878,-1.0,-0.0,0.0,0.0,-0.013503500260412693,-0.0037700000684708357,-0.014087299816310406,-0.9914448857307434,-0.0,-0.13052619993686676,0.0,-0.004897483624517918,-3.8501621020259336e-06,-0.05743739381432533,-0.9065096974372864,0.42023229598999023,-0.01808049902319908,0.036306750029325485,5.4836270635405526e-08,-2.98023217215615e-10,-0.03276759013533592,-0.764145016670227,0.6450445652008057,0.0,0.0,-9.298324243900424e-08,0.0,-0.01670967973768711,-0.8754711151123047,0.4832705557346344,0.0,0.0,6.19888282926695e-08,0.0,-0.013883084990084171,-1.0,-0.0,0.0,0.0
1782948463.6044517,2026-07-01 19:27:43.604,11411.0,11411,right,0,2,peace,3,0.0,0.003969999961555004,-0.04999999701976776,-1.0,-0.0,0.0,0.0,0.0,0.0,0.0,-1.0,-0.0,0.0,0.0,-0.025476505979895592,-0.012044684961438179,-0.022234933450818062,-0.7682269215583801,0.04493877291679382,-0.3392117917537689,-0.5410575866699219,0.0,1.19209286886246e-09,-0.02723044343292713,-0.9513729810714722,0.30804136395454407,0.0,0.0,2.38418573772492e-09,-1.19209286886246e-09,-0.031859468668699265,-0.8790421485900879,0.4767440855503082,0.0,0.0,0.0,-3.5762786065873797e-09,-0.023122519254684448,-1.0,-0.0,0.0,0.0,-0.012360505759716034,0.0032300001475960016,-0.016998957842588425,-0.9990482330322266,-0.0,-0.04361938685178757,0.0,-0.002149570034816861,-3.8927792047616094e-06,-0.06502974033355713,-0.9999619722366333,-0.0,-0.008726464584469795,0.0,0.0,0.0,-0.03691747412085533,-0.9991405606269836,0.04145072400569916,0.0,0.0,-2.38418573772492e-09,-2.98023217215615e-10,-0.02163529396057129,-0.9989849328994751,0.045045435428619385,0.0,0.0,0.0,2.98023217215615e-10,-0.01868978515267372,-1.0,-0.0,0.0,0.0,0.0,0.003969999961555004,-0.017509059980511665,-1.0,-0.0,0.0,0.0,0.0,4.611611075233668e-06,-0.0637909397482872,-1.0,-0.0,0.0,0.0,0.0,2.98023217215615e-10,-0.04460655897855759,-0.9987601637840271,0.049780797213315964,0.0,0.0,0.0,-2.98023217215615e-10,-0.02347646653652191,-0.9974532127380371,0.07132436335086823,0.0,0.0,0.0,0.0,-0.019652195274829865,-1.0,-0.0,0.0,0.0,0.00711638480424881,0.0018999999156221747,-0.016959700733423233,-0.9961947202682495,-0.0,0.08715574443340302,0.0,-0.0005882382392883301,0.0,-0.060253534466028214,-0.8080512881278992,0.5885454416275024,-0.02088291570544243,-0.01521010510623455,1.19209286886246e-09,-1.490116086078075e-10,-0.04255415499210358,-0.6486966609954834,0.7610470652580261,0.0,0.0,-2.38418573772492e-09,0.0,-0.02208789810538292,-0.9073323011398315,0.42041438817977905,0.0,0.0,0.0,0.0,-0.017740869894623756,-1.0,-0.0,0.0,0.0,0.013503451831638813,-0.0037700000684708357,-0.014087309129536152,-0.9914448857307434,-0.0,0.13052619993686676,0.0,0.0048975334502756596,-3.847479547403054e-06,-0.05743739381432533,-0.8757381439208984,0.4818870425224304,0.01705305650830269,-0.02401861548423767,4.76837147544984e-09,-2.98023217215615e-10,-0.03276757150888443,-0.743819534778595,0.6683805584907532,0.0,0.0,2.38418573772492e-09,0.0,-0.016709718853235245,-0.8640034198760986,0.5034859776496887,0.0,0.0,0.0,0.0,-0.01388302817940712,-1.0,-0.0,0.0,0.0
1782948463.7792244,2026-07-01 19:27:43.779,17561.0,17561,left,0,1,peace,3,0.0,0.003969999961555004,-0.04999999701976776,-1.0,-0.0,0.0,0.0,0.0,0.0,0.0,-1.0,-0.0,0.0,0.0,0.025476500391960144,-0.012044699862599373,-0.022234899923205376,-0.7625678181648254,0.0024377107620239258,0.3580886721611023,0.5387549996376038,-5.7220457705398076e-08,-4.3511388270189855e-08,-0.027230437844991684,-0.9621665477752686,0.2724620997905731,0.0,0.0,3.5762786065873797e-09,6.318092005130893e-08,-0.031859491020441055,-0.9008342623710632,0.43416327238082886,0.0,0.0,2.384185648907078e-08,0.0,-0.023122519254684448,-1.0,-0.0,0.0,0.0,0.012359999120235443,0.0032300001475960016,-0.017000000923871994,-0.9990482330322266,-0.0,0.04361938685178757,0.0,0.0021501504816114902,-3.890097104886081e-06,-0.06502876430749893,-0.9999619722366333,-0.0,0.008726557716727257,0.0,-9.53674295089968e-09,-9.53674295089968e-09,-0.036917347460985184,-0.9993493556976318,0.0360686257481575,0.0,0.0,-2.8610228852699038e-08,-2.98023217215615e-10,-0.0216355137526989,-0.999281644821167,0.037897396832704544,0.0,0.0,1.2636184010261786e-07,2.98023217215615e-10,-0.018689393997192383,-1.0,-0.0,0.0,0.0,0.0,0.003969999961555004,-0.01750910095870495,-1.0,-0.0,0.0,0.0,0.0,4.610121322912164e-06,-0.06379090249538422,-1.0,-0.0,0.0,0.0,0.0,2.98023217215615e-10,-0.044606998562812805,-0.9995051622390747,0.03145527467131615,0.0,0.0,0.0,0.0,-0.023475991562008858,-0.9990876317024231,0.04270758107304573,0.0,0.0,0.0,0.0,-0.019651994109153748,-1.0,-0.0,0.0,0.0,-0.00711638992652297,0.0018999999156221747,-0.016959700733423233,-0.9961947202682495,-0.0,-0.08715574443340302,0.0,0.0005882433033548295,0.0,-0.060253534466028214,-0.9002193808555603,0.43502578139305115,0.017028871923685074,0.008229102939367294,-1.1086464013487785e-07,-1.490116086078075e-10,-0.04255366697907448,-0.7030664682388306,0.7111241817474365,0.0,0.0,4.5299529460862686e-08,0.0,-0.022088106721639633,-0.9169875979423523,0.3989158272743225,0.0,0.0,-1.4305114426349519e-08,0.0,-0.017740696668624878,-1.0,-0.0,0.0,0.0,-0.013503500260412693,-0.0037700000684708357,-0.014087299816310406,-0.9914448857307434,-0.0,-0.13052619993686676,0.0,-0.004897483624517918,-3.8501621020259336e-06,-0.05743739381432533,-0.9040777683258057,0.42545321583747864,-0.017398124560713768,0.03647270426154137,5.4836270635405526e-08,-2.98023217215615e-10,-0.03276759013533592,-0.7623261213302612,0.6471930742263794,0.0,0.0,-9.298324243900424e-08,0.0,-0.01670967973768711,-0.874462366104126,0.48509344458580017,0.0,0.0,6.19888282926695e-08,0.0,-0.013883084990084171,-1.0,-0.0,0.0,0.0
1782948463.823491,2026-07-01 19:27:43.823,11422.0,11422,right,0,2,peace,3,0.0,0.003969999961555004,-0.04999999701976776,-1.0,-0.0,0.0,0.0,0.0,0.0,0.0,-1.0,-0.0,0.0,0.0,-0.025476505979895592,-0.012044684961438179,-0.022234933450818062,-0.7682269215583801,0.04493877291679382,-0.3392117917537689,-0.5410575866699219,0.0,1.19209286886246e-09,-0.02723044343292713,-0.9513729810714722,0.30804136395454407,0.0,0.0,2.38418573772492e-09,-1.19209286886246e-09,-0.031859468668699265,-0.8790421485900879,0.4767440855503082,0.0,0.0,0.0,-3.5762786065873797e-09,-0.023122519254684448,-1.0,-0.0,0.0,0.0,-0.012360505759716034,0.0032300001475960016,-0.016998957842588425,-0.9990482330322266,-0.0,-0.04361938685178757,0.0,-0.002149570034816861,-3.8927792047616094e-06,-0.06502974033355713,-0.9999619722366333,-0.0,-0.008726464584469795,0.0,0.0,0.0,-0.03691747412085533,-0.9991405606269836,0.04145072400569916,0.0,0.0,-2.38418573772492e-09,-2.98023217215615e-10,-0.02163529396057129,-0.9989849328994751,0.045045435428619385,0.0,0.0,0.0,2.98023217215615e-10,-0.01868978515267372,-1.0,-0.0,0.0,0.0,0.0,0.003969999961555004,-0.017509059980511665,-1.0,-0.0,0.0,0.0,0.0,4.611611075233668e-06,-0.0637909397482872,-1.0,-0.0,0.0,0.0,0.0,2.98023217215615e-10,-0.04460655897855759,-0.9987601637840271,0.049780797213315964,0.0,0.0,0.0,-2.98023217215615e-10,-0.02347646653652191,-0.9974532127380371,0.07132436335086823,0.0,0.0,0.0,0.0,-0.019652195274829865,-1.0,-0.0,0.0,0.0,0.00711638480424881,0.0018999999156221747,-0.016959700733423233,-0.9961947202682495,-0.0,0.08715574443340302,0.0,-0.0005882382392883301,0.0,-0.060253534466028214,-0.8080512881278992,0.5885454416275024,-0.02088291570544243,-0.01521010510623455,1.19209286886246e-09,-1.490116086078075e-10,-0.04255415499210358,-0.6486966609954834,0.7610470652580261,0.0,0.0,-2.38418573772492e-09,0.0,-0.02208789810538292,-0.9073323011398315,0.42041438817977905,0.0,0.0,0.0,0.0,-0.017740869894623756,-1.0,-0.0,0.0,0.0,0.013503451831638813,-0.0037700000684708357,-0.014087309129536152,-0.9914448857307434,-0.0,0.13052619993686676,0.0,0.0048975334502756596,-3.847479547403054e-06,-0.05743739381432533,-0.8757381439208984,0.4818870425224304,0.01705305650830269,-0.02401861548423767,4.76837147544984e-09,-2.98023217215615e-10,-0.03276757150888443,-0.743819534778595,0.6683805584907532,0.0,0.0,2.38418573772492e-09,0.0,-0.016709718853235245,-0.8640034198760986,0.5034859776496887,0.0,0.0,0.0,0.0,-0.01388302817940712,-1.0,-0.0,0.0,0.0
1782948463.9970372,2026-07-01 19:27:43.997,17563.0,17563,left,0,1,peace,3,0.0,0.003969999961555004,-0.04999999701976776,-1.0,-0.0,0.0,0.0,0.0,0.0,0.0,-1.0,-0.0,0.0,0.0,0.025476500391960144,-0.012044699862599373,-0.022234899923205376,-0.7625678181648254,0.0024377107620239258,0.3580886721611023,0.5387549996376038,-5.7220457705398076e-08,-4.3511388270189855e-08,-0.027230437844991684,-0.9621665477752686,0.2724620997905731,0.0,0.0,3.5762786065873797e-09,6.318092005130893e-08,-0.031859491020441055,-0.9008342623710632,0.43416327238082886,0.0,0.0,2.384185648907078e-08,0.0,-0.023122519254684448,-1.0,-0.0,0.0,0.0,0.012359999120235443,0.0032300001475960016,-0.017000000923871994,-0.9990482330322266,-0.0,0.04361938685178757,0.0,0.0021501504816114902,-3.890097104886081e-06,-0.06502876430749893,-0.9999619722366333,-0.0,0.008726557716727257,0.0,-9.53674295089968e-09,-9.53674295089968e-09,-0.036917347460985184,-0.9993493556976318,0.0360686257481575,0.0,0.0,-2.8610228852699038e-08,-2.98023217215615e-10,-0.0216355137526989,-0.999281644821167,0.037897396832704544,0.0,0.0,1.2636184010261786e-07,2.98023217215615e-10,-0.018689393997192383,-1.0,-0.0,0.0,0.0,0.0,0.003969999961555004,-0.01750910095870495,-1.0,-0.0,0.0,0.0,0.0,4.610121322912164e-06,-0.06379090249538422,-1.0,-0.0,0.0,0.0,0.0,2.98023217215615e-10,-0.044606998562812805,-0.9995051622390747,0.03145527467131615,0.0,0.0,0.0,0.0,-0.023475991562008858,-0.9990876317024231,0.04270758107304573,0.0,0.0,0.0,0.0,-0.019651994109153748,-1.0,-0.0,0.0,0.0,-0.00711638992652297,0.0018999999156221747,-0.016959700733423233,-0.9961947202682495,-0.0,-0.08715574443340302,0.0,0.0005882433033548295,0.0,-0.060253534466028214,-0.9002193808555603,0.43502578139305115,0.017028871923685074,0.008229102939367294,-1.1086464013487785e-07,-1.490116086078075e-10,-0.04255366697907448,-0.7030664682388306,0.7111241817474365,0.0,0.0,4.5299529460862686e-08,0.0,-0.022088106721639633,-0.9169875979423523,0.3989158272743225,0.0,0.0,-1.4305114426349519e-08,0.0,-0.017740696668624878,-1.0,-0.0,0.0,0.0,-0.013503500260412693,-0.0037700000684708357,-0.014087299816310406,-0.9914448857307434,-0.0,-0.13052619993686676,0.0,-0.004897483624517918,-3.8501621020259336e-06,-0.05743739381432533,-0.9040777683258057,0.42545321583747864,-0.017398124560713768,0.03647270426154137,5.4836270635405526e-08,-2.98023217215615e-10,-0.03276759013533592,-0.7623261213302612,0.6471930742263794,0.0,0.0,-9.298324243900424e-08,0.0,-0.01670967973768711,-0.874462366104126,0.48509344458580017,0.0,0.0,6.19888282926695e-08,0.0,-0.013883084990084171,-1.0,-0.0,0.0,0.0
1782948464.028515,2026-07-01 19:27:44.028,11436.0,11436,right,0,2,peace,3,0.0,0.003969999961555004,-0.04999999701976776,-1.0,-0.0,0.0,0.0,0.0,0.0,0.0,-1.0,-0.0,0.0,0.0,-0.025476505979895592,-0.012044684961438179,-0.022234933450818062,-0.7682269215583801,0.04493877291679382,-0.3392117917537689,-0.5410575866699219,0.0,1.19209286886246e-09,-0.02723044343292713,-0.9513729810714722,0.30804136395454407,0.0,0.0,2.38418573772492e-09,-1.19209286886246e-09,-0.031859468668699265,-0.8790421485900879,0.4767440855503082,0.0,0.0,0.0,-3.5762786065873797e-09,-0.023122519254684448,-1.0,-0.0,0.0,0.0,-0.012360505759716034,0.0032300001475960016,-0.016998957842588425,-0.9990482330322266,-0.0,-0.04361938685178757,0.0,-0.002149570034816861,-3.8927792047616094e-06,-0.06502974033355713,-0.9999619722366333,-0.0,-0.008726464584469795,0.0,0.0,0.0,-0.03691747412085533,-0.9991405606269836,0.04145072400569916,0.0,0.0,-2.38418573772492e-09,-2.98023217215615e-10,-0.02163529396057129,-0.9989849328994751,0.045045435428619385,0.0,0.0,0.0,2.98023217215615e-10,-0.01868978515267372,-1.0,-0.0,0.0,0.0,0.0,0.003969999961555004,-0.017509059980511665,-1.0,-0.0,0.0,0.0,0.0,4.611611075233668e-06,-0.0637909397482872,-1.0,-0.0,0.0,0.0,0.0,2.98023217215615e-10,-0.04460655897855759,-0.9987601637840271,0.049780797213315964,0.0,0.0,0.0,-2.98023217215615e-10,-0.02347646653652191,-0.9974532127380371,0.07132436335086823,0.0,0.0,0.0,0.0,-0.019652195274829865,-1.0,-0.0,0.0,0.0,0.00711638480424881,0.0018999999156221747,-0.016959700733423233,-0.9961947202682495,-0.0,0.08715574443340302,0.0,-0.0005882382392883301,0.0,-0.060253534466028214,-0.8080512881278992,0.5885454416275024,-0.02088291570544243,-0.01521010510623455,1.19209286886246e-09,-1.490116086078075e-10,-0.04255415499210358,-0.6486966609954834,0.7610470652580261,0.0,0.0,-2.38418573772492e-09,0.0,-0.02208789810538292,-0.9073323011398315,0.42041438817977905,0.0,0.0,0.0,0.0,-0.017740869894623756,-1.0,-0.0,0.0,0.0,0.013503451831638813,-0.0037700000684708357,-0.014087309129536152,-0.9914448857307434,-0.0,0.13052619993686676,0.0,0.0048975334502756596,-3.847479547403054e-06,-0.05743739381432533,-0.8757381439208984,0.4818870425224304,0.01705305650830269,-0.02401861548423767,4.76837147544984e-09,-2.98023217215615e-10,-0.03276757150888443,-0.743819534778595,0.6683805584907532,0.0,0.0,2.38418573772492e-09,0.0,-0.016709718853235245,-0.8640034198760986,0.5034859776496887,0.0,0.0,0.0,0.0,-0.01388302817940712,-1.0,-0.0,0.0,0.0
1782948464.2170174,2026-07-01 19:27:44.217,17565.0,17565,left,0,1,peace,3,0.0,0.003969999961555004,-0.04999999701976776,-1.0,-0.0,0.0,0.0,0.0,0.0,0.0,-1.0,-0.0,0.0,0.0,0.025476500391960144,-0.012044699862599373,-0.022234899923205376,-0.7625678181648254,0.0024377107620239258,0.3580886721611023,0.5387549996376038,-5.7220457705398076e-08,-4.3511388270189855e-08,-0.027230437844991684,-0.9621665477752686,0.2724620997905731,0.0,0.0,3.5762786065873797e-09,6.318092005130893e-08,-0.031859491020441055,-0.9008342623710632,0.43416327238082886,0.0,0.0,2.384185648907078e-08,0.0,-0.023122519254684448,-1.0,-0.0,0.0,0.0,0.012359999120235443,0.0032300001475960016,-0.017000000923871994,-0.9990482330322266,-0.0,0.04361938685178757,0.0,0.0021501504816114902,-3.890097104886081e-06,-0.06502876430749893,-0.9999619722366333,-0.0,0.008726557716727257,0.0,-9.53674295089968e-09,-9.53674295089968e-09,-0.036917347460985184,-0.9993493556976318,0.0360686257481575,0.0,0.0,-2.8610228852699038e-08,-2.98023217215615e-10,-0.0216355137526989,-0.999281644821167,0.037897396832704544,0.0,0.0,1.2636184010261786e-07,2.98023217215615e-10,-0.018689393997192383,-1.0,-0.0,0.0,0.0,0.0,0.003969999961555004,-0.01750910095870495,-1.0,-0.0,0.0,0.0,0.0,4.610121322912164e-06,-0.06379090249538422,-1.0,-0.0,0.0,0.0,0.0,2.98023217215615e-10,-0.044606998562812805,-0.9995051622390747,0.03145527467131615,0.0,0.0,0.0,0.0,-0.023475991562008858,-0.9990876317024231,0.04270758107304573,0.0,0.0,0.0,0.0,-0.019651994109153748,-1.0,-0.0,0.0,0.0,-0.00711638992652297,0.0018999999156221747,-0.016959700733423233,-0.9961947202682495,-0.0,-0.08715574443340302,0.0,0.0005882433033548295,0.0,-0.060253534466028214,-0.9002193808555603,0.43502578139305115,0.017028871923685074,0.008229102939367294,-1.1086464013487785e-07,-1.490116086078075e-10,-0.04255366697907448,-0.7030664682388306,0.7111241817474365,0.0,0.0,4.5299529460862686e-08,0.0,-0.022088106721639633,-0.9169875979423523,0.3989158272743225,0.0,0.0,-1.4305114426349519e-08,0.0,-0.017740696668624878,-1.0,-0.0,0.0,0.0,-0.013503500260412693,-0.0037700000684708357,-0.014087299816310406,-0.9914448857307434,-0.0,-0.13052619993686676,0.0,-0.004897483624517918,-3.8501621020259336e-06,-0.05743739381432533,-0.9052975177764893,0.4228444993495941,-0.01773938536643982,0.03638987988233566,5.4836270635405526e-08,-2.98023217215615e-10,-0.03276759013533592,-0.7632362842559814,0.6461194753646851,0.0,0.0,-9.298324243900424e-08,0.0,-0.01670967973768711,-0.8749672174453735,0.4841822683811188,0.0,0.0,6.19888282926695e-08,0.0,-0.013883084990084171,-1.0,-0.0,0.0,0.0
1782948464.249952,2026-07-01 19:27:44.249,11449.0,11449,right,0,2,peace,3,0.0,0.003969999961555004,-0.04999999701976776,-1.0,-0.0,0.0,0.0,0.0,0.0,0.0,-1.0,-0.0,0.0,0.0,-0.025476505979895592,-0.012044684961438179,-0.022234933450818062,-0.7693564891815186,0.04196196421980858,-0.3376242518424988,-0.5406844019889832,0.0,1.19209286886246e-09,-0.02723044343292713,-0.9529819488525391,0.30302736163139343,0.0,0.0,2.38418573772492e-09,-1.19209286886246e-09,-0.031859468668699265,-0.8821832537651062,0.4709063470363617,0.0,0.0,0.0,-3.5762786065873797e-09,-0.023122519254684448,-1.0,-0.0,0.0,0.0,-0.012360505759716034,0.0032300001475960016,-0.016998957842588425,-0.9990482330322266,-0.0,-0.04361938685178757,0.0,-0.002149570034816861,-3.8927792047616094e-06,-0.06502974033355713,-0.9999619722366333,-0.0,-0.008726464584469795,0.0,0.0,0.0,-0.03691747412085533,-0.9991405606269836,0.04145072400569916,0.0,0.0,-2.38418573772492e-09,-2.98023217215615e-10,-0.02163529396057129,-0.9989849328994751,0.045045435428619385,0.0,0.0,0.0,2.98023217215615e-10,-0.01868978515267372,-1.0,-0.0,0.0,0.0,0.0,0.003969999961555004,-0.017509059980511665,-1.0,-0.0,0.0,0.0,0.0,4.611611075233668e-06,-0.0637909397482872,-1.0,-0.0,0.0,0.0,0.0,2.98023217215615e-10,-0.04460655897855759,-0.9987601637840271,0.049780797213315964,0.0,0.0,0.0,-2.98023217215615e-10,-0.02347646653652191,-0.9974532127380371,0.07132436335086823,0.0,0.0,0.0,0.0,-0.019652195274829865,-1.0,-0.0,0.0,0.0,0.00711638480424881,0.0018999999156221747,-0.016959700733423233,-0.9961947202682495,-0.0,0.08715574443340302,0.0,-0.0005882382392883301,0.0,-0.060253534466028214,-0.8080512881278992,0.5885454416275024,-0.02088291570544243,-0.01521010510623455,1.19209286886246e-09,-1.490116086078075e-10,-0.04255415499210358,-0.6486966609954834,0.7610470652580261,0.0,0.0,-2.38418573772492e-09,0.0,-0.02208789810538292,-0.9073323011398315,0.42041438817977905,0.0,0.0,0.0,0.0,-0.017740869894623756,-1.0,-0.0,0.0,0.0,0.013503451831638813,-0.0037700000684708357,-0.014087309129536152,-0.9914448857307434,-0.0,0.13052619993686676,0.0,0.0048975334502756596,-3.847479547403054e-06,-0.05743739381432533,-0.8757381439208984,0.4818870425224304,0.01705305650830269,-0.02401861548423767,4.76837147544984e-09,-2.98023217215615e-10,-0.03276757150888443,-0.743819534778595,0.6683805584907532,0.0,0.0,2.38418573772492e-09,0.0,-0.016709718853235245,-0.8640034198760986,0.5034859776496887,0.0,0.0,0.0,0.0,-0.01388302817940712,-1.0,-0.0,0.0,0.0
1782948464.4332547,2026-07-01 19:27:44.433,17567.0,17567,left,0,1,peace,3,0.0,0.003969999961555004,-0.04999999701976776,-1.0,-0.0,0.0,0.0,0.0,0.0,0.0,-1.0,-0.0,0.0,0.0,0.025476500391960144,-0.012044699862599373,-0.022234899923205376,-0.7625678181648254,0.0024377107620239258,0.3580886721611023,0.5387549996376038,-5.7220457705398076e-08,-4.3511388270189855e-08,-0.027230437844991684,-0.9621665477752686,0.2724620997905731,0.0,0.0,3.5762786065873797e-09,6.318092005130893e-08,-0.031859491020441055,-0.9008342623710632,0.43416327238082886,0.0,0.0,2.384185648907078e-08,0.0,-0.023122519254684448,-1.0,-0.0,0.0,0.0,0.012359999120235443,0.0032300001475960016,-0.017000000923871994,-0.9990482330322266,-0.0,0.04361938685178757,0.0,0.0021501504816114902,-3.890097104886081e-06,-0.06502876430749893,-0.9999619722366333,-0.0,0.008726557716727257,0.0,-9.53674295089968e-09,-9.53674295089968e-09,-0.036917347460985184,-0.9993493556976318,0.0360686257481575,0.0,0.0,-2.8610228852699038e-08,-2.98023217215615e-10,-0.0216355137526989,-0.999281644821167,0.037897396832704544,0.0,0.0,1.2636184010261786e-07,2.98023217215615e-10,-0.018689393997192383,-1.0,-0.0,0.0,0.0,0.0,0.003969999961555004,-0.01750910095870495,-1.0,-0.0,0.0,0.0,0.0,4.610121322912164e-06,-0.06379090249538422,-1.0,-0.0,0.0,0.0,0.0,2.98023217215615e-10,-0.044606998562812805,-0.9995051622390747,0.03145527467131615,0.0,0.0,0.0,0.0,-0.023475991562008858,-0.9990876317024231,0.04270758107304573,0.0,0.0,0.0,0.0,-0.019651994109153748,-1.0,-0.0,0.0,0.0,-0.00711638992652297,0.0018999999156221747,-0.016959700733423233,-0.9961947202682495,-0.0,-0.08715574443340302,0.0,0.0005882433033548295,0.0,-0.060253534466028214,-0.9002193808555603,0.43502578139305115,0.017028871923685074,0.008229102939367294,-1.1086464013487785e-07,-1.490116086078075e-10,-0.04255366697907448,-0.7030664682388306,0.7111241817474365,0.0,0.0,4.5299529460862686e-08,0.0,-0.022088106721639633,-0.9169875979423523,0.3989158272743225,0.0,0.0,-1.4305114426349519e-08,0.0,-0.017740696668624878,-1.0,-0.0,0.0,0.0,-0.013503500260412693,-0.0037700000684708357,-0.014087299816310406,-0.9914448857307434,-0.0,-0.13052619993686676,0.0,-0.004897483624517918,-3.8501621020259336e-06,-0.05743739381432533,-0.9065096974372864,0.42023229598999023,-0.01808049902319908,0.036306750029325485,5.4836270635405526e-08,-2.98023217215615e-10,-0.03276759013533592,-0.764145016670227,0.6450445652008057,0.0,0.0,-9.298324243900424e-08,0.0,-0.01670967973768711,-0.8754711151123047,0.4832705557346344,0.0,0.0,6.19888282926695e-08,0.0,-0.013883084990084171,-1.0,-0.0,0.0,0.0
1782948464.4650683,2026-07-01 19:27:44.465,11461.0,11461,right,0,2,peace,3,0.0,0.003969999961555004,-0.04999999701976776,-1.0,-0.0,0.0,0.0,0.0,0.0,0.0,-1.0,-0.0,0.0,0.0,-0.025476505979895592,-0.012044684961438179,-0.022234933450818062,-0.7693564891815186,0.04196196421980858,-0.3376242518424988,-0.5406844019889832,0.0,1.19209286886246e-09,-0.02723044343292713,-0.9529819488525391,0.30302736163139343,0.0,0.0,2.38418573772492e-09,-1.19209286886246e-09,-0.031859468668699265,-0.8821832537651062,0.4709063470363617,0.0,0.0,0.0,-3.5762786065873797e-09,-0.023122519254684448,-1.0,-0.0,0.0,0.0,-0.012360505759716034,0.0032300001475960016,-0.016998957842588425,-0.9990482330322266,-0.0,-0.04361938685178757,0.0,-0.002149570034816861,-3.8927792047616094e-06,-0.06502974033355713,-0.9999619722366333,-0.0,-0.008726464584469795,0.0,0.0,0.0,-0.03691747412085533,-0.9991405606269836,0.04145072400569916,0.0,0.0,-2.38418573772492e-09,-2.98023217215615e-10,-0.02163529396057129,-0.9989849328994751,0.045045435428619385,0.0,0.0,0.0,2.98023217215615e-10,-0.01868978515267372,-1.0,-0.0,0.0,0.0,0.0,0.003969999961555004,-0.017509059980511665,-1.0,-0.0,0.0,0.0,0.0,4.611611075233668e-06,-0.0637909397482872,-1.0,-0.0,0.0,0.0,0.0,2.98023217215615e-10,-0.04460655897855759,-0.9987601637840271,0.049780797213315964,0.0,0.0,0.0,-2.98023217215615e-10,-0.02347646653652191,-0.9974532127380371,0.07132436335086823,0.0,0.0,0.0,0.0,-0.019652195274829865,-1.0,-0.0,0.0,0.0,0.00711638480424881,0.0018999999156221747,-0.016959700733423233,-0.9961947202682495,-0.0,0.08715574443340302,0.0,-0.0005882382392883301,0.0,-0.060253534466028214,-0.8080512881278992,0.5885454416275024,-0.02088291570544243,-0.01521010510623455,1.19209286886246e-09,-1.490116086078075e-10,-0.04255415499210358,-0.6486966609954834,0.7610470652580261,0.0,0.0,-2.38418573772492e-09,0.0,-0.02208789810538292,-0.9073323011398315,0.42041438817977905,0.0,0.0,0.0,0.0,-0.017740869894623756,-1.0,-0.0,0.0,0.0,0.013503451831638813,-0.0037700000684708357,-0.014087309129536152,-0.9914448857307434,-0.0,0.13052619993686676,0.0,0.0048975334502756596,-3.847479547403054e-06,-0.05743739381432533,-0.8757381439208984,0.4818870425224304,0.01705305650830269,-0.02401861548423767,4.76837147544984e-09,-2.98023217215615e-10,-0.03276757150888443,-0.743819534778595,0.6683805584907532,0.0,0.0,2.38418573772492e-09,0.0,-0.016709718853235245,-0.8640034198760986,0.5034859776496887,0.0,0.0,0.0,0.0,-0.01388302817940712,-1.0,-0.0,0.0,0.0
1782948464.6482491,2026-07-01 19:27:44.648,17568.0,17568,left,0,1,peace,3,0.0,0.003969999961555004,-0.04999999701976776,-1.0,-0.0,0.0,0.0,0.0,0.0,0.0,-1.0,-0.0,0.0,0.0,0.025476500391960144,-0.012044699862599373,-0.022234899923205376,-0.7625678181648254,0.0024377107620239258,0.3580886721611023,0.5387549996376038,-5.7220457705398076e-08,-4.3511388270189855e-08,-0.027230437844991684,-0.9621665477752686,0.2724620997905731,0.0,0.0,3.5762786065873797e-09,6.318092005130893e-08,-0.031859491020441055,-0.9008342623710632,0.43416327238082886,0.0,0.0,2.384185648907078e-08,0.0,-0.023122519254684448,-1.0,-0.0,0.0,0.0,0.012359999120235443,0.0032300001475960016,-0.017000000923871994,-0.9990482330322266,-0.0,0.04361938685178757,0.0,0.0021501504816114902,-3.890097104886081e-06,-0.06502876430749893,-0.9999619722366333,-0.0,0.008726557716727257,0.0,-9.53674295089968e-09,-9.53674295089968e-09,-0.036917347460985184,-0.9993493556976318,0.0360686257481575,0.0,0.0,-2.8610228852699038e-08,-2.98023217215615e-10,-0.0216355137526989,-0.999281644821167,0.037897396832704544,0.0,0.0,1.2636184010261786e-07,2.98023217215615e-10,-0.018689393997192383,-1.0,-0.0,0.0,0.0,0.0,0.003969999961555004,-0.01750910095870495,-1.0,-0.0,0.0,0.0,0.0,4.610121322912164e-06,-0.06379090249538422,-1.0,-0.0,0.0,0.0,0.0,2.98023217215615e-10,-0.044606998562812805,-0.9995051622390747,0.03145527467131615,0.0,0.0,0.0,0.0,-0.023475991562008858,-0.9990876317024231,0.04270758107304573,0.0,0.0,0.0,0.0,-0.019651994109153748,-1.0,-0.0,0.0,0.0,-0.00711638992652297,0.0018999999156221747,-0.016959700733423233,-0.9961947202682495,-0.0,-0.08715574443340302,0.0,0.0005882433033548295,0.0,-0.060253534466028214,-0.9002193808555603,0.43502578139305115,0.017028871923685074,0.008229102939367294,-1.1086464013487785e-07,-1.490116086078075e-10,-0.04255366697907448,-0.7030664682388306,0.7111241817474365,0.0,0.0,4.5299529460862686e-08,0.0,-0.022088106721639633,-0.9169875979423523,0.3989158272743225,0.0,0.0,-1.4305114426349519e-08,0.0,-0.017740696668624878,-1.0,-0.0,0.0,0.0,-0.013503500260412693,-0.0037700000684708357,-0.014087299816310406,-0.9914448857307434,-0.0,-0.13052619993686676,0.0,-0.004897483624517918,-3.8501621020259336e-06,-0.05743739381432533,-0.9065096974372864,0.42023229598999023,-0.01808049902319908,0.036306750029325485,5.4836270635405526e-08,-2.98023217215615e-10,-0.03276759013533592,-0.764145016670227,0.6450445652008057,0.0,0.0,-9.298324243900424e-08,0.0,-0.01670967973768711,-0.8754711151123047,0.4832705557346344,0.0,0.0,6.19888282926695e-08,0.0,-0.013883084990084171,-1.0,-0.0,0.0,0.0
1782948464.6721075,2026-07-01 19:27:44.672,11474.0,11474,right,0,2,peace,3,0.0,0.003969999961555004,-0.04999999701976776,-1.0,-0.0,0.0,0.0,0.0,0.0,0.0,-1.0,-0.0,0.0,0.0,-0.025476505979895592,-0.012044684961438179,-0.022234933450818062,-0.7693564891815186,0.04196196421980858,-0.3376242518424988,-0.5406844019889832,0.0,1.19209286886246e-09,-0.02723044343292713,-0.9529819488525391,0.30302736163139343,0.0,0.0,2.38418573772492e-09,-1.19209286886246e-09,-0.031859468668699265,-0.8821832537651062,0.4709063470363617,0.0,0.0,0.0,-3.5762786065873797e-09,-0.023122519254684448,-1.0,-0.0,0.0,0.0,-0.012360505759716034,0.0032300001475960016,-0.016998957842588425,-0.9990482330322266,-0.0,-0.04361938685178757,0.0,-0.002149570034816861,-3.8927792047616094e-06,-0.06502974033355713,-0.9999619722366333,-0.0,-0.008726464584469795,0.0,0.0,0.0,-0.03691747412085533,-0.9991405606269836,0.04145072400569916,0.0,0.0,-2.38418573772492e-09,-2.98023217215615e-10,-0.02163529396057129,-0.9989849328994751,0.045045435428619385,0.0,0.0,0.0,2.98023217215615e-10,-0.01868978515267372,-1.0,-0.0,0.0,0.0,0.0,0.003969999961555004,-0.017509059980511665,-1.0,-0.0,0.0,0.0,0.0,4.611611075233668e-06,-0.0637909397482872,-1.0,-0.0,0.0,0.0,0.0,2.98023217215615e-10,-0.04460655897855759,-0.9987601637840271,0.049780797213315964,0.0,0.0,0.0,-2.98023217215615e-10,-0.02347646653652191,-0.9974532127380371,0.07132436335086823,0.0,0.0,0.0,0.0,-0.019652195274829865,-1.0,-0.0,0.0,0.0,0.00711638480424881,0.0018999999156221747,-0.016959700733423233,-0.9961947202682495,-0.0,0.08715574443340302,0.0,-0.0005882382392883301,0.0,-0.060253534466028214,-0.8080512881278992,0.5885454416275024,-0.02088291570544243,-0.01521010510623455,1.19209286886246e-09,-1.490116086078075e-10,-0.04255415499210358,-0.6486966609954834,0.7610470652580261,0.0,0.0,-2.38418573772492e-09,0.0,-0.02208789810538292,-0.9073323011398315,0.42041438817977905,0.0,0.0,0.0,0.0,-0.017740869894623756,-1.0,-0.0,0.0,0.0,0.013503451831638813,-0.0037700000684708357,-0.014087309129536152,-0.9914448857307434,-0.0,0.13052619993686676,0.0,0.0048975334502756596,-3.847479547403054e-06,-0.05743739381432533,-0.8757381439208984,0.4818870425224304,0.01705305650830269,-0.02401861548423767,4.76837147544984e-09,-2.98023217215615e-10,-0.03276757150888443,-0.743819534778595,0.6683805584907532,0.0,0.0,2.38418573772492e-09,0.0,-0.016709718853235245,-0.8640034198760986,0.5034859776496887,0.0,0.0,0.0,0.0,-0.01388302817940712,-1.0,-0.0,0.0,0.0
