wall_time,iso_time,timestamp,packet_counter,hand_side,frame_id,status,pose,take,PALM_x,PALM_y,PALM_z,PALM_qw,PALM_qx,PALM_qy,PALM_qz,WRIST_x,WRIST_y,WRIST_z,WRIST_qw,WRIST_qx,WRIST_qy,WRIST_qz,THUMB_METACARPAL_x,THUMB_METACARPAL_y,THUMB_METACARPAL_z,THUMB_METACARPAL_qw,THUMB_METACARPAL_qx,THUMB_METACARPAL_qy,THUMB_METACARPAL_qz,THUMB_PROXIMAL_x,THUMB_PROXIMAL_y,THUMB_PROXIMAL_z,THUMB_PROXIMAL_qw,THUMB_PROXIMAL_qx,THUMB_PROXIMAL_qy,THUMB_PROXIMAL_qz,THUMB_DISTAL_x,THUMB_DISTAL_y,THUMB_DISTAL_z,THUMB_DISTAL_qw,THUMB_DISTAL_qx,THUMB_DISTAL_qy,THUMB_DISTAL_qz,THUMB_TIP_x,THUMB_TIP_y,THUMB_TIP_z,THUMB_TIP_qw,THUMB_TIP_qx,THUMB_TIP_qy,THUMB_TIP_qz,INDEX_METACARPAL_x,INDEX_METACARPAL_y,INDEX_METACARPAL_z,INDEX_METACARPAL_qw,INDEX_METACARPAL_qx,INDEX_METACARPAL_qy,INDEX_METACARPAL_qz,INDEX_PROXIMAL_x,INDEX_PROXIMAL_y,INDEX_PROXIMAL_z,INDEX_PROXIMAL_qw,INDEX_PROXIMAL_qx,INDEX_PROXIMAL_qy,INDEX_PROXIMAL_qz,INDEX_INTERMEDIATE_x,INDEX_INTERMEDIATE_y,INDEX_INTERMEDIATE_z,INDEX_INTERMEDIATE_qw,INDEX_INTERMEDIATE_qx,INDEX_INTERMEDIATE_qy,INDEX_INTERMEDIATE_qz,INDEX_DISTAL_x,INDEX_DISTAL_y,INDEX_DISTAL_z,INDEX_DISTAL_qw,INDEX_DISTAL_qx,INDEX_DISTAL_qy,INDEX_DISTAL_qz,INDEX_TIP_x,INDEX_TIP_y,INDEX_TIP_z,INDEX_TIP_qw,INDEX_TIP_qx,INDEX_TIP_qy,INDEX_TIP_qz,MIDDLE_METACARPAL_x,MIDDLE_METACARPAL_y,MIDDLE_METACARPAL_z,MIDDLE_METACARPAL_qw,MIDDLE_METACARPAL_qx,MIDDLE_METACARPAL_qy,MIDDLE_METACARPAL_qz,MIDDLE_PROXIMAL_x,MIDDLE_PROXIMAL_y,MIDDLE_PROXIMAL_z,MIDDLE_PROXIMAL_qw,MIDDLE_PROXIMAL_qx,MIDDLE_PROXIMAL_qy,MIDDLE_PROXIMAL_qz,MIDDLE_INTERMEDIATE_x,MIDDLE_INTERMEDIATE_y,MIDDLE_INTERMEDIATE_z,MIDDLE_INTERMEDIATE_qw,MIDDLE_INTERMEDIATE_qx,MIDDLE_INTERMEDIATE_qy,MIDDLE_INTERMEDIATE_qz,MIDDLE_DISTAL_x,MIDDLE_DISTAL_y,MIDDLE_DISTAL_z,MIDDLE_DISTAL_qw,MIDDLE_DISTAL_qx,MIDDLE_DISTAL_qy,MIDDLE_DISTAL_qz,MIDDLE_TIP_x,MIDDLE_TIP_y,MIDDLE_TIP_z,MIDDLE_TIP_qw,MIDDLE_TIP_qx,MIDDLE_TIP_qy,MIDDLE_TIP_qz,RING_METACARPAL_x,RING_METACARPAL_y,RING_METACARPAL_z,RING_METACARPAL_qw,RING_METACARPAL_qx,RING_METACARPAL_qy,RING_METACARPAL_qz,RING_PROXIMAL_x,RING_PROXIMAL_y,RING_PROXIMAL_z,RING_PROXIMAL_qw,RING_PROXIMAL_qx,RING_PROXIMAL_qy,RING_PROXIMAL_qz,RING_INTERMEDIATE_x,RING_INTERMEDIATE_y,RING_INTERMEDIATE_z,RING_INTERMEDIATE_qw,RING_INTERMEDIATE_qx,RING_INTERMEDIATE_qy,RING_INTERMEDIATE_qz,RING_DISTAL_x,RING_DISTAL_y,RING_DISTAL_z,RING_DISTAL_qw,RING_DISTAL_qx,RING_DISTAL_qy,RING_DISTAL_qz,RING_TIP_x,RING_TIP_y,RING_TIP_z,RING_TIP_qw,RING_TIP_qx,RING_TIP_qy,RING_TIP_qz,LITTLE_METACARPAL_x,LITTLE_METACARPAL_y,LITTLE_METACARPAL_z,LITTLE_METACARPAL_qw,LITTLE_METACARPAL_qx,LITTLE_METACARPAL_qy,LITTLE_METACARPAL_qz,LITTLE_PROXIMAL_x,LITTLE_PROXIMAL_y,LITTLE_PROXIMAL_z,LITTLE_PROXIMAL_qw,LITTLE_PROXIMAL_qx,LITTLE_PROXIMAL_qy,LITTLE_PROXIMAL_qz,LITTLE_INTERMEDIATE_x,LITTLE_INTERMEDIATE_y,LITTLE_INTERMEDIATE_z,LITTLE_INTERMEDIATE_qw,LITTLE_INTERMEDIATE_qx,LITTLE_INTERMEDIATE_qy,LITTLE_INTERMEDIATE_qz,LITTLE_DISTAL_x,LITTLE_DISTAL_y,LITTLE_DISTAL_z,LITTLE_DISTAL_qw,LITTLE_DISTAL_qx,LITTLE_DISTAL_qy,LITTLE_DISTAL_qz,LITTLE_TIP_x,LITTLE_TIP_y,LITTLE_TIP_z,LITTLE_TIP_qw,LITTLE_TIP_qx,LITTLE_TIP_qy,LITTLE_TIP_qz
1782948525.8603082,2026-07-01 19:28:45.860,15124.0,15124,right,0,2,pinch,3,0.0,0.003969999961555004,-0.04999999701976776,-1.0,-0.0,0.0,0.0,0.0,0.0,0.0,-1.0,-0.0,0.0,0.0,-0.025476505979895592,-0.012044684961438179,-0.022234933450818062,-0.7772097587585449,0.018939096480607986,-0.3263368308544159,-0.5376715064048767,0.0,1.19209286886246e-09,-0.02723044343292713,-0.9640881419181824,0.2655826508998871,0.0,0.0,2.38418573772492e-09,-1.19209286886246e-09,-0.031859468668699265,-0.9048905968666077,0.4256443381309509,0.0,0.0,0.0,-3.5762786065873797e-09,-0.023122519254684448,-1.0,-0.0,0.0,0.0,-0.012360505759716034,0.0032300001475960016,-0.016998957842588425,-0.9990482330322266,-0.0,-0.04361938685178757,0.0,-0.002149570034816861,-3.8927792047616094e-06,-0.06502974033355713,-0.9143220782279968,0.40495961904525757,-0.004384379833936691,-0.0019418722949922085,0.0,0.0,-0.03691747412085533,-0.7605283856391907,0.6493047475814819,0.0,0.0,-2.38418573772492e-09,-2.98023217215615e-10,-0.02163529396057129,-0.9426024556159973,0.3339170515537262,0.0,0.0,0.0,2.98023217215615e-10,-0.01868978515267372,-1.0,-0.0,0.0,0.0,0.0,0.003969999961555004,-0.017509059980511665,-1.0,-0.0,0.0,0.0,0.0,4.611611075233668e-06,-0.0637909397482872,-0.9999995231628418,0.0009798974497243762,0.0,0.0,0.0,2.98023217215615e-10,-0.04460655897855759,-0.9910054206848145,0.13382194936275482,0.0,0.0,0.0,-2.98023217215615e-10,-0.02347646653652191,-0.985776960849762,0.168058842420578,0.0,0.0,0.0,0.0,-0.019652195274829865,-1.0,-0.0,0.0,0.0,0.00711638480424881,0.0018999999156221747,-0.016959700733423233,-0.9961947202682495,-0.0,0.08715574443340302,0.0,-0.0005882382392883301,0.0,-0.060253534466028214,-0.9996573328971863,-0.0,0.026176923885941505,0.0,1.19209286886246e-09,-1.490116086078075e-10,-0.04255415499210358,-0.9995051622390747,0.03145527467131615,0.0,0.0,-2.38418573772492e-09,0.0,-0.02208789810538292,-0.999065101146698,0.04323066025972366,0.0,0.0,0.0,0.0,-0.017740869894623756,-1.0,-0.0,0.0,0.0,0.013503451831638813,-0.0037700000684708357,-0.014087309129536152,-0.9914448857307434,-0.0,0.13052619993686676,0.0,0.0048975334502756596,-3.847479547403054e-06,-0.05743739381432533,-0.9986295104026794,-0.0,0.05233589559793472,0.0,4.76837147544984e-09,-2.98023217215615e-10,-0.03276757150888443,-0.9988899827003479,0.04710528254508972,0.0,0.0,2.38418573772492e-09,0.0,-0.016709718853235245,-0.9975409507751465,0.07008709013462067,0.0,0.0,0.0,0.0,-0.01388302817940712,-1.0,-0.0,0.0,0.0
1782948525.8607776,2026-07-01 19:28:45.860,18076.0,18076,left,0,1,pinch,3,0.0,0.003969999961555004,-0.04999999701976776,-1.0,-0.0,0.0,0.0,0.0,0.0,0.0,-1.0,-0.0,0.0,0.0,0.025476500391960144,-0.012044699862599373,-0.022234899923205376,-0.7592527866363525,0.011955155059695244,0.36247265338897705,0.5403757691383362,-5.7220457705398076e-08,-4.3511388270189855e-08,-0.027230437844991684,-0.9576794505119324,0.28783705830574036,0.0,0.0,3.5762786065873797e-09,6.318092005130893e-08,-0.031859491020441055,-0.8915700912475586,0.4528827369213104,0.0,0.0,2.384185648907078e-08,0.0,-0.023122519254684448,-1.0,-0.0,0.0,0.0,0.012359999120235443,0.0032300001475960016,-0.017000000923871994,-0.9990482330322266,-0.0,0.04361938685178757,0.0,0.0021501504816114902,-3.890097104886081e-06,-0.06502876430749893,-0.9458962678909302,0.32444190979003906,0.003995727747678757,0.0013705325545743108,-9.53674295089968e-09,-9.53674295089968e-09,-0.036917347460985184,-0.7915522456169128,0.611101508140564,0.0,0.0,-2.8610228852699038e-08,-2.98023217215615e-10,-0.0216355137526989,-0.9491757154464722,0.31474676728248596,0.0,0.0,1.2636184010261786e-07,2.98023217215615e-10,-0.018689393997192383,-1.0,-0.0,0.0,0.0,0.0,0.003969999961555004,-0.01750910095870495,-1.0,-0.0,0.0,0.0,0.0,4.610121322912164e-06,-0.06379090249538422,-1.0,-0.0,0.0,0.0,0.0,2.98023217215615e-10,-0.044606998562812805,-0.9993282556533813,0.036646850407123566,0.0,0.0,0.0,0.0,-0.023475991562008858,-0.9987035393714905,0.050904761999845505,0.0,0.0,0.0,0.0,-0.019651994109153748,-1.0,-0.0,0.0,0.0,-0.00711638992652297,0.0018999999156221747,-0.016959700733423233,-0.9961947202682495,-0.0,-0.08715574443340302,0.0,0.0005882433033548295,0.0,-0.060253534466028214,-0.9996573328971863,-0.0,-0.026176923885941505,0.0,-1.1086464013487785e-07,-1.490116086078075e-10,-0.04255366697907448,-0.9993911981582642,0.03489004820585251,0.0,0.0,4.5299529460862686e-08,0.0,-0.022088106721639633,-0.9988139271736145,0.048689693212509155,0.0,0.0,-1.4305114426349519e-08,0.0,-0.017740696668624878,-1.0,-0.0,0.0,0.0,-0.013503500260412693,-0.0037700000684708357,-0.014087299816310406,-0.9914448857307434,-0.0,-0.13052619993686676,0.0,-0.004897483624517918,-3.8501621020259336e-06,-0.05743739381432533,-0.9986295104026794,-0.0,-0.05233589559793472,0.0,5.4836270635405526e-08,-2.98023217215615e-10,-0.03276759013533592,-0.9988899827003479,0.04710528254508972,0.0,0.0,-9.298324243900424e-08,0.0,-0.01670967973768711,-0.9975409507751465,0.07008709013462067,0.0,0.0,6.19888282926695e-08,0.0,-0.013883084990084171,-1.0,-0.0,0.0,0.0
1782948526.06748,2026-07-01 19:28:46.067,18079.0,18079,left,0,1,pinch,3,0.0,0.003969999961555004,-0.04999999701976776,-1.0,-0.0,0.0,0.0,0.0,0.0,0.0,-1.0,-0.0,0.0,0.0,0.025476500391960144,-0.012044699862599373,-0.022234899923205376,-0.7599844336509705,0.009841964580118656,0.3615247905254364,0.5400247573852539,-5.7220457705398076e-08,-4.3511388270189855e-08,-0.027230437844991684,-0.9586954712867737,0.2844346761703491,0.0,0.0,3.5762786065873797e-09,6.318092005130893e-08,-0.031859491020441055,-0.8936424255371094,0.44877973198890686,0.0,0.0,2.384185648907078e-08,0.0,-0.023122519254684448,-1.0,-0.0,0.0,0.0,0.012359999120235443,0.0032300001475960016,-0.017000000923871994,-0.9990482330322266,-0.0,0.04361938685178757,0.0,0.0021501504816114902,-3.890097104886081e-06,-0.06502876430749893,-0.9458962678909302,0.32444190979003906,0.003995727747678757,0.0013705325545743108,-9.53674295089968e-09,-9.53674295089968e-09,-0.036917347460985184,-0.7915522456169128,0.611101508140564,0.0,0.0,-2.8610228852699038e-08,-2.98023217215615e-10,-0.0216355137526989,-0.9491757154464722,0.31474676728248596,0.0,0.0,1.2636184010261786e-07,2.98023217215615e-10,-0.018689393997192383,-1.0,-0.0,0.0,0.0,0.0,0.003969999961555004,-0.01750910095870495,-1.0,-0.0,0.0,0.0,0.0,4.610121322912164e-06,-0.06379090249538422,-1.0,-0.0,0.0,0.0,0.0,2.98023217215615e-10,-0.044606998562812805,-0.9993282556533813,0.036646850407123566,0.0,0.0,0.0,0.0,-0.023475991562008858,-0.9987035393714905,0.050904761999845505,0.0,0.0,0.0,0.0,-0.019651994109153748,-1.0,-0.0,0.0,0.0,-0.00711638992652297,0.0018999999156221747,-0.016959700733423233,-0.9961947202682495,-0.0,-0.08715574443340302,0.0,0.0005882433033548295,0.0,-0.060253534466028214,-0.9996573328971863,-0.0,-0.026176923885941505,0.0,-1.1086464013487785e-07,-1.490116086078075e-10,-0.04255366697907448,-0.9993911981582642,0.03489004820585251,0.0,0.0,4.5299529460862686e-08,0.0,-0.022088106721639633,-0.9988139271736145,0.048689693212509155,0.0,0.0,-1.4305114426349519e-08,0.0,-0.017740696668624878,-1.0,-0.0,0.0,0.0,-0.013503500260412693,-0.0037700000684708357,-0.014087299816310406,-0.9914448857307434,-0.0,-0.13052619993686676,0.0,-0.004897483624517918,-3.8501621020259336e-06,-0.05743739381432533,-0.9986295104026794,-0.0,-0.05233589559793472,0.0,5.4836270635405526e-08,-2.98023217215615e-10,-0.03276759013533592,-0.9988899827003479,0.04710528254508972,0.0,0.0,-9.298324243900424e-08,0.0,-0.01670967973768711,-0.9975409507751465,0.07008709013462067,0.0,0.0,6.19888282926695e-08,0.0,-0.013883084990084171,-1.0,-0.0,0.0,0.0
1782948526.0791597,2026-07-01 19:28:46.079,15153.0,15153,right,0,2,pinch,3,0.0,0.003969999961555004,-0.04999999701976776,-1.0,-0.0,0.0,0.0,0.0,0.0,0.0,-1.0,-0.0,0.0,0.0,-0.025476505979895592,-0.012044684961438179,-0.022234933450818062,-0.7772097587585449,0.018939096480607986,-0.3263368308544159,-0.5376715064048767,0.0,1.19209286886246e-09,-0.02723044343292713,-0.9640881419181824,0.2655826508998871,0.0,0.0,2.38418573772492e-09,-1.19209286886246e-09,-0.031859468668699265,-0.9048905968666077,0.4256443381309509,0.0,0.0,0.0,-3.5762786065873797e-09,-0.023122519254684448,-1.0,-0.0,0.0,0.0,-0.012360505759716034,0.0032300001475960016,-0.016998957842588425,-0.9990482330322266,-0.0,-0.04361938685178757,0.0,-0.002149570034816861,-3.8927792047616094e-06,-0.06502974033355713,-0.9143220782279968,0.40495961904525757,-0.004384379833936691,-0.0019418722949922085,0.0,0.0,-0.03691747412085533,-0.7605283856391907,0.6493047475814819,0.0,0.0,-2.38418573772492e-09,-2.98023217215615e-10,-0.02163529396057129,-0.9426024556159973,0.3339170515537262,0.0,0.0,0.0,2.98023217215615e-10,-0.01868978515267372,-1.0,-0.0,0.0,0.0,0.0,0.003969999961555004,-0.017509059980511665,-1.0,-0.0,0.0,0.0,0.0,4.611611075233668e-06,-0.0637909397482872,-0.9999995231628418,0.0009798974497243762,0.0,0.0,0.0,2.98023217215615e-10,-0.04460655897855759,-0.9910054206848145,0.13382194936275482,0.0,0.0,0.0,-2.98023217215615e-10,-0.02347646653652191,-0.985776960849762,0.168058842420578,0.0,0.0,0.0,0.0,-0.019652195274829865,-1.0,-0.0,0.0,0.0,0.00711638480424881,0.0018999999156221747,-0.016959700733423233,-0.9961947202682495,-0.0,0.08715574443340302,0.0,-0.0005882382392883301,0.0,-0.060253534466028214,-0.9996573328971863,-0.0,0.026176923885941505,0.0,1.19209286886246e-09,-1.490116086078075e-10,-0.04255415499210358,-0.9995051622390747,0.03145527467131615,0.0,0.0,-2.38418573772492e-09,0.0,-0.02208789810538292,-0.999065101146698,0.04323066025972366,0.0,0.0,0.0,0.0,-0.017740869894623756,-1.0,-0.0,0.0,0.0,0.013503451831638813,-0.0037700000684708357,-0.014087309129536152,-0.9914448857307434,-0.0,0.13052619993686676,0.0,0.0048975334502756596,-3.847479547403054e-06,-0.05743739381432533,-0.9986295104026794,-0.0,0.05233589559793472,0.0,4.76837147544984e-09,-2.98023217215615e-10,-0.03276757150888443,-0.9988899827003479,0.04710528254508972,0.0,0.0,2.38418573772492e-09,0.0,-0.016709718853235245,-0.9975409507751465,0.07008709013462067,0.0,0.0,0.0,0.0,-0.01388302817940712,-1.0,-0.0,0.0,0.0
1782948526.268122,2026-07-01 19:28:46.268,18081.0,18081,left,0,1,pinch,3,0.0,0.003969999961555004,-0.04999999701976776,-1.0,-0.0,0.0,0.0,0.0,0.0,0.0,-1.0,-0.0,0.0,0.0,0.025476500391960144,-0.012044699862599373,-0.022234899923205376,-0.7599844336509705,0.009841964580118656,0.3615247905254364,0.5400247573852539,-5.7220457705398076e-08,-4.3511388270189855e-08,-0.027230437844991684,-0.9586954712867737,0.2844346761703491,0.0,0.0,3.5762786065873797e-09,6.318092005130893e-08,-0.031859491020441055,-0.8936424255371094,0.44877973198890686,0.0,0.0,2.384185648907078e-08,0.0,-0.023122519254684448,-1.0,-0.0,0.0,0.0,0.012359999120235443,0.0032300001475960016,-0.017000000923871994,-0.9990482330322266,-0.0,0.04361938685178757,0.0,0.0021501504816114902,-3.890097104886081e-06,-0.06502876430749893,-0.9458962678909302,0.32444190979003906,0.003995727747678757,0.0013705325545743108,-9.53674295089968e-09,-9.53674295089968e-09,-0.036917347460985184,-0.7915522456169128,0.611101508140564,0.0,0.0,-2.8610228852699038e-08,-2.98023217215615e-10,-0.0216355137526989,-0.9491757154464722,0.31474676728248596,0.0,0.0,1.2636184010261786e-07,2.98023217215615e-10,-0.018689393997192383,-1.0,-0.0,0.0,0.0,0.0,0.003969999961555004,-0.01750910095870495,-1.0,-0.0,0.0,0.0,0.0,4.610121322912164e-06,-0.06379090249538422,-1.0,-0.0,0.0,0.0,0.0,2.98023217215615e-10,-0.044606998562812805,-0.9993282556533813,0.036646850407123566,0.0,0.0,0.0,0.0,-0.023475991562008858,-0.9987035393714905,0.050904761999845505,0.0,0.0,0.0,0.0,-0.019651994109153748,-1.0,-0.0,0.0,0.0,-0.00711638992652297,0.0018999999156221747,-0.016959700733423233,-0.9961947202682495,-0.0,-0.08715574443340302,0.0,0.0005882433033548295,0.0,-0.060253534466028214,-0.9996573328971863,-0.0,-0.026176923885941505,0.0,-1.1086464013487785e-07,-1.490116086078075e-10,-0.04255366697907448,-0.9993911981582642,0.03489004820585251,0.0,0.0,4.5299529460862686e-08,0.0,-0.022088106721639633,-0.9988139271736145,0.048689693212509155,0.0,0.0,-1.4305114426349519e-08,0.0,-0.017740696668624878,-1.0,-0.0,0.0,0.0,-0.013503500260412693,-0.0037700000684708357,-0.014087299816310406,-0.9914448857307434,-0.0,-0.13052619993686676,0.0,-0.004897483624517918,-3.8501621020259336e-06,-0.05743739381432533,-0.9986295104026794,-0.0,-0.05233589559793472,0.0,5.4836270635405526e-08,-2.98023217215615e-10,-0.03276759013533592,-0.9988899827003479,0.04710528254508972,0.0,0.0,-9.298324243900424e-08,0.0,-0.01670967973768711,-0.9975409507751465,0.07008709013462067,0.0,0.0,6.19888282926695e-08,0.0,-0.013883084990084171,-1.0,-0.0,0.0,0.0
1782948526.2892706,2026-07-01 19:28:46.289,15166.0,15166,right,0,2,pinch,3,0.0,0.003969999961555004,-0.04999999701976776,-1.0,-0.0,0.0,0.0,0.0,0.0,0.0,-1.0,-0.0,0.0,0.0,-0.025476505979895592,-0.012044684961438179,-0.022234933450818062,-0.7772097587585449,0.018939096480607986,-0.3263368308544159,-0.5376715064048767,0.0,1.19209286886246e-09,-0.02723044343292713,-0.9640881419181824,0.2655826508998871,0.0,0.0,2.38418573772492e-09,-1.19209286886246e-09,-0.031859468668699265,-0.9048905968666077,0.4256443381309509,0.0,0.0,0.0,-3.5762786065873797e-09,-0.023122519254684448,-1.0,-0.0,0.0,0.0,-0.012360505759716034,0.0032300001475960016,-0.016998957842588425,-0.9990482330322266,-0.0,-0.04361938685178757,0.0,-0.002149570034816861,-3.8927792047616094e-06,-0.06502974033355713,-0.9143220782279968,0.40495961904525757,-0.004384379833936691,-0.0019418722949922085,0.0,0.0,-0.03691747412085533,-0.7605283856391907,0.6493047475814819,0.0,0.0,-2.38418573772492e-09,-2.98023217215615e-10,-0.02163529396057129,-0.9426024556159973,0.3339170515537262,0.0,0.0,0.0,2.98023217215615e-10,-0.01868978515267372,-1.0,-0.0,0.0,0.0,0.0,0.003969999961555004,-0.017509059980511665,-1.0,-0.0,0.0,0.0,0.0,4.611611075233668e-06,-0.0637909397482872,-0.9999995231628418,0.0009798974497243762,0.0,0.0,0.0,2.98023217215615e-10,-0.04460655897855759,-0.9910054206848145,0.13382194936275482,0.0,0.0,0.0,-2.98023217215615e-10,-0.02347646653652191,-0.985776960849762,0.168058842420578,0.0,0.0,0.0,0.0,-0.019652195274829865,-1.0,-0.0,0.0,0.0,0.00711638480424881,0.0018999999156221747,-0.016959700733423233,-0.9961947202682495,-0.0,0.08715574443340302,0.0,-0.0005882382392883301,0.0,-0.060253534466028214,-0.9996573328971863,-0.0,0.026176923885941505,0.0,1.19209286886246e-09,-1.490116086078075e-10,-0.04255415499210358,-0.9995051622390747,0.03145527467131615,0.0,0.0,-2.38418573772492e-09,0.0,-0.02208789810538292,-0.999065101146698,0.04323066025972366,0.0,0.0,0.0,0.0,-0.017740869894623756,-1.0,-0.0,0.0,0.0,0.013503451831638813,-0.0037700000684708357,-0.014087309129536152,-0.9914448857307434,-0.0,0.13052619993686676,0.0,0.0048975334502756596,-3.847479547403054e-06,-0.05743739381432533,-0.9986295104026794,-0.0,0.05233589559793472,0.0,4.76837147544984e-09,-2.98023217215615e-10,-0.03276757150888443,-0.9988899827003479,0.04710528254508972,0.0,0.0,2.38418573772492e-09,0.0,-0.016709718853235245,-0.9975409507751465,0.07008709013462067,0.0,0.0,0.0,0.0,-0.01388302817940712,-1.0,-0.0,0.0,0.0
1782948526.4700816,2026-07-01 19:28:46.470,18083.0,18083,left,0,1,pinch,3,0.0,0.003969999961555004,-0.04999999701976776,-1.0,-0.0,0.0,0.0,0.0,0.0,0.0,-1.0,-0.0,0.0,0.0,0.025476500391960144,-0.012044699862599373,-0.022234899923205376,-0.7592527866363525,0.011955155059695244,0.36247265338897705,0.5403757691383362,-5.7220457705398076e-08,-4.3511388270189855e-08,-0.027230437844991684,-0.9576794505119324,0.28783705830574036,0.0,0.0,3.5762786065873797e-09,6.318092005130893e-08,-0.031859491020441055,-0.8915700912475586,0.4528827369213104,0.0,0.0,2.384185648907078e-08,0.0,-0.023122519254684448,-1.0,-0.0,0.0,0.0,0.012359999120235443,0.0032300001475960016,-0.017000000923871994,-0.9990482330322266,-0.0,0.04361938685178757,0.0,0.0021501504816114902,-3.890097104886081e-06,-0.06502876430749893,-0.9458962678909302,0.32444190979003906,0.003995727747678757,0.0013705325545743108,-9.53674295089968e-09,-9.53674295089968e-09,-0.036917347460985184,-0.7915522456169128,0.611101508140564,0.0,0.0,-2.8610228852699038e-08,-2.98023217215615e-10,-0.0216355137526989,-0.9491757154464722,0.31474676728248596,0.0,0.0,1.2636184010261786e-07,2.98023217215615e-10,-0.018689393997192383,-1.0,-0.0,0.0,0.0,0.0,0.003969999961555004,-0.01750910095870495,-1.0,-0.0,0.0,0.0,0.0,4.610121322912164e-06,-0.06379090249538422,-1.0,-0.0,0.0,0.0,0.0,2.98023217215615e-10,-0.044606998562812805,-0.9993282556533813,0.036646850407123566,0.0,0.0,0.0,0.0,-0.023475991562008858,-0.9987035393714905,0.050904761999845505,0.0,0.0,0.0,0.0,-0.019651994109153748,-1.0,-0.0,0.0,0.0,-0.00711638992652297,0.0018999999156221747,-0.016959700733423233,-0.9961947202682495,-0.0,-0.08715574443340302,0.0,0.0005882433033548295,0.0,-0.060253534466028214,-0.9996573328971863,-0.0,-0.026176923885941505,0.0,-1.1086464013487785e-07,-1.490116086078075e-10,-0.04255366697907448,-0.9993911981582642,0.03489004820585251,0.0,0.0,4.5299529460862686e-08,0.0,-0.022088106721639633,-0.9988139271736145,0.048689693212509155,0.0,0.0,-1.4305114426349519e-08,0.0,-0.017740696668624878,-1.0,-0.0,0.0,0.0,-0.013503500260412693,-0.0037700000684708357,-0.014087299816310406,-0.9914448857307434,-0.0,-0.13052619993686676,0.0,-0.004897483624517918,-3.8501621020259336e-06,-0.05743739381432533,-0.9986295104026794,-0.0,-0.05233589559793472,0.0,5.4836270635405526e-08,-2.98023217215615e-10,-0.03276759013533592,-0.9988899827003479,0.04710528254508972,0.0,0.0,-9.298324243900424e-08,0.0,-0.01670967973768711,-0.9975409507751465,0.07008709013462067,0.0,0.0,6.19888282926695e-08,0.0,-0.013883084990084171,-1.0,-0.0,0.0,0.0
1782948526.5043721,2026-07-01 19:28:46.504,15178.0,15178,right,0,2,pinch,3,0.0,0.003969999961555004,-0.04999999701976776,-1.0,-0.0,0.0,0.0,0.0,0.0,0.0,-1.0,-0.0,0.0,0.0,-0.025476505979895592,-0.012044684961438179,-0.022234933450818062,-0.7772097587585449,0.018939096480607986,-0.3263368308544159,-0.5376715064048767,0.0,1.19209286886246e-09,-0.02723044343292713,-0.9640881419181824,0.2655826508998871,0.0,0.0,2.38418573772492e-09,-1.19209286886246e-09,-0.031859468668699265,-0.9048905968666077,0.4256443381309509,0.0,0.0,0.0,-3.5762786065873797e-09,-0.023122519254684448,-1.0,-0.0,0.0,0.0,-0.012360505759716034,0.0032300001475960016,-0.016998957842588425,-0.9990482330322266,-0.0,-0.04361938685178757,0.0,-0.002149570034816861,-3.8927792047616094e-06,-0.06502974033355713,-0.9143220782279968,0.40495961904525757,-0.004384379833936691,-0.0019418722949922085,0.0,0.0,-0.03691747412085533,-0.7605283856391907,0.6493047475814819,0.0,0.0,-2.38418573772492e-09,-2.98023217215615e-10,-0.02163529396057129,-0.9426024556159973,0.3339170515537262,0.0,0.0,0.0,2.98023217215615e-10,-0.01868978515267372,-1.0,-0.0,0.0,0.0,0.0,0.003969999961555004,-0.017509059980511665,-1.0,-0.0,0.0,0.0,0.0,4.611611075233668e-06,-0.0637909397482872,-0.9999995231628418,0.0009798974497243762,0.0,0.0,0.0,2.98023217215615e-10,-0.04460655897855759,-0.9910054206848145,0.13382194936275482,0.0,0.0,0.0,-2.98023217215615e-10,-0.02347646653652191,-0.985776960849762,0.168058842420578,0.0,0.0,0.0,0.0,-0.019652195274829865,-1.0,-0.0,0.0,0.0,0.00711638480424881,0.0018999999156221747,-0.016959700733423233,-0.9961947202682495,-0.0,0.08715574443340302,0.0,-0.0005882382392883301,0.0,-0.060253534466028214,-0.9996573328971863,-0.0,0.026176923885941505,0.0,1.19209286886246e-09,-1.490116086078075e-10,-0.04255415499210358,-0.9995051622390747,0.03145527467131615,0.0,0.0,-2.38418573772492e-09,0.0,-0.02208789810538292,-0.999065101146698,0.04323066025972366,0.0,0.0,0.0,0.0,-0.017740869894623756,-1.0,-0.0,0.0,0.0,0.013503451831638813,-0.0037700000684708357,-0.014087309129536152,-0.9914448857307434,-0.0,0.13052619993686676,0.0,0.0048975334502756596,-3.847479547403054e-06,-0.05743739381432533,-0.9986295104026794,-0.0,0.05233589559793472,0.0,4.76837147544984e-09,-2.98023217215615e-10,-0.03276757150888443,-0.9988899827003479,0.04710528254508972,0.0,0.0,2.38418573772492e-09,0.0,-0.016709718853235245,-0.9975409507751465,0.07008709013462067,0.0,0.0,0.0,0.0,-0.01388302817940712,-1.0,-0.0,0.0,0.0
1782948526.6717596,2026-07-01 19:28:46.671,18084.0,18084,left,0,1,pinch,3,0.0,0.003969999961555004,-0.04999999701976776,-1.0,-0.0,0.0,0.0,0.0,0.0,0.0,-1.0,-0.0,0.0,0.0,0.025476500391960144,-0.012044699862599373,-0.022234899923205376,-0.7592527866363525,0.011955155059695244,0.36247265338897705,0.5403757691383362,-5.7220457705398076e-08,-4.3511388270189855e-08,-0.027230437844991684,-0.9576794505119324,0.28783705830574036,0.0,0.0,3.5762786065873797e-09,6.318092005130893e-08,-0.031859491020441055,-0.8915700912475586,0.4528827369213104,0.0,0.0,2.384185648907078e-08,0.0,-0.023122519254684448,-1.0,-0.0,0.0,0.0,0.012359999120235443,0.0032300001475960016,-0.017000000923871994,-0.9990482330322266,-0.0,0.04361938685178757,0.0,0.0021501504816114902,-3.890097104886081e-06,-0.06502876430749893,-0.9458962678909302,0.32444190979003906,0.003995727747678757,0.0013705325545743108,-9.53674295089968e-09,-9.53674295089968e-09,-0.036917347460985184,-0.7915522456169128,0.611101508140564,0.0,0.0,-2.8610228852699038e-08,-2.98023217215615e-10,-0.0216355137526989,-0.9491757154464722,0.31474676728248596,0.0,0.0,1.2636184010261786e-07,2.98023217215615e-10,-0.018689393997192383,-1.0,-0.0,0.0,0.0,0.0,0.003969999961555004,-0.01750910095870495,-1.0,-0.0,0.0,0.0,0.0,4.610121322912164e-06,-0.06379090249538422,-1.0,-0.0,0.0,0.0,0.0,2.98023217215615e-10,-0.044606998562812805,-0.9993282556533813,0.036646850407123566,0.0,0.0,0.0,0.0,-0.023475991562008858,-0.9987035393714905,0.050904761999845505,0.0,0.0,0.0,0.0,-0.019651994109153748,-1.0,-0.0,0.0,0.0,-0.00711638992652297,0.0018999999156221747,-0.016959700733423233,-0.9961947202682495,-0.0,-0.08715574443340302,0.0,0.0005882433033548295,0.0,-0.060253534466028214,-0.9996573328971863,-0.0,-0.026176923885941505,0.0,-1.1086464013487785e-07,-1.490116086078075e-10,-0.04255366697907448,-0.9993911981582642,0.03489004820585251,0.0,0.0,4.5299529460862686e-08,0.0,-0.022088106721639633,-0.9988139271736145,0.048689693212509155,0.0,0.0,-1.4305114426349519e-08,0.0,-0.017740696668624878,-1.0,-0.0,0.0,0.0,-0.013503500260412693,-0.0037700000684708357,-0.014087299816310406,-0.9914448857307434,-0.0,-0.13052619993686676,0.0,-0.004897483624517918,-3.8501621020259336e-06,-0.05743739381432533,-0.9986295104026794,-0.0,-0.05233589559793472,0.0,5.4836270635405526e-08,-2.98023217215615e-10,-0.03276759013533592,-0.9988899827003479,0.04710528254508972,0.0,0.0,-9.298324243900424e-08,0.0,-0.01670967973768711,-0.9975409507751465,0.07008709013462067,0.0,0.0,6.19888282926695e-08,0.0,-0.013883084990084171,-1.0,-0.0,0.0,0.0
1782948526.706058,2026-07-01 19:28:46.706,15192.0,15192,right,0,2,pinch,3,0.0,0.003969999961555004,-0.04999999701976776,-1.0,-0.0,0.0,0.0,0.0,0.0,0.0,-1.0,-0.0,0.0,0.0,-0.025476505979895592,-0.012044684961438179,-0.022234933450818062,-0.7772097587585449,0.018939096480607986,-0.3263368308544159,-0.5376715064048767,0.0,1.19209286886246e-09,-0.02723044343292713,-0.9640881419181824,0.2655826508998871,0.0,0.0,2.38418573772492e-09,-1.19209286886246e-09,-0.031859468668699265,-0.9048905968666077,0.4256443381309509,0.0,0.0,0.0,-3.5762786065873797e-09,-0.023122519254684448,-1.0,-0.0,0.0,0.0,-0.012360505759716034,0.0032300001475960016,-0.016998957842588425,-0.9990482330322266,-0.0,-0.04361938685178757,0.0,-0.002149570034816861,-3.8927792047616094e-06,-0.06502974033355713,-0.9143220782279968,0.40495961904525757,-0.004384379833936691,-0.0019418722949922085,0.0,0.0,-0.03691747412085533,-0.7605283856391907,0.6493047475814819,0.0,0.0,-2.38418573772492e-09,-2.98023217215615e-10,-0.02163529396057129,-0.9426024556159973,0.3339170515537262,0.0,0.0,0.0,2.98023217215615e-10,-0.01868978515267372,-1.0,-0.0,0.0,0.0,0.0,0.003969999961555004,-0.017509059980511665,-1.0,-0.0,0.0,0.0,0.0,4.611611075233668e-06,-0.0637909397482872,-0.9999995231628418,0.0009798974497243762,0.0,0.0,0.0,2.98023217215615e-10,-0.04460655897855759,-0.9910054206848145,0.13382194936275482,0.0,0.0,0.0,-2.98023217215615e-10,-0.02347646653652191,-0.985776960849762,0.168058842420578,0.0,0.0,0.0,0.0,-0.019652195274829865,-1.0,-0.0,0.0,0.0,0.00711638480424881,0.0018999999156221747,-0.016959700733423233,-0.9961947202682495,-0.0,0.08715574443340302,0.0,-0.0005882382392883301,0.0,-0.060253534466028214,-0.9996573328971863,-0.0,0.026176923885941505,0.0,1.19209286886246e-09,-1.490116086078075e-10,-0.04255415499210358,-0.9995051622390747,0.03145527467131615,0.0,0.0,-2.38418573772492e-09,0.0,-0.02208789810538292,-0.999065101146698,0.04323066025972366,0.0,0.0,0.0,0.0,-0.017740869894623756,-1.0,-0.0,0.0,0.0,0.013503451831638813,-0.0037700000684708357,-0.014087309129536152,-0.9914448857307434,-0.0,0.13052619993686676,0.0,0.0048975334502756596,-3.847479547403054e-06,-0.05743739381432533,-0.9986295104026794,-0.0,0.05233589559793472,0.0,4.76837147544984e-09,-2.98023217215615e-10,-0.03276757150888443,-0.9988899827003479,0.04710528254508972,0.0,0.0,2.38418573772492e-09,0.0,-0.016709718853235245,-0.9975409507751465,0.07008709013462067,0.0,0.0,0.0,0.0,-0.01388302817940712,-1.0,-0.0,0.0,0.0
1782948526.8786943,2026-07-01 19:28:46.878,18086.0,18086,left,0,1,pinch,3,0.0,0.003969999961555004,-0.04999999701976776,-1.0,-0.0,0.0,0.0,0.0,0.0,0.0,-1.0,-0.0,0.0,0.0,0.025476500391960144,-0.012044699862599373,-0.022234899923205376,-0.7592527866363525,0.011955155059695244,0.36247265338897705,0.5403757691383362,-5.7220457705398076e-08,-4.3511388270189855e-08,-0.027230437844991684,-0.9576794505119324,0.28783705830574036,0.0,0.0,3.5762786065873797e-09,6.318092005130893e-08,-0.031859491020441055,-0.8915700912475586,0.4528827369213104,0.0,0.0,2.384185648907078e-08,0.0,-0.023122519254684448,-1.0,-0.0,0.0,0.0,0.012359999120235443,0.0032300001475960016,-0.017000000923871994,-0.9990482330322266,-0.0,0.04361938685178757,0.0,0.0021501504816114902,-3.890097104886081e-06,-0.06502876430749893,-0.9458962678909302,0.32444190979003906,0.003995727747678757,0.0013705325545743108,-9.53674295089968e-09,-9.53674295089968e-09,-0.036917347460985184,-0.7915522456169128,0.611101508140564,0.0,0.0,-2.8610228852699038e-08,-2.98023217215615e-10,-0.0216355137526989,-0.9491757154464722,0.31474676728248596,0.0,0.0,1.2636184010261786e-07,2.98023217215615e-10,-0.018689393997192383,-1.0,-0.0,0.0,0.0,0.0,0.003969999961555004,-0.01750910095870495,-1.0,-0.0,0.0,0.0,0.0,4.610121322912164e-06,-0.06379090249538422,-1.0,-0.0,0.0,0.0,0.0,2.98023217215615e-10,-0.044606998562812805,-0.9993282556533813,0.036646850407123566,0.0,0.0,0.0,0.0,-0.023475991562008858,-0.9987035393714905,0.050904761999845505,0.0,0.0,0.0,0.0,-0.019651994109153748,-1.0,-0.0,0.0,0.0,-0.00711638992652297,0.0018999999156221747,-0.016959700733423233,-0.9961947202682495,-0.0,-0.08715574443340302,0.0,0.0005882433033548295,0.0,-0.060253534466028214,-0.9996573328971863,-0.0,-0.026176923885941505,0.0,-1.1086464013487785e-07,-1.490116086078075e-10,-0.04255366697907448,-0.9993911981582642,0.03489004820585251,0.0,0.0,4.5299529460862686e-08,0.0,-0.022088106721639633,-0.9988139271736145,0.048689693212509155,0.0,0.0,-1.4305114426349519e-08,0.0,-0.017740696668624878,-1.0,-0.0,0.0,0.0,-0.013503500260412693,-0.0037700000684708357,-0.014087299816310406,-0.9914448857307434,-0.0,-0.13052619993686676,0.0,-0.004897483624517918,-3.8501621020259336e-06,-0.05743739381432533,-0.9986295104026794,-0.0,-0.05233589559793472,0.0,5.4836270635405526e-08,-2.98023217215615e-10,-0.03276759013533592,-0.9988899827003479,0.04710528254508972,0.0,0.0,-9.298324243900424e-08,0.0,-0.01670967973768711,-0.9975409507751465,0.07008709013462067,0.0,0.0,6.19888282926695e-08,0.0,-0.013883084990084171,-1.0,-0.0,0.0,0.0
1782948526.9101996,2026-07-01 19:28:46.910,15203.0,15203,right,0,2,pinch,3,0.0,0.003969999961555004,-0.04999999701976776,-1.0,-0.0,0.0,0.0,0.0,0.0,0.0,-1.0,-0.0,0.0,0.0,-0.025476505979895592,-0.012044684961438179,-0.022234933450818062,-0.7772097587585449,0.018939096480607986,-0.3263368308544159,-0.5376715064048767,0.0,1.19209286886246e-09,-0.02723044343292713,-0.9640881419181824,0.2655826508998871,0.0,0.0,2.38418573772492e-09,-1.19209286886246e-09,-0.031859468668699265,-0.9048905968666077,0.4256443381309509,0.0,0.0,0.0,-3.5762786065873797e-09,-0.023122519254684448,-1.0,-0.0,0.0,0.0,-0.012360505759716034,0.0032300001475960016,-0.016998957842588425,-0.9990482330322266,-0.0,-0.04361938685178757,0.0,-0.002149570034816861,-3.8927792047616094e-06,-0.06502974033355713,-0.9143220782279968,0.40495961904525757,-0.004384379833936691,-0.0019418722949922085,0.0,0.0,-0.03691747412085533,-0.7605283856391907,0.6493047475814819,0.0,0.0,-2.38418573772492e-09,-2.98023217215615e-10,-0.02163529396057129,-0.9426024556159973,0.3339170515537262,0.0,0.0,0.0,2.98023217215615e-10,-0.01868978515267372,-1.0,-0.0,0.0,0.0,0.0,0.003969999961555004,-0.017509059980511665,-1.0,-0.0,0.0,0.0,0.0,4.611611075233668e-06,-0.0637909397482872,-0.9999995231628418,0.0009798974497243762,0.0,0.0,0.0,2.98023217215615e-10,-0.04460655897855759,-0.9910054206848145,0.13382194936275482,0.0,0.0,0.0,-2.98023217215615e-10,-0.02347646653652191,-0.985776960849762,0.168058842420578,0.0,0.0,0.0,0.0,-0.019652195274829865,-1.0,-0.0,0.0,0.0,0.00711638480424881,0.0018999999156221747,-0.016959700733423233,-0.9961947202682495,-0.0,0.08715574443340302,0.0,-0.0005882382392883301,0.0,-0.060253534466028214,-0.9996573328971863,-0.0,0.026176923885941505,0.0,1.19209286886246e-09,-1.490116086078075e-10,-0.04255415499210358,-0.9995051622390747,0.03145527467131615,0.0,0.0,-2.38418573772492e-09,0.0,-0.02208789810538292,-0.999065101146698,0.04323066025972366,0.0,0.0,0.0,0.0,-0.017740869894623756,-1.0,-0.0,0.0,0.0,0.013503451831638813,-0.0037700000684708357,-0.014087309129536152,-0.9914448857307434,-0.0,0.13052619993686676,0.0,0.0048975334502756596,-3.847479547403054e-06,-0.05743739381432533,-0.9986295104026794,-0.0,0.05233589559793472,0.0,4.76837147544984e-09,-2.98023217215615e-10,-0.03276757150888443,-0.9988899827003479,0.04710528254508972,0.0,0.0,2.38418573772492e-09,0.0,-0.016709718853235245,-0.9975409507751465,0.07008709013462067,0.0,0.0,0.0,0.0,-0.01388302817940712,-1.0,-0.0,0.0,0.0
1782948527.0942554,2026-07-01 19:28:47.094,18088.0,18088,left,0,1,pinch,3,0.0,0.003969999961555004,-0.04999999701976776,-1.0,-0.0,0.0,0.0,0.0,0.0,0.0,-1.0,-0.0,0.0,0.0,0.025476500391960144,-0.012044699862599373,-0.022234899923205376,-0.7592527866363525,0.011955155059695244,0.36247265338897705,0.5403757691383362,-5.7220457705398076e-08,-4.3511388270189855e-08,-0.027230437844991684,-0.9576794505119324,0.28783705830574036,0.0,0.0,3.5762786065873797e-09,6.318092005130893e-08,-0.031859491020441055,-0.8915700912475586,0.4528827369213104,0.0,0.0,2.384185648907078e-08,0.0,-0.023122519254684448,-1.0,-0.0,0.0,0.0,0.012359999120235443,0.0032300001475960016,-0.017000000923871994,-0.9990482330322266,-0.0,0.04361938685178757,0.0,0.0021501504816114902,-3.890097104886081e-06,-0.06502876430749893,-0.9458962678909302,0.32444190979003906,0.003995727747678757,0.0013705325545743108,-9.53674295089968e-09,-9.53674295089968e-09,-0.036917347460985184,-0.7915522456169128,0.611101508140564,0.0,0.0,-2.8610228852699038e-08,-2.98023217215615e-10,-0.0216355137526989,-0.9491757154464722,0.31474676728248596,0.0,0.0,1.2636184010261786e-07,2.98023217215615e-10,-0.018689393997192383,-1.0,-0.0,0.0,0.0,0.0,0.003969999961555004,-0.01750910095870495,-1.0,-0.0,0.0,0.0,0.0,4.610121322912164e-06,-0.06379090249538422,-1.0,-0.0,0.0,0.0,0.0,2.98023217215615e-10,-0.044606998562812805,-0.9993282556533813,0.036646850407123566,0.0,0.0,0.0,0.0,-0.023475991562008858,-0.9987035393714905,0.050904761999845505,0.0,0.0,0.0,0.0,-0.019651994109153748,-1.0,-0.0,0.0,0.0,-0.00711638992652297,0.0018999999156221747,-0.016959700733423233,-0.9961947202682495,-0.0,-0.08715574443340302,0.0,0.0005882433033548295,0.0,-0.060253534466028214,-0.9996573328971863,-0.0,-0.026176923885941505,0.0,-1.1086464013487785e-07,-1.490116086078075e-10,-0.04255366697907448,-0.9993911981582642,0.03489004820585251,0.0,0.0,4.5299529460862686e-08,0.0,-0.022088106721639633,-0.9988139271736145,0.048689693212509155,0.0,0.0,-1.4305114426349519e-08,0.0,-0.017740696668624878,-1.0,-0.0,0.0,0.0,-0.013503500260412693,-0.0037700000684708357,-0.014087299816310406,-0.9914448857307434,-0.0,-0.13052619993686676,0.0,-0.004897483624517918,-3.8501621020259336e-06,-0.05743739381432533,-0.9986295104026794,-0.0,-0.05233589559793472,0.0,5.4836270635405526e-08,-2.98023217215615e-10,-0.03276759013533592,-0.9988899827003479,0.04710528254508972,0.0,0.0,-9.298324243900424e-08,0.0,-0.01670967973768711,-0.9975409507751465,0.07008709013462067,0.0,0.0,6.19888282926695e-08,0.0,-0.013883084990084171,-1.0,-0.0,0.0,0.0
1782948527.1262171,2026-07-01 19:28:47.126,15216.0,15216,right,0,2,pinch,3,0.0,0.003969999961555004,-0.04999999701976776,-1.0,-0.0,0.0,0.0,0.0,0.0,0.0,-1.0,-0.0,0.0,0.0,-0.025476505979895592,-0.012044684961438179,-0.022234933450818062,-0.7772097587585449,0.018939096480607986,-0.3263368308544159,-0.5376715064048767,0.0,1.19209286886246e-09,-0.02723044343292713,-0.9640881419181824,0.2655826508998871,0.0,0.0,2.38418573772492e-09,-1.19209286886246e-09,-0.031859468668699265,-0.9048905968666077,0.4256443381309509,0.0,0.0,0.0,-3.5762786065873797e-09,-0.023122519254684448,-1.0,-0.0,0.0,0.0,-0.012360505759716034,0.0032300001475960016,-0.016998957842588425,-0.9990482330322266,-0.0,-0.04361938685178757,0.0,-0.002149570034816861,-3.8927792047616094e-06,-0.06502974033355713,-0.9143220782279968,0.40495961904525757,-0.004384379833936691,-0.0019418722949922085,0.0,0.0,-0.03691747412085533,-0.7605283856391907,0.6493047475814819,0.0,0.0,-2.38418573772492e-09,-2.98023217215615e-10,-0.02163529396057129,-0.9426024556159973,0.3339170515537262,0.0,0.0,0.0,2.98023217215615e-10,-0.01868978515267372,-1.0,-0.0,0.0,0.0,0.0,0.003969999961555004,-0.017509059980511665,-1.0,-0.0,0.0,0.0,0.0,4.611611075233668e-06,-0.0637909397482872,-0.9999995231628418,0.0009798974497243762,0.0,0.0,0.0,2.98023217215615e-10,-0.04460655897855759,-0.9910054206848145,0.13382194936275482,0.0,0.0,0.0,-2.98023217215615e-10,-0.02347646653652191,-0.985776960849762,0.168058842420578,0.0,0.0,0.0,0.0,-0.019652195274829865,-1.0,-0.0,0.0,0.0,0.00711638480424881,0.0018999999156221747,-0.016959700733423233,-0.9961947202682495,-0.0,0.08715574443340302,0.0,-0.0005882382392883301,0.0,-0.060253534466028214,-0.9996573328971863,-0.0,0.026176923885941505,0.0,1.19209286886246e-09,-1.490116086078075e-10,-0.04255415499210358,-0.9995051622390747,0.03145527467131615,0.0,0.0,-2.38418573772492e-09,0.0,-0.02208789810538292,-0.999065101146698,0.04323066025972366,0.0,0.0,0.0,0.0,-0.017740869894623756,-1.0,-0.0,0.0,0.0,0.013503451831638813,-0.0037700000684708357,-0.014087309129536152,-0.9914448857307434,-0.0,0.13052619993686676,0.0,0.0048975334502756596,-3.847479547403054e-06,-0.05743739381432533,-0.9986295104026794,-0.0,0.05233589559793472,0.0,4.76837147544984e-09,-2.98023217215615e-10,-0.03276757150888443,-0.9988899827003479,0.04710528254508972,0.0,0.0,2.38418573772492e-09,0.0,-0.016709718853235245,-0.9975409507751465,0.07008709013462067,0.0,0.0,0.0,0.0,-0.01388302817940712,-1.0,-0.0,0.0,0.0
1782948527.3093717,2026-07-01 19:28:47.309,18090.0,18090,left,0,1,pinch,3,0.0,0.003969999961555004,-0.04999999701976776,-1.0,-0.0,0.0,0.0,0.0,0.0,0.0,-1.0,-0.0,0.0,0.0,0.025476500391960144,-0.012044699862599373,-0.022234899923205376,-0.7592527866363525,0.011955155059695244,0.36247265338897705,0.5403757691383362,-5.7220457705398076e-08,-4.3511388270189855e-08,-0.027230437844991684,-0.9576794505119324,0.28783705830574036,0.0,0.0,3.5762786065873797e-09,6.318092005130893e-08,-0.031859491020441055,-0.8915700912475586,0.4528827369213104,0.0,0.0,2.384185648907078e-08,0.0,-0.023122519254684448,-1.0,-0.0,0.0,0.0,0.012359999120235443,0.0032300001475960016,-0.017000000923871994,-0.9990482330322266,-0.0,0.04361938685178757,0.0,0.0021501504816114902,-3.890097104886081e-06,-0.06502876430749893,-0.9458962678909302,0.32444190979003906,0.003995727747678757,0.0013705325545743108,-9.53674295089968e-09,-9.53674295089968e-09,-0.036917347460985184,-0.7915522456169128,0.611101508140564,0.0,0.0,-2.8610228852699038e-08,-2.98023217215615e-10,-0.0216355137526989,-0.9491757154464722,0.31474676728248596,0.0,0.0,1.2636184010261786e-07,2.98023217215615e-10,-0.018689393997192383,-1.0,-0.0,0.0,0.0,0.0,0.003969999961555004,-0.01750910095870495,-1.0,-0.0,0.0,0.0,0.0,4.610121322912164e-06,-0.06379090249538422,-1.0,-0.0,0.0,0.0,0.0,2.98023217215615e-10,-0.044606998562812805,-0.9993282556533813,0.036646850407123566,0.0,0.0,0.0,0.0,-0.023475991562008858,-0.9987035393714905,0.050904761999845505,0.0,0.0,0.0,0.0,-0.019651994109153748,-1.0,-0.0,0.0,0.0,-0.00711638992652297,0.0018999999156221747,-0.016959700733423233,-0.9961947202682495,-0.0,-0.08715574443340302,0.0,0.0005882433033548295,0.0,-0.060253534466028214,-0.9996573328971863,-0.0,-0.026176923885941505,0.0,-1.1086464013487785e-07,-1.490116086078075e-10,-0.04255366697907448,-0.9993911981582642,0.03489004820585251,0.0,0.0,4.5299529460862686e-08,0.0,-0.022088106721639633,-0.9988139271736145,0.048689693212509155,0.0,0.0,-1.4305114426349519e-08,0.0,-0.017740696668624878,-1.0,-0.0,0.0,0.0,-0.013503500260412693,-0.0037700000684708357,-0.014087299816310406,-0.9914448857307434,-0.0,-0.13052619993686676,0.0,-0.004897483624517918,-3.8501621020259336e-06,-0.05743739381432533,-0.9986295104026794,-0.0,-0.05233589559793472,0.0,5.4836270635405526e-08,-2.98023217215615e-10,-0.03276759013533592,-0.9988899827003479,0.04710528254508972,0.0,0.0,-9.298324243900424e-08,0.0,-0.01670967973768711,-0.9975409507751465,0.07008709013462067,0.0,0.0,6.19888282926695e-08,0.0,-0.013883084990084171,-1.0,-0.0,0.0,0.0
1782948527.340933,2026-07-01 19:28:47.340,15230.0,15230,right,0,2,pinch,3,0.0,0.003969999961555004,-0.04999999701976776,-1.0,-0.0,0.0,0.0,0.0,0.0,0.0,-1.0,-0.0,0.0,0.0,-0.025476505979895592,-0.012044684961438179,-0.022234933450818062,-0.7772097587585449,0.018939096480607986,-0.3263368308544159,-0.5376715064048767,0.0,1.19209286886246e-09,-0.02723044343292713,-0.9640881419181824,0.2655826508998871,0.0,0.0,2.38418573772492e-09,-1.19209286886246e-09,-0.031859468668699265,-0.9048905968666077,0.4256443381309509,0.0,0.0,0.0,-3.5762786065873797e-09,-0.023122519254684448,-1.0,-0.0,0.0,0.0,-0.012360505759716034,0.0032300001475960016,-0.016998957842588425,-0.9990482330322266,-0.0,-0.04361938685178757,0.0,-0.002149570034816861,-3.8927792047616094e-06,-0.06502974033355713,-0.9143220782279968,0.40495961904525757,-0.004384379833936691,-0.0019418722949922085,0.0,0.0,-0.03691747412085533,-0.7605283856391907,0.6493047475814819,0.0,0.0,-2.38418573772492e-09,-2.98023217215615e-10,-0.02163529396057129,-0.9426024556159973,0.3339170515537262,0.0,0.0,0.0,2.98023217215615e-10,-0.01868978515267372,-1.0,-0.0,0.0,0.0,0.0,0.003969999961555004,-0.017509059980511665,-1.0,-0.0,0.0,0.0,0.0,4.611611075233668e-06,-0.0637909397482872,-0.9999995231628418,0.0009798974497243762,0.0,0.0,0.0,2.98023217215615e-10,-0.04460655897855759,-0.9910054206848145,0.13382194936275482,0.0,0.0,0.0,-2.98023217215615e-10,-0.02347646653652191,-0.985776960849762,0.168058842420578,0.0,0.0,0.0,0.0,-0.019652195274829865,-1.0,-0.0,0.0,0.0,0.00711638480424881,0.0018999999156221747,-0.016959700733423233,-0.9961947202682495,-0.0,0.08715574443340302,0.0,-0.0005882382392883301,0.0,-0.060253534466028214,-0.9996573328971863,-0.0,0.026176923885941505,0.0,1.19209286886246e-09,-1.490116086078075e-10,-0.04255415499210358,-0.9995051622390747,0.03145527467131615,0.0,0.0,-2.38418573772492e-09,0.0,-0.02208789810538292,-0.999065101146698,0.04323066025972366,0.0,0.0,0.0,0.0,-0.017740869894623756,-1.0,-0.0,0.0,0.0,0.013503451831638813,-0.0037700000684708357,-0.014087309129536152,-0.9914448857307434,-0.0,0.13052619993686676,0.0,0.0048975334502756596,-3.847479547403054e-06,-0.05743739381432533,-0.9986295104026794,-0.0,0.05233589559793472,0.0,4.76837147544984e-09,-2.98023217215615e-10,-0.03276757150888443,-0.9988899827003479,0.04710528254508972,0.0,0.0,2.38418573772492e-09,0.0,-0.016709718853235245,-0.9975409507751465,0.07008709013462067,0.0,0.0,0.0,0.0,-0.01388302817940712,-1.0,-0.0,0.0,0.0
1782948527.528175,2026-07-01 19:28:47.528,18092.0,18092,left,0,1,pinch,3,0.0,0.003969999961555004,-0.04999999701976776,-1.0,-0.0,0.0,0.0,0.0,0.0,0.0,-1.0,-0.0,0.0,0.0,0.025476500391960144,-0.012044699862599373,-0.022234899923205376,-0.7592527866363525,0.011955155059695244,0.36247265338897705,0.5403757691383362,-5.7220457705398076e-08,-4.3511388270189855e-08,-0.027230437844991684,-0.9576794505119324,0.28783705830574036,0.0,0.0,3.5762786065873797e-09,6.318092005130893e-08,-0.031859491020441055,-0.8915700912475586,0.4528827369213104,0.0,0.0,2.384185648907078e-08,0.0,-0.023122519254684448,-1.0,-0.0,0.0,0.0,0.012359999120235443,0.0032300001475960016,-0.017000000923871994,-0.9990482330322266,-0.0,0.04361938685178757,0.0,0.0021501504816114902,-3.890097104886081e-06,-0.06502876430749893,-0.9458962678909302,0.32444190979003906,0.003995727747678757,0.0013705325545743108,-9.53674295089968e-09,-9.53674295089968e-09,-0.036917347460985184,-0.7915522456169128,0.611101508140564,0.0,0.0,-2.8610228852699038e-08,-2.98023217215615e-10,-0.0216355137526989,-0.9491757154464722,0.31474676728248596,0.0,0.0,1.2636184010261786e-07,2.98023217215615e-10,-0.018689393997192383,-1.0,-0.0,0.0,0.0,0.0,0.003969999961555004,-0.01750910095870495,-1.0,-0.0,0.0,0.0,0.0,4.610121322912164e-06,-0.06379090249538422,-1.0,-0.0,0.0,0.0,0.0,2.98023217215615e-10,-0.044606998562812805,-0.9993282556533813,0.036646850407123566,0.0,0.0,0.0,0.0,-0.023475991562008858,-0.9987035393714905,0.050904761999845505,0.0,0.0,0.0,0.0,-0.019651994109153748,-1.0,-0.0,0.0,0.0,-0.00711638992652297,0.0018999999156221747,-0.016959700733423233,-0.9961947202682495,-0.0,-0.08715574443340302,0.0,0.0005882433033548295,0.0,-0.060253534466028214,-0.9996573328971863,-0.0,-0.026176923885941505,0.0,-1.1086464013487785e-07,-1.490116086078075e-10,-0.04255366697907448,-0.9993911981582642,0.03489004820585251,0.0,0.0,4.5299529460862686e-08,0.0,-0.022088106721639633,-0.9988139271736145,0.048689693212509155,0.0,0.0,-1.4305114426349519e-08,0.0,-0.017740696668624878,-1.0,-0.0,0.0,0.0,-0.013503500260412693,-0.0037700000684708357,-0.014087299816310406,-0.9914448857307434,-0.0,-0.13052619993686676,0.0,-0.004897483624517918,-3.8501621020259336e-06,-0.05743739381432533,-0.9986295104026794,-0.0,-0.05233589559793472,0.0,5.4836270635405526e-08,-2.98023217215615e-10,-0.03276759013533592,-0.9988899827003479,0.04710528254508972,0.0,0.0,-9.298324243900424e-08,0.0,-0.01670967973768711,-0.9975409507751465,0.07008709013462067,0.0,0.0,6.19888282926695e-08,0.0,-0.013883084990084171,-1.0,-0.0,0.0,0.0
1782948527.559802,2026-07-01 19:28:47.559,15242.0,15242,right,0,2,pinch,3,0.0,0.003969999961555004,-0.04999999701976776,-1.0,-0.0,0.0,0.0,0.0,0.0,0.0,-1.0,-0.0,0.0,0.0,-0.025476505979895592,-0.012044684961438179,-0.022234933450818062,-0.7772097587585449,0.018939096480607986,-0.3263368308544159,-0.5376715064048767,0.0,1.19209286886246e-09,-0.02723044343292713,-0.9640881419181824,0.2655826508998871,0.0,0.0,2.38418573772492e-09,-1.19209286886246e-09,-0.031859468668699265,-0.9048905968666077,0.4256443381309509,0.0,0.0,0.0,-3.5762786065873797e-09,-0.023122519254684448,-1.0,-0.0,0.0,0.0,-0.012360505759716034,0.0032300001475960016,-0.016998957842588425,-0.9990482330322266,-0.0,-0.04361938685178757,0.0,-0.002149570034816861,-3.8927792047616094e-06,-0.06502974033355713,-0.9143220782279968,0.40495961904525757,-0.004384379833936691,-0.0019418722949922085,0.0,0.0,-0.03691747412085533,-0.7605283856391907,0.6493047475814819,0.0,0.0,-2.38418573772492e-09,-2.98023217215615e-10,-0.02163529396057129,-0.9426024556159973,0.3339170515537262,0.0,0.0,0.0,2.98023217215615e-10,-0.01868978515267372,-1.0,-0.0,0.0,0.0,0.0,0.003969999961555004,-0.017509059980511665,-1.0,-0.0,0.0,0.0,0.0,4.611611075233668e-06,-0.0637909397482872,-0.9999995231628418,0.0009798974497243762,0.0,0.0,0.0,2.98023217215615e-10,-0.04460655897855759,-0.9910054206848145,0.13382194936275482,0.0,0.0,0.0,-2.98023217215615e-10,-0.02347646653652191,-0.985776960849762,0.168058842420578,0.0,0.0,0.0,0.0,-0.019652195274829865,-1.0,-0.0,0.0,0.0,0.00711638480424881,0.0018999999156221747,-0.016959700733423233,-0.9961947202682495,-0.0,0.08715574443340302,0.0,-0.0005882382392883301,0.0,-0.060253534466028214,-0.9996573328971863,-0.0,0.026176923885941505,0.0,1.19209286886246e-09,-1.490116086078075e-10,-0.04255415499210358,-0.9995051622390747,0.03145527467131615,0.0,0.0,-2.38418573772492e-09,0.0,-0.02208789810538292,-0.999065101146698,0.04323066025972366,0.0,0.0,0.0,0.0,-0.017740869894623756,-1.0,-0.0,0.0,0.0,0.013503451831638813,-0.0037700000684708357,-0.014087309129536152,-0.9914448857307434,-0.0,0.13052619993686676,0.0,0.0048975334502756596,-3.847479547403054e-06,-0.05743739381432533,-0.9986295104026794,-0.0,0.05233589559793472,0.0,4.76837147544984e-09,-2.98023217215615e-10,-0.03276757150888443,-0.9988899827003479,0.04710528254508972,0.0,0.0,2.38418573772492e-09,0.0,-0.016709718853235245,-0.9975409507751465,0.07008709013462067,0.0,0.0,0.0,0.0,-0.01388302817940712,-1.0,-0.0,0.0,0.0
1782948527.7369037,2026-07-01 19:28:47.736,18093.0,18093,left,0,1,pinch,3,0.0,0.003969999961555004,-0.04999999701976776,-1.0,-0.0,0.0,0.0,0.0,0.0,0.0,-1.0,-0.0,0.0,0.0,0.025476500391960144,-0.012044699862599373,-0.022234899923205376,-0.7592527866363525,0.011955155059695244,0.36247265338897705,0.5403757691383362,-5.7220457705398076e-08,-4.3511388270189855e-08,-0.027230437844991684,-0.9576794505119324,0.28783705830574036,0.0,0.0,3.5762786065873797e-09,6.318092005130893e-08,-0.031859491020441055,-0.8915700912475586,0.4528827369213104,0.0,0.0,2.384185648907078e-08,0.0,-0.023122519254684448,-1.0,-0.0,0.0,0.0,0.012359999120235443,0.0032300001475960016,-0.017000000923871994,-0.9990482330322266,-0.0,0.04361938685178757,0.0,0.0021501504816114902,-3.890097104886081e-06,-0.06502876430749893,-0.9458962678909302,0.32444190979003906,0.003995727747678757,0.0013705325545743108,-9.53674295089968e-09,-9.53674295089968e-09,-0.036917347460985184,-0.7915522456169128,0.611101508140564,0.0,0.0,-2.8610228852699038e-08,-2.98023217215615e-10,-0.0216355137526989,-0.9491757154464722,0.31474676728248596,0.0,0.0,1.2636184010261786e-07,2.98023217215615e-10,-0.018689393997192383,-1.0,-0.0,0.0,0.0,0.0,0.003969999961555004,-0.01750910095870495,-1.0,-0.0,0.0,0.0,0.0,4.610121322912164e-06,-0.06379090249538422,-1.0,-0.0,0.0,0.0,0.0,2.98023217215615e-10,-0.044606998562812805,-0.9993282556533813,0.036646850407123566,0.0,0.0,0.0,0.0,-0.023475991562008858,-0.9987035393714905,0.050904761999845505,0.0,0.0,0.0,0.0,-0.019651994109153748,-1.0,-0.0,0.0,0.0,-0.00711638992652297,0.0018999999156221747,-0.016959700733423233,-0.9961947202682495,-0.0,-0.08715574443340302,0.0,0.0005882433033548295,0.0,-0.060253534466028214,-0.9996573328971863,-0.0,-0.026176923885941505,0.0,-1.1086464013487785e-07,-1.490116086078075e-10,-0.04255366697907448,-0.9993911981582642,0.03489004820585251,0.0,0.0,4.5299529460862686e-08,0.0,-0.022088106721639633,-0.9988139271736145,0.048689693212509155,0.0,0.0,-1.4305114426349519e-08,0.0,-0.017740696668624878,-1.0,-0.0,0.0,0.0,-0.013503500260412693,-0.0037700000684708357,-0.014087299816310406,-0.9914448857307434,-0.0,-0.13052619993686676,0.0,-0.004897483624517918,-3.8501621020259336e-06,-0.05743739381432533,-0.9986295104026794,-0.0,-0.05233589559793472,0.0,5.4836270635405526e-08,-2.98023217215615e-10,-0.03276759013533592,-0.9988899827003479,0.04710528254508972,0.0,0.0,-9.298324243900424e-08,0.0,-0.01670967973768711,-0.9975409507751465,0.07008709013462067,0.0,0.0,6.19888282926695e-08,0.0,-0.013883084990084171,-1.0,-0.0,0.0,0.0
1782948527.7694628,2026-07-01 19:28:47.769,15255.0,15255,right,0,2,pinch,3,0.0,0.003969999961555004,-0.04999999701976776,-1.0,-0.0,0.0,0.0,0.0,0.0,0.0,-1.0,-0.0,0.0,0.0,-0.025476505979895592,-0.012044684961438179,-0.022234933450818062,-0.7773789763450623,0.018394649028778076,-0.32608774304389954,-0.5375968217849731,0.0,1.19209286886246e-09,-0.02723044343292713,-0.9643250703811646,0.26472094655036926,0.0,0.0,2.38418573772492e-09,-1.19209286886246e-09,-0.031859468668699265,-0.9053946733474731,0.4245709776878357,0.0,0.0,0.0,-3.5762786065873797e-09,-0.023122519254684448,-1.0,-0.0,0.0,0.0,-0.012360505759716034,0.0032300001475960016,-0.016998957842588425,-0.9990482330322266,-0.0,-0.04361938685178757,0.0,-0.002149570034816861,-3.8927792047616094e-06,-0.06502974033355713,-0.9143220782279968,0.40495961904525757,-0.004384379833936691,-0.0019418722949922085,0.0,0.0,-0.03691747412085533,-0.7605283856391907,0.6493047475814819,0.0,0.0,-2.38418573772492e-09,-2.98023217215615e-10,-0.02163529396057129,-0.9426024556159973,0.3339170515537262,0.0,0.0,0.0,2.98023217215615e-10,-0.01868978515267372,-1.0,-0.0,0.0,0.0,0.0,0.003969999961555004,-0.017509059980511665,-1.0,-0.0,0.0,0.0,0.0,4.611611075233668e-06,-0.0637909397482872,-0.9999995231628418,0.0009798974497243762,0.0,0.0,0.0,2.98023217215615e-10,-0.04460655897855759,-0.9910054206848145,0.13382194936275482,0.0,0.0,0.0,-2.98023217215615e-10,-0.02347646653652191,-0.985776960849762,0.168058842420578,0.0,0.0,0.0,0.0,-0.019652195274829865,-1.0,-0.0,0.0,0.0,0.00711638480424881,0.0018999999156221747,-0.016959700733423233,-0.9961947202682495,-0.0,0.08715574443340302,0.0,-0.0005882382392883301,0.0,-0.060253534466028214,-0.9996573328971863,-0.0,0.026176923885941505,0.0,1.19209286886246e-09,-1.490116086078075e-10,-0.04255415499210358,-0.9995051622390747,0.03145527467131615,0.0,0.0,-2.38418573772492e-09,0.0,-0.02208789810538292,-0.999065101146698,0.04323066025972366,0.0,0.0,0.0,0.0,-0.017740869894623756,-1.0,-0.0,0.0,0.0,0.013503451831638813,-0.0037700000684708357,-0.014087309129536152,-0.9914448857307434,-0.0,0.13052619993686676,0.0,0.0048975334502756596,-3.847479547403054e-06,-0.05743739381432533,-0.9986295104026794,-0.0,0.05233589559793472,0.0,4.76837147544984e-09,-2.98023217215615e-10,-0.03276757150888443,-0.9988899827003479,0.04710528254508972,0.0,0.0,2.38418573772492e-09,0.0,-0.016709718853235245,-0.9975409507751465,0.07008709013462067,0.0,0.0,0.0,0.0,-0.01388302817940712,-1.0,-0.0,0.0,0.0
1782948527.9437878,2026-07-01 19:28:47.943,18095.0,18095,left,0,1,pinch,3,0.0,0.003969999961555004,-0.04999999701976776,-1.0,-0.0,0.0,0.0,0.0,0.0,0.0,-1.0,-0.0,0.0,0.0,0.025476500391960144,-0.012044699862599373,-0.022234899923205376,-0.7592527866363525,0.011955155059695244,0.36247265338897705,0.5403757691383362,-5.7220457705398076e-08,-4.3511388270189855e-08,-0.027230437844991684,-0.9576794505119324,0.28783705830574036,0.0,0.0,3.5762786065873797e-09,6.318092005130893e-08,-0.031859491020441055,-0.8915700912475586,0.4528827369213104,0.0,0.0,2.384185648907078e-08,0.0,-0.023122519254684448,-1.0,-0.0,0.0,0.0,0.012359999120235443,0.0032300001475960016,-0.017000000923871994,-0.9990482330322266,-0.0,0.04361938685178757,0.0,0.0021501504816114902,-3.890097104886081e-06,-0.06502876430749893,-0.9458962678909302,0.32444190979003906,0.003995727747678757,0.0013705325545743108,-9.53674295089968e-09,-9.53674295089968e-09,-0.036917347460985184,-0.7915522456169128,0.611101508140564,0.0,0.0,-2.8610228852699038e-08,-2.98023217215615e-10,-0.0216355137526989,-0.9491757154464722,0.31474676728248596,0.0,0.0,1.2636184010261786e-07,2.98023217215615e-10,-0.018689393997192383,-1.0,-0.0,0.0,0.0,0.0,0.003969999961555004,-0.01750910095870495,-1.0,-0.0,0.0,0.0,0.0,4.610121322912164e-06,-0.06379090249538422,-1.0,-0.0,0.0,0.0,0.0,2.98023217215615e-10,-0.044606998562812805,-0.9993282556533813,0.036646850407123566,0.0,0.0,0.0,0.0,-0.023475991562008858,-0.9987035393714905,0.050904761999845505,0.0,0.0,0.0,0.0,-0.019651994109153748,-1.0,-0.0,0.0,0.0,-0.00711638992652297,0.0018999999156221747,-0.016959700733423233,-0.9961947202682495,-0.0,-0.08715574443340302,0.0,0.0005882433033548295,0.0,-0.060253534466028214,-0.9996573328971863,-0.0,-0.026176923885941505,0.0,-1.1086464013487785e-07,-1.490116086078075e-10,-0.04255366697907448,-0.9993911981582642,0.03489004820585251,0.0,0.0,4.5299529460862686e-08,0.0,-0.022088106721639633,-0.9988139271736145,0.048689693212509155,0.0,0.0,-1.4305114426349519e-08,0.0,-0.017740696668624878,-1.0,-0.0,0.0,0.0,-0.013503500260412693,-0.0037700000684708357,-0.014087299816310406,-0.9914448857307434,-0.0,-0.13052619993686676,0.0,-0.004897483624517918,-3.8501621020259336e-06,-0.05743739381432533,-0.9986295104026794,-0.0,-0.05233589559793472,0.0,5.4836270635405526e-08,-2.98023217215615e-10,-0.03276759013533592,-0.9988899827003479,0.04710528254508972,0.0,0.0,-9.298324243900424e-08,0.0,-0.01670967973768711,-0.9975409507751465,0.07008709013462067,0.0,0.0,6.19888282926695e-08,0.0,-0.013883084990084171,-1.0,-0.0,0.0,0.0
1782948527.9882758,2026-07-01 19:28:47.988,15268.0,15268,right,0,2,pinch,3,0.0,0.003969999961555004,-0.04999999701976776,-1.0,-0.0,0.0,0.0,0.0,0.0,0.0,-1.0,-0.0,0.0,0.0,-0.025476505979895592,-0.012044684961438179,-0.022234933450818062,-0.7775479555130005,0.01785019226372242,-0.32583853602409363,-0.5375219583511353,0.0,1.19209286886246e-09,-0.02723044343292713,-0.9645612835884094,0.2638590633869171,0.0,0.0,2.38418573772492e-09,-1.19209286886246e-09,-0.031859468668699265,-0.9058974981307983,0.4234970211982727,0.0,0.0,0.0,-3.5762786065873797e-09,-0.023122519254684448,-1.0,-0.0,0.0,0.0,-0.012360505759716034,0.0032300001475960016,-0.016998957842588425,-0.9990482330322266,-0.0,-0.04361938685178757,0.0,-0.002149570034816861,-3.8927792047616094e-06,-0.06502974033355713,-0.9143220782279968,0.40495961904525757,-0.004384379833936691,-0.0019418722949922085,0.0,0.0,-0.03691747412085533,-0.7605283856391907,0.6493047475814819,0.0,0.0,-2.38418573772492e-09,-2.98023217215615e-10,-0.02163529396057129,-0.9426024556159973,0.3339170515537262,0.0,0.0,0.0,2.98023217215615e-10,-0.01868978515267372,-1.0,-0.0,0.0,0.0,0.0,0.003969999961555004,-0.017509059980511665,-1.0,-0.0,0.0,0.0,0.0,4.611611075233668e-06,-0.0637909397482872,-0.9999995231628418,0.0009798974497243762,0.0,0.0,0.0,2.98023217215615e-10,-0.04460655897855759,-0.9910054206848145,0.13382194936275482,0.0,0.0,0.0,-2.98023217215615e-10,-0.02347646653652191,-0.985776960849762,0.168058842420578,0.0,0.0,0.0,0.0,-0.019652195274829865,-1.0,-0.0,0.0,0.0,0.00711638480424881,0.0018999999156221747,-0.016959700733423233,-0.9961947202682495,-0.0,0.08715574443340302,0.0,-0.0005882382392883301,0.0,-0.060253534466028214,-0.9996573328971863,-0.0,0.026176923885941505,0.0,1.19209286886246e-09,-1.490116086078075e-10,-0.04255415499210358,-0.9995051622390747,0.03145527467131615,0.0,0.0,-2.38418573772492e-09,0.0,-0.02208789810538292,-0.999065101146698,0.04323066025972366,0.0,0.0,0.0,0.0,-0.017740869894623756,-1.0,-0.0,0.0,0.0,0.013503451831638813,-0.0037700000684708357,-0.014087309129536152,-0.9914448857307434,-0.0,0.13052619993686676,0.0,0.0048975334502756596,-3.847479547403054e-06,-0.05743739381432533,-0.9986295104026794,-0.0,0.05233589559793472,0.0,4.76837147544984e-09,-2.98023217215615e-10,-0.03276757150888443,-0.9988899827003479,0.04710528254508972,0.0,0.0,2.38418573772492e-09,0.0,-0.016709718853235245,-0.9975409507751465,0.07008709013462067,0.0,0.0,0.0,0.0,-0.01388302817940712,-1.0,-0.0,0.0,0.0
1782948528.1442251,2026-07-01 19:28:48.144,18097.0,18097,left,0,1,pinch,3,0.0,0.003969999961555004,-0.04999999701976776,-1.0,-0.0,0.0,0.0,0.0,0.0,0.0,-1.0,-0.0,0.0,0.0,0.025476500391960144,-0.012044699862599373,-0.022234899923205376,-0.7592527866363525,0.011955155059695244,0.36247265338897705,0.5403757691383362,-5.7220457705398076e-08,-4.3511388270189855e-08,-0.027230437844991684,-0.9576794505119324,0.28783705830574036,0.0,0.0,3.5762786065873797e-09,6.318092005130893e-08,-0.031859491020441055,-0.8915700912475586,0.4528827369213104,0.0,0.0,2.384185648907078e-08,0.0,-0.023122519254684448,-1.0,-0.0,0.0,0.0,0.012359999120235443,0.0032300001475960016,-0.017000000923871994,-0.9990482330322266,-0.0,0.04361938685178757,0.0,0.0021501504816114902,-3.890097104886081e-06,-0.06502876430749893,-0.9458962678909302,0.32444190979003906,0.003995727747678757,0.0013705325545743108,-9.53674295089968e-09,-9.53674295089968e-09,-0.036917347460985184,-0.7915522456169128,0.611101508140564,0.0,0.0,-2.8610228852699038e-08,-2.98023217215615e-10,-0.0216355137526989,-0.9491757154464722,0.31474676728248596,0.0,0.0,1.2636184010261786e-07,2.98023217215615e-10,-0.018689393997192383,-1.0,-0.0,0.0,0.0,0.0,0.003969999961555004,-0.01750910095870495,-1.0,-0.0,0.0,0.0,0.0,4.610121322912164e-06,-0.06379090249538422,-1.0,-0.0,0.0,0.0,0.0,2.98023217215615e-10,-0.044606998562812805,-0.9993282556533813,0.036646850407123566,0.0,0.0,0.0,0.0,-0.023475991562008858,-0.9987035393714905,0.050904761999845505,0.0,0.0,0.0,0.0,-0.019651994109153748,-1.0,-0.0,0.0,0.0,-0.00711638992652297,0.0018999999156221747,-0.016959700733423233,-0.9961947202682495,-0.0,-0.08715574443340302,0.0,0.0005882433033548295,0.0,-0.060253534466028214,-0.9996573328971863,-0.0,-0.026176923885941505,0.0,-1.1086464013487785e-07,-1.490116086078075e-10,-0.04255366697907448,-0.9993911981582642,0.03489004820585251,0.0,0.0,4.5299529460862686e-08,0.0,-0.022088106721639633,-0.9988139271736145,0.048689693212509155,0.0,0.0,-1.4305114426349519e-08,0.0,-0.017740696668624878,-1.0,-0.0,0.0,0.0,-0.013503500260412693,-0.0037700000684708357,-0.014087299816310406,-0.9914448857307434,-0.0,-0.13052619993686676,0.0,-0.004897483624517918,-3.8501621020259336e-06,-0.05743739381432533,-0.9986295104026794,-0.0,-0.05233589559793472,0.0,5.4836270635405526e-08,-2.98023217215615e-10,-0.03276759013533592,-0.9988899827003479,0.04710528254508972,0.0,0.0,-9.298324243900424e-08,0.0,-0.01670967973768711,-0.9975409507751465,0.07008709013462067,0.0,0.0,6.19888282926695e-08,0.0,-0.013883084990084171,-1.0,-0.0,0.0,0.0
1782948528.1889145,2026-07-01 19:28:48.188,15280.0,15280,right,0,2,pinch,3,0.0,0.003969999961555004,-0.04999999701976776,-1.0,-0.0,0.0,0.0,0.0,0.0,0.0,-1.0,-0.0,0.0,0.0,-0.025476505979895592,-0.012044684961438179,-0.022234933450818062,-0.7775479555130005,0.01785019226372242,-0.32583853602409363,-0.5375219583511353,0.0,1.19209286886246e-09,-0.02723044343292713,-0.9645612835884094,0.2638590633869171,0.0,0.0,2.38418573772492e-09,-1.19209286886246e-09,-0.031859468668699265,-0.9058974981307983,0.4234970211982727,0.0,0.0,0.0,-3.5762786065873797e-09,-0.023122519254684448,-1.0,-0.0,0.0,0.0,-0.012360505759716034,0.0032300001475960016,-0.016998957842588425,-0.9990482330322266,-0.0,-0.04361938685178757,0.0,-0.002149570034816861,-3.8927792047616094e-06,-0.06502974033355713,-0.9143220782279968,0.40495961904525757,-0.004384379833936691,-0.0019418722949922085,0.0,0.0,-0.03691747412085533,-0.7605283856391907,0.6493047475814819,0.0,0.0,-2.38418573772492e-09,-2.98023217215615e-10,-0.02163529396057129,-0.9426024556159973,0.3339170515537262,0.0,0.0,0.0,2.98023217215615e-10,-0.01868978515267372,-1.0,-0.0,0.0,0.0,0.0,0.003969999961555004,-0.017509059980511665,-1.0,-0.0,0.0,0.0,0.0,4.611611075233668e-06,-0.0637909397482872,-0.9999995231628418,0.0009798974497243762,0.0,0.0,0.0,2.98023217215615e-10,-0.04460655897855759,-0.9910054206848145,0.13382194936275482,0.0,0.0,0.0,-2.98023217215615e-10,-0.02347646653652191,-0.985776960849762,0.168058842420578,0.0,0.0,0.0,0.0,-0.019652195274829865,-1.0,-0.0,0.0,0.0,0.00711638480424881,0.0018999999156221747,-0.016959700733423233,-0.9961947202682495,-0.0,0.08715574443340302,0.0,-0.0005882382392883301,0.0,-0.060253534466028214,-0.9996573328971863,-0.0,0.026176923885941505,0.0,1.19209286886246e-09,-1.490116086078075e-10,-0.04255415499210358,-0.9995051622390747,0.03145527467131615,0.0,0.0,-2.38418573772492e-09,0.0,-0.02208789810538292,-0.999065101146698,0.04323066025972366,0.0,0.0,0.0,0.0,-0.017740869894623756,-1.0,-0.0,0.0,0.0,0.013503451831638813,-0.0037700000684708357,-0.014087309129536152,-0.9914448857307434,-0.0,0.13052619993686676,0.0,0.0048975334502756596,-3.847479547403054e-06,-0.05743739381432533,-0.9986295104026794,-0.0,0.05233589559793472,0.0,4.76837147544984e-09,-2.98023217215615e-10,-0.03276757150888443,-0.9988899827003479,0.04710528254508972,0.0,0.0,2.38418573772492e-09,0.0,-0.016709718853235245,-0.9975409507751465,0.07008709013462067,0.0,0.0,0.0,0.0,-0.01388302817940712,-1.0,-0.0,0.0,0.0
1782948528.362438,2026-07-01 19:28:48.362,18098.0,18098,left,0,1,pinch,3,0.0,0.003969999961555004,-0.04999999701976776,-1.0,-0.0,0.0,0.0,0.0,0.0,0.0,-1.0,-0.0,0.0,0.0,0.025476500391960144,-0.012044699862599373,-0.022234899923205376,-0.7592527866363525,0.011955155059695244,0.36247265338897705,0.5403757691383362,-5.7220457705398076e-08,-4.3511388270189855e-08,-0.027230437844991684,-0.9576794505119324,0.28783705830574036,0.0,0.0,3.5762786065873797e-09,6.318092005130893e-08,-0.031859491020441055,-0.8915700912475586,0.4528827369213104,0.0,0.0,2.384185648907078e-08,0.0,-0.023122519254684448,-1.0,-0.0,0.0,0.0,0.012359999120235443,0.0032300001475960016,-0.017000000923871994,-0.9990482330322266,-0.0,0.04361938685178757,0.0,0.0021501504816114902,-3.890097104886081e-06,-0.06502876430749893,-0.9458962678909302,0.32444190979003906,0.003995727747678757,0.0013705325545743108,-9.53674295089968e-09,-9.53674295089968e-09,-0.036917347460985184,-0.7915522456169128,0.611101508140564,0.0,0.0,-2.8610228852699038e-08,-2.98023217215615e-10,-0.0216355137526989,-0.9491757154464722,0.31474676728248596,0.0,0.0,1.2636184010261786e-07,2.98023217215615e-10,-0.018689393997192383,-1.0,-0.0,0.0,0.0,0.0,0.003969999961555004,-0.01750910095870495,-1.0,-0.0,0.0,0.0,0.0,4.610121322912164e-06,-0.06379090249538422,-1.0,-0.0,0.0,0.0,0.0,2.98023217215615e-10,-0.044606998562812805,-0.9993282556533813,0.036646850407123566,0.0,0.0,0.0,0.0,-0.023475991562008858,-0.9987035393714905,0.050904761999845505,0.0,0.0,0.0,0.0,-0.019651994109153748,-1.0,-0.0,0.0,0.0,-0.00711638992652297,0.0018999999156221747,-0.016959700733423233,-0.9961947202682495,-0.0,-0.08715574443340302,0.0,0.0005882433033548295,0.0,-0.060253534466028214,-0.9996573328971863,-0.0,-0.026176923885941505,0.0,-1.1086464013487785e-07,-1.490116086078075e-10,-0.04255366697907448,-0.9993911981582642,0.03489004820585251,0.0,0.0,4.5299529460862686e-08,0.0,-0.022088106721639633,-0.9988139271736145,0.048689693212509155,0.0,0.0,-1.4305114426349519e-08,0.0,-0.017740696668624878,-1.0,-0.0,0.0,0.0,-0.013503500260412693,-0.0037700000684708357,-0.014087299816310406,-0.9914448857307434,-0.0,-0.13052619993686676,0.0,-0.004897483624517918,-3.8501621020259336e-06,-0.05743739381432533,-0.9986295104026794,-0.0,-0.05233589559793472,0.0,5.4836270635405526e-08,-2.98023217215615e-10,-0.03276759013533592,-0.9988899827003479,0.04710528254508972,0.0,0.0,-9.298324243900424e-08,0.0,-0.01670967973768711,-0.9975409507751465,0.07008709013462067,0.0,0.0,6.19888282926695e-08,0.0,-0.013883084990084171,-1.0,-0.0,0.0,0.0
1782948528.3939023,2026-07-01 19:28:48.393,15293.0,15293,right,0,2,pinch,3,0.0,0.003969999961555004,-0.04999999701976776,-1.0,-0.0,0.0,0.0,0.0,0.0,0.0,-1.0,-0.0,0.0,0.0,-0.025476505979895592,-0.012044684961438179,-0.022234933450818062,-0.7775479555130005,0.01785019226372242,-0.32583853602409363,-0.5375219583511353,0.0,1.19209286886246e-09,-0.02723044343292713,-0.9645612835884094,0.2638590633869171,0.0,0.0,2.38418573772492e-09,-1.19209286886246e-09,-0.031859468668699265,-0.9058974981307983,0.4234970211982727,0.0,0.0,0.0,-3.5762786065873797e-09,-0.023122519254684448,-1.0,-0.0,0.0,0.0,-0.012360505759716034,0.0032300001475960016,-0.016998957842588425,-0.9990482330322266,-0.0,-0.04361938685178757,0.0,-0.002149570034816861,-3.8927792047616094e-06,-0.06502974033355713,-0.9143220782279968,0.40495961904525757,-0.004384379833936691,-0.0019418722949922085,0.0,0.0,-0.03691747412085533,-0.7605283856391907,0.6493047475814819,0.0,0.0,-2.38418573772492e-09,-2.98023217215615e-10,-0.02163529396057129,-0.9426024556159973,0.3339170515537262,0.0,0.0,0.0,2.98023217215615e-10,-0.01868978515267372,-1.0,-0.0,0.0,0.0,0.0,0.003969999961555004,-0.017509059980511665,-1.0,-0.0,0.0,0.0,0.0,4.611611075233668e-06,-0.0637909397482872,-0.9999995231628418,0.0009798974497243762,0.0,0.0,0.0,2.98023217215615e-10,-0.04460655897855759,-0.9910054206848145,0.13382194936275482,0.0,0.0,0.0,-2.98023217215615e-10,-0.02347646653652191,-0.985776960849762,0.168058842420578,0.0,0.0,0.0,0.0,-0.019652195274829865,-1.0,-0.0,0.0,0.0,0.00711638480424881,0.0018999999156221747,-0.016959700733423233,-0.9961947202682495,-0.0,0.08715574443340302,0.0,-0.0005882382392883301,0.0,-0.060253534466028214,-0.9996573328971863,-0.0,0.026176923885941505,0.0,1.19209286886246e-09,-1.490116086078075e-10,-0.04255415499210358,-0.9995051622390747,0.03145527467131615,0.0,0.0,-2.38418573772492e-09,0.0,-0.02208789810538292,-0.999065101146698,0.04323066025972366,0.0,0.0,0.0,0.0,-0.017740869894623756,-1.0,-0.0,0.0,0.0,0.013503451831638813,-0.0037700000684708357,-0.014087309129536152,-0.9914448857307434,-0.0,0.13052619993686676,0.0,0.0048975334502756596,-3.847479547403054e-06,-0.05743739381432533,-0.9986295104026794,-0.0,0.05233589559793472,0.0,4.76837147544984e-09,-2.98023217215615e-10,-0.03276757150888443,-0.9988899827003479,0.04710528254508972,0.0,0.0,2.38418573772492e-09,0.0,-0.016709718853235245,-0.9975409507751465,0.07008709013462067,0.0,0.0,0.0,0.0,-0.01388302817940712,-1.0,-0.0,0.0,0.0
1782948528.5782387,2026-07-01 19:28:48.578,18100.0,18100,left,0,1,pinch,3,0.0,0.003969999961555004,-0.04999999701976776,-1.0,-0.0,0.0,0.0,0.0,0.0,0.0,-1.0,-0.0,0.0,0.0,0.025476500391960144,-0.012044699862599373,-0.022234899923205376,-0.7592527866363525,0.011955155059695244,0.36247265338897705,0.5403757691383362,-5.7220457705398076e-08,-4.3511388270189855e-08,-0.027230437844991684,-0.9576794505119324,0.28783705830574036,0.0,0.0,3.5762786065873797e-09,6.318092005130893e-08,-0.031859491020441055,-0.8915700912475586,0.4528827369213104,0.0,0.0,2.384185648907078e-08,0.0,-0.023122519254684448,-1.0,-0.0,0.0,0.0,0.012359999120235443,0.0032300001475960016,-0.017000000923871994,-0.9990482330322266,-0.0,0.04361938685178757,0.0,0.0021501504816114902,-3.890097104886081e-06,-0.06502876430749893,-0.9458962678909302,0.32444190979003906,0.003995727747678757,0.0013705325545743108,-9.53674295089968e-09,-9.53674295089968e-09,-0.036917347460985184,-0.7915522456169128,0.611101508140564,0.0,0.0,-2.8610228852699038e-08,-2.98023217215615e-10,-0.0216355137526989,-0.9491757154464722,0.31474676728248596,0.0,0.0,1.2636184010261786e-07,2.98023217215615e-10,-0.018689393997192383,-1.0,-0.0,0.0,0.0,0.0,0.003969999961555004,-0.01750910095870495,-1.0,-0.0,0.0,0.0,0.0,4.610121322912164e-06,-0.06379090249538422,-1.0,-0.0,0.0,0.0,0.0,2.98023217215615e-10,-0.044606998562812805,-0.9993282556533813,0.036646850407123566,0.0,0.0,0.0,0.0,-0.023475991562008858,-0.9987035393714905,0.050904761999845505,0.0,0.0,0.0,0.0,-0.019651994109153748,-1.0,-0.0,0.0,0.0,-0.00711638992652297,0.0018999999156221747,-0.016959700733423233,-0.9961947202682495,-0.0,-0.08715574443340302,0.0,0.0005882433033548295,0.0,-0.060253534466028214,-0.9996573328971863,-0.0,-0.026176923885941505,0.0,-1.1086464013487785e-07,-1.490116086078075e-10,-0.04255366697907448,-0.9993911981582642,0.03489004820585251,0.0,0.0,4.5299529460862686e-08,0.0,-0.022088106721639633,-0.9988139271736145,0.048689693212509155,0.0,0.0,-1.4305114426349519e-08,0.0,-0.017740696668624878,-1.0,-0.0,0.0,0.0,-0.013503500260412693,-0.0037700000684708357,-0.014087299816310406,-0.9914448857307434,-0.0,-0.13052619993686676,0.0,-0.004897483624517918,-3.8501621020259336e-06,-0.05743739381432533,-0.9986295104026794,-0.0,-0.05233589559793472,0.0,5.4836270635405526e-08,-2.98023217215615e-10,-0.03276759013533592,-0.9988899827003479,0.04710528254508972,0.0,0.0,-9.298324243900424e-08,0.0,-0.01670967973768711,-0.9975409507751465,0.07008709013462067,0.0,0.0,6.19888282926695e-08,0.0,-0.013883084990084171,-1.0,-0.0,0.0,0.0
1782948528.599362,2026-07-01 19:28:48.599,15305.0,15305,right,0,2,pinch,3,0.0,0.003969999961555004,-0.04999999701976776,-1.0,-0.0,0.0,0.0,0.0,0.0,0.0,-1.0,-0.0,0.0,0.0,-0.025476505979895592,-0.012044684961438179,-0.022234933450818062,-0.7775479555130005,0.01785019226372242,-0.32583853602409363,-0.5375219583511353,0.0,1.19209286886246e-09,-0.02723044343292713,-0.9645612835884094,0.2638590633869171,0.0,0.0,2.38418573772492e-09,-1.19209286886246e-09,-0.031859468668699265,-0.9058974981307983,0.4234970211982727,0.0,0.0,0.0,-3.5762786065873797e-09,-0.023122519254684448,-1.0,-0.0,0.0,0.0,-0.012360505759716034,0.0032300001475960016,-0.016998957842588425,-0.9990482330322266,-0.0,-0.04361938685178757,0.0,-0.002149570034816861,-3.8927792047616094e-06,-0.06502974033355713,-0.9143220782279968,0.40495961904525757,-0.004384379833936691,-0.0019418722949922085,0.0,0.0,-0.03691747412085533,-0.7605283856391907,0.6493047475814819,0.0,0.0,-2.38418573772492e-09,-2.98023217215615e-10,-0.02163529396057129,-0.9426024556159973,0.3339170515537262,0.0,0.0,0.0,2.98023217215615e-10,-0.01868978515267372,-1.0,-0.0,0.0,0.0,0.0,0.003969999961555004,-0.017509059980511665,-1.0,-0.0,0.0,0.0,0.0,4.611611075233668e-06,-0.0637909397482872,-0.9999995231628418,0.0009798974497243762,0.0,0.0,0.0,2.98023217215615e-10,-0.04460655897855759,-0.9910054206848145,0.13382194936275482,0.0,0.0,0.0,-2.98023217215615e-10,-0.02347646653652191,-0.985776960849762,0.168058842420578,0.0,0.0,0.0,0.0,-0.019652195274829865,-1.0,-0.0,0.0,0.0,0.00711638480424881,0.0018999999156221747,-0.016959700733423233,-0.9961947202682495,-0.0,0.08715574443340302,0.0,-0.0005882382392883301,0.0,-0.060253534466028214,-0.9996573328971863,-0.0,0.026176923885941505,0.0,1.19209286886246e-09,-1.490116086078075e-10,-0.04255415499210358,-0.9995051622390747,0.03145527467131615,0.0,0.0,-2.38418573772492e-09,0.0,-0.02208789810538292,-0.999065101146698,0.04323066025972366,0.0,0.0,0.0,0.0,-0.017740869894623756,-1.0,-0.0,0.0,0.0,0.013503451831638813,-0.0037700000684708357,-0.014087309129536152,-0.9914448857307434,-0.0,0.13052619993686676,0.0,0.0048975334502756596,-3.847479547403054e-06,-0.05743739381432533,-0.9986295104026794,-0.0,0.05233589559793472,0.0,4.76837147544984e-09,-2.98023217215615e-10,-0.03276757150888443,-0.9988899827003479,0.04710528254508972,0.0,0.0,2.38418573772492e-09,0.0,-0.016709718853235245,-0.9975409507751465,0.07008709013462067,0.0,0.0,0.0,0.0,-0.01388302817940712,-1.0,-0.0,0.0,0.0
1782948528.7801218,2026-07-01 19:28:48.780,18102.0,18102,left,0,1,pinch,3,0.0,0.003969999961555004,-0.04999999701976776,-1.0,-0.0,0.0,0.0,0.0,0.0,0.0,-1.0,-0.0,0.0,0.0,0.025476500391960144,-0.012044699862599373,-0.022234899923205376,-0.7592527866363525,0.011955155059695244,0.36247265338897705,0.5403757691383362,-5.7220457705398076e-08,-4.3511388270189855e-08,-0.027230437844991684,-0.9576794505119324,0.28783705830574036,0.0,0.0,3.5762786065873797e-09,6.318092005130893e-08,-0.031859491020441055,-0.8915700912475586,0.4528827369213104,0.0,0.0,2.384185648907078e-08,0.0,-0.023122519254684448,-1.0,-0.0,0.0,0.0,0.012359999120235443,0.0032300001475960016,-0.017000000923871994,-0.9990482330322266,-0.0,0.04361938685178757,0.0,0.0021501504816114902,-3.890097104886081e-06,-0.06502876430749893,-0.9458962678909302,0.32444190979003906,0.003995727747678757,0.0013705325545743108,-9.53674295089968e-09,-9.53674295089968e-09,-0.036917347460985184,-0.7915522456169128,0.611101508140564,0.0,0.0,-2.8610228852699038e-08,-2.98023217215615e-10,-0.0216355137526989,-0.9491757154464722,0.31474676728248596,0.0,0.0,1.2636184010261786e-07,2.98023217215615e-10,-0.018689393997192383,-1.0,-0.0,0.0,0.0,0.0,0.003969999961555004,-0.01750910095870495,-1.0,-0.0,0.0,0.0,0.0,4.610121322912164e-06,-0.06379090249538422,-1.0,-0.0,0.0,0.0,0.0,2.98023217215615e-10,-0.044606998562812805,-0.9993282556533813,0.036646850407123566,0.0,0.0,0.0,0.0,-0.023475991562008858,-0.9987035393714905,0.050904761999845505,0.0,0.0,0.0,0.0,-0.019651994109153748,-1.0,-0.0,0.0,0.0,-0.00711638992652297,0.0018999999156221747,-0.016959700733423233,-0.9961947202682495,-0.0,-0.08715574443340302,0.0,0.0005882433033548295,0.0,-0.060253534466028214,-0.9996573328971863,-0.0,-0.026176923885941505,0.0,-1.1086464013487785e-07,-1.490116086078075e-10,-0.04255366697907448,-0.9993911981582642,0.03489004820585251,0.0,0.0,4.5299529460862686e-08,0.0,-0.022088106721639633,-0.9988139271736145,0.048689693212509155,0.0,0.0,-1.4305114426349519e-08,0.0,-0.017740696668624878,-1.0,-0.0,0.0,0.0,-0.013503500260412693,-0.0037700000684708357,-0.014087299816310406,-0.9914448857307434,-0.0,-0.13052619993686676,0.0,-0.004897483624517918,-3.8501621020259336e-06,-0.05743739381432533,-0.9986295104026794,-0.0,-0.05233589559793472,0.0,5.4836270635405526e-08,-2.98023217215615e-10,-0.03276759013533592,-0.9988899827003479,0.04710528254508972,0.0,0.0,-9.298324243900424e-08,0.0,-0.01670967973768711,-0.9975409507751465,0.07008709013462067,0.0,0.0,6.19888282926695e-08,0.0,-0.013883084990084171,-1.0,-0.0,0.0,0.0
1782948528.803931,2026-07-01 19:28:48.803,15317.0,15317,right,0,2,pinch,3,0.0,0.003969999961555004,-0.04999999701976776,-1.0,-0.0,0.0,0.0,0.0,0.0,0.0,-1.0,-0.0,0.0,0.0,-0.025476505979895592,-0.012044684961438179,-0.022234933450818062,-0.7775479555130005,0.01785019226372242,-0.32583853602409363,-0.5375219583511353,0.0,1.19209286886246e-09,-0.02723044343292713,-0.9645612835884094,0.2638590633869171,0.0,0.0,2.38418573772492e-09,-1.19209286886246e-09,-0.031859468668699265,-0.9058974981307983,0.4234970211982727,0.0,0.0,0.0,-3.5762786065873797e-09,-0.023122519254684448,-1.0,-0.0,0.0,0.0,-0.012360505759716034,0.0032300001475960016,-0.016998957842588425,-0.9990482330322266,-0.0,-0.04361938685178757,0.0,-0.002149570034816861,-3.8927792047616094e-06,-0.06502974033355713,-0.9143220782279968,0.40495961904525757,-0.004384379833936691,-0.0019418722949922085,0.0,0.0,-0.03691747412085533,-0.7605283856391907,0.6493047475814819,0.0,0.0,-2.38418573772492e-09,-2.98023217215615e-10,-0.02163529396057129,-0.9426024556159973,0.3339170515537262,0.0,0.0,0.0,2.98023217215615e-10,-0.01868978515267372,-1.0,-0.0,0.0,0.0,0.0,0.003969999961555004,-0.017509059980511665,-1.0,-0.0,0.0,0.0,0.0,4.611611075233668e-06,-0.0637909397482872,-0.9999995231628418,0.0009798974497243762,0.0,0.0,0.0,2.98023217215615e-10,-0.04460655897855759,-0.9910054206848145,0.13382194936275482,0.0,0.0,0.0,-2.98023217215615e-10,-0.02347646653652191,-0.985776960849762,0.168058842420578,0.0,0.0,0.0,0.0,-0.019652195274829865,-1.0,-0.0,0.0,0.0,0.00711638480424881,0.0018999999156221747,-0.016959700733423233,-0.9961947202682495,-0.0,0.08715574443340302,0.0,-0.0005882382392883301,0.0,-0.060253534466028214,-0.9996573328971863,-0.0,0.026176923885941505,0.0,1.19209286886246e-09,-1.490116086078075e-10,-0.04255415499210358,-0.9995051622390747,0.03145527467131615,0.0,0.0,-2.38418573772492e-09,0.0,-0.02208789810538292,-0.999065101146698,0.04323066025972366,0.0,0.0,0.0,0.0,-0.017740869894623756,-1.0,-0.0,0.0,0.0,0.013503451831638813,-0.0037700000684708357,-0.014087309129536152,-0.9914448857307434,-0.0,0.13052619993686676,0.0,0.0048975334502756596,-3.847479547403054e-06,-0.05743739381432533,-0.9986295104026794,-0.0,0.05233589559793472,0.0,4.76837147544984e-09,-2.98023217215615e-10,-0.03276757150888443,-0.9988899827003479,0.04710528254508972,0.0,0.0,2.38418573772492e-09,0.0,-0.016709718853235245,-0.9975409507751465,0.07008709013462067,0.0,0.0,0.0,0.0,-0.01388302817940712,-1.0,-0.0,0.0,0.0
1782948528.987464,2026-07-01 19:28:48.987,18104.0,18104,left,0,1,pinch,3,0.0,0.003969999961555004,-0.04999999701976776,-1.0,-0.0,0.0,0.0,0.0,0.0,0.0,-1.0,-0.0,0.0,0.0,0.025476500391960144,-0.012044699862599373,-0.022234899923205376,-0.7592527866363525,0.011955155059695244,0.36247265338897705,0.5403757691383362,-5.7220457705398076e-08,-4.3511388270189855e-08,-0.027230437844991684,-0.9576794505119324,0.28783705830574036,0.0,0.0,3.5762786065873797e-09,6.318092005130893e-08,-0.031859491020441055,-0.8915700912475586,0.4528827369213104,0.0,0.0,2.384185648907078e-08,0.0,-0.023122519254684448,-1.0,-0.0,0.0,0.0,0.012359999120235443,0.0032300001475960016,-0.017000000923871994,-0.9990482330322266,-0.0,0.04361938685178757,0.0,0.0021501504816114902,-3.890097104886081e-06,-0.06502876430749893,-0.9458962678909302,0.32444190979003906,0.003995727747678757,0.0013705325545743108,-9.53674295089968e-09,-9.53674295089968e-09,-0.036917347460985184,-0.7915522456169128,0.611101508140564,0.0,0.0,-2.8610228852699038e-08,-2.98023217215615e-10,-0.0216355137526989,-0.9491757154464722,0.31474676728248596,0.0,0.0,1.2636184010261786e-07,2.98023217215615e-10,-0.018689393997192383,-1.0,-0.0,0.0,0.0,0.0,0.003969999961555004,-0.01750910095870495,-1.0,-0.0,0.0,0.0,0.0,4.610121322912164e-06,-0.06379090249538422,-1.0,-0.0,0.0,0.0,0.0,2.98023217215615e-10,-0.044606998562812805,-0.9993282556533813,0.036646850407123566,0.0,0.0,0.0,0.0,-0.023475991562008858,-0.9987035393714905,0.050904761999845505,0.0,0.0,0.0,0.0,-0.019651994109153748,-1.0,-0.0,0.0,0.0,-0.00711638992652297,0.0018999999156221747,-0.016959700733423233,-0.9961947202682495,-0.0,-0.08715574443340302,0.0,0.0005882433033548295,0.0,-0.060253534466028214,-0.9996573328971863,-0.0,-0.026176923885941505,0.0,-1.1086464013487785e-07,-1.490116086078075e-10,-0.04255366697907448,-0.9993911981582642,0.03489004820585251,0.0,0.0,4.5299529460862686e-08,0.0,-0.022088106721639633,-0.9988139271736145,0.048689693212509155,0.0,0.0,-1.4305114426349519e-08,0.0,-0.017740696668624878,-1.0,-0.0,0.0,0.0,-0.013503500260412693,-0.0037700000684708357,-0.014087299816310406,-0.9914448857307434,-0.0,-0.13052619993686676,0.0,-0.004897483624517918,-3.8501621020259336e-06,-0.05743739381432533,-0.9986295104026794,-0.0,-0.05233589559793472,0.0,5.4836270635405526e-08,-2.98023217215615e-10,-0.03276759013533592,-0.9988899827003479,0.04710528254508972,0.0,0.0,-9.298324243900424e-08,0.0,-0.01670967973768711,-0.9975409507751465,0.07008709013462067,0.0,0.0,6.19888282926695e-08,0.0,-0.013883084990084171,-1.0,-0.0,0.0,0.0
1782948529.0194502,2026-07-01 19:28:49.019,15330.0,15330,right,0,2,pinch,3,0.0,0.003969999961555004,-0.04999999701976776,-1.0,-0.0,0.0,0.0,0.0,0.0,0.0,-1.0,-0.0,0.0,0.0,-0.025476505979895592,-0.012044684961438179,-0.022234933450818062,-0.7775479555130005,0.01785019226372242,-0.32583853602409363,-0.5375219583511353,0.0,1.19209286886246e-09,-0.02723044343292713,-0.9645612835884094,0.2638590633869171,0.0,0.0,2.38418573772492e-09,-1.19209286886246e-09,-0.031859468668699265,-0.9058974981307983,0.4234970211982727,0.0,0.0,0.0,-3.5762786065873797e-09,-0.023122519254684448,-1.0,-0.0,0.0,0.0,-0.012360505759716034,0.0032300001475960016,-0.016998957842588425,-0.9990482330322266,-0.0,-0.04361938685178757,0.0,-0.002149570034816861,-3.8927792047616094e-06,-0.06502974033355713,-0.9143220782279968,0.40495961904525757,-0.004384379833936691,-0.0019418722949922085,0.0,0.0,-0.03691747412085533,-0.7605283856391907,0.6493047475814819,0.0,0.0,-2.38418573772492e-09,-2.98023217215615e-10,-0.02163529396057129,-0.9426024556159973,0.3339170515537262,0.0,0.0,0.0,2.98023217215615e-10,-0.01868978515267372,-1.0,-0.0,0.0,0.0,0.0,0.003969999961555004,-0.017509059980511665,-1.0,-0.0,0.0,0.0,0.0,4.611611075233668e-06,-0.0637909397482872,-0.9999995231628418,0.0009798974497243762,0.0,0.0,0.0,2.98023217215615e-10,-0.04460655897855759,-0.9910054206848145,0.13382194936275482,0.0,0.0,0.0,-2.98023217215615e-10,-0.02347646653652191,-0.985776960849762,0.168058842420578,0.0,0.0,0.0,0.0,-0.019652195274829865,-1.0,-0.0,0.0,0.0,0.00711638480424881,0.0018999999156221747,-0.016959700733423233,-0.9961947202682495,-0.0,0.08715574443340302,0.0,-0.0005882382392883301,0.0,-0.060253534466028214,-0.9996573328971863,-0.0,0.026176923885941505,0.0,1.19209286886246e-09,-1.490116086078075e-10,-0.04255415499210358,-0.9995051622390747,0.03145527467131615,0.0,0.0,-2.38418573772492e-09,0.0,-0.02208789810538292,-0.999065101146698,0.04323066025972366,0.0,0.0,0.0,0.0,-0.017740869894623756,-1.0,-0.0,0.0,0.0,0.013503451831638813,-0.0037700000684708357,-0.014087309129536152,-0.9914448857307434,-0.0,0.13052619993686676,0.0,0.0048975334502756596,-3.847479547403054e-06,-0.05743739381432533,-0.9986295104026794,-0.0,0.05233589559793472,0.0,4.76837147544984e-09,-2.98023217215615e-10,-0.03276757150888443,-0.9988899827003479,0.04710528254508972,0.0,0.0,2.38418573772492e-09,0.0,-0.016709718853235245,-0.9975409507751465,0.07008709013462067,0.0,0.0,0.0,0.0,-0.01388302817940712,-1.0,-0.0,0.0,0.0
1782948529.203252,2026-07-01 19:28:49.203,18105.0,18105,left,0,1,pinch,3,0.0,0.003969999961555004,-0.04999999701976776,-1.0,-0.0,0.0,0.0,0.0,0.0,0.0,-1.0,-0.0,0.0,0.0,0.025476500391960144,-0.012044699862599373,-0.022234899923205376,-0.7592527866363525,0.011955155059695244,0.36247265338897705,0.5403757691383362,-5.7220457705398076e-08,-4.3511388270189855e-08,-0.027230437844991684,-0.9576794505119324,0.28783705830574036,0.0,0.0,3.5762786065873797e-09,6.318092005130893e-08,-0.031859491020441055,-0.8915700912475586,0.4528827369213104,0.0,0.0,2.384185648907078e-08,0.0,-0.023122519254684448,-1.0,-0.0,0.0,0.0,0.012359999120235443,0.0032300001475960016,-0.017000000923871994,-0.9990482330322266,-0.0,0.04361938685178757,0.0,0.0021501504816114902,-3.890097104886081e-06,-0.06502876430749893,-0.9458962678909302,0.32444190979003906,0.003995727747678757,0.0013705325545743108,-9.53674295089968e-09,-9.53674295089968e-09,-0.036917347460985184,-0.7915522456169128,0.611101508140564,0.0,0.0,-2.8610228852699038e-08,-2.98023217215615e-10,-0.0216355137526989,-0.9491757154464722,0.31474676728248596,0.0,0.0,1.2636184010261786e-07,2.98023217215615e-10,-0.018689393997192383,-1.0,-0.0,0.0,0.0,0.0,0.003969999961555004,-0.01750910095870495,-1.0,-0.0,0.0,0.0,0.0,4.610121322912164e-06,-0.06379090249538422,-1.0,-0.0,0.0,0.0,0.0,2.98023217215615e-10,-0.044606998562812805,-0.9993282556533813,0.036646850407123566,0.0,0.0,0.0,0.0,-0.023475991562008858,-0.9987035393714905,0.050904761999845505,0.0,0.0,0.0,0.0,-0.019651994109153748,-1.0,-0.0,0.0,0.0,-0.00711638992652297,0.0018999999156221747,-0.016959700733423233,-0.9961947202682495,-0.0,-0.08715574443340302,0.0,0.0005882433033548295,0.0,-0.060253534466028214,-0.9996573328971863,-0.0,-0.026176923885941505,0.0,-1.1086464013487785e-07,-1.490116086078075e-10,-0.04255366697907448,-0.9993911981582642,0.03489004820585251,0.0,0.0,4.5299529460862686e-08,0.0,-0.022088106721639633,-0.9988139271736145,0.048689693212509155,0.0,0.0,-1.4305114426349519e-08,0.0,-0.017740696668624878,-1.0,-0.0,0.0,0.0,-0.013503500260412693,-0.0037700000684708357,-0.014087299816310406,-0.9914448857307434,-0.0,-0.13052619993686676,0.0,-0.004897483624517918,-3.8501621020259336e-06,-0.05743739381432533,-0.9986295104026794,-0.0,-0.05233589559793472,0.0,5.4836270635405526e-08,-2.98023217215615e-10,-0.03276759013533592,-0.9988899827003479,0.04710528254508972,0.0,0.0,-9.298324243900424e-08,0.0,-0.01670967973768711,-0.9975409507751465,0.07008709013462067,0.0,0.0,6.19888282926695e-08,0.0,-0.013883084990084171,-1.0,-0.0,0.0,0.0
1782948529.2254198,2026-07-01 19:28:49.225,15342.0,15342,right,0,2,pinch,3,0.0,0.003969999961555004,-0.04999999701976776,-1.0,-0.0,0.0,0.0,0.0,0.0,0.0,-1.0,-0.0,0.0,0.0,-0.025476505979895592,-0.012044684961438179,-0.022234933450818062,-0.7775479555130005,0.01785019226372242,-0.32583853602409363,-0.5375219583511353,0.0,1.19209286886246e-09,-0.02723044343292713,-0.9645612835884094,0.2638590633869171,0.0,0.0,2.38418573772492e-09,-1.19209286886246e-09,-0.031859468668699265,-0.9058974981307983,0.4234970211982727,0.0,0.0,0.0,-3.5762786065873797e-09,-0.023122519254684448,-1.0,-0.0,0.0,0.0,-0.012360505759716034,0.0032300001475960016,-0.016998957842588425,-0.9990482330322266,-0.0,-0.04361938685178757,0.0,-0.002149570034816861,-3.8927792047616094e-06,-0.06502974033355713,-0.9143220782279968,0.40495961904525757,-0.004384379833936691,-0.0019418722949922085,0.0,0.0,-0.03691747412085533,-0.7605283856391907,0.6493047475814819,0.0,0.0,-2.38418573772492e-09,-2.98023217215615e-10,-0.02163529396057129,-0.9426024556159973,0.3339170515537262,0.0,0.0,0.0,2.98023217215615e-10,-0.01868978515267372,-1.0,-0.0,0.0,0.0,0.0,0.003969999961555004,-0.017509059980511665,-1.0,-0.0,0.0,0.0,0.0,4.611611075233668e-06,-0.0637909397482872,-0.9999995231628418,0.0009798974497243762,0.0,0.0,0.0,2.98023217215615e-10,-0.04460655897855759,-0.9910054206848145,0.13382194936275482,0.0,0.0,0.0,-2.98023217215615e-10,-0.02347646653652191,-0.985776960849762,0.168058842420578,0.0,0.0,0.0,0.0,-0.019652195274829865,-1.0,-0.0,0.0,0.0,0.00711638480424881,0.0018999999156221747,-0.016959700733423233,-0.9961947202682495,-0.0,0.08715574443340302,0.0,-0.0005882382392883301,0.0,-0.060253534466028214,-0.9996573328971863,-0.0,0.026176923885941505,0.0,1.19209286886246e-09,-1.490116086078075e-10,-0.04255415499210358,-0.9995051622390747,0.03145527467131615,0.0,0.0,-2.38418573772492e-09,0.0,-0.02208789810538292,-0.999065101146698,0.04323066025972366,0.0,0.0,0.0,0.0,-0.017740869894623756,-1.0,-0.0,0.0,0.0,0.013503451831638813,-0.0037700000684708357,-0.014087309129536152,-0.9914448857307434,-0.0,0.13052619993686676,0.0,0.0048975334502756596,-3.847479547403054e-06,-0.05743739381432533,-0.9986295104026794,-0.0,0.05233589559793472,0.0,4.76837147544984e-09,-2.98023217215615e-10,-0.03276757150888443,-0.9988899827003479,0.04710528254508972,0.0,0.0,2.38418573772492e-09,0.0,-0.016709718853235245,-0.9975409507751465,0.07008709013462067,0.0,0.0,0.0,0.0,-0.01388302817940712,-1.0,-0.0,0.0,0.0
1782948529.4221556,2026-07-01 19:28:49.422,18107.0,18107,left,0,1,pinch,3,0.0,0.003969999961555004,-0.04999999701976776,-1.0,-0.0,0.0,0.0,0.0,0.0,0.0,-1.0,-0.0,0.0,0.0,0.025476500391960144,-0.012044699862599373,-0.022234899923205376,-0.7592527866363525,0.011955155059695244,0.36247265338897705,0.5403757691383362,-5.7220457705398076e-08,-4.3511388270189855e-08,-0.027230437844991684,-0.9576794505119324,0.28783705830574036,0.0,0.0,3.5762786065873797e-09,6.318092005130893e-08,-0.031859491020441055,-0.8915700912475586,0.4528827369213104,0.0,0.0,2.384185648907078e-08,0.0,-0.023122519254684448,-1.0,-0.0,0.0,0.0,0.012359999120235443,0.0032300001475960016,-0.017000000923871994,-0.9990482330322266,-0.0,0.04361938685178757,0.0,0.0021501504816114902,-3.890097104886081e-06,-0.06502876430749893,-0.9458962678909302,0.32444190979003906,0.003995727747678757,0.0013705325545743108,-9.53674295089968e-09,-9.53674295089968e-09,-0.036917347460985184,-0.7915522456169128,0.611101508140564,0.0,0.0,-2.8610228852699038e-08,-2.98023217215615e-10,-0.0216355137526989,-0.9491757154464722,0.31474676728248596,0.0,0.0,1.2636184010261786e-07,2.98023217215615e-10,-0.018689393997192383,-1.0,-0.0,0.0,0.0,0.0,0.003969999961555004,-0.01750910095870495,-1.0,-0.0,0.0,0.0,0.0,4.610121322912164e-06,-0.06379090249538422,-1.0,-0.0,0.0,0.0,0.0,2.98023217215615e-10,-0.044606998562812805,-0.9993282556533813,0.036646850407123566,0.0,0.0,0.0,0.0,-0.023475991562008858,-0.9987035393714905,0.050904761999845505,0.0,0.0,0.0,0.0,-0.019651994109153748,-1.0,-0.0,0.0,0.0,-0.00711638992652297,0.0018999999156221747,-0.016959700733423233,-0.9961947202682495,-0.0,-0.08715574443340302,0.0,0.0005882433033548295,0.0,-0.060253534466028214,-0.9996573328971863,-0.0,-0.026176923885941505,0.0,-1.1086464013487785e-07,-1.490116086078075e-10,-0.04255366697907448,-0.9993911981582642,0.03489004820585251,0.0,0.0,4.5299529460862686e-08,0.0,-0.022088106721639633,-0.9988139271736145,0.048689693212509155,0.0,0.0,-1.4305114426349519e-08,0.0,-0.017740696668624878,-1.0,-0.0,0.0,0.0,-0.013503500260412693,-0.0037700000684708357,-0.014087299816310406,-0.9914448857307434,-0.0,-0.13052619993686676,0.0,-0.004897483624517918,-3.8501621020259336e-06,-0.05743739381432533,-0.9986295104026794,-0.0,-0.05233589559793472,0.0,5.4836270635405526e-08,-2.98023217215615e-10,-0.03276759013533592,-0.9988899827003479,0.04710528254508972,0.0,0.0,-9.298324243900424e-08,0.0,-0.01670967973768711,-0.9975409507751465,0.07008709013462067,0.0,0.0,6.19888282926695e-08,0.0,-0.013883084990084171,-1.0,-0.0,0.0,0.0
1782948529.4328682,2026-07-01 19:28:49.432,15356.0,15356,right,0,2,pinch,3,0.0,0.003969999961555004,-0.04999999701976776,-1.0,-0.0,0.0,0.0,0.0,0.0,0.0,-1.0,-0.0,0.0,0.0,-0.025476505979895592,-0.012044684961438179,-0.022234933450818062,-0.7775479555130005,0.01785019226372242,-0.32583853602409363,-0.5375219583511353,0.0,1.19209286886246e-09,-0.02723044343292713,-0.9645612835884094,0.2638590633869171,0.0,0.0,2.38418573772492e-09,-1.19209286886246e-09,-0.031859468668699265,-0.9058974981307983,0.4234970211982727,0.0,0.0,0.0,-3.5762786065873797e-09,-0.023122519254684448,-1.0,-0.0,0.0,0.0,-0.012360505759716034,0.0032300001475960016,-0.016998957842588425,-0.9990482330322266,-0.0,-0.04361938685178757,0.0,-0.002149570034816861,-3.8927792047616094e-06,-0.06502974033355713,-0.9143220782279968,0.40495961904525757,-0.004384379833936691,-0.0019418722949922085,0.0,0.0,-0.03691747412085533,-0.7605283856391907,0.6493047475814819,0.0,0.0,-2.38418573772492e-09,-2.98023217215615e-10,-0.02163529396057129,-0.9426024556159973,0.3339170515537262,0.0,0.0,0.0,2.98023217215615e-10,-0.01868978515267372,-1.0,-0.0,0.0,0.0,0.0,0.003969999961555004,-0.017509059980511665,-1.0,-0.0,0.0,0.0,0.0,4.611611075233668e-06,-0.0637909397482872,-0.9999995231628418,0.0009798974497243762,0.0,0.0,0.0,2.98023217215615e-10,-0.04460655897855759,-0.9910054206848145,0.13382194936275482,0.0,0.0,0.0,-2.98023217215615e-10,-0.02347646653652191,-0.985776960849762,0.168058842420578,0.0,0.0,0.0,0.0,-0.019652195274829865,-1.0,-0.0,0.0,0.0,0.00711638480424881,0.0018999999156221747,-0.016959700733423233,-0.9961947202682495,-0.0,0.08715574443340302,0.0,-0.0005882382392883301,0.0,-0.060253534466028214,-0.9996573328971863,-0.0,0.026176923885941505,0.0,1.19209286886246e-09,-1.490116086078075e-10,-0.04255415499210358,-0.9995051622390747,0.03145527467131615,0.0,0.0,-2.38418573772492e-09,0.0,-0.02208789810538292,-0.999065101146698,0.04323066025972366,0.0,0.0,0.0,0.0,-0.017740869894623756,-1.0,-0.0,0.0,0.0,0.013503451831638813,-0.0037700000684708357,-0.014087309129536152,-0.9914448857307434,-0.0,0.13052619993686676,0.0,0.0048975334502756596,-3.847479547403054e-06,-0.05743739381432533,-0.9986295104026794,-0.0,0.05233589559793472,0.0,4.76837147544984e-09,-2.98023217215615e-10,-0.03276757150888443,-0.9988899827003479,0.04710528254508972,0.0,0.0,2.38418573772492e-09,0.0,-0.016709718853235245,-0.9975409507751465,0.07008709013462067,0.0,0.0,0.0,0.0,-0.01388302817940712,-1.0,-0.0,0.0,0.0
1782948529.6326637,2026-07-01 19:28:49.632,18109.0,18109,left,0,1,pinch,3,0.0,0.003969999961555004,-0.04999999701976776,-1.0,-0.0,0.0,0.0,0.0,0.0,0.0,-1.0,-0.0,0.0,0.0,0.025476500391960144,-0.012044699862599373,-0.022234899923205376,-0.7592527866363525,0.011955155059695244,0.36247265338897705,0.5403757691383362,-5.7220457705398076e-08,-4.3511388270189855e-08,-0.027230437844991684,-0.9576794505119324,0.28783705830574036,0.0,0.0,3.5762786065873797e-09,6.318092005130893e-08,-0.031859491020441055,-0.8915700912475586,0.4528827369213104,0.0,0.0,2.384185648907078e-08,0.0,-0.023122519254684448,-1.0,-0.0,0.0,0.0,0.012359999120235443,0.0032300001475960016,-0.017000000923871994,-0.9990482330322266,-0.0,0.04361938685178757,0.0,0.0021501504816114902,-3.890097104886081e-06,-0.06502876430749893,-0.9458962678909302,0.32444190979003906,0.003995727747678757,0.0013705325545743108,-9.53674295089968e-09,-9.53674295089968e-09,-0.036917347460985184,-0.7915522456169128,0.611101508140564,0.0,0.0,-2.8610228852699038e-08,-2.98023217215615e-10,-0.0216355137526989,-0.9491757154464722,0.31474676728248596,0.0,0.0,1.2636184010261786e-07,2.98023217215615e-10,-0.018689393997192383,-1.0,-0.0,0.0,0.0,0.0,0.003969999961555004,-0.01750910095870495,-1.0,-0.0,0.0,0.0,0.0,4.610121322912164e-06,-0.06379090249538422,-1.0,-0.0,0.0,0.0,0.0,2.98023217215615e-10,-0.044606998562812805,-0.9993282556533813,0.036646850407123566,0.0,0.0,0.0,0.0,-0.023475991562008858,-0.9987035393714905,0.050904761999845505,0.0,0.0,0.0,0.0,-0.019651994109153748,-1.0,-0.0,0.0,0.0,-0.00711638992652297,0.0018999999156221747,-0.016959700733423233,-0.9961947202682495,-0.0,-0.08715574443340302,0.0,0.0005882433033548295,0.0,-0.060253534466028214,-0.9996573328971863,-0.0,-0.026176923885941505,0.0,-1.1086464013487785e-07,-1.490116086078075e-10,-0.04255366697907448,-0.9993911981582642,0.03489004820585251,0.0,0.0,4.5299529460862686e-08,0.0,-0.022088106721639633,-0.9988139271736145,0.048689693212509155,0.0,0.0,-1.4305114426349519e-08,0.0,-0.017740696668624878,-1.0,-0.0,0.0,0.0,-0.013503500260412693,-0.0037700000684708357,-0.014087299816310406,-0.9914448857307434,-0.0,-0.13052619993686676,0.0,-0.004897483624517918,-3.8501621020259336e-06,-0.05743739381432533,-0.9986295104026794,-0.0,-0.05233589559793472,0.0,5.4836270635405526e-08,-2.98023217215615e-10,-0.03276759013533592,-0.9988899827003479,0.04710528254508972,0.0,0.0,-9.298324243900424e-08,0.0,-0.01670967973768711,-0.9975409507751465,0.07008709013462067,0.0,0.0,6.19888282926695e-08,0.0,-0.013883084990084171,-1.0,-0.0,0.0,0.0
1782948529.6447031,2026-07-01 19:28:49.644,15367.0,15367,right,0,2,pinch,3,0.0,0.003969999961555004,-0.04999999701976776,-1.0,-0.0,0.0,0.0,0.0,0.0,0.0,-1.0,-0.0,0.0,0.0,-0.025476505979895592,-0.012044684961438179,-0.022234933450818062,-0.7775479555130005,0.01785019226372242,-0.32583853602409363,-0.5375219583511353,0.0,1.19209286886246e-09,-0.02723044343292713,-0.9645612835884094,0.2638590633869171,0.0,0.0,2.38418573772492e-09,-1.19209286886246e-09,-0.031859468668699265,-0.9058974981307983,0.4234970211982727,0.0,0.0,0.0,-3.5762786065873797e-09,-0.023122519254684448,-1.0,-0.0,0.0,0.0,-0.012360505759716034,0.0032300001475960016,-0.016998957842588425,-0.9990482330322266,-0.0,-0.04361938685178757,0.0,-0.002149570034816861,-3.8927792047616094e-06,-0.06502974033355713,-0.9143220782279968,0.40495961904525757,-0.004384379833936691,-0.0019418722949922085,0.0,0.0,-0.03691747412085533,-0.7605283856391907,0.6493047475814819,0.0,0.0,-2.38418573772492e-09,-2.98023217215615e-10,-0.02163529396057129,-0.9426024556159973,0.3339170515537262,0.0,0.0,0.0,2.98023217215615e-10,-0.01868978515267372,-1.0,-0.0,0.0,0.0,0.0,0.003969999961555004,-0.017509059980511665,-1.0,-0.0,0.0,0.0,0.0,4.611611075233668e-06,-0.0637909397482872,-0.9999995231628418,0.0009798974497243762,0.0,0.0,0.0,2.98023217215615e-10,-0.04460655897855759,-0.9910054206848145,0.13382194936275482,0.0,0.0,0.0,-2.98023217215615e-10,-0.02347646653652191,-0.985776960849762,0.168058842420578,0.0,0.0,0.0,0.0,-0.019652195274829865,-1.0,-0.0,0.0,0.0,0.00711638480424881,0.0018999999156221747,-0.016959700733423233,-0.9961947202682495,-0.0,0.08715574443340302,0.0,-0.0005882382392883301,0.0,-0.060253534466028214,-0.9996573328971863,-0.0,0.026176923885941505,0.0,1.19209286886246e-09,-1.490116086078075e-10,-0.04255415499210358,-0.9995051622390747,0.03145527467131615,0.0,0.0,-2.38418573772492e-09,0.0,-0.02208789810538292,-0.999065101146698,0.04323066025972366,0.0,0.0,0.0,0.0,-0.017740869894623756,-1.0,-0.0,0.0,0.0,0.013503451831638813,-0.0037700000684708357,-0.014087309129536152,-0.9914448857307434,-0.0,0.13052619993686676,0.0,0.0048975334502756596,-3.847479547403054e-06,-0.05743739381432533,-0.9986295104026794,-0.0,0.05233589559793472,0.0,4.76837147544984e-09,-2.98023217215615e-10,-0.03276757150888443,-0.9988899827003479,0.04710528254508972,0.0,0.0,2.38418573772492e-09,0.0,-0.016709718853235245,-0.9975409507751465,0.07008709013462067,0.0,0.0,0.0,0.0,-0.01388302817940712,-1.0,-0.0,0.0,0.0
1782948529.841972,2026-07-01 19:28:49.841,18111.0,18111,left,0,1,pinch,3,0.0,0.003969999961555004,-0.04999999701976776,-1.0,-0.0,0.0,0.0,0.0,0.0,0.0,-1.0,-0.0,0.0,0.0,0.025476500391960144,-0.012044699862599373,-0.022234899923205376,-0.7592527866363525,0.011955155059695244,0.36247265338897705,0.5403757691383362,-5.7220457705398076e-08,-4.3511388270189855e-08,-0.027230437844991684,-0.9576794505119324,0.28783705830574036,0.0,0.0,3.5762786065873797e-09,6.318092005130893e-08,-0.031859491020441055,-0.8915700912475586,0.4528827369213104,0.0,0.0,2.384185648907078e-08,0.0,-0.023122519254684448,-1.0,-0.0,0.0,0.0,0.012359999120235443,0.0032300001475960016,-0.017000000923871994,-0.9990482330322266,-0.0,0.04361938685178757,0.0,0.0021501504816114902,-3.890097104886081e-06,-0.06502876430749893,-0.9458962678909302,0.32444190979003906,0.003995727747678757,0.0013705325545743108,-9.53674295089968e-09,-9.53674295089968e-09,-0.036917347460985184,-0.7915522456169128,0.611101508140564,0.0,0.0,-2.8610228852699038e-08,-2.98023217215615e-10,-0.0216355137526989,-0.9491757154464722,0.31474676728248596,0.0,0.0,1.2636184010261786e-07,2.98023217215615e-10,-0.018689393997192383,-1.0,-0.0,0.0,0.0,0.0,0.003969999961555004,-0.01750910095870495,-1.0,-0.0,0.0,0.0,0.0,4.610121322912164e-06,-0.06379090249538422,-1.0,-0.0,0.0,0.0,0.0,2.98023217215615e-10,-0.044606998562812805,-0.9993282556533813,0.036646850407123566,0.0,0.0,0.0,0.0,-0.023475991562008858,-0.9987035393714905,0.050904761999845505,0.0,0.0,0.0,0.0,-0.019651994109153748,-1.0,-0.0,0.0,0.0,-0.00711638992652297,0.0018999999156221747,-0.016959700733423233,-0.9961947202682495,-0.0,-0.08715574443340302,0.0,0.0005882433033548295,0.0,-0.060253534466028214,-0.9996573328971863,-0.0,-0.026176923885941505,0.0,-1.1086464013487785e-07,-1.490116086078075e-10,-0.04255366697907448,-0.9993911981582642,0.03489004820585251,0.0,0.0,4.5299529460862686e-08,0.0,-0.022088106721639633,-0.9988139271736145,0.048689693212509155,0.0,0.0,-1.4305114426349519e-08,0.0,-0.017740696668624878,-1.0,-0.0,0.0,0.0,-0.013503500260412693,-0.0037700000684708357,-0.014087299816310406,-0.9914448857307434,-0.0,-0.13052619993686676,0.0,-0.004897483624517918,-3.8501621020259336e-06,-0.05743739381432533,-0.9986295104026794,-0.0,-0.05233589559793472,0.0,5.4836270635405526e-08,-2.98023217215615e-10,-0.03276759013533592,-0.9988899827003479,0.04710528254508972,0.0,0.0,-9.298324243900424e-08,0.0,-0.01670967973768711,-0.9975409507751465,0.07008709013462067,0.0,0.0,6.19888282926695e-08,0.0,-0.013883084990084171,-1.0,-0.0,0.0,0.0
1782948529.8529928,2026-07-01 19:28:49.852,15380.0,15380,right,0,2,pinch,3,0.0,0.003969999961555004,-0.04999999701976776,-1.0,-0.0,0.0,0.0,0.0,0.0,0.0,-1.0,-0.0,0.0,0.0,-0.025476505979895592,-0.012044684961438179,-0.022234933450818062,-0.7775479555130005,0.01785019226372242,-0.32583853602409363,-0.5375219583511353,0.0,1.19209286886246e-09,-0.02723044343292713,-0.9645612835884094,0.2638590633869171,0.0,0.0,2.38418573772492e-09,-1.19209286886246e-09,-0.031859468668699265,-0.9058974981307983,0.4234970211982727,0.0,0.0,0.0,-3.5762786065873797e-09,-0.023122519254684448,-1.0,-0.0,0.0,0.0,-0.012360505759716034,0.0032300001475960016,-0.016998957842588425,-0.9990482330322266,-0.0,-0.04361938685178757,0.0,-0.002149570034816861,-3.8927792047616094e-06,-0.06502974033355713,-0.9143220782279968,0.40495961904525757,-0.004384379833936691,-0.0019418722949922085,0.0,0.0,-0.03691747412085533,-0.7605283856391907,0.6493047475814819,0.0,0.0,-2.38418573772492e-09,-2.98023217215615e-10,-0.02163529396057129,-0.9426024556159973,0.3339170515537262,0.0,0.0,0.0,2.98023217215615e-10,-0.01868978515267372,-1.0,-0.0,0.0,0.0,0.0,0.003969999961555004,-0.017509059980511665,-1.0,-0.0,0.0,0.0,0.0,4.611611075233668e-06,-0.0637909397482872,-0.9999995231628418,0.0009798974497243762,0.0,0.0,0.0,2.98023217215615e-10,-0.04460655897855759,-0.9910054206848145,0.13382194936275482,0.0,0.0,0.0,-2.98023217215615e-10,-0.02347646653652191,-0.985776960849762,0.168058842420578,0.0,0.0,0.0,0.0,-0.019652195274829865,-1.0,-0.0,0.0,0.0,0.00711638480424881,0.0018999999156221747,-0.016959700733423233,-0.9961947202682495,-0.0,0.08715574443340302,0.0,-0.0005882382392883301,0.0,-0.060253534466028214,-0.9996573328971863,-0.0,0.026176923885941505,0.0,1.19209286886246e-09,-1.490116086078075e-10,-0.04255415499210358,-0.9995051622390747,0.03145527467131615,0.0,0.0,-2.38418573772492e-09,0.0,-0.02208789810538292,-0.999065101146698,0.04323066025972366,0.0,0.0,0.0,0.0,-0.017740869894623756,-1.0,-0.0,0.0,0.0,0.013503451831638813,-0.0037700000684708357,-0.014087309129536152,-0.9914448857307434,-0.0,0.13052619993686676,0.0,0.0048975334502756596,-3.847479547403054e-06,-0.05743739381432533,-0.9986295104026794,-0.0,0.05233589559793472,0.0,4.76837147544984e-09,-2.98023217215615e-10,-0.03276757150888443,-0.9988899827003479,0.04710528254508972,0.0,0.0,2.38418573772492e-09,0.0,-0.016709718853235245,-0.9975409507751465,0.07008709013462067,0.0,0.0,0.0,0.0,-0.01388302817940712,-1.0,-0.0,0.0,0.0
1782948530.0497303,2026-07-01 19:28:50.049,18112.0,18112,left,0,1,pinch,3,0.0,0.003969999961555004,-0.04999999701976776,-1.0,-0.0,0.0,0.0,0.0,0.0,0.0,-1.0,-0.0,0.0,0.0,0.025476500391960144,-0.012044699862599373,-0.022234899923205376,-0.7592527866363525,0.011955155059695244,0.36247265338897705,0.5403757691383362,-5.7220457705398076e-08,-4.3511388270189855e-08,-0.027230437844991684,-0.9576794505119324,0.28783705830574036,0.0,0.0,3.5762786065873797e-09,6.318092005130893e-08,-0.031859491020441055,-0.8915700912475586,0.4528827369213104,0.0,0.0,2.384185648907078e-08,0.0,-0.023122519254684448,-1.0,-0.0,0.0,0.0,0.012359999120235443,0.0032300001475960016,-0.017000000923871994,-0.9990482330322266,-0.0,0.04361938685178757,0.0,0.0021501504816114902,-3.890097104886081e-06,-0.06502876430749893,-0.9458962678909302,0.32444190979003906,0.003995727747678757,0.0013705325545743108,-9.53674295089968e-09,-9.53674295089968e-09,-0.036917347460985184,-0.7915522456169128,0.611101508140564,0.0,0.0,-2.8610228852699038e-08,-2.98023217215615e-10,-0.0216355137526989,-0.9491757154464722,0.31474676728248596,0.0,0.0,1.2636184010261786e-07,2.98023217215615e-10,-0.018689393997192383,-1.0,-0.0,0.0,0.0,0.0,0.003969999961555004,-0.01750910095870495,-1.0,-0.0,0.0,0.0,0.0,4.610121322912164e-06,-0.06379090249538422,-1.0,-0.0,0.0,0.0,0.0,2.98023217215615e-10,-0.044606998562812805,-0.9993282556533813,0.036646850407123566,0.0,0.0,0.0,0.0,-0.023475991562008858,-0.9987035393714905,0.050904761999845505,0.0,0.0,0.0,0.0,-0.019651994109153748,-1.0,-0.0,0.0,0.0,-0.00711638992652297,0.0018999999156221747,-0.016959700733423233,-0.9961947202682495,-0.0,-0.08715574443340302,0.0,0.0005882433033548295,0.0,-0.060253534466028214,-0.9996573328971863,-0.0,-0.026176923885941505,0.0,-1.1086464013487785e-07,-1.490116086078075e-10,-0.04255366697907448,-0.9993911981582642,0.03489004820585251,0.0,0.0,4.5299529460862686e-08,0.0,-0.022088106721639633,-0.9988139271736145,0.048689693212509155,0.0,0.0,-1.4305114426349519e-08,0.0,-0.017740696668624878,-1.0,-0.0,0.0,0.0,-0.013503500260412693,-0.0037700000684708357,-0.014087299816310406,-0.9914448857307434,-0.0,-0.13052619993686676,0.0,-0.004897483624517918,-3.8501621020259336e-06,-0.05743739381432533,-0.9986295104026794,-0.0,-0.05233589559793472,0.0,5.4836270635405526e-08,-2.98023217215615e-10,-0.03276759013533592,-0.9988899827003479,0.04710528254508972,0.0,0.0,-9.298324243900424e-08,0.0,-0.01670967973768711,-0.9975409507751465,0.07008709013462067,0.0,0.0,6.19888282926695e-08,0.0,-0.013883084990084171,-1.0,-0.0,0.0,0.0
1782948530.0610833,2026-07-01 19:28:50.061,15394.0,15394,right,0,2,pinch,3,0.0,0.003969999961555004,-0.04999999701976776,-1.0,-0.0,0.0,0.0,0.0,0.0,0.0,-1.0,-0.0,0.0,0.0,-0.025476505979895592,-0.012044684961438179,-0.022234933450818062,-0.7775479555130005,0.01785019226372242,-0.32583853602409363,-0.5375219583511353,0.0,1.19209286886246e-09,-0.02723044343292713,-0.9645612835884094,0.2638590633869171,0.0,0.0,2.38418573772492e-09,-1.19209286886246e-09,-0.031859468668699265,-0.9058974981307983,0.4234970211982727,0.0,0.0,0.0,-3.5762786065873797e-09,-0.023122519254684448,-1.0,-0.0,0.0,0.0,-0.012360505759716034,0.0032300001475960016,-0.016998957842588425,-0.9990482330322266,-0.0,-0.04361938685178757,0.0,-0.002149570034816861,-3.8927792047616094e-06,-0.06502974033355713,-0.9143220782279968,0.40495961904525757,-0.004384379833936691,-0.0019418722949922085,0.0,0.0,-0.03691747412085533,-0.7605283856391907,0.6493047475814819,0.0,0.0,-2.38418573772492e-09,-2.98023217215615e-10,-0.02163529396057129,-0.9426024556159973,0.3339170515537262,0.0,0.0,0.0,2.98023217215615e-10,-0.01868978515267372,-1.0,-0.0,0.0,0.0,0.0,0.003969999961555004,-0.017509059980511665,-1.0,-0.0,0.0,0.0,0.0,4.611611075233668e-06,-0.0637909397482872,-0.9999995231628418,0.0009798974497243762,0.0,0.0,0.0,2.98023217215615e-10,-0.04460655897855759,-0.9910054206848145,0.13382194936275482,0.0,0.0,0.0,-2.98023217215615e-10,-0.02347646653652191,-0.985776960849762,0.168058842420578,0.0,0.0,0.0,0.0,-0.019652195274829865,-1.0,-0.0,0.0,0.0,0.00711638480424881,0.0018999999156221747,-0.016959700733423233,-0.9961947202682495,-0.0,0.08715574443340302,0.0,-0.0005882382392883301,0.0,-0.060253534466028214,-0.9996573328971863,-0.0,0.026176923885941505,0.0,1.19209286886246e-09,-1.490116086078075e-10,-0.04255415499210358,-0.9995051622390747,0.03145527467131615,0.0,0.0,-2.38418573772492e-09,0.0,-0.02208789810538292,-0.999065101146698,0.04323066025972366,0.0,0.0,0.0,0.0,-0.017740869894623756,-1.0,-0.0,0.0,0.0,0.013503451831638813,-0.0037700000684708357,-0.014087309129536152,-0.9914448857307434,-0.0,0.13052619993686676,0.0,0.0048975334502756596,-3.847479547403054e-06,-0.05743739381432533,-0.9986295104026794,-0.0,0.05233589559793472,0.0,4.76837147544984e-09,-2.98023217215615e-10,-0.03276757150888443,-0.9988899827003479,0.04710528254508972,0.0,0.0,2.38418573772492e-09,0.0,-0.016709718853235245,-0.9975409507751465,0.07008709013462067,0.0,0.0,0.0,0.0,-0.01388302817940712,-1.0,-0.0,0.0,0.0
1782948530.2698183,2026-07-01 19:28:50.269,18114.0,18114,left,0,1,pinch,3,0.0,0.003969999961555004,-0.04999999701976776,-1.0,-0.0,0.0,0.0,0.0,0.0,0.0,-1.0,-0.0,0.0,0.0,0.025476500391960144,-0.012044699862599373,-0.022234899923205376,-0.7592527866363525,0.011955155059695244,0.36247265338897705,0.5403757691383362,-5.7220457705398076e-08,-4.3511388270189855e-08,-0.027230437844991684,-0.9576794505119324,0.28783705830574036,0.0,0.0,3.5762786065873797e-09,6.318092005130893e-08,-0.031859491020441055,-0.8915700912475586,0.4528827369213104,0.0,0.0,2.384185648907078e-08,0.0,-0.023122519254684448,-1.0,-0.0,0.0,0.0,0.012359999120235443,0.0032300001475960016,-0.017000000923871994,-0.9990482330322266,-0.0,0.04361938685178757,0.0,0.0021501504816114902,-3.890097104886081e-06,-0.06502876430749893,-0.9458962678909302,0.32444190979003906,0.003995727747678757,0.0013705325545743108,-9.53674295089968e-09,-9.53674295089968e-09,-0.036917347460985184,-0.7915522456169128,0.611101508140564,0.0,0.0,-2.8610228852699038e-08,-2.98023217215615e-10,-0.0216355137526989,-0.9491757154464722,0.31474676728248596,0.0,0.0,1.2636184010261786e-07,2.98023217215615e-10,-0.018689393997192383,-1.0,-0.0,0.0,0.0,0.0,0.003969999961555004,-0.01750910095870495,-1.0,-0.0,0.0,0.0,0.0,4.610121322912164e-06,-0.06379090249538422,-1.0,-0.0,0.0,0.0,0.0,2.98023217215615e-10,-0.044606998562812805,-0.9993282556533813,0.036646850407123566,0.0,0.0,0.0,0.0,-0.023475991562008858,-0.9987035393714905,0.050904761999845505,0.0,0.0,0.0,0.0,-0.019651994109153748,-1.0,-0.0,0.0,0.0,-0.00711638992652297,0.0018999999156221747,-0.016959700733423233,-0.9961947202682495,-0.0,-0.08715574443340302,0.0,0.0005882433033548295,0.0,-0.060253534466028214,-0.9996573328971863,-0.0,-0.026176923885941505,0.0,-1.1086464013487785e-07,-1.490116086078075e-10,-0.04255366697907448,-0.9993911981582642,0.03489004820585251,0.0,0.0,4.5299529460862686e-08,0.0,-0.022088106721639633,-0.9988139271736145,0.048689693212509155,0.0,0.0,-1.4305114426349519e-08,0.0,-0.017740696668624878,-1.0,-0.0,0.0,0.0,-0.013503500260412693,-0.0037700000684708357,-0.014087299816310406,-0.9914448857307434,-0.0,-0.13052619993686676,0.0,-0.004897483624517918,-3.8501621020259336e-06,-0.05743739381432533,-0.9986295104026794,-0.0,-0.05233589559793472,0.0,5.4836270635405526e-08,-2.98023217215615e-10,-0.03276759013533592,-0.9988899827003479,0.04710528254508972,0.0,0.0,-9.298324243900424e-08,0.0,-0.01670967973768711,-0.9975409507751465,0.07008709013462067,0.0,0.0,6.19888282926695e-08,0.0,-0.013883084990084171,-1.0,-0.0,0.0,0.0
1782948530.2700403,2026-07-01 19:28:50.270,15405.0,15405,right,0,2,pinch,3,0.0,0.003969999961555004,-0.04999999701976776,-1.0,-0.0,0.0,0.0,0.0,0.0,0.0,-1.0,-0.0,0.0,0.0,-0.025476505979895592,-0.012044684961438179,-0.022234933450818062,-0.7775479555130005,0.01785019226372242,-0.32583853602409363,-0.5375219583511353,0.0,1.19209286886246e-09,-0.02723044343292713,-0.9645612835884094,0.2638590633869171,0.0,0.0,2.38418573772492e-09,-1.19209286886246e-09,-0.031859468668699265,-0.9058974981307983,0.4234970211982727,0.0,0.0,0.0,-3.5762786065873797e-09,-0.023122519254684448,-1.0,-0.0,0.0,0.0,-0.012360505759716034,0.0032300001475960016,-0.016998957842588425,-0.9990482330322266,-0.0,-0.04361938685178757,0.0,-0.002149570034816861,-3.8927792047616094e-06,-0.06502974033355713,-0.9143220782279968,0.40495961904525757,-0.004384379833936691,-0.0019418722949922085,0.0,0.0,-0.03691747412085533,-0.7605283856391907,0.6493047475814819,0.0,0.0,-2.38418573772492e-09,-2.98023217215615e-10,-0.02163529396057129,-0.9426024556159973,0.3339170515537262,0.0,0.0,0.0,2.98023217215615e-10,-0.01868978515267372,-1.0,-0.0,0.0,0.0,0.0,0.003969999961555004,-0.017509059980511665,-1.0,-0.0,0.0,0.0,0.0,4.611611075233668e-06,-0.0637909397482872,-0.9999995231628418,0.0009798974497243762,0.0,0.0,0.0,2.98023217215615e-10,-0.04460655897855759,-0.9910054206848145,0.13382194936275482,0.0,0.0,0.0,-2.98023217215615e-10,-0.02347646653652191,-0.985776960849762,0.168058842420578,0.0,0.0,0.0,0.0,-0.019652195274829865,-1.0,-0.0,0.0,0.0,0.00711638480424881,0.0018999999156221747,-0.016959700733423233,-0.9961947202682495,-0.0,0.08715574443340302,0.0,-0.0005882382392883301,0.0,-0.060253534466028214,-0.9996573328971863,-0.0,0.026176923885941505,0.0,1.19209286886246e-09,-1.490116086078075e-10,-0.04255415499210358,-0.9995051622390747,0.03145527467131615,0.0,0.0,-2.38418573772492e-09,0.0,-0.02208789810538292,-0.999065101146698,0.04323066025972366,0.0,0.0,0.0,0.0,-0.017740869894623756,-1.0,-0.0,0.0,0.0,0.013503451831638813,-0.0037700000684708357,-0.014087309129536152,-0.9914448857307434,-0.0,0.13052619993686676,0.0,0.0048975334502756596,-3.847479547403054e-06,-0.05743739381432533,-0.9986295104026794,-0.0,0.05233589559793472,0.0,4.76837147544984e-09,-2.98023217215615e-10,-0.03276757150888443,-0.9988899827003479,0.04710528254508972,0.0,0.0,2.38418573772492e-09,0.0,-0.016709718853235245,-0.9975409507751465,0.07008709013462067,0.0,0.0,0.0,0.0,-0.01388302817940712,-1.0,-0.0,0.0,0.0
1782948530.4734044,2026-07-01 19:28:50.473,18116.0,18116,left,0,1,pinch,3,0.0,0.003969999961555004,-0.04999999701976776,-1.0,-0.0,0.0,0.0,0.0,0.0,0.0,-1.0,-0.0,0.0,0.0,0.025476500391960144,-0.012044699862599373,-0.022234899923205376,-0.7592527866363525,0.011955155059695244,0.36247265338897705,0.5403757691383362,-5.7220457705398076e-08,-4.3511388270189855e-08,-0.027230437844991684,-0.9576794505119324,0.28783705830574036,0.0,0.0,3.5762786065873797e-09,6.318092005130893e-08,-0.031859491020441055,-0.8915700912475586,0.4528827369213104,0.0,0.0,2.384185648907078e-08,0.0,-0.023122519254684448,-1.0,-0.0,0.0,0.0,0.012359999120235443,0.0032300001475960016,-0.017000000923871994,-0.9990482330322266,-0.0,0.04361938685178757,0.0,0.0021501504816114902,-3.890097104886081e-06,-0.06502876430749893,-0.9458962678909302,0.32444190979003906,0.003995727747678757,0.0013705325545743108,-9.53674295089968e-09,-9.53674295089968e-09,-0.036917347460985184,-0.7915522456169128,0.611101508140564,0.0,0.0,-2.8610228852699038e-08,-2.98023217215615e-10,-0.0216355137526989,-0.9491757154464722,0.31474676728248596,0.0,0.0,1.2636184010261786e-07,2.98023217215615e-10,-0.018689393997192383,-1.0,-0.0,0.0,0.0,0.0,0.003969999961555004,-0.01750910095870495,-1.0,-0.0,0.0,0.0,0.0,4.610121322912164e-06,-0.06379090249538422,-1.0,-0.0,0.0,0.0,0.0,2.98023217215615e-10,-0.044606998562812805,-0.9993282556533813,0.036646850407123566,0.0,0.0,0.0,0.0,-0.023475991562008858,-0.9987035393714905,0.050904761999845505,0.0,0.0,0.0,0.0,-0.019651994109153748,-1.0,-0.0,0.0,0.0,-0.00711638992652297,0.0018999999156221747,-0.016959700733423233,-0.9961947202682495,-0.0,-0.08715574443340302,0.0,0.0005882433033548295,0.0,-0.060253534466028214,-0.9996573328971863,-0.0,-0.026176923885941505,0.0,-1.1086464013487785e-07,-1.490116086078075e-10,-0.04255366697907448,-0.9993911981582642,0.03489004820585251,0.0,0.0,4.5299529460862686e-08,0.0,-0.022088106721639633,-0.9988139271736145,0.048689693212509155,0.0,0.0,-1.4305114426349519e-08,0.0,-0.017740696668624878,-1.0,-0.0,0.0,0.0,-0.013503500260412693,-0.0037700000684708357,-0.014087299816310406,-0.9914448857307434,-0.0,-0.13052619993686676,0.0,-0.004897483624517918,-3.8501621020259336e-06,-0.05743739381432533,-0.9986295104026794,-0.0,-0.05233589559793472,0.0,5.4836270635405526e-08,-2.98023217215615e-10,-0.03276759013533592,-0.9988899827003479,0.04710528254508972,0.0,0.0,-9.298324243900424e-08,0.0,-0.01670967973768711,-0.9975409507751465,0.07008709013462067,0.0,0.0,6.19888282926695e-08,0.0,-0.013883084990084171,-1.0,-0.0,0.0,0.0
1782948530.473679,2026-07-01 19:28:50.473,15417.0,15417,right,0,2,pinch,3,0.0,0.003969999961555004,-0.04999999701976776,-1.0,-0.0,0.0,0.0,0.0,0.0,0.0,-1.0,-0.0,0.0,0.0,-0.025476505979895592,-0.012044684961438179,-0.022234933450818062,-0.7775479555130005,0.01785019226372242,-0.32583853602409363,-0.5375219583511353,0.0,1.19209286886246e-09,-0.02723044343292713,-0.9645612835884094,0.2638590633869171,0.0,0.0,2.38418573772492e-09,-1.19209286886246e-09,-0.031859468668699265,-0.9058974981307983,0.4234970211982727,0.0,0.0,0.0,-3.5762786065873797e-09,-0.023122519254684448,-1.0,-0.0,0.0,0.0,-0.012360505759716034,0.0032300001475960016,-0.016998957842588425,-0.9990482330322266,-0.0,-0.04361938685178757,0.0,-0.002149570034816861,-3.8927792047616094e-06,-0.06502974033355713,-0.9143220782279968,0.40495961904525757,-0.004384379833936691,-0.0019418722949922085,0.0,0.0,-0.03691747412085533,-0.7605283856391907,0.6493047475814819,0.0,0.0,-2.38418573772492e-09,-2.98023217215615e-10,-0.02163529396057129,-0.9426024556159973,0.3339170515537262,0.0,0.0,0.0,2.98023217215615e-10,-0.01868978515267372,-1.0,-0.0,0.0,0.0,0.0,0.003969999961555004,-0.017509059980511665,-1.0,-0.0,0.0,0.0,0.0,4.611611075233668e-06,-0.0637909397482872,-0.9999995231628418,0.0009798974497243762,0.0,0.0,0.0,2.98023217215615e-10,-0.04460655897855759,-0.9910054206848145,0.13382194936275482,0.0,0.0,0.0,-2.98023217215615e-10,-0.02347646653652191,-0.985776960849762,0.168058842420578,0.0,0.0,0.0,0.0,-0.019652195274829865,-1.0,-0.0,0.0,0.0,0.00711638480424881,0.0018999999156221747,-0.016959700733423233,-0.9961947202682495,-0.0,0.08715574443340302,0.0,-0.0005882382392883301,0.0,-0.060253534466028214,-0.9996573328971863,-0.0,0.026176923885941505,0.0,1.19209286886246e-09,-1.490116086078075e-10,-0.04255415499210358,-0.9995051622390747,0.03145527467131615,0.0,0.0,-2.38418573772492e-09,0.0,-0.02208789810538292,-0.999065101146698,0.04323066025972366,0.0,0.0,0.0,0.0,-0.017740869894623756,-1.0,-0.0,0.0,0.0,0.013503451831638813,-0.0037700000684708357,-0.014087309129536152,-0.9914448857307434,-0.0,0.13052619993686676,0.0,0.0048975334502756596,-3.847479547403054e-06,-0.05743739381432533,-0.9986295104026794,-0.0,0.05233589559793472,0.0,4.76837147544984e-09,-2.98023217215615e-10,-0.03276757150888443,-0.9988899827003479,0.04710528254508972,0.0,0.0,2.38418573772492e-09,0.0,-0.016709718853235245,-0.9975409507751465,0.07008709013462067,0.0,0.0,0.0,0.0,-0.01388302817940712,-1.0,-0.0,0.0,0.0
1782948530.6782644,2026-07-01 19:28:50.678,18118.0,18118,left,0,1,pinch,3,0.0,0.003969999961555004,-0.04999999701976776,-1.0,-0.0,0.0,0.0,0.0,0.0,0.0,-1.0,-0.0,0.0,0.0,0.025476500391960144,-0.012044699862599373,-0.022234899923205376,-0.7592527866363525,0.011955155059695244,0.36247265338897705,0.5403757691383362,-5.7220457705398076e-08,-4.3511388270189855e-08,-0.027230437844991684,-0.9576794505119324,0.28783705830574036,0.0,0.0,3.5762786065873797e-09,6.318092005130893e-08,-0.031859491020441055,-0.8915700912475586,0.4528827369213104,0.0,0.0,2.384185648907078e-08,0.0,-0.023122519254684448,-1.0,-0.0,0.0,0.0,0.012359999120235443,0.0032300001475960016,-0.017000000923871994,-0.9990482330322266,-0.0,0.04361938685178757,0.0,0.0021501504816114902,-3.890097104886081e-06,-0.06502876430749893,-0.9458962678909302,0.32444190979003906,0.003995727747678757,0.0013705325545743108,-9.53674295089968e-09,-9.53674295089968e-09,-0.036917347460985184,-0.7915522456169128,0.611101508140564,0.0,0.0,-2.8610228852699038e-08,-2.98023217215615e-10,-0.0216355137526989,-0.9491757154464722,0.31474676728248596,0.0,0.0,1.2636184010261786e-07,2.98023217215615e-10,-0.018689393997192383,-1.0,-0.0,0.0,0.0,0.0,0.003969999961555004,-0.01750910095870495,-1.0,-0.0,0.0,0.0,0.0,4.610121322912164e-06,-0.06379090249538422,-1.0,-0.0,0.0,0.0,0.0,2.98023217215615e-10,-0.044606998562812805,-0.9993282556533813,0.036646850407123566,0.0,0.0,0.0,0.0,-0.023475991562008858,-0.9987035393714905,0.050904761999845505,0.0,0.0,0.0,0.0,-0.019651994109153748,-1.0,-0.0,0.0,0.0,-0.00711638992652297,0.0018999999156221747,-0.016959700733423233,-0.9961947202682495,-0.0,-0.08715574443340302,0.0,0.0005882433033548295,0.0,-0.060253534466028214,-0.9996573328971863,-0.0,-0.026176923885941505,0.0,-1.1086464013487785e-07,-1.490116086078075e-10,-0.04255366697907448,-0.9993911981582642,0.03489004820585251,0.0,0.0,4.5299529460862686e-08,0.0,-0.022088106721639633,-0.9988139271736145,0.048689693212509155,0.0,0.0,-1.4305114426349519e-08,0.0,-0.017740696668624878,-1.0,-0.0,0.0,0.0,-0.013503500260412693,-0.0037700000684708357,-0.014087299816310406,-0.9914448857307434,-0.0,-0.13052619993686676,0.0,-0.004897483624517918,-3.8501621020259336e-06,-0.05743739381432533,-0.9986295104026794,-0.0,-0.05233589559793472,0.0,5.4836270635405526e-08,-2.98023217215615e-10,-0.03276759013533592,-0.9988899827003479,0.04710528254508972,0.0,0.0,-9.298324243900424e-08,0.0,-0.01670967973768711,-0.9975409507751465,0.07008709013462067,0.0,0.0,6.19888282926695e-08,0.0,-0.013883084990084171,-1.0,-0.0,0.0,0.0
1782948530.6894474,2026-07-01 19:28:50.689,15431.0,15431,right,0,2,pinch,3,0.0,0.003969999961555004,-0.04999999701976776,-1.0,-0.0,0.0,0.0,0.0,0.0,0.0,-1.0,-0.0,0.0,0.0,-0.025476505979895592,-0.012044684961438179,-0.022234933450818062,-0.7775479555130005,0.01785019226372242,-0.32583853602409363,-0.5375219583511353,0.0,1.19209286886246e-09,-0.02723044343292713,-0.9645612835884094,0.2638590633869171,0.0,0.0,2.38418573772492e-09,-1.19209286886246e-09,-0.031859468668699265,-0.9058974981307983,0.4234970211982727,0.0,0.0,0.0,-3.5762786065873797e-09,-0.023122519254684448,-1.0,-0.0,0.0,0.0,-0.012360505759716034,0.0032300001475960016,-0.016998957842588425,-0.9990482330322266,-0.0,-0.04361938685178757,0.0,-0.002149570034816861,-3.8927792047616094e-06,-0.06502974033355713,-0.9143220782279968,0.40495961904525757,-0.004384379833936691,-0.0019418722949922085,0.0,0.0,-0.03691747412085533,-0.7605283856391907,0.6493047475814819,0.0,0.0,-2.38418573772492e-09,-2.98023217215615e-10,-0.02163529396057129,-0.9426024556159973,0.3339170515537262,0.0,0.0,0.0,2.98023217215615e-10,-0.01868978515267372,-1.0,-0.0,0.0,0.0,0.0,0.003969999961555004,-0.017509059980511665,-1.0,-0.0,0.0,0.0,0.0,4.611611075233668e-06,-0.0637909397482872,-0.9999995231628418,0.0009798974497243762,0.0,0.0,0.0,2.98023217215615e-10,-0.04460655897855759,-0.9910054206848145,0.13382194936275482,0.0,0.0,0.0,-2.98023217215615e-10,-0.02347646653652191,-0.985776960849762,0.168058842420578,0.0,0.0,0.0,0.0,-0.019652195274829865,-1.0,-0.0,0.0,0.0,0.00711638480424881,0.0018999999156221747,-0.016959700733423233,-0.9961947202682495,-0.0,0.08715574443340302,0.0,-0.0005882382392883301,0.0,-0.060253534466028214,-0.9996573328971863,-0.0,0.026176923885941505,0.0,1.19209286886246e-09,-1.490116086078075e-10,-0.04255415499210358,-0.9995051622390747,0.03145527467131615,0.0,0.0,-2.38418573772492e-09,0.0,-0.02208789810538292,-0.999065101146698,0.04323066025972366,0.0,0.0,0.0,0.0,-0.017740869894623756,-1.0,-0.0,0.0,0.0,0.013503451831638813,-0.0037700000684708357,-0.014087309129536152,-0.9914448857307434,-0.0,0.13052619993686676,0.0,0.0048975334502756596,-3.847479547403054e-06,-0.05743739381432533,-0.9986295104026794,-0.0,0.05233589559793472,0.0,4.76837147544984e-09,-2.98023217215615e-10,-0.03276757150888443,-0.9988899827003479,0.04710528254508972,0.0,0.0,2.38418573772492e-09,0.0,-0.016709718853235245,-0.9975409507751465,0.07008709013462067,0.0,0.0,0.0,0.0,-0.01388302817940712,-1.0,-0.0,0.0,0.0
