wall_time,iso_time,timestamp,packet_counter,hand_side,frame_id,status,pose,take,PALM_x,PALM_y,PALM_z,PALM_qw,PALM_qx,PALM_qy,PALM_qz,WRIST_x,WRIST_y,WRIST_z,WRIST_qw,WRIST_qx,WRIST_qy,WRIST_qz,THUMB_METACARPAL_x,THUMB_METACARPAL_y,THUMB_METACARPAL_z,THUMB_METACARPAL_qw,THUMB_METACARPAL_qx,THUMB_METACARPAL_qy,THUMB_METACARPAL_qz,THUMB_PROXIMAL_x,THUMB_PROXIMAL_y,THUMB_PROXIMAL_z,THUMB_PROXIMAL_qw,THUMB_PROXIMAL_qx,THUMB_PROXIMAL_qy,THUMB_PROXIMAL_qz,THUMB_DISTAL_x,THUMB_DISTAL_y,THUMB_DISTAL_z,THUMB_DISTAL_qw,THUMB_DISTAL_qx,THUMB_DISTAL_qy,THUMB_DISTAL_qz,THUMB_TIP_x,THUMB_TIP_y,THUMB_TIP_z,THUMB_TIP_qw,THUMB_TIP_qx,THUMB_TIP_qy,THUMB_TIP_qz,INDEX_METACARPAL_x,INDEX_METACARPAL_y,INDEX_METACARPAL_z,INDEX_METACARPAL_qw,INDEX_METACARPAL_qx,INDEX_METACARPAL_qy,INDEX_METACARPAL_qz,INDEX_PROXIMAL_x,INDEX_PROXIMAL_y,INDEX_PROXIMAL_z,INDEX_PROXIMAL_qw,INDEX_PROXIMAL_qx,INDEX_PROXIMAL_qy,INDEX_PROXIMAL_qz,INDEX_INTERMEDIATE_x,INDEX_INTERMEDIATE_y,INDEX_INTERMEDIATE_z,INDEX_INTERMEDIATE_qw,INDEX_INTERMEDIATE_qx,INDEX_INTERMEDIATE_qy,INDEX_INTERMEDIATE_qz,INDEX_DISTAL_x,INDEX_DISTAL_y,INDEX_DISTAL_z,INDEX_DISTAL_qw,INDEX_DISTAL_qx,INDEX_DISTAL_qy,INDEX_DISTAL_qz,INDEX_TIP_x,INDEX_TIP_y,INDEX_TIP_z,INDEX_TIP_qw,INDEX_TIP_qx,INDEX_TIP_qy,INDEX_TIP_qz,MIDDLE_METACARPAL_x,MIDDLE_METACARPAL_y,MIDDLE_METACARPAL_z,MIDDLE_METACARPAL_qw,MIDDLE_METACARPAL_qx,MIDDLE_METACARPAL_qy,MIDDLE_METACARPAL_qz,MIDDLE_PROXIMAL_x,MIDDLE_PROXIMAL_y,MIDDLE_PROXIMAL_z,MIDDLE_PROXIMAL_qw,MIDDLE_PROXIMAL_qx,MIDDLE_PROXIMAL_qy,MIDDLE_PROXIMAL_qz,MIDDLE_INTERMEDIATE_x,MIDDLE_INTERMEDIATE_y,MIDDLE_INTERMEDIATE_z,MIDDLE_INTERMEDIATE_qw,MIDDLE_INTERMEDIATE_qx,MIDDLE_INTERMEDIATE_qy,MIDDLE_INTERMEDIATE_qz,MIDDLE_DISTAL_x,MIDDLE_DISTAL_y,MIDDLE_DISTAL_z,MIDDLE_DISTAL_qw,MIDDLE_DISTAL_qx,MIDDLE_DISTAL_qy,MIDDLE_DISTAL_qz,MIDDLE_TIP_x,MIDDLE_TIP_y,MIDDLE_TIP_z,MIDDLE_TIP_qw,MIDDLE_TIP_qx,MIDDLE_TIP_qy,MIDDLE_TIP_qz,RING_METACARPAL_x,RING_METACARPAL_y,RING_METACARPAL_z,RING_METACARPAL_qw,RING_METACARPAL_qx,RING_METACARPAL_qy,RING_METACARPAL_qz,RING_PROXIMAL_x,RING_PROXIMAL_y,RING_PROXIMAL_z,RING_PROXIMAL_qw,RING_PROXIMAL_qx,RING_PROXIMAL_qy,RING_PROXIMAL_qz,RING_INTERMEDIATE_x,RING_INTERMEDIATE_y,RING_INTERMEDIATE_z,RING_INTERMEDIATE_qw,RING_INTERMEDIATE_qx,RING_INTERMEDIATE_qy,RING_INTERMEDIATE_qz,RING_DISTAL_x,RING_DISTAL_y,RING_DISTAL_z,RING_DISTAL_qw,RING_DISTAL_qx,RING_DISTAL_qy,RING_DISTAL_qz,RING_TIP_x,RING_TIP_y,RING_TIP_z,RING_TIP_qw,RING_TIP_qx,RING_TIP_qy,RING_TIP_qz,LITTLE_METACARPAL_x,LITTLE_METACARPAL_y,LITTLE_METACARPAL_z,LITTLE_METACARPAL_qw,LITTLE_METACARPAL_qx,LITTLE_METACARPAL_qy,LITTLE_METACARPAL_qz,LITTLE_PROXIMAL_x,LITTLE_PROXIMAL_y,LITTLE_PROXIMAL_z,LITTLE_PROXIMAL_qw,LITTLE_PROXIMAL_qx,LITTLE_PROXIMAL_qy,LITTLE_PROXIMAL_qz,LITTLE_INTERMEDIATE_x,LITTLE_INTERMEDIATE_y,LITTLE_INTERMEDIATE_z,LITTLE_INTERMEDIATE_qw,LITTLE_INTERMEDIATE_qx,LITTLE_INTERMEDIATE_qy,LITTLE_INTERMEDIATE_qz,LITTLE_DISTAL_x,LITTLE_DISTAL_y,LITTLE_DISTAL_z,LITTLE_DISTAL_qw,LITTLE_DISTAL_qx,LITTLE_DISTAL_qy,LITTLE_DISTAL_qz,LITTLE_TIP_x,LITTLE_TIP_y,LITTLE_TIP_z,LITTLE_TIP_qw,LITTLE_TIP_qx,LITTLE_TIP_qy,LITTLE_TIP_qz
1782948514.8350313,2026-07-01 19:28:34.835,14465.0,14465,right,0,2,pinch,2,0.0,0.003969999961555004,-0.04999999701976776,-1.0,-0.0,0.0,0.0,0.0,0.0,0.0,-1.0,-0.0,0.0,0.0,-0.025476505979895592,-0.012044684961438179,-0.022234933450818062,-0.7592762112617493,0.06582392752170563,-0.3515896201133728,-0.5436465740203857,0.0,1.19209286886246e-09,-0.02723044343292713,-0.9386359453201294,0.3449094295501709,0.0,0.0,2.38418573772492e-09,-1.19209286886246e-09,-0.031859468668699265,-0.8555538058280945,0.5177139639854431,0.0,0.0,0.0,-3.5762786065873797e-09,-0.023122519254684448,-1.0,-0.0,0.0,0.0,-0.012360505759716034,0.0032300001475960016,-0.016998957842588425,-0.9990482330322266,-0.0,-0.04361938685178757,0.0,-0.002149570034816861,-3.8927792047616094e-06,-0.06502974033355713,-0.8802703022956848,0.4744562804698944,-0.003461854998022318,-0.001865902915596962,0.0,0.0,-0.03691747412085533,-0.7378476858139038,0.6749672889709473,0.0,0.0,-2.38418573772492e-09,-2.98023217215615e-10,-0.02163529396057129,-0.9375887513160706,0.34774619340896606,0.0,0.0,0.0,2.98023217215615e-10,-0.01868978515267372,-1.0,-0.0,0.0,0.0,0.0,0.003969999961555004,-0.017509059980511665,-1.0,-0.0,0.0,0.0,0.0,4.611611075233668e-06,-0.0637909397482872,-0.9999517798423767,0.009821663610637188,0.0,0.0,0.0,2.98023217215615e-10,-0.04460655897855759,-0.9846004247665405,0.17482002079486847,0.0,0.0,0.0,-2.98023217215615e-10,-0.02347646653652191,-0.980593204498291,0.1960536241531372,0.0,0.0,0.0,0.0,-0.019652195274829865,-1.0,-0.0,0.0,0.0,0.00711638480424881,0.0018999999156221747,-0.016959700733423233,-0.9961947202682495,-0.0,0.08715574443340302,0.0,-0.0005882382392883301,0.0,-0.060253534466028214,-0.9996573328971863,-0.0,0.026176923885941505,0.0,1.19209286886246e-09,-1.490116086078075e-10,-0.04255415499210358,-0.9995051622390747,0.03145527467131615,0.0,0.0,-2.38418573772492e-09,0.0,-0.02208789810538292,-0.999065101146698,0.04323066025972366,0.0,0.0,0.0,0.0,-0.017740869894623756,-1.0,-0.0,0.0,0.0,0.013503451831638813,-0.0037700000684708357,-0.014087309129536152,-0.9914448857307434,-0.0,0.13052619993686676,0.0,0.0048975334502756596,-3.847479547403054e-06,-0.05743739381432533,-0.9986295104026794,-0.0,0.05233589559793472,0.0,4.76837147544984e-09,-2.98023217215615e-10,-0.03276757150888443,-0.9988899827003479,0.04710528254508972,0.0,0.0,2.38418573772492e-09,0.0,-0.016709718853235245,-0.9975409507751465,0.07008709013462067,0.0,0.0,0.0,0.0,-0.01388302817940712,-1.0,-0.0,0.0,0.0
1782948514.8356004,2026-07-01 19:28:34.835,17984.0,17984,left,0,1,pinch,2,0.0,0.003969999961555004,-0.04999999701976776,-1.0,-0.0,0.0,0.0,0.0,0.0,0.0,-1.0,-0.0,0.0,0.0,0.025476500391960144,-0.012044699862599373,-0.022234899923205376,-0.7414661645889282,0.06944508850574493,0.3814726173877716,0.547616720199585,-5.7220457705398076e-08,-4.3511388270189855e-08,-0.027230437844991684,-0.9260033965110779,0.37751516699790955,0.0,0.0,3.5762786065873797e-09,6.318092005130893e-08,-0.031859491020441055,-0.8348710536956787,0.5504456162452698,0.0,0.0,2.384185648907078e-08,0.0,-0.023122519254684448,-1.0,-0.0,0.0,0.0,0.012359999120235443,0.0032300001475960016,-0.017000000923871994,-0.9990482330322266,-0.0,0.04361938685178757,0.0,0.0021501504816114902,-3.890097104886081e-06,-0.06502876430749893,-0.8750198483467102,0.4840801954269409,0.0022494271397590637,0.0012444324092939496,-9.53674295089968e-09,-9.53674295089968e-09,-0.036917347460985184,-0.7350288033485413,0.6780358552932739,0.0,0.0,-2.8610228852699038e-08,-2.98023217215615e-10,-0.0216355137526989,-0.9369515776634216,0.34945929050445557,0.0,0.0,1.2636184010261786e-07,2.98023217215615e-10,-0.018689393997192383,-1.0,-0.0,0.0,0.0,0.0,0.003969999961555004,-0.01750910095870495,-1.0,-0.0,0.0,0.0,0.0,4.610121322912164e-06,-0.06379090249538422,-1.0,-0.0,0.0,0.0,0.0,2.98023217215615e-10,-0.044606998562812805,-0.998435378074646,0.05591823533177376,0.0,0.0,0.0,0.0,-0.023475991562008858,-0.9967542290687561,0.08050482720136642,0.0,0.0,0.0,0.0,-0.019651994109153748,-1.0,-0.0,0.0,0.0,-0.00711638992652297,0.0018999999156221747,-0.016959700733423233,-0.9961947202682495,-0.0,-0.08715574443340302,0.0,0.0005882433033548295,0.0,-0.060253534466028214,-0.9996573328971863,-0.0,-0.026176923885941505,0.0,-1.1086464013487785e-07,-1.490116086078075e-10,-0.04255366697907448,-0.9995051622390747,0.03145527467131615,0.0,0.0,4.5299529460862686e-08,0.0,-0.022088106721639633,-0.999065101146698,0.04323066025972366,0.0,0.0,-1.4305114426349519e-08,0.0,-0.017740696668624878,-1.0,-0.0,0.0,0.0,-0.013503500260412693,-0.0037700000684708357,-0.014087299816310406,-0.9914448857307434,-0.0,-0.13052619993686676,0.0,-0.004897483624517918,-3.8501621020259336e-06,-0.05743739381432533,-0.9986295104026794,-0.0,-0.05233589559793472,0.0,5.4836270635405526e-08,-2.98023217215615e-10,-0.03276759013533592,-0.9988899827003479,0.04710528254508972,0.0,0.0,-9.298324243900424e-08,0.0,-0.01670967973768711,-0.9975409507751465,0.07008709013462067,0.0,0.0,6.19888282926695e-08,0.0,-0.013883084990084171,-1.0,-0.0,0.0,0.0
1782948515.037641,2026-07-01 19:28:35.037,14491.0,14491,right,0,2,pinch,2,0.0,0.003969999961555004,-0.04999999701976776,-1.0,-0.0,0.0,0.0,0.0,0.0,0.0,-1.0,-0.0,0.0,0.0,-0.025476505979895592,-0.012044684961438179,-0.022234933450818062,-0.7642987966537476,0.054656896740198135,-0.3446861803531647,-0.5422650575637817,0.0,1.19209286886246e-09,-0.02723044343292713,-0.9457802176475525,0.3248072862625122,0.0,0.0,2.38418573772492e-09,-1.19209286886246e-09,-0.031859468668699265,-0.8684349060058594,0.4958031475543976,0.0,0.0,0.0,-3.5762786065873797e-09,-0.023122519254684448,-1.0,-0.0,0.0,0.0,-0.012360505759716034,0.0032300001475960016,-0.016998957842588425,-0.9990482330322266,-0.0,-0.04361938685178757,0.0,-0.002149570034816861,-3.8927792047616094e-06,-0.06502974033355713,-0.875016450881958,0.4840783178806305,-0.0033274793531745672,-0.001840834622271359,0.0,0.0,-0.03691747412085533,-0.7350288033485413,0.6780358552932739,0.0,0.0,-2.38418573772492e-09,-2.98023217215615e-10,-0.02163529396057129,-0.9369515776634216,0.34945929050445557,0.0,0.0,0.0,2.98023217215615e-10,-0.01868978515267372,-1.0,-0.0,0.0,0.0,0.0,0.003969999961555004,-0.017509059980511665,-1.0,-0.0,0.0,0.0,0.0,4.611611075233668e-06,-0.0637909397482872,-0.9999433755874634,0.01064066682010889,0.0,0.0,0.0,2.98023217215615e-10,-0.04460655897855759,-0.9840849041938782,0.1776987910270691,0.0,0.0,0.0,-2.98023217215615e-10,-0.02347646653652191,-0.980259358882904,0.1977158784866333,0.0,0.0,0.0,0.0,-0.019652195274829865,-1.0,-0.0,0.0,0.0,0.00711638480424881,0.0018999999156221747,-0.016959700733423233,-0.9961947202682495,-0.0,0.08715574443340302,0.0,-0.0005882382392883301,0.0,-0.060253534466028214,-0.9996573328971863,-0.0,0.026176923885941505,0.0,1.19209286886246e-09,-1.490116086078075e-10,-0.04255415499210358,-0.9995051622390747,0.03145527467131615,0.0,0.0,-2.38418573772492e-09,0.0,-0.02208789810538292,-0.999065101146698,0.04323066025972366,0.0,0.0,0.0,0.0,-0.017740869894623756,-1.0,-0.0,0.0,0.0,0.013503451831638813,-0.0037700000684708357,-0.014087309129536152,-0.9914448857307434,-0.0,0.13052619993686676,0.0,0.0048975334502756596,-3.847479547403054e-06,-0.05743739381432533,-0.9986295104026794,-0.0,0.05233589559793472,0.0,4.76837147544984e-09,-2.98023217215615e-10,-0.03276757150888443,-0.9988899827003479,0.04710528254508972,0.0,0.0,2.38418573772492e-09,0.0,-0.016709718853235245,-0.9975409507751465,0.07008709013462067,0.0,0.0,0.0,0.0,-0.01388302817940712,-1.0,-0.0,0.0,0.0
1782948515.0507061,2026-07-01 19:28:35.050,17988.0,17988,left,0,1,pinch,2,0.0,0.003969999961555004,-0.04999999701976776,-1.0,-0.0,0.0,0.0,0.0,0.0,0.0,-1.0,-0.0,0.0,0.0,0.025476500391960144,-0.012044699862599373,-0.022234899923205376,-0.7424786686897278,0.06551222503185272,0.3806712031364441,0.5472869277000427,-5.7220457705398076e-08,-4.3511388270189855e-08,-0.027230437844991684,-0.9283993244171143,0.3715840280056,0.0,0.0,3.5762786065873797e-09,6.318092005130893e-08,-0.031859491020441055,-0.838576078414917,0.5447846055030823,0.0,0.0,2.384185648907078e-08,0.0,-0.023122519254684448,-1.0,-0.0,0.0,0.0,0.012359999120235443,0.0032300001475960016,-0.017000000923871994,-0.9990482330322266,-0.0,0.04361938685178757,0.0,0.0021501504816114902,-3.890097104886081e-06,-0.06502876430749893,-0.8696881532669067,0.4935954809188843,0.0021473728120326996,0.0012187513057142496,-9.53674295089968e-09,-9.53674295089968e-09,-0.036917347460985184,-0.7323261499404907,0.6809540390968323,0.0,0.0,-2.8610228852699038e-08,-2.98023217215615e-10,-0.0216355137526989,-0.936337411403656,0.35110145807266235,0.0,0.0,1.2636184010261786e-07,2.98023217215615e-10,-0.018689393997192383,-1.0,-0.0,0.0,0.0,0.0,0.003969999961555004,-0.01750910095870495,-1.0,-0.0,0.0,0.0,0.0,4.610121322912164e-06,-0.06379090249538422,-1.0,-0.0,0.0,0.0,0.0,2.98023217215615e-10,-0.044606998562812805,-0.998435378074646,0.05591823533177376,0.0,0.0,0.0,0.0,-0.023475991562008858,-0.9967542290687561,0.08050482720136642,0.0,0.0,0.0,0.0,-0.019651994109153748,-1.0,-0.0,0.0,0.0,-0.00711638992652297,0.0018999999156221747,-0.016959700733423233,-0.9961947202682495,-0.0,-0.08715574443340302,0.0,0.0005882433033548295,0.0,-0.060253534466028214,-0.9996573328971863,-0.0,-0.026176923885941505,0.0,-1.1086464013487785e-07,-1.490116086078075e-10,-0.04255366697907448,-0.9995051622390747,0.03145527467131615,0.0,0.0,4.5299529460862686e-08,0.0,-0.022088106721639633,-0.999065101146698,0.04323066025972366,0.0,0.0,-1.4305114426349519e-08,0.0,-0.017740696668624878,-1.0,-0.0,0.0,0.0,-0.013503500260412693,-0.0037700000684708357,-0.014087299816310406,-0.9914448857307434,-0.0,-0.13052619993686676,0.0,-0.004897483624517918,-3.8501621020259336e-06,-0.05743739381432533,-0.9986295104026794,-0.0,-0.05233589559793472,0.0,5.4836270635405526e-08,-2.98023217215615e-10,-0.03276759013533592,-0.9988899827003479,0.04710528254508972,0.0,0.0,-9.298324243900424e-08,0.0,-0.01670967973768711,-0.9975409507751465,0.07008709013462067,0.0,0.0,6.19888282926695e-08,0.0,-0.013883084990084171,-1.0,-0.0,0.0,0.0
1782948515.2458763,2026-07-01 19:28:35.245,14504.0,14504,right,0,2,pinch,2,0.0,0.003969999961555004,-0.04999999701976776,-1.0,-0.0,0.0,0.0,0.0,0.0,0.0,-1.0,-0.0,0.0,0.0,-0.025476505979895592,-0.012044684961438179,-0.022234933450818062,-0.7751449942588806,0.025399789214134216,-0.32935550808906555,-0.5385444164276123,0.0,1.19209286886246e-09,-0.02723044343292713,-0.9611888527870178,0.2758913040161133,0.0,0.0,2.38418573772492e-09,-1.19209286886246e-09,-0.031859468668699265,-0.8987930417060852,0.4383731782436371,0.0,0.0,0.0,-3.5762786065873797e-09,-0.023122519254684448,-1.0,-0.0,0.0,0.0,-0.012360505759716034,0.0032300001475960016,-0.016998957842588425,-0.9990482330322266,-0.0,-0.04361938685178757,0.0,-0.002149570034816861,-3.8927792047616094e-06,-0.06502974033355713,-0.875016450881958,0.4840783178806305,-0.0033274793531745672,-0.001840834622271359,0.0,0.0,-0.03691747412085533,-0.7350288033485413,0.6780358552932739,0.0,0.0,-2.38418573772492e-09,-2.98023217215615e-10,-0.02163529396057129,-0.9369515776634216,0.34945929050445557,0.0,0.0,0.0,2.98023217215615e-10,-0.01868978515267372,-1.0,-0.0,0.0,0.0,0.0,0.003969999961555004,-0.017509059980511665,-1.0,-0.0,0.0,0.0,0.0,4.611611075233668e-06,-0.0637909397482872,-0.9999665021896362,0.008183635771274567,0.0,0.0,0.0,2.98023217215615e-10,-0.04460655897855759,-0.9856061339378357,0.1690579205751419,0.0,0.0,0.0,-2.98023217215615e-10,-0.02347646653652191,-0.9812523722648621,0.19272740185260773,0.0,0.0,0.0,0.0,-0.019652195274829865,-1.0,-0.0,0.0,0.0,0.00711638480424881,0.0018999999156221747,-0.016959700733423233,-0.9961947202682495,-0.0,0.08715574443340302,0.0,-0.0005882382392883301,0.0,-0.060253534466028214,-0.9996573328971863,-0.0,0.026176923885941505,0.0,1.19209286886246e-09,-1.490116086078075e-10,-0.04255415499210358,-0.9995051622390747,0.03145527467131615,0.0,0.0,-2.38418573772492e-09,0.0,-0.02208789810538292,-0.999065101146698,0.04323066025972366,0.0,0.0,0.0,0.0,-0.017740869894623756,-1.0,-0.0,0.0,0.0,0.013503451831638813,-0.0037700000684708357,-0.014087309129536152,-0.9914448857307434,-0.0,0.13052619993686676,0.0,0.0048975334502756596,-3.847479547403054e-06,-0.05743739381432533,-0.9986295104026794,-0.0,0.05233589559793472,0.0,4.76837147544984e-09,-2.98023217215615e-10,-0.03276757150888443,-0.9988899827003479,0.04710528254508972,0.0,0.0,2.38418573772492e-09,0.0,-0.016709718853235245,-0.9975409507751465,0.07008709013462067,0.0,0.0,0.0,0.0,-0.01388302817940712,-1.0,-0.0,0.0,0.0
1782948515.2671366,2026-07-01 19:28:35.267,17989.0,17989,left,0,1,pinch,2,0.0,0.003969999961555004,-0.04999999701976776,-1.0,-0.0,0.0,0.0,0.0,0.0,0.0,-1.0,-0.0,0.0,0.0,0.025476500391960144,-0.012044699862599373,-0.022234899923205376,-0.7424786686897278,0.06551222503185272,0.3806712031364441,0.5472869277000427,-5.7220457705398076e-08,-4.3511388270189855e-08,-0.027230437844991684,-0.9283993244171143,0.3715840280056,0.0,0.0,3.5762786065873797e-09,6.318092005130893e-08,-0.031859491020441055,-0.838576078414917,0.5447846055030823,0.0,0.0,2.384185648907078e-08,0.0,-0.023122519254684448,-1.0,-0.0,0.0,0.0,0.012359999120235443,0.0032300001475960016,-0.017000000923871994,-0.9990482330322266,-0.0,0.04361938685178757,0.0,0.0021501504816114902,-3.890097104886081e-06,-0.06502876430749893,-0.8560750484466553,0.516846776008606,0.0018996511353179812,0.0011465867282822728,-9.53674295089968e-09,-9.53674295089968e-09,-0.036917347460985184,-0.7261165976524353,0.6875715851783752,0.0,0.0,-2.8610228852699038e-08,-2.98023217215615e-10,-0.0216355137526989,-0.934913694858551,0.35487526655197144,0.0,0.0,1.2636184010261786e-07,2.98023217215615e-10,-0.018689393997192383,-1.0,-0.0,0.0,0.0,0.0,0.003969999961555004,-0.01750910095870495,-1.0,-0.0,0.0,0.0,0.0,4.610121322912164e-06,-0.06379090249538422,-1.0,-0.0,0.0,0.0,0.0,2.98023217215615e-10,-0.044606998562812805,-0.998435378074646,0.05591823533177376,0.0,0.0,0.0,0.0,-0.023475991562008858,-0.9967542290687561,0.08050482720136642,0.0,0.0,0.0,0.0,-0.019651994109153748,-1.0,-0.0,0.0,0.0,-0.00711638992652297,0.0018999999156221747,-0.016959700733423233,-0.9961947202682495,-0.0,-0.08715574443340302,0.0,0.0005882433033548295,0.0,-0.060253534466028214,-0.9996573328971863,-0.0,-0.026176923885941505,0.0,-1.1086464013487785e-07,-1.490116086078075e-10,-0.04255366697907448,-0.9995051622390747,0.03145527467131615,0.0,0.0,4.5299529460862686e-08,0.0,-0.022088106721639633,-0.999065101146698,0.04323066025972366,0.0,0.0,-1.4305114426349519e-08,0.0,-0.017740696668624878,-1.0,-0.0,0.0,0.0,-0.013503500260412693,-0.0037700000684708357,-0.014087299816310406,-0.9914448857307434,-0.0,-0.13052619993686676,0.0,-0.004897483624517918,-3.8501621020259336e-06,-0.05743739381432533,-0.9986295104026794,-0.0,-0.05233589559793472,0.0,5.4836270635405526e-08,-2.98023217215615e-10,-0.03276759013533592,-0.9988899827003479,0.04710528254508972,0.0,0.0,-9.298324243900424e-08,0.0,-0.01670967973768711,-0.9975409507751465,0.07008709013462067,0.0,0.0,6.19888282926695e-08,0.0,-0.013883084990084171,-1.0,-0.0,0.0,0.0
1782948515.4463403,2026-07-01 19:28:35.446,14516.0,14516,right,0,2,pinch,2,0.0,0.003969999961555004,-0.04999999701976776,-1.0,-0.0,0.0,0.0,0.0,0.0,0.0,-1.0,-0.0,0.0,0.0,-0.025476505979895592,-0.012044684961438179,-0.022234933450818062,-0.7761850953102112,0.0221865177154541,-0.3278394341468811,-0.5381131768226624,0.0,1.19209286886246e-09,-0.02723044343292713,-0.962651252746582,0.270744651556015,0.0,0.0,2.38418573772492e-09,-1.19209286886246e-09,-0.031859468668699265,-0.9018523693084717,0.4320443868637085,0.0,0.0,0.0,-3.5762786065873797e-09,-0.023122519254684448,-1.0,-0.0,0.0,0.0,-0.012360505759716034,0.0032300001475960016,-0.016998957842588425,-0.9990482330322266,-0.0,-0.04361938685178757,0.0,-0.002149570034816861,-3.8927792047616094e-06,-0.06502974033355713,-0.875016450881958,0.4840783178806305,-0.0033274793531745672,-0.001840834622271359,0.0,0.0,-0.03691747412085533,-0.7350288033485413,0.6780358552932739,0.0,0.0,-2.38418573772492e-09,-2.98023217215615e-10,-0.02163529396057129,-0.9369515776634216,0.34945929050445557,0.0,0.0,0.0,2.98023217215615e-10,-0.01868978515267372,-1.0,-0.0,0.0,0.0,0.0,0.003969999961555004,-0.017509059980511665,-1.0,-0.0,0.0,0.0,0.0,4.611611075233668e-06,-0.0637909397482872,-0.9999665021896362,0.008183635771274567,0.0,0.0,0.0,2.98023217215615e-10,-0.04460655897855759,-0.9856061339378357,0.1690579205751419,0.0,0.0,0.0,-2.98023217215615e-10,-0.02347646653652191,-0.9812523722648621,0.19272740185260773,0.0,0.0,0.0,0.0,-0.019652195274829865,-1.0,-0.0,0.0,0.0,0.00711638480424881,0.0018999999156221747,-0.016959700733423233,-0.9961947202682495,-0.0,0.08715574443340302,0.0,-0.0005882382392883301,0.0,-0.060253534466028214,-0.9996573328971863,-0.0,0.026176923885941505,0.0,1.19209286886246e-09,-1.490116086078075e-10,-0.04255415499210358,-0.9995051622390747,0.03145527467131615,0.0,0.0,-2.38418573772492e-09,0.0,-0.02208789810538292,-0.999065101146698,0.04323066025972366,0.0,0.0,0.0,0.0,-0.017740869894623756,-1.0,-0.0,0.0,0.0,0.013503451831638813,-0.0037700000684708357,-0.014087309129536152,-0.9914448857307434,-0.0,0.13052619993686676,0.0,0.0048975334502756596,-3.847479547403054e-06,-0.05743739381432533,-0.9986295104026794,-0.0,0.05233589559793472,0.0,4.76837147544984e-09,-2.98023217215615e-10,-0.03276757150888443,-0.9988899827003479,0.04710528254508972,0.0,0.0,2.38418573772492e-09,0.0,-0.016709718853235245,-0.9975409507751465,0.07008709013462067,0.0,0.0,0.0,0.0,-0.01388302817940712,-1.0,-0.0,0.0,0.0
1782948515.4774833,2026-07-01 19:28:35.477,17991.0,17991,left,0,1,pinch,2,0.0,0.003969999961555004,-0.04999999701976776,-1.0,-0.0,0.0,0.0,0.0,0.0,0.0,-1.0,-0.0,0.0,0.0,0.025476500391960144,-0.012044699862599373,-0.022234899923205376,-0.7439570426940918,0.060045287013053894,0.37941083312034607,0.5467814207077026,-5.7220457705398076e-08,-4.3511388270189855e-08,-0.027230437844991684,-0.9316790103912354,0.36328262090682983,0.0,0.0,3.5762786065873797e-09,6.318092005130893e-08,-0.031859491020441055,-0.8438209295272827,0.5366249084472656,0.0,0.0,2.384185648907078e-08,0.0,-0.023122519254684448,-1.0,-0.0,0.0,0.0,0.012359999120235443,0.0032300001475960016,-0.017000000923871994,-0.9990482330322266,-0.0,0.04361938685178757,0.0,0.0021501504816114902,-3.890097104886081e-06,-0.06502876430749893,-0.8533037900924683,0.5214096307754517,0.0018511019879952073,0.0011311123380437493,-9.53674295089968e-09,-9.53674295089968e-09,-0.036917347460985184,-0.7249484658241272,0.6888031959533691,0.0,0.0,-2.8610228852699038e-08,-2.98023217215615e-10,-0.0216355137526989,-0.9346441626548767,0.3555845022201538,0.0,0.0,1.2636184010261786e-07,2.98023217215615e-10,-0.018689393997192383,-1.0,-0.0,0.0,0.0,0.0,0.003969999961555004,-0.01750910095870495,-1.0,-0.0,0.0,0.0,0.0,4.610121322912164e-06,-0.06379090249538422,-1.0,-0.0,0.0,0.0,0.0,2.98023217215615e-10,-0.044606998562812805,-0.998435378074646,0.05591823533177376,0.0,0.0,0.0,0.0,-0.023475991562008858,-0.9967542290687561,0.08050482720136642,0.0,0.0,0.0,0.0,-0.019651994109153748,-1.0,-0.0,0.0,0.0,-0.00711638992652297,0.0018999999156221747,-0.016959700733423233,-0.9961947202682495,-0.0,-0.08715574443340302,0.0,0.0005882433033548295,0.0,-0.060253534466028214,-0.9996573328971863,-0.0,-0.026176923885941505,0.0,-1.1086464013487785e-07,-1.490116086078075e-10,-0.04255366697907448,-0.9995051622390747,0.03145527467131615,0.0,0.0,4.5299529460862686e-08,0.0,-0.022088106721639633,-0.999065101146698,0.04323066025972366,0.0,0.0,-1.4305114426349519e-08,0.0,-0.017740696668624878,-1.0,-0.0,0.0,0.0,-0.013503500260412693,-0.0037700000684708357,-0.014087299816310406,-0.9914448857307434,-0.0,-0.13052619993686676,0.0,-0.004897483624517918,-3.8501621020259336e-06,-0.05743739381432533,-0.9986295104026794,-0.0,-0.05233589559793472,0.0,5.4836270635405526e-08,-2.98023217215615e-10,-0.03276759013533592,-0.9988899827003479,0.04710528254508972,0.0,0.0,-9.298324243900424e-08,0.0,-0.01670967973768711,-0.9975409507751465,0.07008709013462067,0.0,0.0,6.19888282926695e-08,0.0,-0.013883084990084171,-1.0,-0.0,0.0,0.0
1782948515.6754198,2026-07-01 19:28:35.675,14528.0,14528,right,0,2,pinch,2,0.0,0.003969999961555004,-0.04999999701976776,-1.0,-0.0,0.0,0.0,0.0,0.0,0.0,-1.0,-0.0,0.0,0.0,-0.025476505979895592,-0.012044684961438179,-0.022234933450818062,-0.7772097587585449,0.018939096480607986,-0.3263368308544159,-0.5376715064048767,0.0,1.19209286886246e-09,-0.02723044343292713,-0.9640881419181824,0.2655826508998871,0.0,0.0,2.38418573772492e-09,-1.19209286886246e-09,-0.031859468668699265,-0.9048905968666077,0.4256443381309509,0.0,0.0,0.0,-3.5762786065873797e-09,-0.023122519254684448,-1.0,-0.0,0.0,0.0,-0.012360505759716034,0.0032300001475960016,-0.016998957842588425,-0.9990482330322266,-0.0,-0.04361938685178757,0.0,-0.002149570034816861,-3.8927792047616094e-06,-0.06502974033355713,-0.875016450881958,0.4840783178806305,-0.0033274793531745672,-0.001840834622271359,0.0,0.0,-0.03691747412085533,-0.7350288033485413,0.6780358552932739,0.0,0.0,-2.38418573772492e-09,-2.98023217215615e-10,-0.02163529396057129,-0.9369515776634216,0.34945929050445557,0.0,0.0,0.0,2.98023217215615e-10,-0.01868978515267372,-1.0,-0.0,0.0,0.0,0.0,0.003969999961555004,-0.017509059980511665,-1.0,-0.0,0.0,0.0,0.0,4.611611075233668e-06,-0.0637909397482872,-0.9999665021896362,0.008183635771274567,0.0,0.0,0.0,2.98023217215615e-10,-0.04460655897855759,-0.9856061339378357,0.1690579205751419,0.0,0.0,0.0,-2.98023217215615e-10,-0.02347646653652191,-0.9812523722648621,0.19272740185260773,0.0,0.0,0.0,0.0,-0.019652195274829865,-1.0,-0.0,0.0,0.0,0.00711638480424881,0.0018999999156221747,-0.016959700733423233,-0.9961947202682495,-0.0,0.08715574443340302,0.0,-0.0005882382392883301,0.0,-0.060253534466028214,-0.9996573328971863,-0.0,0.026176923885941505,0.0,1.19209286886246e-09,-1.490116086078075e-10,-0.04255415499210358,-0.9995051622390747,0.03145527467131615,0.0,0.0,-2.38418573772492e-09,0.0,-0.02208789810538292,-0.999065101146698,0.04323066025972366,0.0,0.0,0.0,0.0,-0.017740869894623756,-1.0,-0.0,0.0,0.0,0.013503451831638813,-0.0037700000684708357,-0.014087309129536152,-0.9914448857307434,-0.0,0.13052619993686676,0.0,0.0048975334502756596,-3.847479547403054e-06,-0.05743739381432533,-0.9986295104026794,-0.0,0.05233589559793472,0.0,4.76837147544984e-09,-2.98023217215615e-10,-0.03276757150888443,-0.9988899827003479,0.04710528254508972,0.0,0.0,2.38418573772492e-09,0.0,-0.016709718853235245,-0.9975409507751465,0.07008709013462067,0.0,0.0,0.0,0.0,-0.01388302817940712,-1.0,-0.0,0.0,0.0
1782948515.6882932,2026-07-01 19:28:35.688,17993.0,17993,left,0,1,pinch,2,0.0,0.003969999961555004,-0.04999999701976776,-1.0,-0.0,0.0,0.0,0.0,0.0,0.0,-1.0,-0.0,0.0,0.0,0.025476500391960144,-0.012044699862599373,-0.022234899923205376,-0.7452292442321777,0.05552852153778076,0.3782562017440796,0.5463261604309082,-5.7220457705398076e-08,-4.3511388270189855e-08,-0.027230437844991684,-0.9343419075012207,0.3563779294490814,0.0,0.0,3.5762786065873797e-09,6.318092005130893e-08,-0.031859491020441055,-0.848213255405426,0.5296549201011658,0.0,0.0,2.384185648907078e-08,0.0,-0.023122519254684448,-1.0,-0.0,0.0,0.0,0.012359999120235443,0.0032300001475960016,-0.017000000923871994,-0.9990482330322266,-0.0,0.04361938685178757,0.0,0.0021501504816114902,-3.890097104886081e-06,-0.06502876430749893,-0.8533037900924683,0.5214096307754517,0.0018511019879952073,0.0011311123380437493,-9.53674295089968e-09,-9.53674295089968e-09,-0.036917347460985184,-0.7249484658241272,0.6888031959533691,0.0,0.0,-2.8610228852699038e-08,-2.98023217215615e-10,-0.0216355137526989,-0.9346441626548767,0.3555845022201538,0.0,0.0,1.2636184010261786e-07,2.98023217215615e-10,-0.018689393997192383,-1.0,-0.0,0.0,0.0,0.0,0.003969999961555004,-0.01750910095870495,-1.0,-0.0,0.0,0.0,0.0,4.610121322912164e-06,-0.06379090249538422,-1.0,-0.0,0.0,0.0,0.0,2.98023217215615e-10,-0.044606998562812805,-0.998435378074646,0.05591823533177376,0.0,0.0,0.0,0.0,-0.023475991562008858,-0.9967542290687561,0.08050482720136642,0.0,0.0,0.0,0.0,-0.019651994109153748,-1.0,-0.0,0.0,0.0,-0.00711638992652297,0.0018999999156221747,-0.016959700733423233,-0.9961947202682495,-0.0,-0.08715574443340302,0.0,0.0005882433033548295,0.0,-0.060253534466028214,-0.9996573328971863,-0.0,-0.026176923885941505,0.0,-1.1086464013487785e-07,-1.490116086078075e-10,-0.04255366697907448,-0.9995051622390747,0.03145527467131615,0.0,0.0,4.5299529460862686e-08,0.0,-0.022088106721639633,-0.999065101146698,0.04323066025972366,0.0,0.0,-1.4305114426349519e-08,0.0,-0.017740696668624878,-1.0,-0.0,0.0,0.0,-0.013503500260412693,-0.0037700000684708357,-0.014087299816310406,-0.9914448857307434,-0.0,-0.13052619993686676,0.0,-0.004897483624517918,-3.8501621020259336e-06,-0.05743739381432533,-0.9986295104026794,-0.0,-0.05233589559793472,0.0,5.4836270635405526e-08,-2.98023217215615e-10,-0.03276759013533592,-0.9988899827003479,0.04710528254508972,0.0,0.0,-9.298324243900424e-08,0.0,-0.01670967973768711,-0.9975409507751465,0.07008709013462067,0.0,0.0,6.19888282926695e-08,0.0,-0.013883084990084171,-1.0,-0.0,0.0,0.0
1782948515.8840463,2026-07-01 19:28:35.884,14542.0,14542,right,0,2,pinch,2,0.0,0.003969999961555004,-0.04999999701976776,-1.0,-0.0,0.0,0.0,0.0,0.0,0.0,-1.0,-0.0,0.0,0.0,-0.025476505979895592,-0.012044684961438179,-0.022234933450818062,-0.7772097587585449,0.018939096480607986,-0.3263368308544159,-0.5376715064048767,0.0,1.19209286886246e-09,-0.02723044343292713,-0.9640881419181824,0.2655826508998871,0.0,0.0,2.38418573772492e-09,-1.19209286886246e-09,-0.031859468668699265,-0.9048905968666077,0.4256443381309509,0.0,0.0,0.0,-3.5762786065873797e-09,-0.023122519254684448,-1.0,-0.0,0.0,0.0,-0.012360505759716034,0.0032300001475960016,-0.016998957842588425,-0.9990482330322266,-0.0,-0.04361938685178757,0.0,-0.002149570034816861,-3.8927792047616094e-06,-0.06502974033355713,-0.875016450881958,0.4840783178806305,-0.0033274793531745672,-0.001840834622271359,0.0,0.0,-0.03691747412085533,-0.7350288033485413,0.6780358552932739,0.0,0.0,-2.38418573772492e-09,-2.98023217215615e-10,-0.02163529396057129,-0.9369515776634216,0.34945929050445557,0.0,0.0,0.0,2.98023217215615e-10,-0.01868978515267372,-1.0,-0.0,0.0,0.0,0.0,0.003969999961555004,-0.017509059980511665,-1.0,-0.0,0.0,0.0,0.0,4.611611075233668e-06,-0.0637909397482872,-0.9999433755874634,0.01064066682010889,0.0,0.0,0.0,2.98023217215615e-10,-0.04460655897855759,-0.9840849041938782,0.1776987910270691,0.0,0.0,0.0,-2.98023217215615e-10,-0.02347646653652191,-0.980259358882904,0.1977158784866333,0.0,0.0,0.0,0.0,-0.019652195274829865,-1.0,-0.0,0.0,0.0,0.00711638480424881,0.0018999999156221747,-0.016959700733423233,-0.9961947202682495,-0.0,0.08715574443340302,0.0,-0.0005882382392883301,0.0,-0.060253534466028214,-0.9996573328971863,-0.0,0.026176923885941505,0.0,1.19209286886246e-09,-1.490116086078075e-10,-0.04255415499210358,-0.9995051622390747,0.03145527467131615,0.0,0.0,-2.38418573772492e-09,0.0,-0.02208789810538292,-0.999065101146698,0.04323066025972366,0.0,0.0,0.0,0.0,-0.017740869894623756,-1.0,-0.0,0.0,0.0,0.013503451831638813,-0.0037700000684708357,-0.014087309129536152,-0.9914448857307434,-0.0,0.13052619993686676,0.0,0.0048975334502756596,-3.847479547403054e-06,-0.05743739381432533,-0.9986295104026794,-0.0,0.05233589559793472,0.0,4.76837147544984e-09,-2.98023217215615e-10,-0.03276757150888443,-0.9988899827003479,0.04710528254508972,0.0,0.0,2.38418573772492e-09,0.0,-0.016709718853235245,-0.9975409507751465,0.07008709013462067,0.0,0.0,0.0,0.0,-0.01388302817940712,-1.0,-0.0,0.0,0.0
1782948515.9064422,2026-07-01 19:28:35.906,17995.0,17995,left,0,1,pinch,2,0.0,0.003969999961555004,-0.04999999701976776,-1.0,-0.0,0.0,0.0,0.0,0.0,0.0,-1.0,-0.0,0.0,0.0,0.025476500391960144,-0.012044699862599373,-0.022234899923205376,-0.7458174228668213,0.05350639298558235,0.37770000100135803,0.5461099743843079,-5.7220457705398076e-08,-4.3511388270189855e-08,-0.027230437844991684,-0.9355207681655884,0.3532717525959015,0.0,0.0,3.5762786065873797e-09,6.318092005130893e-08,-0.031859491020441055,-0.850202202796936,0.5264562368392944,0.0,0.0,2.384185648907078e-08,0.0,-0.023122519254684448,-1.0,-0.0,0.0,0.0,0.012359999120235443,0.0032300001475960016,-0.017000000923871994,-0.9990482330322266,-0.0,0.04361938685178757,0.0,0.0021501504816114902,-3.890097104886081e-06,-0.06502876430749893,-0.8533037900924683,0.5214096307754517,0.0018511019879952073,0.0011311123380437493,-9.53674295089968e-09,-9.53674295089968e-09,-0.036917347460985184,-0.7249484658241272,0.6888031959533691,0.0,0.0,-2.8610228852699038e-08,-2.98023217215615e-10,-0.0216355137526989,-0.9346441626548767,0.3555845022201538,0.0,0.0,1.2636184010261786e-07,2.98023217215615e-10,-0.018689393997192383,-1.0,-0.0,0.0,0.0,0.0,0.003969999961555004,-0.01750910095870495,-1.0,-0.0,0.0,0.0,0.0,4.610121322912164e-06,-0.06379090249538422,-1.0,-0.0,0.0,0.0,0.0,2.98023217215615e-10,-0.044606998562812805,-0.9986580014228821,0.05178987234830856,0.0,0.0,0.0,0.0,-0.023475991562008858,-0.9972314238548279,0.07436119765043259,0.0,0.0,0.0,0.0,-0.019651994109153748,-1.0,-0.0,0.0,0.0,-0.00711638992652297,0.0018999999156221747,-0.016959700733423233,-0.9961947202682495,-0.0,-0.08715574443340302,0.0,0.0005882433033548295,0.0,-0.060253534466028214,-0.9996573328971863,-0.0,-0.026176923885941505,0.0,-1.1086464013487785e-07,-1.490116086078075e-10,-0.04255366697907448,-0.9995051622390747,0.03145527467131615,0.0,0.0,4.5299529460862686e-08,0.0,-0.022088106721639633,-0.999065101146698,0.04323066025972366,0.0,0.0,-1.4305114426349519e-08,0.0,-0.017740696668624878,-1.0,-0.0,0.0,0.0,-0.013503500260412693,-0.0037700000684708357,-0.014087299816310406,-0.9914448857307434,-0.0,-0.13052619993686676,0.0,-0.004897483624517918,-3.8501621020259336e-06,-0.05743739381432533,-0.9986295104026794,-0.0,-0.05233589559793472,0.0,5.4836270635405526e-08,-2.98023217215615e-10,-0.03276759013533592,-0.9988899827003479,0.04710528254508972,0.0,0.0,-9.298324243900424e-08,0.0,-0.01670967973768711,-0.9975409507751465,0.07008709013462067,0.0,0.0,6.19888282926695e-08,0.0,-0.013883084990084171,-1.0,-0.0,0.0,0.0
1782948516.1026938,2026-07-01 19:28:36.102,14555.0,14555,right,0,2,pinch,2,0.0,0.003969999961555004,-0.04999999701976776,-1.0,-0.0,0.0,0.0,0.0,0.0,0.0,-1.0,-0.0,0.0,0.0,-0.025476505979895592,-0.012044684961438179,-0.022234933450818062,-0.7772097587585449,0.018939096480607986,-0.3263368308544159,-0.5376715064048767,0.0,1.19209286886246e-09,-0.02723044343292713,-0.9640881419181824,0.2655826508998871,0.0,0.0,2.38418573772492e-09,-1.19209286886246e-09,-0.031859468668699265,-0.9048905968666077,0.4256443381309509,0.0,0.0,0.0,-3.5762786065873797e-09,-0.023122519254684448,-1.0,-0.0,0.0,0.0,-0.012360505759716034,0.0032300001475960016,-0.016998957842588425,-0.9990482330322266,-0.0,-0.04361938685178757,0.0,-0.002149570034816861,-3.8927792047616094e-06,-0.06502974033355713,-0.875016450881958,0.4840783178806305,-0.0033274793531745672,-0.001840834622271359,0.0,0.0,-0.03691747412085533,-0.7350288033485413,0.6780358552932739,0.0,0.0,-2.38418573772492e-09,-2.98023217215615e-10,-0.02163529396057129,-0.9369515776634216,0.34945929050445557,0.0,0.0,0.0,2.98023217215615e-10,-0.01868978515267372,-1.0,-0.0,0.0,0.0,0.0,0.003969999961555004,-0.017509059980511665,-1.0,-0.0,0.0,0.0,0.0,4.611611075233668e-06,-0.0637909397482872,-0.9999433755874634,0.01064066682010889,0.0,0.0,0.0,2.98023217215615e-10,-0.04460655897855759,-0.9840849041938782,0.1776987910270691,0.0,0.0,0.0,-2.98023217215615e-10,-0.02347646653652191,-0.980259358882904,0.1977158784866333,0.0,0.0,0.0,0.0,-0.019652195274829865,-1.0,-0.0,0.0,0.0,0.00711638480424881,0.0018999999156221747,-0.016959700733423233,-0.9961947202682495,-0.0,0.08715574443340302,0.0,-0.0005882382392883301,0.0,-0.060253534466028214,-0.9996573328971863,-0.0,0.026176923885941505,0.0,1.19209286886246e-09,-1.490116086078075e-10,-0.04255415499210358,-0.9995051622390747,0.03145527467131615,0.0,0.0,-2.38418573772492e-09,0.0,-0.02208789810538292,-0.999065101146698,0.04323066025972366,0.0,0.0,0.0,0.0,-0.017740869894623756,-1.0,-0.0,0.0,0.0,0.013503451831638813,-0.0037700000684708357,-0.014087309129536152,-0.9914448857307434,-0.0,0.13052619993686676,0.0,0.0048975334502756596,-3.847479547403054e-06,-0.05743739381432533,-0.9986295104026794,-0.0,0.05233589559793472,0.0,4.76837147544984e-09,-2.98023217215615e-10,-0.03276757150888443,-0.9988899827003479,0.04710528254508972,0.0,0.0,2.38418573772492e-09,0.0,-0.016709718853235245,-0.9975409507751465,0.07008709013462067,0.0,0.0,0.0,0.0,-0.01388302817940712,-1.0,-0.0,0.0,0.0
1782948516.1136203,2026-07-01 19:28:36.113,17996.0,17996,left,0,1,pinch,2,0.0,0.003969999961555004,-0.04999999701976776,-1.0,-0.0,0.0,0.0,0.0,0.0,0.0,-1.0,-0.0,0.0,0.0,0.025476500391960144,-0.012044699862599373,-0.022234899923205376,-0.7470147609710693,0.049445927143096924,0.3765372335910797,0.5456590056419373,-5.7220457705398076e-08,-4.3511388270189855e-08,-0.027230437844991684,-0.9378601312637329,0.3470136225223541,0.0,0.0,3.5762786065873797e-09,6.318092005130893e-08,-0.031859491020441055,-0.8542045950889587,0.5199370980262756,0.0,0.0,2.384185648907078e-08,0.0,-0.023122519254684448,-1.0,-0.0,0.0,0.0,0.012359999120235443,0.0032300001475960016,-0.017000000923871994,-0.9990482330322266,-0.0,0.04361938685178757,0.0,0.0021501504816114902,-3.890097104886081e-06,-0.06502876430749893,-0.8533037900924683,0.5214096307754517,0.0018511019879952073,0.0011311123380437493,-9.53674295089968e-09,-9.53674295089968e-09,-0.036917347460985184,-0.7249484658241272,0.6888031959533691,0.0,0.0,-2.8610228852699038e-08,-2.98023217215615e-10,-0.0216355137526989,-0.9346441626548767,0.3555845022201538,0.0,0.0,1.2636184010261786e-07,2.98023217215615e-10,-0.018689393997192383,-1.0,-0.0,0.0,0.0,0.0,0.003969999961555004,-0.01750910095870495,-1.0,-0.0,0.0,0.0,0.0,4.610121322912164e-06,-0.06379090249538422,-1.0,-0.0,0.0,0.0,0.0,2.98023217215615e-10,-0.044606998562812805,-0.9993282556533813,0.036646850407123566,0.0,0.0,0.0,0.0,-0.023475991562008858,-0.9987035393714905,0.050904761999845505,0.0,0.0,0.0,0.0,-0.019651994109153748,-1.0,-0.0,0.0,0.0,-0.00711638992652297,0.0018999999156221747,-0.016959700733423233,-0.9961947202682495,-0.0,-0.08715574443340302,0.0,0.0005882433033548295,0.0,-0.060253534466028214,-0.9996573328971863,-0.0,-0.026176923885941505,0.0,-1.1086464013487785e-07,-1.490116086078075e-10,-0.04255366697907448,-0.9995051622390747,0.03145527467131615,0.0,0.0,4.5299529460862686e-08,0.0,-0.022088106721639633,-0.999065101146698,0.04323066025972366,0.0,0.0,-1.4305114426349519e-08,0.0,-0.017740696668624878,-1.0,-0.0,0.0,0.0,-0.013503500260412693,-0.0037700000684708357,-0.014087299816310406,-0.9914448857307434,-0.0,-0.13052619993686676,0.0,-0.004897483624517918,-3.8501621020259336e-06,-0.05743739381432533,-0.9986295104026794,-0.0,-0.05233589559793472,0.0,5.4836270635405526e-08,-2.98023217215615e-10,-0.03276759013533592,-0.9988899827003479,0.04710528254508972,0.0,0.0,-9.298324243900424e-08,0.0,-0.01670967973768711,-0.9975409507751465,0.07008709013462067,0.0,0.0,6.19888282926695e-08,0.0,-0.013883084990084171,-1.0,-0.0,0.0,0.0
1782948516.3076966,2026-07-01 19:28:36.307,14568.0,14568,right,0,2,pinch,2,0.0,0.003969999961555004,-0.04999999701976776,-1.0,-0.0,0.0,0.0,0.0,0.0,0.0,-1.0,-0.0,0.0,0.0,-0.025476505979895592,-0.012044684961438179,-0.022234933450818062,-0.7772097587585449,0.018939096480607986,-0.3263368308544159,-0.5376715064048767,0.0,1.19209286886246e-09,-0.02723044343292713,-0.9640881419181824,0.2655826508998871,0.0,0.0,2.38418573772492e-09,-1.19209286886246e-09,-0.031859468668699265,-0.9048905968666077,0.4256443381309509,0.0,0.0,0.0,-3.5762786065873797e-09,-0.023122519254684448,-1.0,-0.0,0.0,0.0,-0.012360505759716034,0.0032300001475960016,-0.016998957842588425,-0.9990482330322266,-0.0,-0.04361938685178757,0.0,-0.002149570034816861,-3.8927792047616094e-06,-0.06502974033355713,-0.875016450881958,0.4840783178806305,-0.0033274793531745672,-0.001840834622271359,0.0,0.0,-0.03691747412085533,-0.7350288033485413,0.6780358552932739,0.0,0.0,-2.38418573772492e-09,-2.98023217215615e-10,-0.02163529396057129,-0.9369515776634216,0.34945929050445557,0.0,0.0,0.0,2.98023217215615e-10,-0.01868978515267372,-1.0,-0.0,0.0,0.0,0.0,0.003969999961555004,-0.017509059980511665,-1.0,-0.0,0.0,0.0,0.0,4.611611075233668e-06,-0.0637909397482872,-0.9999433755874634,0.01064066682010889,0.0,0.0,0.0,2.98023217215615e-10,-0.04460655897855759,-0.9840849041938782,0.1776987910270691,0.0,0.0,0.0,-2.98023217215615e-10,-0.02347646653652191,-0.980259358882904,0.1977158784866333,0.0,0.0,0.0,0.0,-0.019652195274829865,-1.0,-0.0,0.0,0.0,0.00711638480424881,0.0018999999156221747,-0.016959700733423233,-0.9961947202682495,-0.0,0.08715574443340302,0.0,-0.0005882382392883301,0.0,-0.060253534466028214,-0.9996573328971863,-0.0,0.026176923885941505,0.0,1.19209286886246e-09,-1.490116086078075e-10,-0.04255415499210358,-0.9995051622390747,0.03145527467131615,0.0,0.0,-2.38418573772492e-09,0.0,-0.02208789810538292,-0.999065101146698,0.04323066025972366,0.0,0.0,0.0,0.0,-0.017740869894623756,-1.0,-0.0,0.0,0.0,0.013503451831638813,-0.0037700000684708357,-0.014087309129536152,-0.9914448857307434,-0.0,0.13052619993686676,0.0,0.0048975334502756596,-3.847479547403054e-06,-0.05743739381432533,-0.9986295104026794,-0.0,0.05233589559793472,0.0,4.76837147544984e-09,-2.98023217215615e-10,-0.03276757150888443,-0.9988899827003479,0.04710528254508972,0.0,0.0,2.38418573772492e-09,0.0,-0.016709718853235245,-0.9975409507751465,0.07008709013462067,0.0,0.0,0.0,0.0,-0.01388302817940712,-1.0,-0.0,0.0,0.0
1782948516.3289545,2026-07-01 19:28:36.328,17998.0,17998,left,0,1,pinch,2,0.0,0.003969999961555004,-0.04999999701976776,-1.0,-0.0,0.0,0.0,0.0,0.0,0.0,-1.0,-0.0,0.0,0.0,0.025476500391960144,-0.012044699862599373,-0.022234899923205376,-0.7479415535926819,0.04638166353106499,0.375605046749115,0.5453009009361267,-5.7220457705398076e-08,-4.3511388270189855e-08,-0.027230437844991684,-0.9396021366119385,0.342268705368042,0.0,0.0,3.5762786065873797e-09,6.318092005130893e-08,-0.031859491020441055,-0.857246458530426,0.5149063467979431,0.0,0.0,2.384185648907078e-08,0.0,-0.023122519254684448,-1.0,-0.0,0.0,0.0,0.012359999120235443,0.0032300001475960016,-0.017000000923871994,-0.9990482330322266,-0.0,0.04361938685178757,0.0,0.0021501504816114902,-3.890097104886081e-06,-0.06502876430749893,-0.8533037900924683,0.5214096307754517,0.0018511019879952073,0.0011311123380437493,-9.53674295089968e-09,-9.53674295089968e-09,-0.036917347460985184,-0.7249484658241272,0.6888031959533691,0.0,0.0,-2.8610228852699038e-08,-2.98023217215615e-10,-0.0216355137526989,-0.9346441626548767,0.3555845022201538,0.0,0.0,1.2636184010261786e-07,2.98023217215615e-10,-0.018689393997192383,-1.0,-0.0,0.0,0.0,0.0,0.003969999961555004,-0.01750910095870495,-1.0,-0.0,0.0,0.0,0.0,4.610121322912164e-06,-0.06379090249538422,-1.0,-0.0,0.0,0.0,0.0,2.98023217215615e-10,-0.044606998562812805,-0.9993282556533813,0.036646850407123566,0.0,0.0,0.0,0.0,-0.023475991562008858,-0.9987035393714905,0.050904761999845505,0.0,0.0,0.0,0.0,-0.019651994109153748,-1.0,-0.0,0.0,0.0,-0.00711638992652297,0.0018999999156221747,-0.016959700733423233,-0.9961947202682495,-0.0,-0.08715574443340302,0.0,0.0005882433033548295,0.0,-0.060253534466028214,-0.9996573328971863,-0.0,-0.026176923885941505,0.0,-1.1086464013487785e-07,-1.490116086078075e-10,-0.04255366697907448,-0.9995051622390747,0.03145527467131615,0.0,0.0,4.5299529460862686e-08,0.0,-0.022088106721639633,-0.999065101146698,0.04323066025972366,0.0,0.0,-1.4305114426349519e-08,0.0,-0.017740696668624878,-1.0,-0.0,0.0,0.0,-0.013503500260412693,-0.0037700000684708357,-0.014087299816310406,-0.9914448857307434,-0.0,-0.13052619993686676,0.0,-0.004897483624517918,-3.8501621020259336e-06,-0.05743739381432533,-0.9986295104026794,-0.0,-0.05233589559793472,0.0,5.4836270635405526e-08,-2.98023217215615e-10,-0.03276759013533592,-0.9988899827003479,0.04710528254508972,0.0,0.0,-9.298324243900424e-08,0.0,-0.01670967973768711,-0.9975409507751465,0.07008709013462067,0.0,0.0,6.19888282926695e-08,0.0,-0.013883084990084171,-1.0,-0.0,0.0,0.0
1782948516.5103948,2026-07-01 19:28:36.510,14579.0,14579,right,0,2,pinch,2,0.0,0.003969999961555004,-0.04999999701976776,-1.0,-0.0,0.0,0.0,0.0,0.0,0.0,-1.0,-0.0,0.0,0.0,-0.025476505979895592,-0.012044684961438179,-0.022234933450818062,-0.7772097587585449,0.018939096480607986,-0.3263368308544159,-0.5376715064048767,0.0,1.19209286886246e-09,-0.02723044343292713,-0.9640881419181824,0.2655826508998871,0.0,0.0,2.38418573772492e-09,-1.19209286886246e-09,-0.031859468668699265,-0.9048905968666077,0.4256443381309509,0.0,0.0,0.0,-3.5762786065873797e-09,-0.023122519254684448,-1.0,-0.0,0.0,0.0,-0.012360505759716034,0.0032300001475960016,-0.016998957842588425,-0.9990482330322266,-0.0,-0.04361938685178757,0.0,-0.002149570034816861,-3.8927792047616094e-06,-0.06502974033355713,-0.875016450881958,0.4840783178806305,-0.0033274793531745672,-0.001840834622271359,0.0,0.0,-0.03691747412085533,-0.7350288033485413,0.6780358552932739,0.0,0.0,-2.38418573772492e-09,-2.98023217215615e-10,-0.02163529396057129,-0.9369515776634216,0.34945929050445557,0.0,0.0,0.0,2.98023217215615e-10,-0.01868978515267372,-1.0,-0.0,0.0,0.0,0.0,0.003969999961555004,-0.017509059980511665,-1.0,-0.0,0.0,0.0,0.0,4.611611075233668e-06,-0.0637909397482872,-0.9999433755874634,0.01064066682010889,0.0,0.0,0.0,2.98023217215615e-10,-0.04460655897855759,-0.9840849041938782,0.1776987910270691,0.0,0.0,0.0,-2.98023217215615e-10,-0.02347646653652191,-0.980259358882904,0.1977158784866333,0.0,0.0,0.0,0.0,-0.019652195274829865,-1.0,-0.0,0.0,0.0,0.00711638480424881,0.0018999999156221747,-0.016959700733423233,-0.9961947202682495,-0.0,0.08715574443340302,0.0,-0.0005882382392883301,0.0,-0.060253534466028214,-0.9996573328971863,-0.0,0.026176923885941505,0.0,1.19209286886246e-09,-1.490116086078075e-10,-0.04255415499210358,-0.9995051622390747,0.03145527467131615,0.0,0.0,-2.38418573772492e-09,0.0,-0.02208789810538292,-0.999065101146698,0.04323066025972366,0.0,0.0,0.0,0.0,-0.017740869894623756,-1.0,-0.0,0.0,0.0,0.013503451831638813,-0.0037700000684708357,-0.014087309129536152,-0.9914448857307434,-0.0,0.13052619993686676,0.0,0.0048975334502756596,-3.847479547403054e-06,-0.05743739381432533,-0.9986295104026794,-0.0,0.05233589559793472,0.0,4.76837147544984e-09,-2.98023217215615e-10,-0.03276757150888443,-0.9988899827003479,0.04710528254508972,0.0,0.0,2.38418573772492e-09,0.0,-0.016709718853235245,-0.9975409507751465,0.07008709013462067,0.0,0.0,0.0,0.0,-0.01388302817940712,-1.0,-0.0,0.0,0.0
1782948516.5333333,2026-07-01 19:28:36.533,18000.0,18000,left,0,1,pinch,2,0.0,0.003969999961555004,-0.04999999701976776,-1.0,-0.0,0.0,0.0,0.0,0.0,0.0,-1.0,-0.0,0.0,0.0,0.025476500391960144,-0.012044699862599373,-0.022234899923205376,-0.7488893270492554,0.04330332577228546,0.3746258020401001,0.5449267029762268,-5.7220457705398076e-08,-4.3511388270189855e-08,-0.027230437844991684,-0.9413310885429382,0.3374845087528229,0.0,0.0,3.5762786065873797e-09,6.318092005130893e-08,-0.031859491020441055,-0.8603138327598572,0.5097648501396179,0.0,0.0,2.384185648907078e-08,0.0,-0.023122519254684448,-1.0,-0.0,0.0,0.0,0.012359999120235443,0.0032300001475960016,-0.017000000923871994,-0.9990482330322266,-0.0,0.04361938685178757,0.0,0.0021501504816114902,-3.890097104886081e-06,-0.06502876430749893,-0.8533037900924683,0.5214096307754517,0.0018511019879952073,0.0011311123380437493,-9.53674295089968e-09,-9.53674295089968e-09,-0.036917347460985184,-0.7249484658241272,0.6888031959533691,0.0,0.0,-2.8610228852699038e-08,-2.98023217215615e-10,-0.0216355137526989,-0.9346441626548767,0.3555845022201538,0.0,0.0,1.2636184010261786e-07,2.98023217215615e-10,-0.018689393997192383,-1.0,-0.0,0.0,0.0,0.0,0.003969999961555004,-0.01750910095870495,-1.0,-0.0,0.0,0.0,0.0,4.610121322912164e-06,-0.06379090249538422,-1.0,-0.0,0.0,0.0,0.0,2.98023217215615e-10,-0.044606998562812805,-0.9993282556533813,0.036646850407123566,0.0,0.0,0.0,0.0,-0.023475991562008858,-0.9987035393714905,0.050904761999845505,0.0,0.0,0.0,0.0,-0.019651994109153748,-1.0,-0.0,0.0,0.0,-0.00711638992652297,0.0018999999156221747,-0.016959700733423233,-0.9961947202682495,-0.0,-0.08715574443340302,0.0,0.0005882433033548295,0.0,-0.060253534466028214,-0.9996573328971863,-0.0,-0.026176923885941505,0.0,-1.1086464013487785e-07,-1.490116086078075e-10,-0.04255366697907448,-0.9995051622390747,0.03145527467131615,0.0,0.0,4.5299529460862686e-08,0.0,-0.022088106721639633,-0.999065101146698,0.04323066025972366,0.0,0.0,-1.4305114426349519e-08,0.0,-0.017740696668624878,-1.0,-0.0,0.0,0.0,-0.013503500260412693,-0.0037700000684708357,-0.014087299816310406,-0.9914448857307434,-0.0,-0.13052619993686676,0.0,-0.004897483624517918,-3.8501621020259336e-06,-0.05743739381432533,-0.9986295104026794,-0.0,-0.05233589559793472,0.0,5.4836270635405526e-08,-2.98023217215615e-10,-0.03276759013533592,-0.9988899827003479,0.04710528254508972,0.0,0.0,-9.298324243900424e-08,0.0,-0.01670967973768711,-0.9975409507751465,0.07008709013462067,0.0,0.0,6.19888282926695e-08,0.0,-0.013883084990084171,-1.0,-0.0,0.0,0.0
1782948516.71759,2026-07-01 19:28:36.717,14593.0,14593,right,0,2,pinch,2,0.0,0.003969999961555004,-0.04999999701976776,-1.0,-0.0,0.0,0.0,0.0,0.0,0.0,-1.0,-0.0,0.0,0.0,-0.025476505979895592,-0.012044684961438179,-0.022234933450818062,-0.7770397067070007,0.019480351358652115,-0.3265875577926636,-0.5377456545829773,0.0,1.19209286886246e-09,-0.02723044343292713,-0.9638505578041077,0.26644352078437805,0.0,0.0,2.38418573772492e-09,-1.19209286886246e-09,-0.031859468668699265,-0.904387354850769,0.4267124831676483,0.0,0.0,0.0,-3.5762786065873797e-09,-0.023122519254684448,-1.0,-0.0,0.0,0.0,-0.012360505759716034,0.0032300001475960016,-0.016998957842588425,-0.9990482330322266,-0.0,-0.04361938685178757,0.0,-0.002149570034816861,-3.8927792047616094e-06,-0.06502974033355713,-0.875016450881958,0.4840783178806305,-0.0033274793531745672,-0.001840834622271359,0.0,0.0,-0.03691747412085533,-0.7350288033485413,0.6780358552932739,0.0,0.0,-2.38418573772492e-09,-2.98023217215615e-10,-0.02163529396057129,-0.9369515776634216,0.34945929050445557,0.0,0.0,0.0,2.98023217215615e-10,-0.01868978515267372,-1.0,-0.0,0.0,0.0,0.0,0.003969999961555004,-0.017509059980511665,-1.0,-0.0,0.0,0.0,0.0,4.611611075233668e-06,-0.0637909397482872,-0.9999433755874634,0.01064066682010889,0.0,0.0,0.0,2.98023217215615e-10,-0.04460655897855759,-0.9840849041938782,0.1776987910270691,0.0,0.0,0.0,-2.98023217215615e-10,-0.02347646653652191,-0.980259358882904,0.1977158784866333,0.0,0.0,0.0,0.0,-0.019652195274829865,-1.0,-0.0,0.0,0.0,0.00711638480424881,0.0018999999156221747,-0.016959700733423233,-0.9961947202682495,-0.0,0.08715574443340302,0.0,-0.0005882382392883301,0.0,-0.060253534466028214,-0.9996573328971863,-0.0,0.026176923885941505,0.0,1.19209286886246e-09,-1.490116086078075e-10,-0.04255415499210358,-0.9995051622390747,0.03145527467131615,0.0,0.0,-2.38418573772492e-09,0.0,-0.02208789810538292,-0.999065101146698,0.04323066025972366,0.0,0.0,0.0,0.0,-0.017740869894623756,-1.0,-0.0,0.0,0.0,0.013503451831638813,-0.0037700000684708357,-0.014087309129536152,-0.9914448857307434,-0.0,0.13052619993686676,0.0,0.0048975334502756596,-3.847479547403054e-06,-0.05743739381432533,-0.9986295104026794,-0.0,0.05233589559793472,0.0,4.76837147544984e-09,-2.98023217215615e-10,-0.03276757150888443,-0.9988899827003479,0.04710528254508972,0.0,0.0,2.38418573772492e-09,0.0,-0.016709718853235245,-0.9975409507751465,0.07008709013462067,0.0,0.0,0.0,0.0,-0.01388302817940712,-1.0,-0.0,0.0,0.0
1782948516.7521756,2026-07-01 19:28:36.752,18002.0,18002,left,0,1,pinch,2,0.0,0.003969999961555004,-0.04999999701976776,-1.0,-0.0,0.0,0.0,0.0,0.0,0.0,-1.0,-0.0,0.0,0.0,0.025476500391960144,-0.012044699862599373,-0.022234899923205376,-0.7488893270492554,0.04330332577228546,0.3746258020401001,0.5449267029762268,-5.7220457705398076e-08,-4.3511388270189855e-08,-0.027230437844991684,-0.9413310885429382,0.3374845087528229,0.0,0.0,3.5762786065873797e-09,6.318092005130893e-08,-0.031859491020441055,-0.8603138327598572,0.5097648501396179,0.0,0.0,2.384185648907078e-08,0.0,-0.023122519254684448,-1.0,-0.0,0.0,0.0,0.012359999120235443,0.0032300001475960016,-0.017000000923871994,-0.9990482330322266,-0.0,0.04361938685178757,0.0,0.0021501504816114902,-3.890097104886081e-06,-0.06502876430749893,-0.8565482497215271,0.5160621404647827,0.0019083493389189243,0.0011486777802929282,-9.53674295089968e-09,-9.53674295089968e-09,-0.036917347460985184,-0.7263532280921936,0.687321662902832,0.0,0.0,-2.8610228852699038e-08,-2.98023217215615e-10,-0.0216355137526989,-0.9349674582481384,0.35473355650901794,0.0,0.0,1.2636184010261786e-07,2.98023217215615e-10,-0.018689393997192383,-1.0,-0.0,0.0,0.0,0.0,0.003969999961555004,-0.01750910095870495,-1.0,-0.0,0.0,0.0,0.0,4.610121322912164e-06,-0.06379090249538422,-1.0,-0.0,0.0,0.0,0.0,2.98023217215615e-10,-0.044606998562812805,-0.9993282556533813,0.036646850407123566,0.0,0.0,0.0,0.0,-0.023475991562008858,-0.9987035393714905,0.050904761999845505,0.0,0.0,0.0,0.0,-0.019651994109153748,-1.0,-0.0,0.0,0.0,-0.00711638992652297,0.0018999999156221747,-0.016959700733423233,-0.9961947202682495,-0.0,-0.08715574443340302,0.0,0.0005882433033548295,0.0,-0.060253534466028214,-0.9996573328971863,-0.0,-0.026176923885941505,0.0,-1.1086464013487785e-07,-1.490116086078075e-10,-0.04255366697907448,-0.9995051622390747,0.03145527467131615,0.0,0.0,4.5299529460862686e-08,0.0,-0.022088106721639633,-0.999065101146698,0.04323066025972366,0.0,0.0,-1.4305114426349519e-08,0.0,-0.017740696668624878,-1.0,-0.0,0.0,0.0,-0.013503500260412693,-0.0037700000684708357,-0.014087299816310406,-0.9914448857307434,-0.0,-0.13052619993686676,0.0,-0.004897483624517918,-3.8501621020259336e-06,-0.05743739381432533,-0.9986295104026794,-0.0,-0.05233589559793472,0.0,5.4836270635405526e-08,-2.98023217215615e-10,-0.03276759013533592,-0.9988899827003479,0.04710528254508972,0.0,0.0,-9.298324243900424e-08,0.0,-0.01670967973768711,-0.9975409507751465,0.07008709013462067,0.0,0.0,6.19888282926695e-08,0.0,-0.013883084990084171,-1.0,-0.0,0.0,0.0
1782948516.93915,2026-07-01 19:28:36.939,14604.0,14604,right,0,2,pinch,2,0.0,0.003969999961555004,-0.04999999701976776,-1.0,-0.0,0.0,0.0,0.0,0.0,0.0,-1.0,-0.0,0.0,0.0,-0.025476505979895592,-0.012044684961438179,-0.022234933450818062,-0.7761850953102112,0.0221865177154541,-0.3278394341468811,-0.5381131768226624,0.0,1.19209286886246e-09,-0.02723044343292713,-0.962651252746582,0.270744651556015,0.0,0.0,2.38418573772492e-09,-1.19209286886246e-09,-0.031859468668699265,-0.9018523693084717,0.4320443868637085,0.0,0.0,0.0,-3.5762786065873797e-09,-0.023122519254684448,-1.0,-0.0,0.0,0.0,-0.012360505759716034,0.0032300001475960016,-0.016998957842588425,-0.9990482330322266,-0.0,-0.04361938685178757,0.0,-0.002149570034816861,-3.8927792047616094e-06,-0.06502974033355713,-0.875016450881958,0.4840783178806305,-0.0033274793531745672,-0.001840834622271359,0.0,0.0,-0.03691747412085533,-0.7350288033485413,0.6780358552932739,0.0,0.0,-2.38418573772492e-09,-2.98023217215615e-10,-0.02163529396057129,-0.9369515776634216,0.34945929050445557,0.0,0.0,0.0,2.98023217215615e-10,-0.01868978515267372,-1.0,-0.0,0.0,0.0,0.0,0.003969999961555004,-0.017509059980511665,-1.0,-0.0,0.0,0.0,0.0,4.611611075233668e-06,-0.0637909397482872,-0.9999433755874634,0.01064066682010889,0.0,0.0,0.0,2.98023217215615e-10,-0.04460655897855759,-0.9840849041938782,0.1776987910270691,0.0,0.0,0.0,-2.98023217215615e-10,-0.02347646653652191,-0.980259358882904,0.1977158784866333,0.0,0.0,0.0,0.0,-0.019652195274829865,-1.0,-0.0,0.0,0.0,0.00711638480424881,0.0018999999156221747,-0.016959700733423233,-0.9961947202682495,-0.0,0.08715574443340302,0.0,-0.0005882382392883301,0.0,-0.060253534466028214,-0.9996573328971863,-0.0,0.026176923885941505,0.0,1.19209286886246e-09,-1.490116086078075e-10,-0.04255415499210358,-0.9995051622390747,0.03145527467131615,0.0,0.0,-2.38418573772492e-09,0.0,-0.02208789810538292,-0.999065101146698,0.04323066025972366,0.0,0.0,0.0,0.0,-0.017740869894623756,-1.0,-0.0,0.0,0.0,0.013503451831638813,-0.0037700000684708357,-0.014087309129536152,-0.9914448857307434,-0.0,0.13052619993686676,0.0,0.0048975334502756596,-3.847479547403054e-06,-0.05743739381432533,-0.9986295104026794,-0.0,0.05233589559793472,0.0,4.76837147544984e-09,-2.98023217215615e-10,-0.03276757150888443,-0.9988899827003479,0.04710528254508972,0.0,0.0,2.38418573772492e-09,0.0,-0.016709718853235245,-0.9975409507751465,0.07008709013462067,0.0,0.0,0.0,0.0,-0.01388302817940712,-1.0,-0.0,0.0,0.0
1782948516.9747386,2026-07-01 19:28:36.974,18004.0,18004,left,0,1,pinch,2,0.0,0.003969999961555004,-0.04999999701976776,-1.0,-0.0,0.0,0.0,0.0,0.0,0.0,-1.0,-0.0,0.0,0.0,0.025476500391960144,-0.012044699862599373,-0.022234899923205376,-0.7488893270492554,0.04330332577228546,0.3746258020401001,0.5449267029762268,-5.7220457705398076e-08,-4.3511388270189855e-08,-0.027230437844991684,-0.9413310885429382,0.3374845087528229,0.0,0.0,3.5762786065873797e-09,6.318092005130893e-08,-0.031859491020441055,-0.8603138327598572,0.5097648501396179,0.0,0.0,2.384185648907078e-08,0.0,-0.023122519254684448,-1.0,-0.0,0.0,0.0,0.012359999120235443,0.0032300001475960016,-0.017000000923871994,-0.9990482330322266,-0.0,0.04361938685178757,0.0,0.0021501504816114902,-3.890097104886081e-06,-0.06502876430749893,-0.8767829537391663,0.4808793067932129,0.002283987356349826,0.0012523886980488896,-9.53674295089968e-09,-9.53674295089968e-09,-0.036917347460985184,-0.7359698414802551,0.6770142912864685,0.0,0.0,-2.8610228852699038e-08,-2.98023217215615e-10,-0.0216355137526989,-0.937164306640625,0.3488883674144745,0.0,0.0,1.2636184010261786e-07,2.98023217215615e-10,-0.018689393997192383,-1.0,-0.0,0.0,0.0,0.0,0.003969999961555004,-0.01750910095870495,-1.0,-0.0,0.0,0.0,0.0,4.610121322912164e-06,-0.06379090249538422,-1.0,-0.0,0.0,0.0,0.0,2.98023217215615e-10,-0.044606998562812805,-0.9993282556533813,0.036646850407123566,0.0,0.0,0.0,0.0,-0.023475991562008858,-0.9987035393714905,0.050904761999845505,0.0,0.0,0.0,0.0,-0.019651994109153748,-1.0,-0.0,0.0,0.0,-0.00711638992652297,0.0018999999156221747,-0.016959700733423233,-0.9961947202682495,-0.0,-0.08715574443340302,0.0,0.0005882433033548295,0.0,-0.060253534466028214,-0.9996573328971863,-0.0,-0.026176923885941505,0.0,-1.1086464013487785e-07,-1.490116086078075e-10,-0.04255366697907448,-0.9995051622390747,0.03145527467131615,0.0,0.0,4.5299529460862686e-08,0.0,-0.022088106721639633,-0.999065101146698,0.04323066025972366,0.0,0.0,-1.4305114426349519e-08,0.0,-0.017740696668624878,-1.0,-0.0,0.0,0.0,-0.013503500260412693,-0.0037700000684708357,-0.014087299816310406,-0.9914448857307434,-0.0,-0.13052619993686676,0.0,-0.004897483624517918,-3.8501621020259336e-06,-0.05743739381432533,-0.9986295104026794,-0.0,-0.05233589559793472,0.0,5.4836270635405526e-08,-2.98023217215615e-10,-0.03276759013533592,-0.9988899827003479,0.04710528254508972,0.0,0.0,-9.298324243900424e-08,0.0,-0.01670967973768711,-0.9975409507751465,0.07008709013462067,0.0,0.0,6.19888282926695e-08,0.0,-0.013883084990084171,-1.0,-0.0,0.0,0.0
1782948517.1496644,2026-07-01 19:28:37.149,14617.0,14617,right,0,2,pinch,2,0.0,0.003969999961555004,-0.04999999701976776,-1.0,-0.0,0.0,0.0,0.0,0.0,0.0,-1.0,-0.0,0.0,0.0,-0.025476505979895592,-0.012044684961438179,-0.022234933450818062,-0.7761850953102112,0.0221865177154541,-0.3278394341468811,-0.5381131768226624,0.0,1.19209286886246e-09,-0.02723044343292713,-0.962651252746582,0.270744651556015,0.0,0.0,2.38418573772492e-09,-1.19209286886246e-09,-0.031859468668699265,-0.9018523693084717,0.4320443868637085,0.0,0.0,0.0,-3.5762786065873797e-09,-0.023122519254684448,-1.0,-0.0,0.0,0.0,-0.012360505759716034,0.0032300001475960016,-0.016998957842588425,-0.9990482330322266,-0.0,-0.04361938685178757,0.0,-0.002149570034816861,-3.8927792047616094e-06,-0.06502974033355713,-0.8837281465530396,0.46798333525657654,-0.0035513928160071373,-0.0018803043058142066,0.0,0.0,-0.03691747412085533,-0.7398034334182739,0.6728230714797974,0.0,0.0,-2.38418573772492e-09,-2.98023217215615e-10,-0.02163529396057129,-0.9380285143852234,0.34655818343162537,0.0,0.0,0.0,2.98023217215615e-10,-0.01868978515267372,-1.0,-0.0,0.0,0.0,0.0,0.003969999961555004,-0.017509059980511665,-1.0,-0.0,0.0,0.0,0.0,4.611611075233668e-06,-0.0637909397482872,-0.9999665021896362,0.008183635771274567,0.0,0.0,0.0,2.98023217215615e-10,-0.04460655897855759,-0.9856061339378357,0.1690579205751419,0.0,0.0,0.0,-2.98023217215615e-10,-0.02347646653652191,-0.9812523722648621,0.19272740185260773,0.0,0.0,0.0,0.0,-0.019652195274829865,-1.0,-0.0,0.0,0.0,0.00711638480424881,0.0018999999156221747,-0.016959700733423233,-0.9961947202682495,-0.0,0.08715574443340302,0.0,-0.0005882382392883301,0.0,-0.060253534466028214,-0.9996573328971863,-0.0,0.026176923885941505,0.0,1.19209286886246e-09,-1.490116086078075e-10,-0.04255415499210358,-0.9995051622390747,0.03145527467131615,0.0,0.0,-2.38418573772492e-09,0.0,-0.02208789810538292,-0.999065101146698,0.04323066025972366,0.0,0.0,0.0,0.0,-0.017740869894623756,-1.0,-0.0,0.0,0.0,0.013503451831638813,-0.0037700000684708357,-0.014087309129536152,-0.9914448857307434,-0.0,0.13052619993686676,0.0,0.0048975334502756596,-3.847479547403054e-06,-0.05743739381432533,-0.9986295104026794,-0.0,0.05233589559793472,0.0,4.76837147544984e-09,-2.98023217215615e-10,-0.03276757150888443,-0.9988899827003479,0.04710528254508972,0.0,0.0,2.38418573772492e-09,0.0,-0.016709718853235245,-0.9975409507751465,0.07008709013462067,0.0,0.0,0.0,0.0,-0.01388302817940712,-1.0,-0.0,0.0,0.0
1782948517.1855476,2026-07-01 19:28:37.185,18005.0,18005,left,0,1,pinch,2,0.0,0.003969999961555004,-0.04999999701976776,-1.0,-0.0,0.0,0.0,0.0,0.0,0.0,-1.0,-0.0,0.0,0.0,0.025476500391960144,-0.012044699862599373,-0.022234899923205376,-0.7496962547302246,0.04072710871696472,0.3737715482711792,0.5446022748947144,-5.7220457705398076e-08,-4.3511388270189855e-08,-0.027230437844991684,-0.9427619576454163,0.333466500043869,0.0,0.0,3.5762786065873797e-09,6.318092005130893e-08,-0.031859491020441055,-0.8628902435302734,0.5053913593292236,0.0,0.0,2.384185648907078e-08,0.0,-0.023122519254684448,-1.0,-0.0,0.0,0.0,0.012359999120235443,0.0032300001475960016,-0.017000000923871994,-0.9990482330322266,-0.0,0.04361938685178757,0.0,0.0021501504816114902,-3.890097104886081e-06,-0.06502876430749893,-0.8917763829231262,0.4524671137332916,0.0025908376555889845,0.0013141297968104482,-9.53674295089968e-09,-9.53674295089968e-09,-0.036917347460985184,-0.7446150183677673,0.6674941778182983,0.0,0.0,-2.8610228852699038e-08,-2.98023217215615e-10,-0.0216355137526989,-0.9391044974327087,0.34363168478012085,0.0,0.0,1.2636184010261786e-07,2.98023217215615e-10,-0.018689393997192383,-1.0,-0.0,0.0,0.0,0.0,0.003969999961555004,-0.01750910095870495,-1.0,-0.0,0.0,0.0,0.0,4.610121322912164e-06,-0.06379090249538422,-1.0,-0.0,0.0,0.0,0.0,2.98023217215615e-10,-0.044606998562812805,-0.9993282556533813,0.036646850407123566,0.0,0.0,0.0,0.0,-0.023475991562008858,-0.9987035393714905,0.050904761999845505,0.0,0.0,0.0,0.0,-0.019651994109153748,-1.0,-0.0,0.0,0.0,-0.00711638992652297,0.0018999999156221747,-0.016959700733423233,-0.9961947202682495,-0.0,-0.08715574443340302,0.0,0.0005882433033548295,0.0,-0.060253534466028214,-0.9996573328971863,-0.0,-0.026176923885941505,0.0,-1.1086464013487785e-07,-1.490116086078075e-10,-0.04255366697907448,-0.9995051622390747,0.03145527467131615,0.0,0.0,4.5299529460862686e-08,0.0,-0.022088106721639633,-0.999065101146698,0.04323066025972366,0.0,0.0,-1.4305114426349519e-08,0.0,-0.017740696668624878,-1.0,-0.0,0.0,0.0,-0.013503500260412693,-0.0037700000684708357,-0.014087299816310406,-0.9914448857307434,-0.0,-0.13052619993686676,0.0,-0.004897483624517918,-3.8501621020259336e-06,-0.05743739381432533,-0.9986295104026794,-0.0,-0.05233589559793472,0.0,5.4836270635405526e-08,-2.98023217215615e-10,-0.03276759013533592,-0.9988899827003479,0.04710528254508972,0.0,0.0,-9.298324243900424e-08,0.0,-0.01670967973768711,-0.9975409507751465,0.07008709013462067,0.0,0.0,6.19888282926695e-08,0.0,-0.013883084990084171,-1.0,-0.0,0.0,0.0
1782948517.3670166,2026-07-01 19:28:37.367,14632.0,14632,right,0,2,pinch,2,0.0,0.003969999961555004,-0.04999999701976776,-1.0,-0.0,0.0,0.0,0.0,0.0,0.0,-1.0,-0.0,0.0,0.0,-0.025476505979895592,-0.012044684961438179,-0.022234933450818062,-0.7761850953102112,0.0221865177154541,-0.3278394341468811,-0.5381131768226624,0.0,1.19209286886246e-09,-0.02723044343292713,-0.962651252746582,0.270744651556015,0.0,0.0,2.38418573772492e-09,-1.19209286886246e-09,-0.031859468668699265,-0.9018523693084717,0.4320443868637085,0.0,0.0,0.0,-3.5762786065873797e-09,-0.023122519254684448,-1.0,-0.0,0.0,0.0,-0.012360505759716034,0.0032300001475960016,-0.016998957842588425,-0.9990482330322266,-0.0,-0.04361938685178757,0.0,-0.002149570034816861,-3.8927792047616094e-06,-0.06502974033355713,-0.8905166983604431,0.4549313187599182,-0.0037299387622624636,-0.001905484707094729,0.0,0.0,-0.03691747412085533,-0.743819534778595,0.6683805584907532,0.0,0.0,-2.38418573772492e-09,-2.98023217215615e-10,-0.02163529396057129,-0.9389277696609497,0.3441142737865448,0.0,0.0,0.0,2.98023217215615e-10,-0.01868978515267372,-1.0,-0.0,0.0,0.0,0.0,0.003969999961555004,-0.017509059980511665,-1.0,-0.0,0.0,0.0,0.0,4.611611075233668e-06,-0.0637909397482872,-0.9999750852584839,0.007065203506499529,0.0,0.0,0.0,2.98023217215615e-10,-0.04460655897855759,-0.9863184094429016,0.16485144197940826,0.0,0.0,0.0,-2.98023217215615e-10,-0.02347646653652191,-0.981753408908844,0.19015873968601227,0.0,0.0,0.0,0.0,-0.019652195274829865,-1.0,-0.0,0.0,0.0,0.00711638480424881,0.0018999999156221747,-0.016959700733423233,-0.9961947202682495,-0.0,0.08715574443340302,0.0,-0.0005882382392883301,0.0,-0.060253534466028214,-0.9996573328971863,-0.0,0.026176923885941505,0.0,1.19209286886246e-09,-1.490116086078075e-10,-0.04255415499210358,-0.9995051622390747,0.03145527467131615,0.0,0.0,-2.38418573772492e-09,0.0,-0.02208789810538292,-0.999065101146698,0.04323066025972366,0.0,0.0,0.0,0.0,-0.017740869894623756,-1.0,-0.0,0.0,0.0,0.013503451831638813,-0.0037700000684708357,-0.014087309129536152,-0.9914448857307434,-0.0,0.13052619993686676,0.0,0.0048975334502756596,-3.847479547403054e-06,-0.05743739381432533,-0.9986295104026794,-0.0,0.05233589559793472,0.0,4.76837147544984e-09,-2.98023217215615e-10,-0.03276757150888443,-0.9988899827003479,0.04710528254508972,0.0,0.0,2.38418573772492e-09,0.0,-0.016709718853235245,-0.9975409507751465,0.07008709013462067,0.0,0.0,0.0,0.0,-0.01388302817940712,-1.0,-0.0,0.0,0.0
1782948517.4023402,2026-07-01 19:28:37.402,18007.0,18007,left,0,1,pinch,2,0.0,0.003969999961555004,-0.04999999701976776,-1.0,-0.0,0.0,0.0,0.0,0.0,0.0,-1.0,-0.0,0.0,0.0,0.025476500391960144,-0.012044699862599373,-0.022234899923205376,-0.7506792545318604,0.03762538731098175,0.37270867824554443,0.5441997051239014,-5.7220457705398076e-08,-4.3511388270189855e-08,-0.027230437844991684,-0.9444643259048462,0.3286140263080597,0.0,0.0,3.5762786065873797e-09,6.318092005130893e-08,-0.031859491020441055,-0.8659943342208862,0.500053882598877,0.0,0.0,2.384185648907078e-08,0.0,-0.023122519254684448,-1.0,-0.0,0.0,0.0,0.012359999120235443,0.0032300001475960016,-0.017000000923871994,-0.9990482330322266,-0.0,0.04361938685178757,0.0,0.0021501504816114902,-3.890097104886081e-06,-0.06502876430749893,-0.9097899198532104,0.4150559902191162,0.0029987420421093702,0.0013663660502061248,-9.53674295089968e-09,-9.53674295089968e-09,-0.036917347460985184,-0.7570731043815613,0.6533302068710327,0.0,0.0,-2.8610228852699038e-08,-2.98023217215615e-10,-0.0216355137526989,-0.94184809923172,0.3360389471054077,0.0,0.0,1.2636184010261786e-07,2.98023217215615e-10,-0.018689393997192383,-1.0,-0.0,0.0,0.0,0.0,0.003969999961555004,-0.01750910095870495,-1.0,-0.0,0.0,0.0,0.0,4.610121322912164e-06,-0.06379090249538422,-1.0,-0.0,0.0,0.0,0.0,2.98023217215615e-10,-0.044606998562812805,-0.9993282556533813,0.036646850407123566,0.0,0.0,0.0,0.0,-0.023475991562008858,-0.9987035393714905,0.050904761999845505,0.0,0.0,0.0,0.0,-0.019651994109153748,-1.0,-0.0,0.0,0.0,-0.00711638992652297,0.0018999999156221747,-0.016959700733423233,-0.9961947202682495,-0.0,-0.08715574443340302,0.0,0.0005882433033548295,0.0,-0.060253534466028214,-0.9996573328971863,-0.0,-0.026176923885941505,0.0,-1.1086464013487785e-07,-1.490116086078075e-10,-0.04255366697907448,-0.9995051622390747,0.03145527467131615,0.0,0.0,4.5299529460862686e-08,0.0,-0.022088106721639633,-0.999065101146698,0.04323066025972366,0.0,0.0,-1.4305114426349519e-08,0.0,-0.017740696668624878,-1.0,-0.0,0.0,0.0,-0.013503500260412693,-0.0037700000684708357,-0.014087299816310406,-0.9914448857307434,-0.0,-0.13052619993686676,0.0,-0.004897483624517918,-3.8501621020259336e-06,-0.05743739381432533,-0.9986295104026794,-0.0,-0.05233589559793472,0.0,5.4836270635405526e-08,-2.98023217215615e-10,-0.03276759013533592,-0.9988899827003479,0.04710528254508972,0.0,0.0,-9.298324243900424e-08,0.0,-0.01670967973768711,-0.9975409507751465,0.07008709013462067,0.0,0.0,6.19888282926695e-08,0.0,-0.013883084990084171,-1.0,-0.0,0.0,0.0
1782948517.579652,2026-07-01 19:28:37.579,14643.0,14643,right,0,2,pinch,2,0.0,0.003969999961555004,-0.04999999701976776,-1.0,-0.0,0.0,0.0,0.0,0.0,0.0,-1.0,-0.0,0.0,0.0,-0.025476505979895592,-0.012044684961438179,-0.022234933450818062,-0.7761850953102112,0.0221865177154541,-0.3278394341468811,-0.5381131768226624,0.0,1.19209286886246e-09,-0.02723044343292713,-0.962651252746582,0.270744651556015,0.0,0.0,2.38418573772492e-09,-1.19209286886246e-09,-0.031859468668699265,-0.9018523693084717,0.4320443868637085,0.0,0.0,0.0,-3.5762786065873797e-09,-0.023122519254684448,-1.0,-0.0,0.0,0.0,-0.012360505759716034,0.0032300001475960016,-0.016998957842588425,-0.9990482330322266,-0.0,-0.04361938685178757,0.0,-0.002149570034816861,-3.8927792047616094e-06,-0.06502974033355713,-0.8979471921920776,0.44008147716522217,-0.00392954470589757,-0.0019258592510595918,0.0,0.0,-0.03691747412085533,-0.7485765814781189,0.6630483865737915,0.0,0.0,-2.38418573772492e-09,-2.98023217215615e-10,-0.02163529396057129,-0.9399845004081726,0.3412172496318817,0.0,0.0,0.0,2.98023217215615e-10,-0.01868978515267372,-1.0,-0.0,0.0,0.0,0.0,0.003969999961555004,-0.017509059980511665,-1.0,-0.0,0.0,0.0,0.0,4.611611075233668e-06,-0.0637909397482872,-0.9999854564666748,0.005391813348978758,0.0,0.0,0.0,2.98023217215615e-10,-0.04460655897855759,-0.9874346852302551,0.15802796185016632,0.0,0.0,0.0,-2.98023217215615e-10,-0.02347646653652191,-0.9825949668884277,0.18576116859912872,0.0,0.0,0.0,0.0,-0.019652195274829865,-1.0,-0.0,0.0,0.0,0.00711638480424881,0.0018999999156221747,-0.016959700733423233,-0.9961947202682495,-0.0,0.08715574443340302,0.0,-0.0005882382392883301,0.0,-0.060253534466028214,-0.9996573328971863,-0.0,0.026176923885941505,0.0,1.19209286886246e-09,-1.490116086078075e-10,-0.04255415499210358,-0.9995051622390747,0.03145527467131615,0.0,0.0,-2.38418573772492e-09,0.0,-0.02208789810538292,-0.999065101146698,0.04323066025972366,0.0,0.0,0.0,0.0,-0.017740869894623756,-1.0,-0.0,0.0,0.0,0.013503451831638813,-0.0037700000684708357,-0.014087309129536152,-0.9914448857307434,-0.0,0.13052619993686676,0.0,0.0048975334502756596,-3.847479547403054e-06,-0.05743739381432533,-0.9986295104026794,-0.0,0.05233589559793472,0.0,4.76837147544984e-09,-2.98023217215615e-10,-0.03276757150888443,-0.9988899827003479,0.04710528254508972,0.0,0.0,2.38418573772492e-09,0.0,-0.016709718853235245,-0.9975409507751465,0.07008709013462067,0.0,0.0,0.0,0.0,-0.01388302817940712,-1.0,-0.0,0.0,0.0
1782948517.6027632,2026-07-01 19:28:37.602,18009.0,18009,left,0,1,pinch,2,0.0,0.003969999961555004,-0.04999999701976776,-1.0,-0.0,0.0,0.0,0.0,0.0,0.0,-1.0,-0.0,0.0,0.0,0.025476500391960144,-0.012044699862599373,-0.022234899923205376,-0.7523573040962219,0.03243069350719452,0.3708374500274658,0.5434946417808533,-5.7220457705398076e-08,-4.3511388270189855e-08,-0.027230437844991684,-0.9472658038139343,0.3204488456249237,0.0,0.0,3.5762786065873797e-09,6.318092005130893e-08,-0.031859491020441055,-0.87120121717453,0.49092623591423035,0.0,0.0,2.384185648907078e-08,0.0,-0.023122519254684448,-1.0,-0.0,0.0,0.0,0.012359999120235443,0.0032300001475960016,-0.017000000923871994,-0.9990482330322266,-0.0,0.04361938685178757,0.0,0.0021501504816114902,-3.890097104886081e-06,-0.06502876430749893,-0.9318459033966064,0.3628341555595398,0.003571432316675782,0.0013904477236792445,-9.53674295089968e-09,-9.53674295089968e-09,-0.036917347460985184,-0.7761311531066895,0.6305716037750244,0.0,0.0,-2.8610228852699038e-08,-2.98023217215615e-10,-0.0216355137526989,-0.9459461569786072,0.32432371377944946,0.0,0.0,1.2636184010261786e-07,2.98023217215615e-10,-0.018689393997192383,-1.0,-0.0,0.0,0.0,0.0,0.003969999961555004,-0.01750910095870495,-1.0,-0.0,0.0,0.0,0.0,4.610121322912164e-06,-0.06379090249538422,-1.0,-0.0,0.0,0.0,0.0,2.98023217215615e-10,-0.044606998562812805,-0.9993282556533813,0.036646850407123566,0.0,0.0,0.0,0.0,-0.023475991562008858,-0.9987035393714905,0.050904761999845505,0.0,0.0,0.0,0.0,-0.019651994109153748,-1.0,-0.0,0.0,0.0,-0.00711638992652297,0.0018999999156221747,-0.016959700733423233,-0.9961947202682495,-0.0,-0.08715574443340302,0.0,0.0005882433033548295,0.0,-0.060253534466028214,-0.9996573328971863,-0.0,-0.026176923885941505,0.0,-1.1086464013487785e-07,-1.490116086078075e-10,-0.04255366697907448,-0.9995051622390747,0.03145527467131615,0.0,0.0,4.5299529460862686e-08,0.0,-0.022088106721639633,-0.999065101146698,0.04323066025972366,0.0,0.0,-1.4305114426349519e-08,0.0,-0.017740696668624878,-1.0,-0.0,0.0,0.0,-0.013503500260412693,-0.0037700000684708357,-0.014087299816310406,-0.9914448857307434,-0.0,-0.13052619993686676,0.0,-0.004897483624517918,-3.8501621020259336e-06,-0.05743739381432533,-0.9986295104026794,-0.0,-0.05233589559793472,0.0,5.4836270635405526e-08,-2.98023217215615e-10,-0.03276759013533592,-0.9988899827003479,0.04710528254508972,0.0,0.0,-9.298324243900424e-08,0.0,-0.01670967973768711,-0.9975409507751465,0.07008709013462067,0.0,0.0,6.19888282926695e-08,0.0,-0.013883084990084171,-1.0,-0.0,0.0,0.0
1782948517.7797642,2026-07-01 19:28:37.779,14657.0,14657,right,0,2,pinch,2,0.0,0.003969999961555004,-0.04999999701976776,-1.0,-0.0,0.0,0.0,0.0,0.0,0.0,-1.0,-0.0,0.0,0.0,-0.025476505979895592,-0.012044684961438179,-0.022234933450818062,-0.7761850953102112,0.0221865177154541,-0.3278394341468811,-0.5381131768226624,0.0,1.19209286886246e-09,-0.02723044343292713,-0.962651252746582,0.270744651556015,0.0,0.0,2.38418573772492e-09,-1.19209286886246e-09,-0.031859468668699265,-0.9018523693084717,0.4320443868637085,0.0,0.0,0.0,-3.5762786065873797e-09,-0.023122519254684448,-1.0,-0.0,0.0,0.0,-0.012360505759716034,0.0032300001475960016,-0.016998957842588425,-0.9990482330322266,-0.0,-0.04361938685178757,0.0,-0.002149570034816861,-3.8927792047616094e-06,-0.06502974033355713,-0.8979471921920776,0.44008147716522217,-0.00392954470589757,-0.0019258592510595918,0.0,0.0,-0.03691747412085533,-0.7485765814781189,0.6630483865737915,0.0,0.0,-2.38418573772492e-09,-2.98023217215615e-10,-0.02163529396057129,-0.9399845004081726,0.3412172496318817,0.0,0.0,0.0,2.98023217215615e-10,-0.01868978515267372,-1.0,-0.0,0.0,0.0,0.0,0.003969999961555004,-0.017509059980511665,-1.0,-0.0,0.0,0.0,0.0,4.611611075233668e-06,-0.0637909397482872,-0.9999872446060181,0.005057133734226227,0.0,0.0,0.0,2.98023217215615e-10,-0.04460655897855759,-0.9876522421836853,0.15666234493255615,0.0,0.0,0.0,-2.98023217215615e-10,-0.02347646653652191,-0.9827609062194824,0.18488119542598724,0.0,0.0,0.0,0.0,-0.019652195274829865,-1.0,-0.0,0.0,0.0,0.00711638480424881,0.0018999999156221747,-0.016959700733423233,-0.9961947202682495,-0.0,0.08715574443340302,0.0,-0.0005882382392883301,0.0,-0.060253534466028214,-0.9996573328971863,-0.0,0.026176923885941505,0.0,1.19209286886246e-09,-1.490116086078075e-10,-0.04255415499210358,-0.9995051622390747,0.03145527467131615,0.0,0.0,-2.38418573772492e-09,0.0,-0.02208789810538292,-0.999065101146698,0.04323066025972366,0.0,0.0,0.0,0.0,-0.017740869894623756,-1.0,-0.0,0.0,0.0,0.013503451831638813,-0.0037700000684708357,-0.014087309129536152,-0.9914448857307434,-0.0,0.13052619993686676,0.0,0.0048975334502756596,-3.847479547403054e-06,-0.05743739381432533,-0.9986295104026794,-0.0,0.05233589559793472,0.0,4.76837147544984e-09,-2.98023217215615e-10,-0.03276757150888443,-0.9988899827003479,0.04710528254508972,0.0,0.0,2.38418573772492e-09,0.0,-0.016709718853235245,-0.9975409507751465,0.07008709013462067,0.0,0.0,0.0,0.0,-0.01388302817940712,-1.0,-0.0,0.0,0.0
1782948517.8238766,2026-07-01 19:28:37.823,18011.0,18011,left,0,1,pinch,2,0.0,0.003969999961555004,-0.04999999701976776,-1.0,-0.0,0.0,0.0,0.0,0.0,0.0,-1.0,-0.0,0.0,0.0,0.025476500391960144,-0.012044699862599373,-0.022234899923205376,-0.7528657913208008,0.030868124216794968,0.37025824189186096,0.5432763695716858,-5.7220457705398076e-08,-4.3511388270189855e-08,-0.027230437844991684,-0.9480958580970764,0.31798484921455383,0.0,0.0,3.5762786065873797e-09,6.318092005130893e-08,-0.031859491020441055,-0.8727625012397766,0.4881451427936554,0.0,0.0,2.384185648907078e-08,0.0,-0.023122519254684448,-1.0,-0.0,0.0,0.0,0.012359999120235443,0.0032300001475960016,-0.017000000923871994,-0.9990482330322266,-0.0,0.04361938685178757,0.0,0.0021501504816114902,-3.890097104886081e-06,-0.06502876430749893,-0.9350748658180237,0.3544287383556366,0.0036640784237533808,0.001388824312016368,-9.53674295089968e-09,-9.53674295089968e-09,-0.036917347460985184,-0.779398500919342,0.6265285015106201,0.0,0.0,-2.8610228852699038e-08,-2.98023217215615e-10,-0.0216355137526989,-0.9466369152069092,0.3223021924495697,0.0,0.0,1.2636184010261786e-07,2.98023217215615e-10,-0.018689393997192383,-1.0,-0.0,0.0,0.0,0.0,0.003969999961555004,-0.01750910095870495,-1.0,-0.0,0.0,0.0,0.0,4.610121322912164e-06,-0.06379090249538422,-1.0,-0.0,0.0,0.0,0.0,2.98023217215615e-10,-0.044606998562812805,-0.9993282556533813,0.036646850407123566,0.0,0.0,0.0,0.0,-0.023475991562008858,-0.9987035393714905,0.050904761999845505,0.0,0.0,0.0,0.0,-0.019651994109153748,-1.0,-0.0,0.0,0.0,-0.00711638992652297,0.0018999999156221747,-0.016959700733423233,-0.9961947202682495,-0.0,-0.08715574443340302,0.0,0.0005882433033548295,0.0,-0.060253534466028214,-0.9996573328971863,-0.0,-0.026176923885941505,0.0,-1.1086464013487785e-07,-1.490116086078075e-10,-0.04255366697907448,-0.9995051622390747,0.03145527467131615,0.0,0.0,4.5299529460862686e-08,0.0,-0.022088106721639633,-0.999065101146698,0.04323066025972366,0.0,0.0,-1.4305114426349519e-08,0.0,-0.017740696668624878,-1.0,-0.0,0.0,0.0,-0.013503500260412693,-0.0037700000684708357,-0.014087299816310406,-0.9914448857307434,-0.0,-0.13052619993686676,0.0,-0.004897483624517918,-3.8501621020259336e-06,-0.05743739381432533,-0.9986295104026794,-0.0,-0.05233589559793472,0.0,5.4836270635405526e-08,-2.98023217215615e-10,-0.03276759013533592,-0.9988899827003479,0.04710528254508972,0.0,0.0,-9.298324243900424e-08,0.0,-0.01670967973768711,-0.9975409507751465,0.07008709013462067,0.0,0.0,6.19888282926695e-08,0.0,-0.013883084990084171,-1.0,-0.0,0.0,0.0
1782948517.9863017,2026-07-01 19:28:37.986,14669.0,14669,right,0,2,pinch,2,0.0,0.003969999961555004,-0.04999999701976776,-1.0,-0.0,0.0,0.0,0.0,0.0,0.0,-1.0,-0.0,0.0,0.0,-0.025476505979895592,-0.012044684961438179,-0.022234933450818062,-0.7761850953102112,0.0221865177154541,-0.3278394341468811,-0.5381131768226624,0.0,1.19209286886246e-09,-0.02723044343292713,-0.962651252746582,0.270744651556015,0.0,0.0,2.38418573772492e-09,-1.19209286886246e-09,-0.031859468668699265,-0.9018523693084717,0.4320443868637085,0.0,0.0,0.0,-3.5762786065873797e-09,-0.023122519254684448,-1.0,-0.0,0.0,0.0,-0.012360505759716034,0.0032300001475960016,-0.016998957842588425,-0.9990482330322266,-0.0,-0.04361938685178757,0.0,-0.002149570034816861,-3.8927792047616094e-06,-0.06502974033355713,-0.8979471921920776,0.44008147716522217,-0.00392954470589757,-0.0019258592510595918,0.0,0.0,-0.03691747412085533,-0.7485765814781189,0.6630483865737915,0.0,0.0,-2.38418573772492e-09,-2.98023217215615e-10,-0.02163529396057129,-0.9399845004081726,0.3412172496318817,0.0,0.0,0.0,2.98023217215615e-10,-0.01868978515267372,-1.0,-0.0,0.0,0.0,0.0,0.003969999961555004,-0.017509059980511665,-1.0,-0.0,0.0,0.0,0.0,4.611611075233668e-06,-0.0637909397482872,-0.9999872446060181,0.005057133734226227,0.0,0.0,0.0,2.98023217215615e-10,-0.04460655897855759,-0.9876522421836853,0.15666234493255615,0.0,0.0,0.0,-2.98023217215615e-10,-0.02347646653652191,-0.9827609062194824,0.18488119542598724,0.0,0.0,0.0,0.0,-0.019652195274829865,-1.0,-0.0,0.0,0.0,0.00711638480424881,0.0018999999156221747,-0.016959700733423233,-0.9961947202682495,-0.0,0.08715574443340302,0.0,-0.0005882382392883301,0.0,-0.060253534466028214,-0.9996573328971863,-0.0,0.026176923885941505,0.0,1.19209286886246e-09,-1.490116086078075e-10,-0.04255415499210358,-0.9995051622390747,0.03145527467131615,0.0,0.0,-2.38418573772492e-09,0.0,-0.02208789810538292,-0.999065101146698,0.04323066025972366,0.0,0.0,0.0,0.0,-0.017740869894623756,-1.0,-0.0,0.0,0.0,0.013503451831638813,-0.0037700000684708357,-0.014087309129536152,-0.9914448857307434,-0.0,0.13052619993686676,0.0,0.0048975334502756596,-3.847479547403054e-06,-0.05743739381432533,-0.9986295104026794,-0.0,0.05233589559793472,0.0,4.76837147544984e-09,-2.98023217215615e-10,-0.03276757150888443,-0.9988899827003479,0.04710528254508972,0.0,0.0,2.38418573772492e-09,0.0,-0.016709718853235245,-0.9975409507751465,0.07008709013462067,0.0,0.0,0.0,0.0,-0.01388302817940712,-1.0,-0.0,0.0,0.0
1782948518.0416803,2026-07-01 19:28:38.041,18012.0,18012,left,0,1,pinch,2,0.0,0.003969999961555004,-0.04999999701976776,-1.0,-0.0,0.0,0.0,0.0,0.0,0.0,-1.0,-0.0,0.0,0.0,0.025476500391960144,-0.012044699862599373,-0.022234899923205376,-0.7539025545120239,0.027732759714126587,0.3690550625324249,0.5428261160850525,-5.7220457705398076e-08,-4.3511388270189855e-08,-0.027230437844991684,-0.9497447609901428,0.3130255341529846,0.0,0.0,3.5762786065873797e-09,6.318092005130893e-08,-0.031859491020441055,-0.8759051561355591,0.48248326778411865,0.0,0.0,2.384185648907078e-08,0.0,-0.023122519254684448,-1.0,-0.0,0.0,0.0,0.012359999120235443,0.0032300001475960016,-0.017000000923871994,-0.9990482330322266,-0.0,0.04361938685178757,0.0,0.0021501504816114902,-3.890097104886081e-06,-0.06502876430749893,-0.9350748658180237,0.3544287383556366,0.0036640784237533808,0.001388824312016368,-9.53674295089968e-09,-9.53674295089968e-09,-0.036917347460985184,-0.779398500919342,0.6265285015106201,0.0,0.0,-2.8610228852699038e-08,-2.98023217215615e-10,-0.0216355137526989,-0.9466369152069092,0.3223021924495697,0.0,0.0,1.2636184010261786e-07,2.98023217215615e-10,-0.018689393997192383,-1.0,-0.0,0.0,0.0,0.0,0.003969999961555004,-0.01750910095870495,-1.0,-0.0,0.0,0.0,0.0,4.610121322912164e-06,-0.06379090249538422,-1.0,-0.0,0.0,0.0,0.0,2.98023217215615e-10,-0.044606998562812805,-0.9993282556533813,0.036646850407123566,0.0,0.0,0.0,0.0,-0.023475991562008858,-0.9987035393714905,0.050904761999845505,0.0,0.0,0.0,0.0,-0.019651994109153748,-1.0,-0.0,0.0,0.0,-0.00711638992652297,0.0018999999156221747,-0.016959700733423233,-0.9961947202682495,-0.0,-0.08715574443340302,0.0,0.0005882433033548295,0.0,-0.060253534466028214,-0.9996573328971863,-0.0,-0.026176923885941505,0.0,-1.1086464013487785e-07,-1.490116086078075e-10,-0.04255366697907448,-0.9995051622390747,0.03145527467131615,0.0,0.0,4.5299529460862686e-08,0.0,-0.022088106721639633,-0.999065101146698,0.04323066025972366,0.0,0.0,-1.4305114426349519e-08,0.0,-0.017740696668624878,-1.0,-0.0,0.0,0.0,-0.013503500260412693,-0.0037700000684708357,-0.014087299816310406,-0.9914448857307434,-0.0,-0.13052619993686676,0.0,-0.004897483624517918,-3.8501621020259336e-06,-0.05743739381432533,-0.9986295104026794,-0.0,-0.05233589559793472,0.0,5.4836270635405526e-08,-2.98023217215615e-10,-0.03276759013533592,-0.9988899827003479,0.04710528254508972,0.0,0.0,-9.298324243900424e-08,0.0,-0.01670967973768711,-0.9975409507751465,0.07008709013462067,0.0,0.0,6.19888282926695e-08,0.0,-0.013883084990084171,-1.0,-0.0,0.0,0.0
1782948518.194609,2026-07-01 19:28:38.194,14681.0,14681,right,0,2,pinch,2,0.0,0.003969999961555004,-0.04999999701976776,-1.0,-0.0,0.0,0.0,0.0,0.0,0.0,-1.0,-0.0,0.0,0.0,-0.025476505979895592,-0.012044684961438179,-0.022234933450818062,-0.7766988277435303,0.02056284248828888,-0.32708868384361267,-0.5378932356834412,0.0,1.19209286886246e-09,-0.02723044343292713,-0.9633731245994568,0.26816460490226746,0.0,0.0,2.38418573772492e-09,-1.19209286886246e-09,-0.031859468668699265,-0.903377115726471,0.428847074508667,0.0,0.0,0.0,-3.5762786065873797e-09,-0.023122519254684448,-1.0,-0.0,0.0,0.0,-0.012360505759716034,0.0032300001475960016,-0.016998957842588425,-0.9990482330322266,-0.0,-0.04361938685178757,0.0,-0.002149570034816861,-3.8927792047616094e-06,-0.06502974033355713,-0.8979471921920776,0.44008147716522217,-0.00392954470589757,-0.0019258592510595918,0.0,0.0,-0.03691747412085533,-0.7485765814781189,0.6630483865737915,0.0,0.0,-2.38418573772492e-09,-2.98023217215615e-10,-0.02163529396057129,-0.9399845004081726,0.3412172496318817,0.0,0.0,0.0,2.98023217215615e-10,-0.01868978515267372,-1.0,-0.0,0.0,0.0,0.0,0.003969999961555004,-0.017509059980511665,-1.0,-0.0,0.0,0.0,0.0,4.611611075233668e-06,-0.0637909397482872,-0.9999943375587463,0.0033649392426013947,0.0,0.0,0.0,2.98023217215615e-10,-0.04460655897855759,-0.9888724684715271,0.14876599609851837,0.0,0.0,0.0,-2.98023217215615e-10,-0.02347646653652191,-0.9837709665298462,0.17942900955677032,0.0,0.0,0.0,0.0,-0.019652195274829865,-1.0,-0.0,0.0,0.0,0.00711638480424881,0.0018999999156221747,-0.016959700733423233,-0.9961947202682495,-0.0,0.08715574443340302,0.0,-0.0005882382392883301,0.0,-0.060253534466028214,-0.9996573328971863,-0.0,0.026176923885941505,0.0,1.19209286886246e-09,-1.490116086078075e-10,-0.04255415499210358,-0.9995051622390747,0.03145527467131615,0.0,0.0,-2.38418573772492e-09,0.0,-0.02208789810538292,-0.999065101146698,0.04323066025972366,0.0,0.0,0.0,0.0,-0.017740869894623756,-1.0,-0.0,0.0,0.0,0.013503451831638813,-0.0037700000684708357,-0.014087309129536152,-0.9914448857307434,-0.0,0.13052619993686676,0.0,0.0048975334502756596,-3.847479547403054e-06,-0.05743739381432533,-0.9986295104026794,-0.0,0.05233589559793472,0.0,4.76837147544984e-09,-2.98023217215615e-10,-0.03276757150888443,-0.9988899827003479,0.04710528254508972,0.0,0.0,2.38418573772492e-09,0.0,-0.016709718853235245,-0.9975409507751465,0.07008709013462067,0.0,0.0,0.0,0.0,-0.01388302817940712,-1.0,-0.0,0.0,0.0
1782948518.2492974,2026-07-01 19:28:38.249,18014.0,18014,left,0,1,pinch,2,0.0,0.003969999961555004,-0.04999999701976776,-1.0,-0.0,0.0,0.0,0.0,0.0,0.0,-1.0,-0.0,0.0,0.0,0.025476500391960144,-0.012044699862599373,-0.022234899923205376,-0.7548311948776245,0.024940239265561104,0.36795833706855774,0.5424155592918396,-5.7220457705398076e-08,-4.3511388270189855e-08,-0.027230437844991684,-0.9511930346488953,0.3085966110229492,0.0,0.0,3.5762786065873797e-09,6.318092005130893e-08,-0.031859491020441055,-0.8786935806274414,0.4773862957954407,0.0,0.0,2.384185648907078e-08,0.0,-0.023122519254684448,-1.0,-0.0,0.0,0.0,0.012359999120235443,0.0032300001475960016,-0.017000000923871994,-0.9990482330322266,-0.0,0.04361938685178757,0.0,0.0021501504816114902,-3.890097104886081e-06,-0.06502876430749893,-0.9350748658180237,0.3544287383556366,0.0036640784237533808,0.001388824312016368,-9.53674295089968e-09,-9.53674295089968e-09,-0.036917347460985184,-0.779398500919342,0.6265285015106201,0.0,0.0,-2.8610228852699038e-08,-2.98023217215615e-10,-0.0216355137526989,-0.9466369152069092,0.3223021924495697,0.0,0.0,1.2636184010261786e-07,2.98023217215615e-10,-0.018689393997192383,-1.0,-0.0,0.0,0.0,0.0,0.003969999961555004,-0.01750910095870495,-1.0,-0.0,0.0,0.0,0.0,4.610121322912164e-06,-0.06379090249538422,-1.0,-0.0,0.0,0.0,0.0,2.98023217215615e-10,-0.044606998562812805,-0.9993282556533813,0.036646850407123566,0.0,0.0,0.0,0.0,-0.023475991562008858,-0.9987035393714905,0.050904761999845505,0.0,0.0,0.0,0.0,-0.019651994109153748,-1.0,-0.0,0.0,0.0,-0.00711638992652297,0.0018999999156221747,-0.016959700733423233,-0.9961947202682495,-0.0,-0.08715574443340302,0.0,0.0005882433033548295,0.0,-0.060253534466028214,-0.9996573328971863,-0.0,-0.026176923885941505,0.0,-1.1086464013487785e-07,-1.490116086078075e-10,-0.04255366697907448,-0.9995051622390747,0.03145527467131615,0.0,0.0,4.5299529460862686e-08,0.0,-0.022088106721639633,-0.999065101146698,0.04323066025972366,0.0,0.0,-1.4305114426349519e-08,0.0,-0.017740696668624878,-1.0,-0.0,0.0,0.0,-0.013503500260412693,-0.0037700000684708357,-0.014087299816310406,-0.9914448857307434,-0.0,-0.13052619993686676,0.0,-0.004897483624517918,-3.8501621020259336e-06,-0.05743739381432533,-0.9986295104026794,-0.0,-0.05233589559793472,0.0,5.4836270635405526e-08,-2.98023217215615e-10,-0.03276759013533592,-0.9988899827003479,0.04710528254508972,0.0,0.0,-9.298324243900424e-08,0.0,-0.01670967973768711,-0.9975409507751465,0.07008709013462067,0.0,0.0,6.19888282926695e-08,0.0,-0.013883084990084171,-1.0,-0.0,0.0,0.0
1782948518.407488,2026-07-01 19:28:38.407,14694.0,14694,right,0,2,pinch,2,0.0,0.003969999961555004,-0.04999999701976776,-1.0,-0.0,0.0,0.0,0.0,0.0,0.0,-1.0,-0.0,0.0,0.0,-0.025476505979895592,-0.012044684961438179,-0.022234933450818062,-0.77635657787323,0.021645300090312958,-0.32758933305740356,-0.5380401015281677,0.0,1.19209286886246e-09,-0.02723044343292713,-0.9628925919532776,0.26988485455513,0.0,0.0,2.38418573772492e-09,-1.19209286886246e-09,-0.031859468668699265,-0.9023618698120117,0.4309792220592499,0.0,0.0,0.0,-3.5762786065873797e-09,-0.023122519254684448,-1.0,-0.0,0.0,0.0,-0.012360505759716034,0.0032300001475960016,-0.016998957842588425,-0.9990482330322266,-0.0,-0.04361938685178757,0.0,-0.002149570034816861,-3.8927792047616094e-06,-0.06502974033355713,-0.8979471921920776,0.44008147716522217,-0.00392954470589757,-0.0019258592510595918,0.0,0.0,-0.03691747412085533,-0.7485765814781189,0.6630483865737915,0.0,0.0,-2.38418573772492e-09,-2.98023217215615e-10,-0.02163529396057129,-0.9399845004081726,0.3412172496318817,0.0,0.0,0.0,2.98023217215615e-10,-0.01868978515267372,-1.0,-0.0,0.0,0.0,0.0,0.003969999961555004,-0.017509059980511665,-1.0,-0.0,0.0,0.0,0.0,4.611611075233668e-06,-0.0637909397482872,-0.9999943375587463,0.0033649392426013947,0.0,0.0,0.0,2.98023217215615e-10,-0.04460655897855759,-0.9888724684715271,0.14876599609851837,0.0,0.0,0.0,-2.98023217215615e-10,-0.02347646653652191,-0.9837709665298462,0.17942900955677032,0.0,0.0,0.0,0.0,-0.019652195274829865,-1.0,-0.0,0.0,0.0,0.00711638480424881,0.0018999999156221747,-0.016959700733423233,-0.9961947202682495,-0.0,0.08715574443340302,0.0,-0.0005882382392883301,0.0,-0.060253534466028214,-0.9996573328971863,-0.0,0.026176923885941505,0.0,1.19209286886246e-09,-1.490116086078075e-10,-0.04255415499210358,-0.9995051622390747,0.03145527467131615,0.0,0.0,-2.38418573772492e-09,0.0,-0.02208789810538292,-0.999065101146698,0.04323066025972366,0.0,0.0,0.0,0.0,-0.017740869894623756,-1.0,-0.0,0.0,0.0,0.013503451831638813,-0.0037700000684708357,-0.014087309129536152,-0.9914448857307434,-0.0,0.13052619993686676,0.0,0.0048975334502756596,-3.847479547403054e-06,-0.05743739381432533,-0.9986295104026794,-0.0,0.05233589559793472,0.0,4.76837147544984e-09,-2.98023217215615e-10,-0.03276757150888443,-0.9988899827003479,0.04710528254508972,0.0,0.0,2.38418573772492e-09,0.0,-0.016709718853235245,-0.9975409507751465,0.07008709013462067,0.0,0.0,0.0,0.0,-0.01388302817940712,-1.0,-0.0,0.0,0.0
1782948518.4500577,2026-07-01 19:28:38.450,18016.0,18016,left,0,1,pinch,2,0.0,0.003969999961555004,-0.04999999701976776,-1.0,-0.0,0.0,0.0,0.0,0.0,0.0,-1.0,-0.0,0.0,0.0,0.025476500391960144,-0.012044699862599373,-0.022234899923205376,-0.75506591796875,0.024240845814347267,0.3676776587963104,0.5423108339309692,-5.7220457705398076e-08,-4.3511388270189855e-08,-0.027230437844991684,-0.9515529274940491,0.30748501420021057,0.0,0.0,3.5762786065873797e-09,6.318092005130893e-08,-0.031859491020441055,-0.8793923854827881,0.4760977327823639,0.0,0.0,2.384185648907078e-08,0.0,-0.023122519254684448,-1.0,-0.0,0.0,0.0,0.012359999120235443,0.0032300001475960016,-0.017000000923871994,-0.9990482330322266,-0.0,0.04361938685178757,0.0,0.0021501504816114902,-3.890097104886081e-06,-0.06502876430749893,-0.9350748658180237,0.3544287383556366,0.0036640784237533808,0.001388824312016368,-9.53674295089968e-09,-9.53674295089968e-09,-0.036917347460985184,-0.779398500919342,0.6265285015106201,0.0,0.0,-2.8610228852699038e-08,-2.98023217215615e-10,-0.0216355137526989,-0.9466369152069092,0.3223021924495697,0.0,0.0,1.2636184010261786e-07,2.98023217215615e-10,-0.018689393997192383,-1.0,-0.0,0.0,0.0,0.0,0.003969999961555004,-0.01750910095870495,-1.0,-0.0,0.0,0.0,0.0,4.610121322912164e-06,-0.06379090249538422,-1.0,-0.0,0.0,0.0,0.0,2.98023217215615e-10,-0.044606998562812805,-0.9993282556533813,0.036646850407123566,0.0,0.0,0.0,0.0,-0.023475991562008858,-0.9987035393714905,0.050904761999845505,0.0,0.0,0.0,0.0,-0.019651994109153748,-1.0,-0.0,0.0,0.0,-0.00711638992652297,0.0018999999156221747,-0.016959700733423233,-0.9961947202682495,-0.0,-0.08715574443340302,0.0,0.0005882433033548295,0.0,-0.060253534466028214,-0.9996573328971863,-0.0,-0.026176923885941505,0.0,-1.1086464013487785e-07,-1.490116086078075e-10,-0.04255366697907448,-0.9995051622390747,0.03145527467131615,0.0,0.0,4.5299529460862686e-08,0.0,-0.022088106721639633,-0.999065101146698,0.04323066025972366,0.0,0.0,-1.4305114426349519e-08,0.0,-0.017740696668624878,-1.0,-0.0,0.0,0.0,-0.013503500260412693,-0.0037700000684708357,-0.014087299816310406,-0.9914448857307434,-0.0,-0.13052619993686676,0.0,-0.004897483624517918,-3.8501621020259336e-06,-0.05743739381432533,-0.9986295104026794,-0.0,-0.05233589559793472,0.0,5.4836270635405526e-08,-2.98023217215615e-10,-0.03276759013533592,-0.9988899827003479,0.04710528254508972,0.0,0.0,-9.298324243900424e-08,0.0,-0.01670967973768711,-0.9975409507751465,0.07008709013462067,0.0,0.0,6.19888282926695e-08,0.0,-0.013883084990084171,-1.0,-0.0,0.0,0.0
1782948518.6081386,2026-07-01 19:28:38.608,14706.0,14706,right,0,2,pinch,2,0.0,0.003969999961555004,-0.04999999701976776,-1.0,-0.0,0.0,0.0,0.0,0.0,0.0,-1.0,-0.0,0.0,0.0,-0.025476505979895592,-0.012044684961438179,-0.022234933450818062,-0.7761850953102112,0.0221865177154541,-0.3278394341468811,-0.5381131768226624,0.0,1.19209286886246e-09,-0.02723044343292713,-0.962651252746582,0.270744651556015,0.0,0.0,2.38418573772492e-09,-1.19209286886246e-09,-0.031859468668699265,-0.9018523693084717,0.4320443868637085,0.0,0.0,0.0,-3.5762786065873797e-09,-0.023122519254684448,-1.0,-0.0,0.0,0.0,-0.012360505759716034,0.0032300001475960016,-0.016998957842588425,-0.9990482330322266,-0.0,-0.04361938685178757,0.0,-0.002149570034816861,-3.8927792047616094e-06,-0.06502974033355713,-0.9003715515136719,0.435099333524704,-0.003995455801486969,-0.0019307807087898254,0.0,0.0,-0.03691747412085533,-0.7502128481864929,0.6611964702606201,0.0,0.0,-2.38418573772492e-09,-2.98023217215615e-10,-0.02163529396057129,-0.9403460025787354,0.34021976590156555,0.0,0.0,0.0,2.98023217215615e-10,-0.01868978515267372,-1.0,-0.0,0.0,0.0,0.0,0.003969999961555004,-0.017509059980511665,-1.0,-0.0,0.0,0.0,0.0,4.611611075233668e-06,-0.0637909397482872,-0.9999978542327881,0.0020863772369921207,0.0,0.0,0.0,2.98023217215615e-10,-0.04460655897855759,-0.9899773001670837,0.14122670888900757,0.0,0.0,0.0,-2.98023217215615e-10,-0.02347646653652191,-0.9847843050956726,0.173781156539917,0.0,0.0,0.0,0.0,-0.019652195274829865,-1.0,-0.0,0.0,0.0,0.00711638480424881,0.0018999999156221747,-0.016959700733423233,-0.9961947202682495,-0.0,0.08715574443340302,0.0,-0.0005882382392883301,0.0,-0.060253534466028214,-0.9996573328971863,-0.0,0.026176923885941505,0.0,1.19209286886246e-09,-1.490116086078075e-10,-0.04255415499210358,-0.9995051622390747,0.03145527467131615,0.0,0.0,-2.38418573772492e-09,0.0,-0.02208789810538292,-0.999065101146698,0.04323066025972366,0.0,0.0,0.0,0.0,-0.017740869894623756,-1.0,-0.0,0.0,0.0,0.013503451831638813,-0.0037700000684708357,-0.014087309129536152,-0.9914448857307434,-0.0,0.13052619993686676,0.0,0.0048975334502756596,-3.847479547403054e-06,-0.05743739381432533,-0.9986295104026794,-0.0,0.05233589559793472,0.0,4.76837147544984e-09,-2.98023217215615e-10,-0.03276757150888443,-0.9988899827003479,0.04710528254508972,0.0,0.0,2.38418573772492e-09,0.0,-0.016709718853235245,-0.9975409507751465,0.07008709013462067,0.0,0.0,0.0,0.0,-0.01388302817940712,-1.0,-0.0,0.0,0.0
1782948518.6710474,2026-07-01 19:28:38.671,18018.0,18018,left,0,1,pinch,2,0.0,0.003969999961555004,-0.04999999701976776,-1.0,-0.0,0.0,0.0,0.0,0.0,0.0,-1.0,-0.0,0.0,0.0,0.025476500391960144,-0.012044699862599373,-0.022234899923205376,-0.7556536793708801,0.022491440176963806,0.36697015166282654,0.5420467257499695,-5.7220457705398076e-08,-4.3511388270189855e-08,-0.027230437844991684,-0.9524478316307068,0.30470165610313416,0.0,0.0,3.5762786065873797e-09,6.318092005130893e-08,-0.031859491020441055,-0.8811365365982056,0.4728620648384094,0.0,0.0,2.384185648907078e-08,0.0,-0.023122519254684448,-1.0,-0.0,0.0,0.0,0.012359999120235443,0.0032300001475960016,-0.017000000923871994,-0.9990482330322266,-0.0,0.04361938685178757,0.0,0.0021501504816114902,-3.890097104886081e-06,-0.06502876430749893,-0.9350748658180237,0.3544287383556366,0.0036640784237533808,0.001388824312016368,-9.53674295089968e-09,-9.53674295089968e-09,-0.036917347460985184,-0.779398500919342,0.6265285015106201,0.0,0.0,-2.8610228852699038e-08,-2.98023217215615e-10,-0.0216355137526989,-0.9466369152069092,0.3223021924495697,0.0,0.0,1.2636184010261786e-07,2.98023217215615e-10,-0.018689393997192383,-1.0,-0.0,0.0,0.0,0.0,0.003969999961555004,-0.01750910095870495,-1.0,-0.0,0.0,0.0,0.0,4.610121322912164e-06,-0.06379090249538422,-1.0,-0.0,0.0,0.0,0.0,2.98023217215615e-10,-0.044606998562812805,-0.9993282556533813,0.036646850407123566,0.0,0.0,0.0,0.0,-0.023475991562008858,-0.9987035393714905,0.050904761999845505,0.0,0.0,0.0,0.0,-0.019651994109153748,-1.0,-0.0,0.0,0.0,-0.00711638992652297,0.0018999999156221747,-0.016959700733423233,-0.9961947202682495,-0.0,-0.08715574443340302,0.0,0.0005882433033548295,0.0,-0.060253534466028214,-0.9996573328971863,-0.0,-0.026176923885941505,0.0,-1.1086464013487785e-07,-1.490116086078075e-10,-0.04255366697907448,-0.9995051622390747,0.03145527467131615,0.0,0.0,4.5299529460862686e-08,0.0,-0.022088106721639633,-0.999065101146698,0.04323066025972366,0.0,0.0,-1.4305114426349519e-08,0.0,-0.017740696668624878,-1.0,-0.0,0.0,0.0,-0.013503500260412693,-0.0037700000684708357,-0.014087299816310406,-0.9914448857307434,-0.0,-0.13052619993686676,0.0,-0.004897483624517918,-3.8501621020259336e-06,-0.05743739381432533,-0.9986295104026794,-0.0,-0.05233589559793472,0.0,5.4836270635405526e-08,-2.98023217215615e-10,-0.03276759013533592,-0.9988899827003479,0.04710528254508972,0.0,0.0,-9.298324243900424e-08,0.0,-0.01670967973768711,-0.9975409507751465,0.07008709013462067,0.0,0.0,6.19888282926695e-08,0.0,-0.013883084990084171,-1.0,-0.0,0.0,0.0
1782948518.8098836,2026-07-01 19:28:38.809,14718.0,14718,right,0,2,pinch,2,0.0,0.003969999961555004,-0.04999999701976776,-1.0,-0.0,0.0,0.0,0.0,0.0,0.0,-1.0,-0.0,0.0,0.0,-0.025476505979895592,-0.012044684961438179,-0.022234933450818062,-0.7761850953102112,0.0221865177154541,-0.3278394341468811,-0.5381131768226624,0.0,1.19209286886246e-09,-0.02723044343292713,-0.962651252746582,0.270744651556015,0.0,0.0,2.38418573772492e-09,-1.19209286886246e-09,-0.031859468668699265,-0.9018523693084717,0.4320443868637085,0.0,0.0,0.0,-3.5762786065873797e-09,-0.023122519254684448,-1.0,-0.0,0.0,0.0,-0.012360505759716034,0.0032300001475960016,-0.016998957842588425,-0.9990482330322266,-0.0,-0.04361938685178757,0.0,-0.002149570034816861,-3.8927792047616094e-06,-0.06502974033355713,-0.9003715515136719,0.435099333524704,-0.003995455801486969,-0.0019307807087898254,0.0,0.0,-0.03691747412085533,-0.7502128481864929,0.6611964702606201,0.0,0.0,-2.38418573772492e-09,-2.98023217215615e-10,-0.02163529396057129,-0.9403460025787354,0.34021976590156555,0.0,0.0,0.0,2.98023217215615e-10,-0.01868978515267372,-1.0,-0.0,0.0,0.0,0.0,0.003969999961555004,-0.017509059980511665,-1.0,-0.0,0.0,0.0,0.0,4.611611075233668e-06,-0.0637909397482872,-0.9999989867210388,0.0014470944879576564,0.0,0.0,0.0,2.98023217215615e-10,-0.04460655897855759,-0.9905081391334534,0.13745392858982086,0.0,0.0,0.0,-2.98023217215615e-10,-0.02347646653652191,-0.985278844833374,0.17095506191253662,0.0,0.0,0.0,0.0,-0.019652195274829865,-1.0,-0.0,0.0,0.0,0.00711638480424881,0.0018999999156221747,-0.016959700733423233,-0.9961947202682495,-0.0,0.08715574443340302,0.0,-0.0005882382392883301,0.0,-0.060253534466028214,-0.9996573328971863,-0.0,0.026176923885941505,0.0,1.19209286886246e-09,-1.490116086078075e-10,-0.04255415499210358,-0.9995051622390747,0.03145527467131615,0.0,0.0,-2.38418573772492e-09,0.0,-0.02208789810538292,-0.999065101146698,0.04323066025972366,0.0,0.0,0.0,0.0,-0.017740869894623756,-1.0,-0.0,0.0,0.0,0.013503451831638813,-0.0037700000684708357,-0.014087309129536152,-0.9914448857307434,-0.0,0.13052619993686676,0.0,0.0048975334502756596,-3.847479547403054e-06,-0.05743739381432533,-0.9986295104026794,-0.0,0.05233589559793472,0.0,4.76837147544984e-09,-2.98023217215615e-10,-0.03276757150888443,-0.9988899827003479,0.04710528254508972,0.0,0.0,2.38418573772492e-09,0.0,-0.016709718853235245,-0.9975409507751465,0.07008709013462067,0.0,0.0,0.0,0.0,-0.01388302817940712,-1.0,-0.0,0.0,0.0
1782948518.8745008,2026-07-01 19:28:38.874,18019.0,18019,left,0,1,pinch,2,0.0,0.003969999961555004,-0.04999999701976776,-1.0,-0.0,0.0,0.0,0.0,0.0,0.0,-1.0,-0.0,0.0,0.0,0.025476500391960144,-0.012044699862599373,-0.022234899923205376,-0.7556536793708801,0.022491440176963806,0.36697015166282654,0.5420467257499695,-5.7220457705398076e-08,-4.3511388270189855e-08,-0.027230437844991684,-0.9524478316307068,0.30470165610313416,0.0,0.0,3.5762786065873797e-09,6.318092005130893e-08,-0.031859491020441055,-0.8811365365982056,0.4728620648384094,0.0,0.0,2.384185648907078e-08,0.0,-0.023122519254684448,-1.0,-0.0,0.0,0.0,0.012359999120235443,0.0032300001475960016,-0.017000000923871994,-0.9990482330322266,-0.0,0.04361938685178757,0.0,0.0021501504816114902,-3.890097104886081e-06,-0.06502876430749893,-0.9350748658180237,0.3544287383556366,0.0036640784237533808,0.001388824312016368,-9.53674295089968e-09,-9.53674295089968e-09,-0.036917347460985184,-0.779398500919342,0.6265285015106201,0.0,0.0,-2.8610228852699038e-08,-2.98023217215615e-10,-0.0216355137526989,-0.9466369152069092,0.3223021924495697,0.0,0.0,1.2636184010261786e-07,2.98023217215615e-10,-0.018689393997192383,-1.0,-0.0,0.0,0.0,0.0,0.003969999961555004,-0.01750910095870495,-1.0,-0.0,0.0,0.0,0.0,4.610121322912164e-06,-0.06379090249538422,-1.0,-0.0,0.0,0.0,0.0,2.98023217215615e-10,-0.044606998562812805,-0.9993282556533813,0.036646850407123566,0.0,0.0,0.0,0.0,-0.023475991562008858,-0.9987035393714905,0.050904761999845505,0.0,0.0,0.0,0.0,-0.019651994109153748,-1.0,-0.0,0.0,0.0,-0.00711638992652297,0.0018999999156221747,-0.016959700733423233,-0.9961947202682495,-0.0,-0.08715574443340302,0.0,0.0005882433033548295,0.0,-0.060253534466028214,-0.9996573328971863,-0.0,-0.026176923885941505,0.0,-1.1086464013487785e-07,-1.490116086078075e-10,-0.04255366697907448,-0.9995051622390747,0.03145527467131615,0.0,0.0,4.5299529460862686e-08,0.0,-0.022088106721639633,-0.999065101146698,0.04323066025972366,0.0,0.0,-1.4305114426349519e-08,0.0,-0.017740696668624878,-1.0,-0.0,0.0,0.0,-0.013503500260412693,-0.0037700000684708357,-0.014087299816310406,-0.9914448857307434,-0.0,-0.13052619993686676,0.0,-0.004897483624517918,-3.8501621020259336e-06,-0.05743739381432533,-0.9986295104026794,-0.0,-0.05233589559793472,0.0,5.4836270635405526e-08,-2.98023217215615e-10,-0.03276759013533592,-0.9988899827003479,0.04710528254508972,0.0,0.0,-9.298324243900424e-08,0.0,-0.01670967973768711,-0.9975409507751465,0.07008709013462067,0.0,0.0,6.19888282926695e-08,0.0,-0.013883084990084171,-1.0,-0.0,0.0,0.0
1782948519.0249412,2026-07-01 19:28:39.024,14731.0,14731,right,0,2,pinch,2,0.0,0.003969999961555004,-0.04999999701976776,-1.0,-0.0,0.0,0.0,0.0,0.0,0.0,-1.0,-0.0,0.0,0.0,-0.025476505979895592,-0.012044684961438179,-0.022234933450818062,-0.7772097587585449,0.018939096480607986,-0.3263368308544159,-0.5376715064048767,0.0,1.19209286886246e-09,-0.02723044343292713,-0.9640881419181824,0.2655826508998871,0.0,0.0,2.38418573772492e-09,-1.19209286886246e-09,-0.031859468668699265,-0.9048905968666077,0.4256443381309509,0.0,0.0,0.0,-3.5762786065873797e-09,-0.023122519254684448,-1.0,-0.0,0.0,0.0,-0.012360505759716034,0.0032300001475960016,-0.016998957842588425,-0.9990482330322266,-0.0,-0.04361938685178757,0.0,-0.002149570034816861,-3.8927792047616094e-06,-0.06502974033355713,-0.9003715515136719,0.435099333524704,-0.003995455801486969,-0.0019307807087898254,0.0,0.0,-0.03691747412085533,-0.7502128481864929,0.6611964702606201,0.0,0.0,-2.38418573772492e-09,-2.98023217215615e-10,-0.02163529396057129,-0.9403460025787354,0.34021976590156555,0.0,0.0,0.0,2.98023217215615e-10,-0.01868978515267372,-1.0,-0.0,0.0,0.0,0.0,0.003969999961555004,-0.017509059980511665,-1.0,-0.0,0.0,0.0,0.0,4.611611075233668e-06,-0.0637909397482872,-0.9999989867210388,0.0014470944879576564,0.0,0.0,0.0,2.98023217215615e-10,-0.04460655897855759,-0.9905081391334534,0.13745392858982086,0.0,0.0,0.0,-2.98023217215615e-10,-0.02347646653652191,-0.985278844833374,0.17095506191253662,0.0,0.0,0.0,0.0,-0.019652195274829865,-1.0,-0.0,0.0,0.0,0.00711638480424881,0.0018999999156221747,-0.016959700733423233,-0.9961947202682495,-0.0,0.08715574443340302,0.0,-0.0005882382392883301,0.0,-0.060253534466028214,-0.9996573328971863,-0.0,0.026176923885941505,0.0,1.19209286886246e-09,-1.490116086078075e-10,-0.04255415499210358,-0.9995051622390747,0.03145527467131615,0.0,0.0,-2.38418573772492e-09,0.0,-0.02208789810538292,-0.999065101146698,0.04323066025972366,0.0,0.0,0.0,0.0,-0.017740869894623756,-1.0,-0.0,0.0,0.0,0.013503451831638813,-0.0037700000684708357,-0.014087309129536152,-0.9914448857307434,-0.0,0.13052619993686676,0.0,0.0048975334502756596,-3.847479547403054e-06,-0.05743739381432533,-0.9986295104026794,-0.0,0.05233589559793472,0.0,4.76837147544984e-09,-2.98023217215615e-10,-0.03276757150888443,-0.9988899827003479,0.04710528254508972,0.0,0.0,2.38418573772492e-09,0.0,-0.016709718853235245,-0.9975409507751465,0.07008709013462067,0.0,0.0,0.0,0.0,-0.01388302817940712,-1.0,-0.0,0.0,0.0
1782948519.088067,2026-07-01 19:28:39.088,18021.0,18021,left,0,1,pinch,2,0.0,0.003969999961555004,-0.04999999701976776,-1.0,-0.0,0.0,0.0,0.0,0.0,0.0,-1.0,-0.0,0.0,0.0,0.025476500391960144,-0.012044699862599373,-0.022234899923205376,-0.7556536793708801,0.022491440176963806,0.36697015166282654,0.5420467257499695,-5.7220457705398076e-08,-4.3511388270189855e-08,-0.027230437844991684,-0.9524478316307068,0.30470165610313416,0.0,0.0,3.5762786065873797e-09,6.318092005130893e-08,-0.031859491020441055,-0.8811365365982056,0.4728620648384094,0.0,0.0,2.384185648907078e-08,0.0,-0.023122519254684448,-1.0,-0.0,0.0,0.0,0.012359999120235443,0.0032300001475960016,-0.017000000923871994,-0.9990482330322266,-0.0,0.04361938685178757,0.0,0.0021501504816114902,-3.890097104886081e-06,-0.06502876430749893,-0.9360234141349792,0.3519155979156494,0.0036918760742992163,0.0013879564357921481,-9.53674295089968e-09,-9.53674295089968e-09,-0.036917347460985184,-0.7803930044174194,0.6252893805503845,0.0,0.0,-2.8610228852699038e-08,-2.98023217215615e-10,-0.0216355137526989,-0.9468461275100708,0.3216869533061981,0.0,0.0,1.2636184010261786e-07,2.98023217215615e-10,-0.018689393997192383,-1.0,-0.0,0.0,0.0,0.0,0.003969999961555004,-0.01750910095870495,-1.0,-0.0,0.0,0.0,0.0,4.610121322912164e-06,-0.06379090249538422,-1.0,-0.0,0.0,0.0,0.0,2.98023217215615e-10,-0.044606998562812805,-0.9993282556533813,0.036646850407123566,0.0,0.0,0.0,0.0,-0.023475991562008858,-0.9987035393714905,0.050904761999845505,0.0,0.0,0.0,0.0,-0.019651994109153748,-1.0,-0.0,0.0,0.0,-0.00711638992652297,0.0018999999156221747,-0.016959700733423233,-0.9961947202682495,-0.0,-0.08715574443340302,0.0,0.0005882433033548295,0.0,-0.060253534466028214,-0.9996573328971863,-0.0,-0.026176923885941505,0.0,-1.1086464013487785e-07,-1.490116086078075e-10,-0.04255366697907448,-0.9995051622390747,0.03145527467131615,0.0,0.0,4.5299529460862686e-08,0.0,-0.022088106721639633,-0.999065101146698,0.04323066025972366,0.0,0.0,-1.4305114426349519e-08,0.0,-0.017740696668624878,-1.0,-0.0,0.0,0.0,-0.013503500260412693,-0.0037700000684708357,-0.014087299816310406,-0.9914448857307434,-0.0,-0.13052619993686676,0.0,-0.004897483624517918,-3.8501621020259336e-06,-0.05743739381432533,-0.9986295104026794,-0.0,-0.05233589559793472,0.0,5.4836270635405526e-08,-2.98023217215615e-10,-0.03276759013533592,-0.9988899827003479,0.04710528254508972,0.0,0.0,-9.298324243900424e-08,0.0,-0.01670967973768711,-0.9975409507751465,0.07008709013462067,0.0,0.0,6.19888282926695e-08,0.0,-0.013883084990084171,-1.0,-0.0,0.0,0.0
1782948519.2253482,2026-07-01 19:28:39.225,14743.0,14743,right,0,2,pinch,2,0.0,0.003969999961555004,-0.04999999701976776,-1.0,-0.0,0.0,0.0,0.0,0.0,0.0,-1.0,-0.0,0.0,0.0,-0.025476505979895592,-0.012044684961438179,-0.022234933450818062,-0.7772097587585449,0.018939096480607986,-0.3263368308544159,-0.5376715064048767,0.0,1.19209286886246e-09,-0.02723044343292713,-0.9640881419181824,0.2655826508998871,0.0,0.0,2.38418573772492e-09,-1.19209286886246e-09,-0.031859468668699265,-0.9048905968666077,0.4256443381309509,0.0,0.0,0.0,-3.5762786065873797e-09,-0.023122519254684448,-1.0,-0.0,0.0,0.0,-0.012360505759716034,0.0032300001475960016,-0.016998957842588425,-0.9990482330322266,-0.0,-0.04361938685178757,0.0,-0.002149570034816861,-3.8927792047616094e-06,-0.06502974033355713,-0.9003715515136719,0.435099333524704,-0.003995455801486969,-0.0019307807087898254,0.0,0.0,-0.03691747412085533,-0.7502128481864929,0.6611964702606201,0.0,0.0,-2.38418573772492e-09,-2.98023217215615e-10,-0.02163529396057129,-0.9403460025787354,0.34021976590156555,0.0,0.0,0.0,2.98023217215615e-10,-0.01868978515267372,-1.0,-0.0,0.0,0.0,0.0,0.003969999961555004,-0.017509059980511665,-1.0,-0.0,0.0,0.0,0.0,4.611611075233668e-06,-0.0637909397482872,-0.9999989867210388,0.0014470944879576564,0.0,0.0,0.0,2.98023217215615e-10,-0.04460655897855759,-0.9905081391334534,0.13745392858982086,0.0,0.0,0.0,-2.98023217215615e-10,-0.02347646653652191,-0.985278844833374,0.17095506191253662,0.0,0.0,0.0,0.0,-0.019652195274829865,-1.0,-0.0,0.0,0.0,0.00711638480424881,0.0018999999156221747,-0.016959700733423233,-0.9961947202682495,-0.0,0.08715574443340302,0.0,-0.0005882382392883301,0.0,-0.060253534466028214,-0.9996573328971863,-0.0,0.026176923885941505,0.0,1.19209286886246e-09,-1.490116086078075e-10,-0.04255415499210358,-0.9995051622390747,0.03145527467131615,0.0,0.0,-2.38418573772492e-09,0.0,-0.02208789810538292,-0.999065101146698,0.04323066025972366,0.0,0.0,0.0,0.0,-0.017740869894623756,-1.0,-0.0,0.0,0.0,0.013503451831638813,-0.0037700000684708357,-0.014087309129536152,-0.9914448857307434,-0.0,0.13052619993686676,0.0,0.0048975334502756596,-3.847479547403054e-06,-0.05743739381432533,-0.9986295104026794,-0.0,0.05233589559793472,0.0,4.76837147544984e-09,-2.98023217215615e-10,-0.03276757150888443,-0.9988899827003479,0.04710528254508972,0.0,0.0,2.38418573772492e-09,0.0,-0.016709718853235245,-0.9975409507751465,0.07008709013462067,0.0,0.0,0.0,0.0,-0.01388302817940712,-1.0,-0.0,0.0,0.0
1782948519.2882717,2026-07-01 19:28:39.288,18023.0,18023,left,0,1,pinch,2,0.0,0.003969999961555004,-0.04999999701976776,-1.0,-0.0,0.0,0.0,0.0,0.0,0.0,-1.0,-0.0,0.0,0.0,0.025476500391960144,-0.012044699862599373,-0.022234899923205376,-0.7563644051551819,0.02038903534412384,0.36610403656959534,0.5417242050170898,-5.7220457705398076e-08,-4.3511388270189855e-08,-0.027230437844991684,-0.9535136222839355,0.30135002732276917,0.0,0.0,3.5762786065873797e-09,6.318092005130893e-08,-0.031859491020441055,-0.8832296133041382,0.4689408838748932,0.0,0.0,2.384185648907078e-08,0.0,-0.023122519254684448,-1.0,-0.0,0.0,0.0,0.012359999120235443,0.0032300001475960016,-0.017000000923871994,-0.9990482330322266,-0.0,0.04361938685178757,0.0,0.0021501504816114902,-3.890097104886081e-06,-0.06502876430749893,-0.9369653463363647,0.3493998944759369,0.00371964811347425,0.001387078664265573,-9.53674295089968e-09,-9.53674295089968e-09,-0.036917347460985184,-0.7813855409622192,0.62404865026474,0.0,0.0,-2.8610228852699038e-08,-2.98023217215615e-10,-0.0216355137526989,-0.9470549821853638,0.3210715651512146,0.0,0.0,1.2636184010261786e-07,2.98023217215615e-10,-0.018689393997192383,-1.0,-0.0,0.0,0.0,0.0,0.003969999961555004,-0.01750910095870495,-1.0,-0.0,0.0,0.0,0.0,4.610121322912164e-06,-0.06379090249538422,-1.0,-0.0,0.0,0.0,0.0,2.98023217215615e-10,-0.044606998562812805,-0.9993282556533813,0.036646850407123566,0.0,0.0,0.0,0.0,-0.023475991562008858,-0.9987035393714905,0.050904761999845505,0.0,0.0,0.0,0.0,-0.019651994109153748,-1.0,-0.0,0.0,0.0,-0.00711638992652297,0.0018999999156221747,-0.016959700733423233,-0.9961947202682495,-0.0,-0.08715574443340302,0.0,0.0005882433033548295,0.0,-0.060253534466028214,-0.9996573328971863,-0.0,-0.026176923885941505,0.0,-1.1086464013487785e-07,-1.490116086078075e-10,-0.04255366697907448,-0.9995051622390747,0.03145527467131615,0.0,0.0,4.5299529460862686e-08,0.0,-0.022088106721639633,-0.999065101146698,0.04323066025972366,0.0,0.0,-1.4305114426349519e-08,0.0,-0.017740696668624878,-1.0,-0.0,0.0,0.0,-0.013503500260412693,-0.0037700000684708357,-0.014087299816310406,-0.9914448857307434,-0.0,-0.13052619993686676,0.0,-0.004897483624517918,-3.8501621020259336e-06,-0.05743739381432533,-0.9986295104026794,-0.0,-0.05233589559793472,0.0,5.4836270635405526e-08,-2.98023217215615e-10,-0.03276759013533592,-0.9988899827003479,0.04710528254508972,0.0,0.0,-9.298324243900424e-08,0.0,-0.01670967973768711,-0.9975409507751465,0.07008709013462067,0.0,0.0,6.19888282926695e-08,0.0,-0.013883084990084171,-1.0,-0.0,0.0,0.0
1782948519.439312,2026-07-01 19:28:39.439,14756.0,14756,right,0,2,pinch,2,0.0,0.003969999961555004,-0.04999999701976776,-1.0,-0.0,0.0,0.0,0.0,0.0,0.0,-1.0,-0.0,0.0,0.0,-0.025476505979895592,-0.012044684961438179,-0.022234933450818062,-0.7761850953102112,0.0221865177154541,-0.3278394341468811,-0.5381131768226624,0.0,1.19209286886246e-09,-0.02723044343292713,-0.962651252746582,0.270744651556015,0.0,0.0,2.38418573772492e-09,-1.19209286886246e-09,-0.031859468668699265,-0.9018523693084717,0.4320443868637085,0.0,0.0,0.0,-3.5762786065873797e-09,-0.023122519254684448,-1.0,-0.0,0.0,0.0,-0.012360505759716034,0.0032300001475960016,-0.016998957842588425,-0.9990482330322266,-0.0,-0.04361938685178757,0.0,-0.002149570034816861,-3.8927792047616094e-06,-0.06502974033355713,-0.9003715515136719,0.435099333524704,-0.003995455801486969,-0.0019307807087898254,0.0,0.0,-0.03691747412085533,-0.7502128481864929,0.6611964702606201,0.0,0.0,-2.38418573772492e-09,-2.98023217215615e-10,-0.02163529396057129,-0.9403460025787354,0.34021976590156555,0.0,0.0,0.0,2.98023217215615e-10,-0.01868978515267372,-1.0,-0.0,0.0,0.0,0.0,0.003969999961555004,-0.017509059980511665,-1.0,-0.0,0.0,0.0,0.0,4.611611075233668e-06,-0.0637909397482872,-0.999999463558197,0.0010577637003734708,0.0,0.0,0.0,2.98023217215615e-10,-0.04460655897855759,-0.9909234642982483,0.13442742824554443,0.0,0.0,0.0,-2.98023217215615e-10,-0.02347646653652191,-0.9856945872306824,0.16854165494441986,0.0,0.0,0.0,0.0,-0.019652195274829865,-1.0,-0.0,0.0,0.0,0.00711638480424881,0.0018999999156221747,-0.016959700733423233,-0.9961947202682495,-0.0,0.08715574443340302,0.0,-0.0005882382392883301,0.0,-0.060253534466028214,-0.9996573328971863,-0.0,0.026176923885941505,0.0,1.19209286886246e-09,-1.490116086078075e-10,-0.04255415499210358,-0.9995051622390747,0.03145527467131615,0.0,0.0,-2.38418573772492e-09,0.0,-0.02208789810538292,-0.999065101146698,0.04323066025972366,0.0,0.0,0.0,0.0,-0.017740869894623756,-1.0,-0.0,0.0,0.0,0.013503451831638813,-0.0037700000684708357,-0.014087309129536152,-0.9914448857307434,-0.0,0.13052619993686676,0.0,0.0048975334502756596,-3.847479547403054e-06,-0.05743739381432533,-0.9986295104026794,-0.0,0.05233589559793472,0.0,4.76837147544984e-09,-2.98023217215615e-10,-0.03276757150888443,-0.9988899827003479,0.04710528254508972,0.0,0.0,2.38418573772492e-09,0.0,-0.016709718853235245,-0.9975409507751465,0.07008709013462067,0.0,0.0,0.0,0.0,-0.01388302817940712,-1.0,-0.0,0.0,0.0
1782948519.4910977,2026-07-01 19:28:39.491,18025.0,18025,left,0,1,pinch,2,0.0,0.003969999961555004,-0.04999999701976776,-1.0,-0.0,0.0,0.0,0.0,0.0,0.0,-1.0,-0.0,0.0,0.0,0.025476500391960144,-0.012044699862599373,-0.022234899923205376,-0.7563644051551819,0.02038903534412384,0.36610403656959534,0.5417242050170898,-5.7220457705398076e-08,-4.3511388270189855e-08,-0.027230437844991684,-0.9535136222839355,0.30135002732276917,0.0,0.0,3.5762786065873797e-09,6.318092005130893e-08,-0.031859491020441055,-0.8832296133041382,0.4689408838748932,0.0,0.0,2.384185648907078e-08,0.0,-0.023122519254684448,-1.0,-0.0,0.0,0.0,0.012359999120235443,0.0032300001475960016,-0.017000000923871994,-0.9990482330322266,-0.0,0.04361938685178757,0.0,0.0021501504816114902,-3.890097104886081e-06,-0.06502876430749893,-0.9369653463363647,0.3493998944759369,0.00371964811347425,0.001387078664265573,-9.53674295089968e-09,-9.53674295089968e-09,-0.036917347460985184,-0.7813855409622192,0.62404865026474,0.0,0.0,-2.8610228852699038e-08,-2.98023217215615e-10,-0.0216355137526989,-0.9470549821853638,0.3210715651512146,0.0,0.0,1.2636184010261786e-07,2.98023217215615e-10,-0.018689393997192383,-1.0,-0.0,0.0,0.0,0.0,0.003969999961555004,-0.01750910095870495,-1.0,-0.0,0.0,0.0,0.0,4.610121322912164e-06,-0.06379090249538422,-1.0,-0.0,0.0,0.0,0.0,2.98023217215615e-10,-0.044606998562812805,-0.9993282556533813,0.036646850407123566,0.0,0.0,0.0,0.0,-0.023475991562008858,-0.9987035393714905,0.050904761999845505,0.0,0.0,0.0,0.0,-0.019651994109153748,-1.0,-0.0,0.0,0.0,-0.00711638992652297,0.0018999999156221747,-0.016959700733423233,-0.9961947202682495,-0.0,-0.08715574443340302,0.0,0.0005882433033548295,0.0,-0.060253534466028214,-0.9996573328971863,-0.0,-0.026176923885941505,0.0,-1.1086464013487785e-07,-1.490116086078075e-10,-0.04255366697907448,-0.9995051622390747,0.03145527467131615,0.0,0.0,4.5299529460862686e-08,0.0,-0.022088106721639633,-0.999065101146698,0.04323066025972366,0.0,0.0,-1.4305114426349519e-08,0.0,-0.017740696668624878,-1.0,-0.0,0.0,0.0,-0.013503500260412693,-0.0037700000684708357,-0.014087299816310406,-0.9914448857307434,-0.0,-0.13052619993686676,0.0,-0.004897483624517918,-3.8501621020259336e-06,-0.05743739381432533,-0.9986295104026794,-0.0,-0.05233589559793472,0.0,5.4836270635405526e-08,-2.98023217215615e-10,-0.03276759013533592,-0.9988899827003479,0.04710528254508972,0.0,0.0,-9.298324243900424e-08,0.0,-0.01670967973768711,-0.9975409507751465,0.07008709013462067,0.0,0.0,6.19888282926695e-08,0.0,-0.013883084990084171,-1.0,-0.0,0.0,0.0
1782948519.6461005,2026-07-01 19:28:39.646,14769.0,14769,right,0,2,pinch,2,0.0,0.003969999961555004,-0.04999999701976776,-1.0,-0.0,0.0,0.0,0.0,0.0,0.0,-1.0,-0.0,0.0,0.0,-0.025476505979895592,-0.012044684961438179,-0.022234933450818062,-0.7761850953102112,0.0221865177154541,-0.3278394341468811,-0.5381131768226624,0.0,1.19209286886246e-09,-0.02723044343292713,-0.962651252746582,0.270744651556015,0.0,0.0,2.38418573772492e-09,-1.19209286886246e-09,-0.031859468668699265,-0.9018523693084717,0.4320443868637085,0.0,0.0,0.0,-3.5762786065873797e-09,-0.023122519254684448,-1.0,-0.0,0.0,0.0,-0.012360505759716034,0.0032300001475960016,-0.016998957842588425,-0.9990482330322266,-0.0,-0.04361938685178757,0.0,-0.002149570034816861,-3.8927792047616094e-06,-0.06502974033355713,-0.9003715515136719,0.435099333524704,-0.003995455801486969,-0.0019307807087898254,0.0,0.0,-0.03691747412085533,-0.7502128481864929,0.6611964702606201,0.0,0.0,-2.38418573772492e-09,-2.98023217215615e-10,-0.02163529396057129,-0.9403460025787354,0.34021976590156555,0.0,0.0,0.0,2.98023217215615e-10,-0.01868978515267372,-1.0,-0.0,0.0,0.0,0.0,0.003969999961555004,-0.017509059980511665,-1.0,-0.0,0.0,0.0,0.0,4.611611075233668e-06,-0.0637909397482872,-0.9999995231628418,0.0009798974497243762,0.0,0.0,0.0,2.98023217215615e-10,-0.04460655897855759,-0.9910054206848145,0.13382194936275482,0.0,0.0,0.0,-2.98023217215615e-10,-0.02347646653652191,-0.985776960849762,0.168058842420578,0.0,0.0,0.0,0.0,-0.019652195274829865,-1.0,-0.0,0.0,0.0,0.00711638480424881,0.0018999999156221747,-0.016959700733423233,-0.9961947202682495,-0.0,0.08715574443340302,0.0,-0.0005882382392883301,0.0,-0.060253534466028214,-0.9996573328971863,-0.0,0.026176923885941505,0.0,1.19209286886246e-09,-1.490116086078075e-10,-0.04255415499210358,-0.9995051622390747,0.03145527467131615,0.0,0.0,-2.38418573772492e-09,0.0,-0.02208789810538292,-0.999065101146698,0.04323066025972366,0.0,0.0,0.0,0.0,-0.017740869894623756,-1.0,-0.0,0.0,0.0,0.013503451831638813,-0.0037700000684708357,-0.014087309129536152,-0.9914448857307434,-0.0,0.13052619993686676,0.0,0.0048975334502756596,-3.847479547403054e-06,-0.05743739381432533,-0.9986295104026794,-0.0,0.05233589559793472,0.0,4.76837147544984e-09,-2.98023217215615e-10,-0.03276757150888443,-0.9988899827003479,0.04710528254508972,0.0,0.0,2.38418573772492e-09,0.0,-0.016709718853235245,-0.9975409507751465,0.07008709013462067,0.0,0.0,0.0,0.0,-0.01388302817940712,-1.0,-0.0,0.0,0.0
1782948519.7129211,2026-07-01 19:28:39.712,18026.0,18026,left,0,1,pinch,2,0.0,0.003969999961555004,-0.04999999701976776,-1.0,-0.0,0.0,0.0,0.0,0.0,0.0,-1.0,-0.0,0.0,0.0,0.025476500391960144,-0.012044699862599373,-0.022234899923205376,-0.7563644051551819,0.02038903534412384,0.36610403656959534,0.5417242050170898,-5.7220457705398076e-08,-4.3511388270189855e-08,-0.027230437844991684,-0.9535136222839355,0.30135002732276917,0.0,0.0,3.5762786065873797e-09,6.318092005130893e-08,-0.031859491020441055,-0.8832296133041382,0.4689408838748932,0.0,0.0,2.384185648907078e-08,0.0,-0.023122519254684448,-1.0,-0.0,0.0,0.0,0.012359999120235443,0.0032300001475960016,-0.017000000923871994,-0.9990482330322266,-0.0,0.04361938685178757,0.0,0.0021501504816114902,-3.890097104886081e-06,-0.06502876430749893,-0.9369653463363647,0.3493998944759369,0.00371964811347425,0.001387078664265573,-9.53674295089968e-09,-9.53674295089968e-09,-0.036917347460985184,-0.7813855409622192,0.62404865026474,0.0,0.0,-2.8610228852699038e-08,-2.98023217215615e-10,-0.0216355137526989,-0.9470549821853638,0.3210715651512146,0.0,0.0,1.2636184010261786e-07,2.98023217215615e-10,-0.018689393997192383,-1.0,-0.0,0.0,0.0,0.0,0.003969999961555004,-0.01750910095870495,-1.0,-0.0,0.0,0.0,0.0,4.610121322912164e-06,-0.06379090249538422,-1.0,-0.0,0.0,0.0,0.0,2.98023217215615e-10,-0.044606998562812805,-0.9993282556533813,0.036646850407123566,0.0,0.0,0.0,0.0,-0.023475991562008858,-0.9987035393714905,0.050904761999845505,0.0,0.0,0.0,0.0,-0.019651994109153748,-1.0,-0.0,0.0,0.0,-0.00711638992652297,0.0018999999156221747,-0.016959700733423233,-0.9961947202682495,-0.0,-0.08715574443340302,0.0,0.0005882433033548295,0.0,-0.060253534466028214,-0.9996573328971863,-0.0,-0.026176923885941505,0.0,-1.1086464013487785e-07,-1.490116086078075e-10,-0.04255366697907448,-0.9995051622390747,0.03145527467131615,0.0,0.0,4.5299529460862686e-08,0.0,-0.022088106721639633,-0.999065101146698,0.04323066025972366,0.0,0.0,-1.4305114426349519e-08,0.0,-0.017740696668624878,-1.0,-0.0,0.0,0.0,-0.013503500260412693,-0.0037700000684708357,-0.014087299816310406,-0.9914448857307434,-0.0,-0.13052619993686676,0.0,-0.004897483624517918,-3.8501621020259336e-06,-0.05743739381432533,-0.9986295104026794,-0.0,-0.05233589559793472,0.0,5.4836270635405526e-08,-2.98023217215615e-10,-0.03276759013533592,-0.9988899827003479,0.04710528254508972,0.0,0.0,-9.298324243900424e-08,0.0,-0.01670967973768711,-0.9975409507751465,0.07008709013462067,0.0,0.0,6.19888282926695e-08,0.0,-0.013883084990084171,-1.0,-0.0,0.0,0.0
