wall_time,iso_time,timestamp,packet_counter,hand_side,frame_id,status,pose,take,PALM_x,PALM_y,PALM_z,PALM_qw,PALM_qx,PALM_qy,PALM_qz,WRIST_x,WRIST_y,WRIST_z,WRIST_qw,WRIST_qx,WRIST_qy,WRIST_qz,THUMB_METACARPAL_x,THUMB_METACARPAL_y,THUMB_METACARPAL_z,THUMB_METACARPAL_qw,THUMB_METACARPAL_qx,THUMB_METACARPAL_qy,THUMB_METACARPAL_qz,THUMB_PROXIMAL_x,THUMB_PROXIMAL_y,THUMB_PROXIMAL_z,THUMB_PROXIMAL_qw,THUMB_PROXIMAL_qx,THUMB_PROXIMAL_qy,THUMB_PROXIMAL_qz,THUMB_DISTAL_x,THUMB_DISTAL_y,THUMB_DISTAL_z,THUMB_DISTAL_qw,THUMB_DISTAL_qx,THUMB_DISTAL_qy,THUMB_DISTAL_qz,THUMB_TIP_x,THUMB_TIP_y,THUMB_TIP_z,THUMB_TIP_qw,THUMB_TIP_qx,THUMB_TIP_qy,THUMB_TIP_qz,INDEX_METACARPAL_x,INDEX_METACARPAL_y,INDEX_METACARPAL_z,INDEX_METACARPAL_qw,INDEX_METACARPAL_qx,INDEX_METACARPAL_qy,INDEX_METACARPAL_qz,INDEX_PROXIMAL_x,INDEX_PROXIMAL_y,INDEX_PROXIMAL_z,INDEX_PROXIMAL_qw,INDEX_PROXIMAL_qx,INDEX_PROXIMAL_qy,INDEX_PROXIMAL_qz,INDEX_INTERMEDIATE_x,INDEX_INTERMEDIATE_y,INDEX_INTERMEDIATE_z,INDEX_INTERMEDIATE_qw,INDEX_INTERMEDIATE_qx,INDEX_INTERMEDIATE_qy,INDEX_INTERMEDIATE_qz,INDEX_DISTAL_x,INDEX_DISTAL_y,INDEX_DISTAL_z,INDEX_DISTAL_qw,INDEX_DISTAL_qx,INDEX_DISTAL_qy,INDEX_DISTAL_qz,INDEX_TIP_x,INDEX_TIP_y,INDEX_TIP_z,INDEX_TIP_qw,INDEX_TIP_qx,INDEX_TIP_qy,INDEX_TIP_qz,MIDDLE_METACARPAL_x,MIDDLE_METACARPAL_y,MIDDLE_METACARPAL_z,MIDDLE_METACARPAL_qw,MIDDLE_METACARPAL_qx,MIDDLE_METACARPAL_qy,MIDDLE_METACARPAL_qz,MIDDLE_PROXIMAL_x,MIDDLE_PROXIMAL_y,MIDDLE_PROXIMAL_z,MIDDLE_PROXIMAL_qw,MIDDLE_PROXIMAL_qx,MIDDLE_PROXIMAL_qy,MIDDLE_PROXIMAL_qz,MIDDLE_INTERMEDIATE_x,MIDDLE_INTERMEDIATE_y,MIDDLE_INTERMEDIATE_z,MIDDLE_INTERMEDIATE_qw,MIDDLE_INTERMEDIATE_qx,MIDDLE_INTERMEDIATE_qy,MIDDLE_INTERMEDIATE_qz,MIDDLE_DISTAL_x,MIDDLE_DISTAL_y,MIDDLE_DISTAL_z,MIDDLE_DISTAL_qw,MIDDLE_DISTAL_qx,MIDDLE_DISTAL_qy,MIDDLE_DISTAL_qz,MIDDLE_TIP_x,MIDDLE_TIP_y,MIDDLE_TIP_z,MIDDLE_TIP_qw,MIDDLE_TIP_qx,MIDDLE_TIP_qy,MIDDLE_TIP_qz,RING_METACARPAL_x,RING_METACARPAL_y,RING_METACARPAL_z,RING_METACARPAL_qw,RING_METACARPAL_qx,RING_METACARPAL_qy,RING_METACARPAL_qz,RING_PROXIMAL_x,RING_PROXIMAL_y,RING_PROXIMAL_z,RING_PROXIMAL_qw,RING_PROXIMAL_qx,RING_PROXIMAL_qy,RING_PROXIMAL_qz,RING_INTERMEDIATE_x,RING_INTERMEDIATE_y,RING_INTERMEDIATE_z,RING_INTERMEDIATE_qw,RING_INTERMEDIATE_qx,RING_INTERMEDIATE_qy,RING_INTERMEDIATE_qz,RING_DISTAL_x,RING_DISTAL_y,RING_DISTAL_z,RING_DISTAL_qw,RING_DISTAL_qx,RING_DISTAL_qy,RING_DISTAL_qz,RING_TIP_x,RING_TIP_y,RING_TIP_z,RING_TIP_qw,RING_TIP_qx,RING_TIP_qy,RING_TIP_qz,LITTLE_METACARPAL_x,LITTLE_METACARPAL_y,LITTLE_METACARPAL_z,LITTLE_METACARPAL_qw,LITTLE_METACARPAL_qx,LITTLE_METACARPAL_qy,LITTLE_METACARPAL_qz,LITTLE_PROXIMAL_x,LITTLE_PROXIMAL_y,LITTLE_PROXIMAL_z,LITTLE_PROXIMAL_qw,LITTLE_PROXIMAL_qx,LITTLE_PROXIMAL_qy,LITTLE_PROXIMAL_qz,LITTLE_INTERMEDIATE_x,LITTLE_INTERMEDIATE_y,LITTLE_INTERMEDIATE_z,LITTLE_INTERMEDIATE_qw,LITTLE_INTERMEDIATE_qx,LITTLE_INTERMEDIATE_qy,LITTLE_INTERMEDIATE_qz,LITTLE_DISTAL_x,LITTLE_DISTAL_y,LITTLE_DISTAL_z,LITTLE_DISTAL_qw,LITTLE_DISTAL_qx,LITTLE_DISTAL_qy,LITTLE_DISTAL_qz,LITTLE_TIP_x,LITTLE_TIP_y,LITTLE_TIP_z,LITTLE_TIP_qw,LITTLE_TIP_qx,LITTLE_TIP_qy,LITTLE_TIP_qz
1782948470.8214593,2026-07-01 19:27:50.821,17617.0,17617,left,0,1,three,1,0.0,0.003969999961555004,-0.04999999701976776,-1.0,-0.0,0.0,0.0,0.0,0.0,0.0,-1.0,-0.0,0.0,0.0,0.025476500391960144,-0.012044699862599373,-0.022234899923205376,-0.7827466726303101,-0.05488734692335129,0.3263017535209656,0.5270884037017822,-5.7220457705398076e-08,-4.3511388270189855e-08,-0.027230437844991684,-0.9841269254684448,0.1774662286043167,0.0,0.0,3.5762786065873797e-09,6.318092005130893e-08,-0.031859491020441055,-0.9505648016929626,0.3105264902114868,0.0,0.0,2.384185648907078e-08,0.0,-0.023122519254684448,-1.0,-0.0,0.0,0.0,0.012359999120235443,0.0032300001475960016,-0.017000000923871994,-0.9990482330322266,-0.0,0.04361938685178757,0.0,0.0021501504816114902,-3.890097104886081e-06,-0.06502876430749893,-0.9999619722366333,-0.0,0.008726557716727257,0.0,-9.53674295089968e-09,-9.53674295089968e-09,-0.036917347460985184,-0.9993493556976318,0.0360686257481575,0.0,0.0,-2.8610228852699038e-08,-2.98023217215615e-10,-0.0216355137526989,-0.999281644821167,0.037897396832704544,0.0,0.0,1.2636184010261786e-07,2.98023217215615e-10,-0.018689393997192383,-1.0,-0.0,0.0,0.0,0.0,0.003969999961555004,-0.01750910095870495,-1.0,-0.0,0.0,0.0,0.0,4.610121322912164e-06,-0.06379090249538422,-1.0,-0.0,0.0,0.0,0.0,2.98023217215615e-10,-0.044606998562812805,-0.9995051622390747,0.03145527467131615,0.0,0.0,0.0,0.0,-0.023475991562008858,-0.9990876317024231,0.04270758107304573,0.0,0.0,0.0,0.0,-0.019651994109153748,-1.0,-0.0,0.0,0.0,-0.00711638992652297,0.0018999999156221747,-0.016959700733423233,-0.9961947202682495,-0.0,-0.08715574443340302,0.0,0.0005882433033548295,0.0,-0.060253534466028214,-0.9270884990692139,0.37458449602127075,0.01289683673530817,0.00521088857203722,-1.1086464013487785e-07,-1.490116086078075e-10,-0.04255366697907448,-0.7318047285079956,0.6815143823623657,0.0,0.0,4.5299529460862686e-08,0.0,-0.022088106721639633,-0.9222444891929626,0.38660725951194763,0.0,0.0,-1.4305114426349519e-08,0.0,-0.017740696668624878,-1.0,-0.0,0.0,0.0,-0.013503500260412693,-0.0037700000684708357,-0.014087299816310406,-0.9914448857307434,-0.0,-0.13052619993686676,0.0,-0.004897483624517918,-3.8501621020259336e-06,-0.05743739381432533,-0.9440879225730896,0.3268149197101593,-0.02880661003291607,0.03256267309188843,5.4836270635405526e-08,-2.98023217215615e-10,-0.03276759013533592,-0.7999333143234253,0.600088894367218,0.0,0.0,-9.298324243900424e-08,0.0,-0.01670967973768711,-0.8946753144264221,0.4467170536518097,0.0,0.0,6.19888282926695e-08,0.0,-0.013883084990084171,-1.0,-0.0,0.0,0.0
1782948470.8218417,2026-07-01 19:27:50.821,11826.0,11826,right,0,2,three,1,0.0,0.003969999961555004,-0.04999999701976776,-1.0,-0.0,0.0,0.0,0.0,0.0,0.0,-1.0,-0.0,0.0,0.0,-0.025476505979895592,-0.012044684961438179,-0.022234933450818062,-0.7859312891960144,-0.01208752952516079,-0.3130185902118683,-0.5330904126167297,0.0,1.19209286886246e-09,-0.02723044343292713,-0.9760310649871826,0.2176312506198883,0.0,0.0,2.38418573772492e-09,-1.19209286886246e-09,-0.031859468668699265,-0.9313263297080994,0.36418581008911133,0.0,0.0,0.0,-3.5762786065873797e-09,-0.023122519254684448,-1.0,-0.0,0.0,0.0,-0.012360505759716034,0.0032300001475960016,-0.016998957842588425,-0.9990482330322266,-0.0,-0.04361938685178757,0.0,-0.002149570034816861,-3.8927792047616094e-06,-0.06502974033355713,-0.9999619722366333,-0.0,-0.008726464584469795,0.0,0.0,0.0,-0.03691747412085533,-0.9991405606269836,0.04145072400569916,0.0,0.0,-2.38418573772492e-09,-2.98023217215615e-10,-0.02163529396057129,-0.9989849328994751,0.045045435428619385,0.0,0.0,0.0,2.98023217215615e-10,-0.01868978515267372,-1.0,-0.0,0.0,0.0,0.0,0.003969999961555004,-0.017509059980511665,-1.0,-0.0,0.0,0.0,0.0,4.611611075233668e-06,-0.0637909397482872,-1.0,-0.0,0.0,0.0,0.0,2.98023217215615e-10,-0.04460655897855759,-0.9987601637840271,0.049780797213315964,0.0,0.0,0.0,-2.98023217215615e-10,-0.02347646653652191,-0.9974532127380371,0.07132436335086823,0.0,0.0,0.0,0.0,-0.019652195274829865,-1.0,-0.0,0.0,0.0,0.00711638480424881,0.0018999999156221747,-0.016959700733423233,-0.9961947202682495,-0.0,0.08715574443340302,0.0,-0.0005882382392883301,0.0,-0.060253534466028214,-0.8335176706314087,0.5520880818367004,-0.017626048997044563,-0.011678018607199192,1.19209286886246e-09,-1.490116086078075e-10,-0.04255415499210358,-0.6581743955612183,0.7528654932975769,0.0,0.0,-2.38418573772492e-09,0.0,-0.02208789810538292,-0.9089881181716919,0.41682204604148865,0.0,0.0,0.0,0.0,-0.017740869894623756,-1.0,-0.0,0.0,0.0,0.013503451831638813,-0.0037700000684708357,-0.014087309129536152,-0.9914448857307434,-0.0,0.13052619993686676,0.0,0.0048975334502756596,-3.847479547403054e-06,-0.05743739381432533,-0.9306862354278564,0.3640384376049042,0.031030945479869843,-0.018336769193410873,4.76837147544984e-09,-2.98023217215615e-10,-0.03276757150888443,-0.7847431898117065,0.6198210716247559,0.0,0.0,2.38418573772492e-09,0.0,-0.016709718853235245,-0.8866686820983887,0.462405264377594,0.0,0.0,0.0,0.0,-0.01388302817940712,-1.0,-0.0,0.0,0.0
1782948471.0302048,2026-07-01 19:27:51.030,11855.0,11855,right,0,2,three,1,0.0,0.003969999961555004,-0.04999999701976776,-1.0,-0.0,0.0,0.0,0.0,0.0,0.0,-1.0,-0.0,0.0,0.0,-0.025476505979895592,-0.012044684961438179,-0.022234933450818062,-0.7800840735435486,0.009402680210769176,-0.3220619559288025,-0.5363361835479736,0.0,1.19209286886246e-09,-0.02723044343292713,-0.9680891633033752,0.25060632824897766,0.0,0.0,2.38418573772492e-09,-1.19209286886246e-09,-0.031859468668699265,-0.9135097861289978,0.40681684017181396,0.0,0.0,0.0,-3.5762786065873797e-09,-0.023122519254684448,-1.0,-0.0,0.0,0.0,-0.012360505759716034,0.0032300001475960016,-0.016998957842588425,-0.9990482330322266,-0.0,-0.04361938685178757,0.0,-0.002149570034816861,-3.8927792047616094e-06,-0.06502974033355713,-0.9999619722366333,-0.0,-0.008726464584469795,0.0,0.0,0.0,-0.03691747412085533,-0.9991405606269836,0.04145072400569916,0.0,0.0,-2.38418573772492e-09,-2.98023217215615e-10,-0.02163529396057129,-0.9989849328994751,0.045045435428619385,0.0,0.0,0.0,2.98023217215615e-10,-0.01868978515267372,-1.0,-0.0,0.0,0.0,0.0,0.003969999961555004,-0.017509059980511665,-1.0,-0.0,0.0,0.0,0.0,4.611611075233668e-06,-0.0637909397482872,-1.0,-0.0,0.0,0.0,0.0,2.98023217215615e-10,-0.04460655897855759,-0.9987601637840271,0.049780797213315964,0.0,0.0,0.0,-2.98023217215615e-10,-0.02347646653652191,-0.9974532127380371,0.07132436335086823,0.0,0.0,0.0,0.0,-0.019652195274829865,-1.0,-0.0,0.0,0.0,0.00711638480424881,0.0018999999156221747,-0.016959700733423233,-0.9961947202682495,-0.0,0.08715574443340302,0.0,-0.0005882382392883301,0.0,-0.060253534466028214,-0.8057160973548889,0.5917195081710815,-0.02116445265710354,-0.01554363127797842,1.19209286886246e-09,-1.490116086078075e-10,-0.04255415499210358,-0.6480382680892944,0.761607825756073,0.0,0.0,-2.38418573772492e-09,0.0,-0.02208789810538292,-0.9072177410125732,0.42066144943237305,0.0,0.0,0.0,0.0,-0.017740869894623756,-1.0,-0.0,0.0,0.0,0.013503451831638813,-0.0037700000684708357,-0.014087309129536152,-0.9914448857307434,-0.0,0.13052619993686676,0.0,0.0048975334502756596,-3.847479547403054e-06,-0.05743739381432533,-0.8901750445365906,0.4545782208442688,0.020900018513202667,-0.02258857525885105,4.76837147544984e-09,-2.98023217215615e-10,-0.03276757150888443,-0.7524453997612,0.6586546301841736,0.0,0.0,2.38418573772492e-09,0.0,-0.016709718853235245,-0.8689223527908325,0.49494850635528564,0.0,0.0,0.0,0.0,-0.01388302817940712,-1.0,-0.0,0.0,0.0
1782948471.0407875,2026-07-01 19:27:51.040,17621.0,17621,left,0,1,three,1,0.0,0.003969999961555004,-0.04999999701976776,-1.0,-0.0,0.0,0.0,0.0,0.0,0.0,-1.0,-0.0,0.0,0.0,0.025476500391960144,-0.012044699862599373,-0.022234899923205376,-0.7820515632629395,-0.05286731570959091,0.3275562524795532,0.5275484919548035,-5.7220457705398076e-08,-4.3511388270189855e-08,-0.027230437844991684,-0.9835063219070435,0.1808737963438034,0.0,0.0,3.5762786065873797e-09,6.318092005130893e-08,-0.031859491020441055,-0.9490461945533752,0.3151370584964752,0.0,0.0,2.384185648907078e-08,0.0,-0.023122519254684448,-1.0,-0.0,0.0,0.0,0.012359999120235443,0.0032300001475960016,-0.017000000923871994,-0.9990482330322266,-0.0,0.04361938685178757,0.0,0.0021501504816114902,-3.890097104886081e-06,-0.06502876430749893,-0.9999619722366333,-0.0,0.008726557716727257,0.0,-9.53674295089968e-09,-9.53674295089968e-09,-0.036917347460985184,-0.9993493556976318,0.0360686257481575,0.0,0.0,-2.8610228852699038e-08,-2.98023217215615e-10,-0.0216355137526989,-0.999281644821167,0.037897396832704544,0.0,0.0,1.2636184010261786e-07,2.98023217215615e-10,-0.018689393997192383,-1.0,-0.0,0.0,0.0,0.0,0.003969999961555004,-0.01750910095870495,-1.0,-0.0,0.0,0.0,0.0,4.610121322912164e-06,-0.06379090249538422,-1.0,-0.0,0.0,0.0,0.0,2.98023217215615e-10,-0.044606998562812805,-0.9995051622390747,0.03145527467131615,0.0,0.0,0.0,0.0,-0.023475991562008858,-0.9990876317024231,0.04270758107304573,0.0,0.0,0.0,0.0,-0.019651994109153748,-1.0,-0.0,0.0,0.0,-0.00711638992652297,0.0018999999156221747,-0.016959700733423233,-0.9961947202682495,-0.0,-0.08715574443340302,0.0,0.0005882433033548295,0.0,-0.060253534466028214,-0.9270884990692139,0.37458449602127075,0.01289683673530817,0.00521088857203722,-1.1086464013487785e-07,-1.490116086078075e-10,-0.04255366697907448,-0.7318047285079956,0.6815143823623657,0.0,0.0,4.5299529460862686e-08,0.0,-0.022088106721639633,-0.9222444891929626,0.38660725951194763,0.0,0.0,-1.4305114426349519e-08,0.0,-0.017740696668624878,-1.0,-0.0,0.0,0.0,-0.013503500260412693,-0.0037700000684708357,-0.014087299816310406,-0.9914448857307434,-0.0,-0.13052619993686676,0.0,-0.004897483624517918,-3.8501621020259336e-06,-0.05743739381432533,-0.9440879225730896,0.3268149197101593,-0.02880661003291607,0.03256267309188843,5.4836270635405526e-08,-2.98023217215615e-10,-0.03276759013533592,-0.7999333143234253,0.600088894367218,0.0,0.0,-9.298324243900424e-08,0.0,-0.01670967973768711,-0.8946753144264221,0.4467170536518097,0.0,0.0,6.19888282926695e-08,0.0,-0.013883084990084171,-1.0,-0.0,0.0,0.0
1782948471.2416918,2026-07-01 19:27:51.241,17623.0,17623,left,0,1,three,1,0.0,0.003969999961555004,-0.04999999701976776,-1.0,-0.0,0.0,0.0,0.0,0.0,0.0,-1.0,-0.0,0.0,0.0,0.025476500391960144,-0.012044699862599373,-0.022234899923205376,-0.7820515632629395,-0.05286731570959091,0.3275562524795532,0.5275484919548035,-5.7220457705398076e-08,-4.3511388270189855e-08,-0.027230437844991684,-0.9835063219070435,0.1808737963438034,0.0,0.0,3.5762786065873797e-09,6.318092005130893e-08,-0.031859491020441055,-0.9490461945533752,0.3151370584964752,0.0,0.0,2.384185648907078e-08,0.0,-0.023122519254684448,-1.0,-0.0,0.0,0.0,0.012359999120235443,0.0032300001475960016,-0.017000000923871994,-0.9990482330322266,-0.0,0.04361938685178757,0.0,0.0021501504816114902,-3.890097104886081e-06,-0.06502876430749893,-0.9999619722366333,-0.0,0.008726557716727257,0.0,-9.53674295089968e-09,-9.53674295089968e-09,-0.036917347460985184,-0.9993493556976318,0.0360686257481575,0.0,0.0,-2.8610228852699038e-08,-2.98023217215615e-10,-0.0216355137526989,-0.999281644821167,0.037897396832704544,0.0,0.0,1.2636184010261786e-07,2.98023217215615e-10,-0.018689393997192383,-1.0,-0.0,0.0,0.0,0.0,0.003969999961555004,-0.01750910095870495,-1.0,-0.0,0.0,0.0,0.0,4.610121322912164e-06,-0.06379090249538422,-1.0,-0.0,0.0,0.0,0.0,2.98023217215615e-10,-0.044606998562812805,-0.9995051622390747,0.03145527467131615,0.0,0.0,0.0,0.0,-0.023475991562008858,-0.9990876317024231,0.04270758107304573,0.0,0.0,0.0,0.0,-0.019651994109153748,-1.0,-0.0,0.0,0.0,-0.00711638992652297,0.0018999999156221747,-0.016959700733423233,-0.9961947202682495,-0.0,-0.08715574443340302,0.0,0.0005882433033548295,0.0,-0.060253534466028214,-0.9250234365463257,0.37964004278182983,0.013252373784780502,0.0054389238357543945,-1.1086464013487785e-07,-1.490116086078075e-10,-0.04255366697907448,-0.7292842864990234,0.6842108964920044,0.0,0.0,4.5299529460862686e-08,0.0,-0.022088106721639633,-0.9217788577079773,0.3877161741256714,0.0,0.0,-1.4305114426349519e-08,0.0,-0.017740696668624878,-1.0,-0.0,0.0,0.0,-0.013503500260412693,-0.0037700000684708357,-0.014087299816310406,-0.9914448857307434,-0.0,-0.13052619993686676,0.0,-0.004897483624517918,-3.8501621020259336e-06,-0.05743739381432533,-0.9475065469741821,0.31672415137290955,-0.029804730787873268,0.03207653388381004,5.4836270635405526e-08,-2.98023217215615e-10,-0.03276759013533592,-0.8041950464248657,0.5943654775619507,0.0,0.0,-9.298324243900424e-08,0.0,-0.01670967973768711,-0.8968837857246399,0.4422662854194641,0.0,0.0,6.19888282926695e-08,0.0,-0.013883084990084171,-1.0,-0.0,0.0,0.0
1782948471.2419024,2026-07-01 19:27:51.241,11868.0,11868,right,0,2,three,1,0.0,0.003969999961555004,-0.04999999701976776,-1.0,-0.0,0.0,0.0,0.0,0.0,0.0,-1.0,-0.0,0.0,0.0,-0.025476505979895592,-0.012044684961438179,-0.022234933450818062,-0.7786078453063965,0.014381873421370983,-0.3242689371109009,-0.537040650844574,0.0,1.19209286886246e-09,-0.02723044343292713,-0.9660399556159973,0.2583928108215332,0.0,0.0,2.38418573772492e-09,-1.19209286886246e-09,-0.031859468668699265,-0.9090655446052551,0.4166531562805176,0.0,0.0,0.0,-3.5762786065873797e-09,-0.023122519254684448,-1.0,-0.0,0.0,0.0,-0.012360505759716034,0.0032300001475960016,-0.016998957842588425,-0.9990482330322266,-0.0,-0.04361938685178757,0.0,-0.002149570034816861,-3.8927792047616094e-06,-0.06502974033355713,-0.9999619722366333,-0.0,-0.008726464584469795,0.0,0.0,0.0,-0.03691747412085533,-0.9991405606269836,0.04145072400569916,0.0,0.0,-2.38418573772492e-09,-2.98023217215615e-10,-0.02163529396057129,-0.9989849328994751,0.045045435428619385,0.0,0.0,0.0,2.98023217215615e-10,-0.01868978515267372,-1.0,-0.0,0.0,0.0,0.0,0.003969999961555004,-0.017509059980511665,-1.0,-0.0,0.0,0.0,0.0,4.611611075233668e-06,-0.0637909397482872,-1.0,-0.0,0.0,0.0,0.0,2.98023217215615e-10,-0.04460655897855759,-0.9987601637840271,0.049780797213315964,0.0,0.0,0.0,-2.98023217215615e-10,-0.02347646653652191,-0.9974532127380371,0.07132436335086823,0.0,0.0,0.0,0.0,-0.019652195274829865,-1.0,-0.0,0.0,0.0,0.00711638480424881,0.0018999999156221747,-0.016959700733423233,-0.9961947202682495,-0.0,0.08715574443340302,0.0,-0.0005882382392883301,0.0,-0.060253534466028214,-0.8052476048469543,0.5923532843589783,-0.021220723167061806,-0.01561031024903059,1.19209286886246e-09,-1.490116086078075e-10,-0.04255415499210358,-0.647906482219696,0.7617198824882507,0.0,0.0,-2.38418573772492e-09,0.0,-0.02208789810538292,-0.9071947932243347,0.42071086168289185,0.0,0.0,0.0,0.0,-0.017740869894623756,-1.0,-0.0,0.0,0.0,0.013503451831638813,-0.0037700000684708357,-0.014087309129536152,-0.9914448857307434,-0.0,0.13052619993686676,0.0,0.0048975334502756596,-3.847479547403054e-06,-0.05743739381432533,-0.8775873184204102,0.478502094745636,0.017547285184264183,-0.02384028211236,4.76837147544984e-09,-2.98023217215615e-10,-0.03276757150888443,-0.7448699474334717,0.6672096848487854,0.0,0.0,2.38418573772492e-09,0.0,-0.016709718853235245,-0.8646059036254883,0.502450704574585,0.0,0.0,0.0,0.0,-0.01388302817940712,-1.0,-0.0,0.0,0.0
1782948471.4486616,2026-07-01 19:27:51.448,17625.0,17625,left,0,1,three,1,0.0,0.003969999961555004,-0.04999999701976776,-1.0,-0.0,0.0,0.0,0.0,0.0,0.0,-1.0,-0.0,0.0,0.0,0.025476500391960144,-0.012044699862599373,-0.022234899923205376,-0.7817021608352661,-0.051854636520147324,0.3281818926334381,0.527777910232544,-5.7220457705398076e-08,-4.3511388270189855e-08,-0.027230437844991684,-0.9831908941268921,0.18258075416088104,0.0,0.0,3.5762786065873797e-09,6.318092005130893e-08,-0.031859491020441055,-0.9482774138450623,0.31744298338890076,0.0,0.0,2.384185648907078e-08,0.0,-0.023122519254684448,-1.0,-0.0,0.0,0.0,0.012359999120235443,0.0032300001475960016,-0.017000000923871994,-0.9990482330322266,-0.0,0.04361938685178757,0.0,0.0021501504816114902,-3.890097104886081e-06,-0.06502876430749893,-0.9999619722366333,-0.0,0.008726557716727257,0.0,-9.53674295089968e-09,-9.53674295089968e-09,-0.036917347460985184,-0.9993493556976318,0.0360686257481575,0.0,0.0,-2.8610228852699038e-08,-2.98023217215615e-10,-0.0216355137526989,-0.999281644821167,0.037897396832704544,0.0,0.0,1.2636184010261786e-07,2.98023217215615e-10,-0.018689393997192383,-1.0,-0.0,0.0,0.0,0.0,0.003969999961555004,-0.01750910095870495,-1.0,-0.0,0.0,0.0,0.0,4.610121322912164e-06,-0.06379090249538422,-1.0,-0.0,0.0,0.0,0.0,2.98023217215615e-10,-0.044606998562812805,-0.9995051622390747,0.03145527467131615,0.0,0.0,0.0,0.0,-0.023475991562008858,-0.9990876317024231,0.04270758107304573,0.0,0.0,0.0,0.0,-0.019651994109153748,-1.0,-0.0,0.0,0.0,-0.00711638992652297,0.0018999999156221747,-0.016959700733423233,-0.9961947202682495,-0.0,-0.08715574443340302,0.0,0.0005882433033548295,0.0,-0.060253534466028214,-0.9239754676818848,0.3821755051612854,0.01342868898063898,0.0055574774742126465,-1.1086464013487785e-07,-1.490116086078075e-10,-0.04255366697907448,-0.7280505895614624,0.6855233907699585,0.0,0.0,4.5299529460862686e-08,0.0,-0.022088106721639633,-0.9215514659881592,0.38825616240501404,0.0,0.0,-1.4305114426349519e-08,0.0,-0.017740696668624878,-1.0,-0.0,0.0,0.0,-0.013503500260412693,-0.0037700000684708357,-0.014087299816310406,-0.9914448857307434,-0.0,-0.13052619993686676,0.0,-0.004897483624517918,-3.8501621020259336e-06,-0.05743739381432533,-0.9475065469741821,0.31672415137290955,-0.029804730787873268,0.03207653388381004,5.4836270635405526e-08,-2.98023217215615e-10,-0.03276759013533592,-0.8041950464248657,0.5943654775619507,0.0,0.0,-9.298324243900424e-08,0.0,-0.01670967973768711,-0.8968837857246399,0.4422662854194641,0.0,0.0,6.19888282926695e-08,0.0,-0.013883084990084171,-1.0,-0.0,0.0,0.0
1782948471.4614797,2026-07-01 19:27:51.461,11880.0,11880,right,0,2,three,1,0.0,0.003969999961555004,-0.04999999701976776,-1.0,-0.0,0.0,0.0,0.0,0.0,0.0,-1.0,-0.0,0.0,0.0,-0.025476505979895592,-0.012044684961438179,-0.022234933450818062,-0.7785525321960449,0.014565348625183105,-0.32435110211372375,-0.5370663404464722,0.0,1.19209286886246e-09,-0.02723044343292713,-0.9659628868103027,0.2586807906627655,0.0,0.0,2.38418573772492e-09,-1.19209286886246e-09,-0.031859468668699265,-0.9088994860649109,0.4170152544975281,0.0,0.0,0.0,-3.5762786065873797e-09,-0.023122519254684448,-1.0,-0.0,0.0,0.0,-0.012360505759716034,0.0032300001475960016,-0.016998957842588425,-0.9990482330322266,-0.0,-0.04361938685178757,0.0,-0.002149570034816861,-3.8927792047616094e-06,-0.06502974033355713,-0.9999619722366333,-0.0,-0.008726464584469795,0.0,0.0,0.0,-0.03691747412085533,-0.9991405606269836,0.04145072400569916,0.0,0.0,-2.38418573772492e-09,-2.98023217215615e-10,-0.02163529396057129,-0.9989849328994751,0.045045435428619385,0.0,0.0,0.0,2.98023217215615e-10,-0.01868978515267372,-1.0,-0.0,0.0,0.0,0.0,0.003969999961555004,-0.017509059980511665,-1.0,-0.0,0.0,0.0,0.0,4.611611075233668e-06,-0.0637909397482872,-1.0,-0.0,0.0,0.0,0.0,2.98023217215615e-10,-0.04460655897855759,-0.9987601637840271,0.049780797213315964,0.0,0.0,0.0,-2.98023217215615e-10,-0.02347646653652191,-0.9974532127380371,0.07132436335086823,0.0,0.0,0.0,0.0,-0.019652195274829865,-1.0,-0.0,0.0,0.0,0.00711638480424881,0.0018999999156221747,-0.016959700733423233,-0.9961947202682495,-0.0,0.08715574443340302,0.0,-0.0005882382392883301,0.0,-0.060253534466028214,-0.8052476048469543,0.5923532843589783,-0.021220723167061806,-0.01561031024903059,1.19209286886246e-09,-1.490116086078075e-10,-0.04255415499210358,-0.647906482219696,0.7617198824882507,0.0,0.0,-2.38418573772492e-09,0.0,-0.02208789810538292,-0.9071947932243347,0.42071086168289185,0.0,0.0,0.0,0.0,-0.017740869894623756,-1.0,-0.0,0.0,0.0,0.013503451831638813,-0.0037700000684708357,-0.014087309129536152,-0.9914448857307434,-0.0,0.13052619993686676,0.0,0.0048975334502756596,-3.847479547403054e-06,-0.05743739381432533,-0.8757381439208984,0.4818870425224304,0.01705305650830269,-0.02401861548423767,4.76837147544984e-09,-2.98023217215615e-10,-0.03276757150888443,-0.743819534778595,0.6683805584907532,0.0,0.0,2.38418573772492e-09,0.0,-0.016709718853235245,-0.8640034198760986,0.5034859776496887,0.0,0.0,0.0,0.0,-0.01388302817940712,-1.0,-0.0,0.0,0.0
1782948471.668923,2026-07-01 19:27:51.668,17627.0,17627,left,0,1,three,1,0.0,0.003969999961555004,-0.04999999701976776,-1.0,-0.0,0.0,0.0,0.0,0.0,0.0,-1.0,-0.0,0.0,0.0,0.025476500391960144,-0.012044699862599373,-0.022234899923205376,-0.7809998393058777,-0.049822140485048294,0.3294295072555542,0.5282359719276428,-5.7220457705398076e-08,-4.3511388270189855e-08,-0.027230437844991684,-0.9825491309165955,0.18600329756736755,0.0,0.0,3.5762786065873797e-09,6.318092005130893e-08,-0.031859491020441055,-0.9467198252677917,0.32205820083618164,0.0,0.0,2.384185648907078e-08,0.0,-0.023122519254684448,-1.0,-0.0,0.0,0.0,0.012359999120235443,0.0032300001475960016,-0.017000000923871994,-0.9990482330322266,-0.0,0.04361938685178757,0.0,0.0021501504816114902,-3.890097104886081e-06,-0.06502876430749893,-0.9999619722366333,-0.0,0.008726557716727257,0.0,-9.53674295089968e-09,-9.53674295089968e-09,-0.036917347460985184,-0.9993493556976318,0.0360686257481575,0.0,0.0,-2.8610228852699038e-08,-2.98023217215615e-10,-0.0216355137526989,-0.999281644821167,0.037897396832704544,0.0,0.0,1.2636184010261786e-07,2.98023217215615e-10,-0.018689393997192383,-1.0,-0.0,0.0,0.0,0.0,0.003969999961555004,-0.01750910095870495,-1.0,-0.0,0.0,0.0,0.0,4.610121322912164e-06,-0.06379090249538422,-1.0,-0.0,0.0,0.0,0.0,2.98023217215615e-10,-0.044606998562812805,-0.9995051622390747,0.03145527467131615,0.0,0.0,0.0,0.0,-0.023475991562008858,-0.9990876317024231,0.04270758107304573,0.0,0.0,0.0,0.0,-0.019651994109153748,-1.0,-0.0,0.0,0.0,-0.00711638992652297,0.0018999999156221747,-0.016959700733423233,-0.9961947202682495,-0.0,-0.08715574443340302,0.0,0.0005882433033548295,0.0,-0.060253534466028214,-0.9186310172080994,0.3948095142841339,0.01430874690413475,0.006149617489427328,-1.1086464013487785e-07,-1.490116086078075e-10,-0.04255366697907448,-0.7218470573425293,0.6920526623725891,0.0,0.0,4.5299529460862686e-08,0.0,-0.022088106721639633,-0.92041015625,0.39095425605773926,0.0,0.0,-1.4305114426349519e-08,0.0,-0.017740696668624878,-1.0,-0.0,0.0,0.0,-0.013503500260412693,-0.0037700000684708357,-0.014087299816310406,-0.9914448857307434,-0.0,-0.13052619993686676,0.0,-0.004897483624517918,-3.8501621020259336e-06,-0.05743739381432533,-0.9475065469741821,0.31672415137290955,-0.029804730787873268,0.03207653388381004,5.4836270635405526e-08,-2.98023217215615e-10,-0.03276759013533592,-0.8041950464248657,0.5943654775619507,0.0,0.0,-9.298324243900424e-08,0.0,-0.01670967973768711,-0.8968837857246399,0.4422662854194641,0.0,0.0,6.19888282926695e-08,0.0,-0.013883084990084171,-1.0,-0.0,0.0,0.0
1782948471.6692038,2026-07-01 19:27:51.669,11893.0,11893,right,0,2,three,1,0.0,0.003969999961555004,-0.04999999701976776,-1.0,-0.0,0.0,0.0,0.0,0.0,0.0,-1.0,-0.0,0.0,0.0,-0.025476505979895592,-0.012044684961438179,-0.022234933450818062,-0.7778840661048889,0.016755269840359688,-0.32534322142601013,-0.5373708605766296,0.0,1.19209286886246e-09,-0.02723044343292713,-0.9650315642356873,0.26213380694389343,0.0,0.0,2.38418573772492e-09,-1.19209286886246e-09,-0.031859468668699265,-0.9069033265113831,0.4213387966156006,0.0,0.0,0.0,-3.5762786065873797e-09,-0.023122519254684448,-1.0,-0.0,0.0,0.0,-0.012360505759716034,0.0032300001475960016,-0.016998957842588425,-0.9990482330322266,-0.0,-0.04361938685178757,0.0,-0.002149570034816861,-3.8927792047616094e-06,-0.06502974033355713,-0.9999619722366333,-0.0,-0.008726464584469795,0.0,0.0,0.0,-0.03691747412085533,-0.9991405606269836,0.04145072400569916,0.0,0.0,-2.38418573772492e-09,-2.98023217215615e-10,-0.02163529396057129,-0.9989849328994751,0.045045435428619385,0.0,0.0,0.0,2.98023217215615e-10,-0.01868978515267372,-1.0,-0.0,0.0,0.0,0.0,0.003969999961555004,-0.017509059980511665,-1.0,-0.0,0.0,0.0,0.0,4.611611075233668e-06,-0.0637909397482872,-1.0,-0.0,0.0,0.0,0.0,2.98023217215615e-10,-0.04460655897855759,-0.9987601637840271,0.049780797213315964,0.0,0.0,0.0,-2.98023217215615e-10,-0.02347646653652191,-0.9974532127380371,0.07132436335086823,0.0,0.0,0.0,0.0,-0.019652195274829865,-1.0,-0.0,0.0,0.0,0.00711638480424881,0.0018999999156221747,-0.016959700733423233,-0.9961947202682495,-0.0,0.08715574443340302,0.0,-0.0005882382392883301,0.0,-0.060253534466028214,-0.8052476048469543,0.5923532843589783,-0.021220723167061806,-0.01561031024903059,1.19209286886246e-09,-1.490116086078075e-10,-0.04255415499210358,-0.647906482219696,0.7617198824882507,0.0,0.0,-2.38418573772492e-09,0.0,-0.02208789810538292,-0.9071947932243347,0.42071086168289185,0.0,0.0,0.0,0.0,-0.017740869894623756,-1.0,-0.0,0.0,0.0,0.013503451831638813,-0.0037700000684708357,-0.014087309129536152,-0.9914448857307434,-0.0,0.13052619993686676,0.0,0.0048975334502756596,-3.847479547403054e-06,-0.05743739381432533,-0.8757381439208984,0.4818870425224304,0.01705305650830269,-0.02401861548423767,4.76837147544984e-09,-2.98023217215615e-10,-0.03276757150888443,-0.743819534778595,0.6683805584907532,0.0,0.0,2.38418573772492e-09,0.0,-0.016709718853235245,-0.8640034198760986,0.5034859776496887,0.0,0.0,0.0,0.0,-0.01388302817940712,-1.0,-0.0,0.0,0.0
1782948471.8728929,2026-07-01 19:27:51.872,17628.0,17628,left,0,1,three,1,0.0,0.003969999961555004,-0.04999999701976776,-1.0,-0.0,0.0,0.0,0.0,0.0,0.0,-1.0,-0.0,0.0,0.0,0.025476500391960144,-0.012044699862599373,-0.022234899923205376,-0.7806467413902283,-0.04880577325820923,0.33005258440971375,0.5284637808799744,-5.7220457705398076e-08,-4.3511388270189855e-08,-0.027230437844991684,-0.9822238087654114,0.18771369755268097,0.0,0.0,3.5762786065873797e-09,6.318092005130893e-08,-0.031859491020441055,-0.9459326863288879,0.32436299324035645,0.0,0.0,2.384185648907078e-08,0.0,-0.023122519254684448,-1.0,-0.0,0.0,0.0,0.012359999120235443,0.0032300001475960016,-0.017000000923871994,-0.9990482330322266,-0.0,0.04361938685178757,0.0,0.0021501504816114902,-3.890097104886081e-06,-0.06502876430749893,-0.9999619722366333,-0.0,0.008726557716727257,0.0,-9.53674295089968e-09,-9.53674295089968e-09,-0.036917347460985184,-0.9993493556976318,0.0360686257481575,0.0,0.0,-2.8610228852699038e-08,-2.98023217215615e-10,-0.0216355137526989,-0.999281644821167,0.037897396832704544,0.0,0.0,1.2636184010261786e-07,2.98023217215615e-10,-0.018689393997192383,-1.0,-0.0,0.0,0.0,0.0,0.003969999961555004,-0.01750910095870495,-1.0,-0.0,0.0,0.0,0.0,4.610121322912164e-06,-0.06379090249538422,-1.0,-0.0,0.0,0.0,0.0,2.98023217215615e-10,-0.044606998562812805,-0.9995051622390747,0.03145527467131615,0.0,0.0,0.0,0.0,-0.023475991562008858,-0.9990876317024231,0.04270758107304573,0.0,0.0,0.0,0.0,-0.019651994109153748,-1.0,-0.0,0.0,0.0,-0.00711638992652297,0.0018999999156221747,-0.016959700733423233,-0.9961947202682495,-0.0,-0.08715574443340302,0.0,0.0005882433033548295,0.0,-0.060253534466028214,-0.9186310172080994,0.3948095142841339,0.01430874690413475,0.006149617489427328,-1.1086464013487785e-07,-1.490116086078075e-10,-0.04255366697907448,-0.7218470573425293,0.6920526623725891,0.0,0.0,4.5299529460862686e-08,0.0,-0.022088106721639633,-0.92041015625,0.39095425605773926,0.0,0.0,-1.4305114426349519e-08,0.0,-0.017740696668624878,-1.0,-0.0,0.0,0.0,-0.013503500260412693,-0.0037700000684708357,-0.014087299816310406,-0.9914448857307434,-0.0,-0.13052619993686676,0.0,-0.004897483624517918,-3.8501621020259336e-06,-0.05743739381432533,-0.9475065469741821,0.31672415137290955,-0.029804730787873268,0.03207653388381004,5.4836270635405526e-08,-2.98023217215615e-10,-0.03276759013533592,-0.8041950464248657,0.5943654775619507,0.0,0.0,-9.298324243900424e-08,0.0,-0.01670967973768711,-0.8968837857246399,0.4422662854194641,0.0,0.0,6.19888282926695e-08,0.0,-0.013883084990084171,-1.0,-0.0,0.0,0.0
1782948471.8746057,2026-07-01 19:27:51.874,11906.0,11906,right,0,2,three,1,0.0,0.003969999961555004,-0.04999999701976776,-1.0,-0.0,0.0,0.0,0.0,0.0,0.0,-1.0,-0.0,0.0,0.0,-0.025476505979895592,-0.012044684961438179,-0.022234933450818062,-0.7775479555130005,0.01785019226372242,-0.32583853602409363,-0.5375219583511353,0.0,1.19209286886246e-09,-0.02723044343292713,-0.9645612835884094,0.2638590633869171,0.0,0.0,2.38418573772492e-09,-1.19209286886246e-09,-0.031859468668699265,-0.9058974981307983,0.4234970211982727,0.0,0.0,0.0,-3.5762786065873797e-09,-0.023122519254684448,-1.0,-0.0,0.0,0.0,-0.012360505759716034,0.0032300001475960016,-0.016998957842588425,-0.9990482330322266,-0.0,-0.04361938685178757,0.0,-0.002149570034816861,-3.8927792047616094e-06,-0.06502974033355713,-0.9999619722366333,-0.0,-0.008726464584469795,0.0,0.0,0.0,-0.03691747412085533,-0.9991405606269836,0.04145072400569916,0.0,0.0,-2.38418573772492e-09,-2.98023217215615e-10,-0.02163529396057129,-0.9989849328994751,0.045045435428619385,0.0,0.0,0.0,2.98023217215615e-10,-0.01868978515267372,-1.0,-0.0,0.0,0.0,0.0,0.003969999961555004,-0.017509059980511665,-1.0,-0.0,0.0,0.0,0.0,4.611611075233668e-06,-0.0637909397482872,-1.0,-0.0,0.0,0.0,0.0,2.98023217215615e-10,-0.04460655897855759,-0.9987601637840271,0.049780797213315964,0.0,0.0,0.0,-2.98023217215615e-10,-0.02347646653652191,-0.9974532127380371,0.07132436335086823,0.0,0.0,0.0,0.0,-0.019652195274829865,-1.0,-0.0,0.0,0.0,0.00711638480424881,0.0018999999156221747,-0.016959700733423233,-0.9961947202682495,-0.0,0.08715574443340302,0.0,-0.0005882382392883301,0.0,-0.060253534466028214,-0.8038674592971802,0.594213604927063,-0.02138476073741913,-0.015811096876859665,1.19209286886246e-09,-1.490116086078075e-10,-0.04255415499210358,-0.6475663781166077,0.7620090246200562,0.0,0.0,-2.38418573772492e-09,0.0,-0.02208789810538292,-0.9071357250213623,0.42083820700645447,0.0,0.0,0.0,0.0,-0.017740869894623756,-1.0,-0.0,0.0,0.0,0.013503451831638813,-0.0037700000684708357,-0.014087309129536152,-0.9914448857307434,-0.0,0.13052619993686676,0.0,0.0048975334502756596,-3.847479547403054e-06,-0.05743739381432533,-0.8757381439208984,0.4818870425224304,0.01705305650830269,-0.02401861548423767,4.76837147544984e-09,-2.98023217215615e-10,-0.03276757150888443,-0.743819534778595,0.6683805584907532,0.0,0.0,2.38418573772492e-09,0.0,-0.016709718853235245,-0.8640034198760986,0.5034859776496887,0.0,0.0,0.0,0.0,-0.01388302817940712,-1.0,-0.0,0.0,0.0
1782948472.084543,2026-07-01 19:27:52.084,17630.0,17630,left,0,1,three,1,0.0,0.003969999961555004,-0.04999999701976776,-1.0,-0.0,0.0,0.0,0.0,0.0,0.0,-1.0,-0.0,0.0,0.0,0.025476500391960144,-0.012044699862599373,-0.022234899923205376,-0.7806467413902283,-0.04880577325820923,0.33005258440971375,0.5284637808799744,-5.7220457705398076e-08,-4.3511388270189855e-08,-0.027230437844991684,-0.9822238087654114,0.18771369755268097,0.0,0.0,3.5762786065873797e-09,6.318092005130893e-08,-0.031859491020441055,-0.9459326863288879,0.32436299324035645,0.0,0.0,2.384185648907078e-08,0.0,-0.023122519254684448,-1.0,-0.0,0.0,0.0,0.012359999120235443,0.0032300001475960016,-0.017000000923871994,-0.9990482330322266,-0.0,0.04361938685178757,0.0,0.0021501504816114902,-3.890097104886081e-06,-0.06502876430749893,-0.9999619722366333,-0.0,0.008726557716727257,0.0,-9.53674295089968e-09,-9.53674295089968e-09,-0.036917347460985184,-0.9993493556976318,0.0360686257481575,0.0,0.0,-2.8610228852699038e-08,-2.98023217215615e-10,-0.0216355137526989,-0.999281644821167,0.037897396832704544,0.0,0.0,1.2636184010261786e-07,2.98023217215615e-10,-0.018689393997192383,-1.0,-0.0,0.0,0.0,0.0,0.003969999961555004,-0.01750910095870495,-1.0,-0.0,0.0,0.0,0.0,4.610121322912164e-06,-0.06379090249538422,-1.0,-0.0,0.0,0.0,0.0,2.98023217215615e-10,-0.044606998562812805,-0.9995051622390747,0.03145527467131615,0.0,0.0,0.0,0.0,-0.023475991562008858,-0.9990876317024231,0.04270758107304573,0.0,0.0,0.0,0.0,-0.019651994109153748,-1.0,-0.0,0.0,0.0,-0.00711638992652297,0.0018999999156221747,-0.016959700733423233,-0.9961947202682495,-0.0,-0.08715574443340302,0.0,0.0005882433033548295,0.0,-0.060253534466028214,-0.9186310172080994,0.3948095142841339,0.01430874690413475,0.006149617489427328,-1.1086464013487785e-07,-1.490116086078075e-10,-0.04255366697907448,-0.7218470573425293,0.6920526623725891,0.0,0.0,4.5299529460862686e-08,0.0,-0.022088106721639633,-0.92041015625,0.39095425605773926,0.0,0.0,-1.4305114426349519e-08,0.0,-0.017740696668624878,-1.0,-0.0,0.0,0.0,-0.013503500260412693,-0.0037700000684708357,-0.014087299816310406,-0.9914448857307434,-0.0,-0.13052619993686676,0.0,-0.004897483624517918,-3.8501621020259336e-06,-0.05743739381432533,-0.9475065469741821,0.31672415137290955,-0.029804730787873268,0.03207653388381004,5.4836270635405526e-08,-2.98023217215615e-10,-0.03276759013533592,-0.8041950464248657,0.5943654775619507,0.0,0.0,-9.298324243900424e-08,0.0,-0.01670967973768711,-0.8968837857246399,0.4422662854194641,0.0,0.0,6.19888282926695e-08,0.0,-0.013883084990084171,-1.0,-0.0,0.0,0.0
1782948472.0848014,2026-07-01 19:27:52.084,11918.0,11918,right,0,2,three,1,0.0,0.003969999961555004,-0.04999999701976776,-1.0,-0.0,0.0,0.0,0.0,0.0,0.0,-1.0,-0.0,0.0,0.0,-0.025476505979895592,-0.012044684961438179,-0.022234933450818062,-0.7775479555130005,0.01785019226372242,-0.32583853602409363,-0.5375219583511353,0.0,1.19209286886246e-09,-0.02723044343292713,-0.9645612835884094,0.2638590633869171,0.0,0.0,2.38418573772492e-09,-1.19209286886246e-09,-0.031859468668699265,-0.9058974981307983,0.4234970211982727,0.0,0.0,0.0,-3.5762786065873797e-09,-0.023122519254684448,-1.0,-0.0,0.0,0.0,-0.012360505759716034,0.0032300001475960016,-0.016998957842588425,-0.9990482330322266,-0.0,-0.04361938685178757,0.0,-0.002149570034816861,-3.8927792047616094e-06,-0.06502974033355713,-0.9999619722366333,-0.0,-0.008726464584469795,0.0,0.0,0.0,-0.03691747412085533,-0.9991405606269836,0.04145072400569916,0.0,0.0,-2.38418573772492e-09,-2.98023217215615e-10,-0.02163529396057129,-0.9989849328994751,0.045045435428619385,0.0,0.0,0.0,2.98023217215615e-10,-0.01868978515267372,-1.0,-0.0,0.0,0.0,0.0,0.003969999961555004,-0.017509059980511665,-1.0,-0.0,0.0,0.0,0.0,4.611611075233668e-06,-0.0637909397482872,-1.0,-0.0,0.0,0.0,0.0,2.98023217215615e-10,-0.04460655897855759,-0.9987601637840271,0.049780797213315964,0.0,0.0,0.0,-2.98023217215615e-10,-0.02347646653652191,-0.9974532127380371,0.07132436335086823,0.0,0.0,0.0,0.0,-0.019652195274829865,-1.0,-0.0,0.0,0.0,0.00711638480424881,0.0018999999156221747,-0.016959700733423233,-0.9961947202682495,-0.0,0.08715574443340302,0.0,-0.0005882382392883301,0.0,-0.060253534466028214,-0.7969014048576355,0.6034670472145081,-0.022203199565410614,-0.016813747584819794,1.19209286886246e-09,-1.490116086078075e-10,-0.04255415499210358,-0.6458641290664673,0.763452410697937,0.0,0.0,-2.38418573772492e-09,0.0,-0.02208789810538292,-0.9068401455879211,0.42147475481033325,0.0,0.0,0.0,0.0,-0.017740869894623756,-1.0,-0.0,0.0,0.0,0.013503451831638813,-0.0037700000684708357,-0.014087309129536152,-0.9914448857307434,-0.0,0.13052619993686676,0.0,0.0048975334502756596,-3.847479547403054e-06,-0.05743739381432533,-0.8757381439208984,0.4818870425224304,0.01705305650830269,-0.02401861548423767,4.76837147544984e-09,-2.98023217215615e-10,-0.03276757150888443,-0.743819534778595,0.6683805584907532,0.0,0.0,2.38418573772492e-09,0.0,-0.016709718853235245,-0.8640034198760986,0.5034859776496887,0.0,0.0,0.0,0.0,-0.01388302817940712,-1.0,-0.0,0.0,0.0
1782948472.2858617,2026-07-01 19:27:52.285,17632.0,17632,left,0,1,three,1,0.0,0.003969999961555004,-0.04999999701976776,-1.0,-0.0,0.0,0.0,0.0,0.0,0.0,-1.0,-0.0,0.0,0.0,0.025476500391960144,-0.012044699862599373,-0.022234899923205376,-0.7799376845359802,-0.04676460102200508,0.3312935531139374,0.5289186239242554,-5.7220457705398076e-08,-4.3511388270189855e-08,-0.027230437844991684,-0.9815618395805359,0.19114495813846588,0.0,0.0,3.5762786065873797e-09,6.318092005130893e-08,-0.031859491020441055,-0.9443383812904358,0.3289757966995239,0.0,0.0,2.384185648907078e-08,0.0,-0.023122519254684448,-1.0,-0.0,0.0,0.0,0.012359999120235443,0.0032300001475960016,-0.017000000923871994,-0.9990482330322266,-0.0,0.04361938685178757,0.0,0.0021501504816114902,-3.890097104886081e-06,-0.06502876430749893,-0.9999619722366333,-0.0,0.008726557716727257,0.0,-9.53674295089968e-09,-9.53674295089968e-09,-0.036917347460985184,-0.9993493556976318,0.0360686257481575,0.0,0.0,-2.8610228852699038e-08,-2.98023217215615e-10,-0.0216355137526989,-0.999281644821167,0.037897396832704544,0.0,0.0,1.2636184010261786e-07,2.98023217215615e-10,-0.018689393997192383,-1.0,-0.0,0.0,0.0,0.0,0.003969999961555004,-0.01750910095870495,-1.0,-0.0,0.0,0.0,0.0,4.610121322912164e-06,-0.06379090249538422,-1.0,-0.0,0.0,0.0,0.0,2.98023217215615e-10,-0.044606998562812805,-0.9995051622390747,0.03145527467131615,0.0,0.0,0.0,0.0,-0.023475991562008858,-0.9990876317024231,0.04270758107304573,0.0,0.0,0.0,0.0,-0.019651994109153748,-1.0,-0.0,0.0,0.0,-0.00711638992652297,0.0018999999156221747,-0.016959700733423233,-0.9961947202682495,-0.0,-0.08715574443340302,0.0,0.0005882433033548295,0.0,-0.060253534466028214,-0.9142094254493713,0.40490972995758057,0.01500314474105835,0.006644997280091047,-1.1086464013487785e-07,-1.490116086078075e-10,-0.04255366697907448,-0.7170005440711975,0.6970726847648621,0.0,0.0,4.5299529460862686e-08,0.0,-0.022088106721639633,-0.9195223450660706,0.3930378556251526,0.0,0.0,-1.4305114426349519e-08,0.0,-0.017740696668624878,-1.0,-0.0,0.0,0.0,-0.013503500260412693,-0.0037700000684708357,-0.014087299816310406,-0.9914448857307434,-0.0,-0.13052619993686676,0.0,-0.004897483624517918,-3.8501621020259336e-06,-0.05743739381432533,-0.9440879225730896,0.3268149197101593,-0.02880661003291607,0.03256267309188843,5.4836270635405526e-08,-2.98023217215615e-10,-0.03276759013533592,-0.7999333143234253,0.600088894367218,0.0,0.0,-9.298324243900424e-08,0.0,-0.01670967973768711,-0.8946753144264221,0.4467170536518097,0.0,0.0,6.19888282926695e-08,0.0,-0.013883084990084171,-1.0,-0.0,0.0,0.0
1782948472.2861414,2026-07-01 19:27:52.286,11930.0,11930,right,0,2,three,1,0.0,0.003969999961555004,-0.04999999701976776,-1.0,-0.0,0.0,0.0,0.0,0.0,0.0,-1.0,-0.0,0.0,0.0,-0.025476505979895592,-0.012044684961438179,-0.022234933450818062,-0.7775479555130005,0.01785019226372242,-0.32583853602409363,-0.5375219583511353,0.0,1.19209286886246e-09,-0.02723044343292713,-0.9645612835884094,0.2638590633869171,0.0,0.0,2.38418573772492e-09,-1.19209286886246e-09,-0.031859468668699265,-0.9058974981307983,0.4234970211982727,0.0,0.0,0.0,-3.5762786065873797e-09,-0.023122519254684448,-1.0,-0.0,0.0,0.0,-0.012360505759716034,0.0032300001475960016,-0.016998957842588425,-0.9990482330322266,-0.0,-0.04361938685178757,0.0,-0.002149570034816861,-3.8927792047616094e-06,-0.06502974033355713,-0.9999619722366333,-0.0,-0.008726464584469795,0.0,0.0,0.0,-0.03691747412085533,-0.9991405606269836,0.04145072400569916,0.0,0.0,-2.38418573772492e-09,-2.98023217215615e-10,-0.02163529396057129,-0.9989849328994751,0.045045435428619385,0.0,0.0,0.0,2.98023217215615e-10,-0.01868978515267372,-1.0,-0.0,0.0,0.0,0.0,0.003969999961555004,-0.017509059980511665,-1.0,-0.0,0.0,0.0,0.0,4.611611075233668e-06,-0.0637909397482872,-1.0,-0.0,0.0,0.0,0.0,2.98023217215615e-10,-0.04460655897855759,-0.9987601637840271,0.049780797213315964,0.0,0.0,0.0,-2.98023217215615e-10,-0.02347646653652191,-0.9974532127380371,0.07132436335086823,0.0,0.0,0.0,0.0,-0.019652195274829865,-1.0,-0.0,0.0,0.0,0.00711638480424881,0.0018999999156221747,-0.016959700733423233,-0.9961947202682495,-0.0,0.08715574443340302,0.0,-0.0005882382392883301,0.0,-0.060253534466028214,-0.7969014048576355,0.6034670472145081,-0.022203199565410614,-0.016813747584819794,1.19209286886246e-09,-1.490116086078075e-10,-0.04255415499210358,-0.6458641290664673,0.763452410697937,0.0,0.0,-2.38418573772492e-09,0.0,-0.02208789810538292,-0.9068401455879211,0.42147475481033325,0.0,0.0,0.0,0.0,-0.017740869894623756,-1.0,-0.0,0.0,0.0,0.013503451831638813,-0.0037700000684708357,-0.014087309129536152,-0.9914448857307434,-0.0,0.13052619993686676,0.0,0.0048975334502756596,-3.847479547403054e-06,-0.05743739381432533,-0.8757381439208984,0.4818870425224304,0.01705305650830269,-0.02401861548423767,4.76837147544984e-09,-2.98023217215615e-10,-0.03276757150888443,-0.743819534778595,0.6683805584907532,0.0,0.0,2.38418573772492e-09,0.0,-0.016709718853235245,-0.8640034198760986,0.5034859776496887,0.0,0.0,0.0,0.0,-0.01388302817940712,-1.0,-0.0,0.0,0.0
1782948472.4945512,2026-07-01 19:27:52.494,17633.0,17633,left,0,1,three,1,0.0,0.003969999961555004,-0.04999999701976776,-1.0,-0.0,0.0,0.0,0.0,0.0,0.0,-1.0,-0.0,0.0,0.0,0.025476500391960144,-0.012044699862599373,-0.022234899923205376,-0.7799376845359802,-0.04676460102200508,0.3312935531139374,0.5289186239242554,-5.7220457705398076e-08,-4.3511388270189855e-08,-0.027230437844991684,-0.9815618395805359,0.19114495813846588,0.0,0.0,3.5762786065873797e-09,6.318092005130893e-08,-0.031859491020441055,-0.9443383812904358,0.3289757966995239,0.0,0.0,2.384185648907078e-08,0.0,-0.023122519254684448,-1.0,-0.0,0.0,0.0,0.012359999120235443,0.0032300001475960016,-0.017000000923871994,-0.9990482330322266,-0.0,0.04361938685178757,0.0,0.0021501504816114902,-3.890097104886081e-06,-0.06502876430749893,-0.9999619722366333,-0.0,0.008726557716727257,0.0,-9.53674295089968e-09,-9.53674295089968e-09,-0.036917347460985184,-0.9993493556976318,0.0360686257481575,0.0,0.0,-2.8610228852699038e-08,-2.98023217215615e-10,-0.0216355137526989,-0.999281644821167,0.037897396832704544,0.0,0.0,1.2636184010261786e-07,2.98023217215615e-10,-0.018689393997192383,-1.0,-0.0,0.0,0.0,0.0,0.003969999961555004,-0.01750910095870495,-1.0,-0.0,0.0,0.0,0.0,4.610121322912164e-06,-0.06379090249538422,-1.0,-0.0,0.0,0.0,0.0,2.98023217215615e-10,-0.044606998562812805,-0.9995051622390747,0.03145527467131615,0.0,0.0,0.0,0.0,-0.023475991562008858,-0.9990876317024231,0.04270758107304573,0.0,0.0,0.0,0.0,-0.019651994109153748,-1.0,-0.0,0.0,0.0,-0.00711638992652297,0.0018999999156221747,-0.016959700733423233,-0.9961947202682495,-0.0,-0.08715574443340302,0.0,0.0005882433033548295,0.0,-0.060253534466028214,-0.9142094254493713,0.40490972995758057,0.01500314474105835,0.006644997280091047,-1.1086464013487785e-07,-1.490116086078075e-10,-0.04255366697907448,-0.7170005440711975,0.6970726847648621,0.0,0.0,4.5299529460862686e-08,0.0,-0.022088106721639633,-0.9195223450660706,0.3930378556251526,0.0,0.0,-1.4305114426349519e-08,0.0,-0.017740696668624878,-1.0,-0.0,0.0,0.0,-0.013503500260412693,-0.0037700000684708357,-0.014087299816310406,-0.9914448857307434,-0.0,-0.13052619993686676,0.0,-0.004897483624517918,-3.8501621020259336e-06,-0.05743739381432533,-0.9440879225730896,0.3268149197101593,-0.02880661003291607,0.03256267309188843,5.4836270635405526e-08,-2.98023217215615e-10,-0.03276759013533592,-0.7999333143234253,0.600088894367218,0.0,0.0,-9.298324243900424e-08,0.0,-0.01670967973768711,-0.8946753144264221,0.4467170536518097,0.0,0.0,6.19888282926695e-08,0.0,-0.013883084990084171,-1.0,-0.0,0.0,0.0
1782948472.4948864,2026-07-01 19:27:52.494,11943.0,11943,right,0,2,three,1,0.0,0.003969999961555004,-0.04999999701976776,-1.0,-0.0,0.0,0.0,0.0,0.0,0.0,-1.0,-0.0,0.0,0.0,-0.025476505979895592,-0.012044684961438179,-0.022234933450818062,-0.7819794416427612,0.0026093716733157635,-0.319229394197464,-0.5353447198867798,0.0,1.19209286886246e-09,-0.02723044343292713,-0.9707183241844177,0.24022060632705688,0.0,0.0,2.38418573772492e-09,-1.19209286886246e-09,-0.031859468668699265,-0.9193527698516846,0.39343422651290894,0.0,0.0,0.0,-3.5762786065873797e-09,-0.023122519254684448,-1.0,-0.0,0.0,0.0,-0.012360505759716034,0.0032300001475960016,-0.016998957842588425,-0.9990482330322266,-0.0,-0.04361938685178757,0.0,-0.002149570034816861,-3.8927792047616094e-06,-0.06502974033355713,-0.9999619722366333,-0.0,-0.008726464584469795,0.0,0.0,0.0,-0.03691747412085533,-0.9991405606269836,0.04145072400569916,0.0,0.0,-2.38418573772492e-09,-2.98023217215615e-10,-0.02163529396057129,-0.9989849328994751,0.045045435428619385,0.0,0.0,0.0,2.98023217215615e-10,-0.01868978515267372,-1.0,-0.0,0.0,0.0,0.0,0.003969999961555004,-0.017509059980511665,-1.0,-0.0,0.0,0.0,0.0,4.611611075233668e-06,-0.0637909397482872,-1.0,-0.0,0.0,0.0,0.0,2.98023217215615e-10,-0.04460655897855759,-0.9987601637840271,0.049780797213315964,0.0,0.0,0.0,-2.98023217215615e-10,-0.02347646653652191,-0.9974532127380371,0.07132436335086823,0.0,0.0,0.0,0.0,-0.019652195274829865,-1.0,-0.0,0.0,0.0,0.00711638480424881,0.0018999999156221747,-0.016959700733423233,-0.9961947202682495,-0.0,0.08715574443340302,0.0,-0.0005882382392883301,0.0,-0.060253534466028214,-0.8134226202964783,0.5811411738395691,-0.020213978365063667,-0.014493312686681747,1.19209286886246e-09,-1.490116086078075e-10,-0.04255415499210358,-0.6507329940795898,0.7593066692352295,0.0,0.0,-2.38418573772492e-09,0.0,-0.02208789810538292,-0.9076877236366272,0.41964638233184814,0.0,0.0,0.0,0.0,-0.017740869894623756,-1.0,-0.0,0.0,0.0,0.013503451831638813,-0.0037700000684708357,-0.014087309129536152,-0.9914448857307434,-0.0,0.13052619993686676,0.0,0.0048975334502756596,-3.847479547403054e-06,-0.05743739381432533,-0.8919099569320679,0.45115676522254944,0.021236252039670944,-0.022431273013353348,4.76837147544984e-09,-2.98023217215615e-10,-0.03276757150888443,-0.7538802623748779,0.6570118069648743,0.0,0.0,2.38418573772492e-09,0.0,-0.016709718853235245,-0.8697039484977722,0.49357378482818604,0.0,0.0,0.0,0.0,-0.01388302817940712,-1.0,-0.0,0.0,0.0
1782948472.7044485,2026-07-01 19:27:52.704,17635.0,17635,left,0,1,three,1,0.0,0.003969999961555004,-0.04999999701976776,-1.0,-0.0,0.0,0.0,0.0,0.0,0.0,-1.0,-0.0,0.0,0.0,0.025476500391960144,-0.012044699862599373,-0.022234899923205376,-0.7799376845359802,-0.04676460102200508,0.3312935531139374,0.5289186239242554,-5.7220457705398076e-08,-4.3511388270189855e-08,-0.027230437844991684,-0.9815618395805359,0.19114495813846588,0.0,0.0,3.5762786065873797e-09,6.318092005130893e-08,-0.031859491020441055,-0.9443383812904358,0.3289757966995239,0.0,0.0,2.384185648907078e-08,0.0,-0.023122519254684448,-1.0,-0.0,0.0,0.0,0.012359999120235443,0.0032300001475960016,-0.017000000923871994,-0.9990482330322266,-0.0,0.04361938685178757,0.0,0.0021501504816114902,-3.890097104886081e-06,-0.06502876430749893,-0.9999619722366333,-0.0,0.008726557716727257,0.0,-9.53674295089968e-09,-9.53674295089968e-09,-0.036917347460985184,-0.9993493556976318,0.0360686257481575,0.0,0.0,-2.8610228852699038e-08,-2.98023217215615e-10,-0.0216355137526989,-0.999281644821167,0.037897396832704544,0.0,0.0,1.2636184010261786e-07,2.98023217215615e-10,-0.018689393997192383,-1.0,-0.0,0.0,0.0,0.0,0.003969999961555004,-0.01750910095870495,-1.0,-0.0,0.0,0.0,0.0,4.610121322912164e-06,-0.06379090249538422,-1.0,-0.0,0.0,0.0,0.0,2.98023217215615e-10,-0.044606998562812805,-0.9995051622390747,0.03145527467131615,0.0,0.0,0.0,0.0,-0.023475991562008858,-0.9990876317024231,0.04270758107304573,0.0,0.0,0.0,0.0,-0.019651994109153748,-1.0,-0.0,0.0,0.0,-0.00711638992652297,0.0018999999156221747,-0.016959700733423233,-0.9961947202682495,-0.0,-0.08715574443340302,0.0,0.0005882433033548295,0.0,-0.060253534466028214,-0.9142094254493713,0.40490972995758057,0.01500314474105835,0.006644997280091047,-1.1086464013487785e-07,-1.490116086078075e-10,-0.04255366697907448,-0.7170005440711975,0.6970726847648621,0.0,0.0,4.5299529460862686e-08,0.0,-0.022088106721639633,-0.9195223450660706,0.3930378556251526,0.0,0.0,-1.4305114426349519e-08,0.0,-0.017740696668624878,-1.0,-0.0,0.0,0.0,-0.013503500260412693,-0.0037700000684708357,-0.014087299816310406,-0.9914448857307434,-0.0,-0.13052619993686676,0.0,-0.004897483624517918,-3.8501621020259336e-06,-0.05743739381432533,-0.9440879225730896,0.3268149197101593,-0.02880661003291607,0.03256267309188843,5.4836270635405526e-08,-2.98023217215615e-10,-0.03276759013533592,-0.7999333143234253,0.600088894367218,0.0,0.0,-9.298324243900424e-08,0.0,-0.01670967973768711,-0.8946753144264221,0.4467170536518097,0.0,0.0,6.19888282926695e-08,0.0,-0.013883084990084171,-1.0,-0.0,0.0,0.0
1782948472.7161896,2026-07-01 19:27:52.716,11956.0,11956,right,0,2,three,1,0.0,0.003969999961555004,-0.04999999701976776,-1.0,-0.0,0.0,0.0,0.0,0.0,0.0,-1.0,-0.0,0.0,0.0,-0.025476505979895592,-0.012044684961438179,-0.022234933450818062,-0.8067215085029602,-0.12076812982559204,-0.2725010812282562,-0.5102534294128418,0.0,1.19209286886246e-09,-0.02723044343292713,-0.9983510375022888,0.05740367993712425,0.0,0.0,2.38418573772492e-09,-1.19209286886246e-09,-0.031859468668699265,-0.9958854913711548,0.09062071144580841,0.0,0.0,0.0,-3.5762786065873797e-09,-0.023122519254684448,-1.0,-0.0,0.0,0.0,-0.012360505759716034,0.0032300001475960016,-0.016998957842588425,-0.9990482330322266,-0.0,-0.04361938685178757,0.0,-0.002149570034816861,-3.8927792047616094e-06,-0.06502974033355713,-0.9999619722366333,-0.0,-0.008726464584469795,0.0,0.0,0.0,-0.03691747412085533,-0.9991405606269836,0.04145072400569916,0.0,0.0,-2.38418573772492e-09,-2.98023217215615e-10,-0.02163529396057129,-0.9989849328994751,0.045045435428619385,0.0,0.0,0.0,2.98023217215615e-10,-0.01868978515267372,-1.0,-0.0,0.0,0.0,0.0,0.003969999961555004,-0.017509059980511665,-1.0,-0.0,0.0,0.0,0.0,4.611611075233668e-06,-0.0637909397482872,-1.0,-0.0,0.0,0.0,0.0,2.98023217215615e-10,-0.04460655897855759,-0.9987601637840271,0.049780797213315964,0.0,0.0,0.0,-2.98023217215615e-10,-0.02347646653652191,-0.9974532127380371,0.07132436335086823,0.0,0.0,0.0,0.0,-0.019652195274829865,-1.0,-0.0,0.0,0.0,0.00711638480424881,0.0018999999156221747,-0.016959700733423233,-0.9961947202682495,-0.0,0.08715574443340302,0.0,-0.0005882382392883301,0.0,-0.060253534466028214,-0.8862497806549072,0.4630778729915619,-0.009718895889818668,-0.0050842659547924995,1.19209286886246e-09,-1.490116086078075e-10,-0.04255415499210358,-0.6908986568450928,0.7229516506195068,0.0,0.0,-2.38418573772492e-09,0.0,-0.02208789810538292,-0.9147948622703552,0.4039187729358673,0.0,0.0,0.0,0.0,-0.017740869894623756,-1.0,-0.0,0.0,0.0,0.013503451831638813,-0.0037700000684708357,-0.014087309129536152,-0.9914448857307434,-0.0,0.13052619993686676,0.0,0.0048975334502756596,-3.847479547403054e-06,-0.05743739381432533,-0.967090904712677,0.25093960762023926,0.03878932446241379,-0.016124792397022247,4.76837147544984e-09,-2.98023217215615e-10,-0.03276757150888443,-0.8342567682266235,0.5513761639595032,0.0,0.0,2.38418573772492e-09,0.0,-0.016709718853235245,-0.9120041728019714,0.41018083691596985,0.0,0.0,0.0,0.0,-0.01388302817940712,-1.0,-0.0,0.0,0.0
1782948472.90872,2026-07-01 19:27:52.908,17637.0,17637,left,0,1,three,1,0.0,0.003969999961555004,-0.04999999701976776,-1.0,-0.0,0.0,0.0,0.0,0.0,0.0,-1.0,-0.0,0.0,0.0,0.025476500391960144,-0.012044699862599373,-0.022234899923205376,-0.7820497155189514,-0.05279601737856865,0.3275424838066101,0.5275667905807495,-5.7220457705398076e-08,-4.3511388270189855e-08,-0.027230437844991684,-0.9834859371185303,0.18098440766334534,0.0,0.0,3.5762786065873797e-09,6.318092005130893e-08,-0.031859491020441055,-0.9491080045700073,0.31495076417922974,0.0,0.0,2.384185648907078e-08,0.0,-0.023122519254684448,-1.0,-0.0,0.0,0.0,0.012359999120235443,0.0032300001475960016,-0.017000000923871994,-0.9990482330322266,-0.0,0.04361938685178757,0.0,0.0021501504816114902,-3.890097104886081e-06,-0.06502876430749893,-0.9999619722366333,-0.0,0.008726557716727257,0.0,-9.53674295089968e-09,-9.53674295089968e-09,-0.036917347460985184,-0.9993493556976318,0.0360686257481575,0.0,0.0,-2.8610228852699038e-08,-2.98023217215615e-10,-0.0216355137526989,-0.999281644821167,0.037897396832704544,0.0,0.0,1.2636184010261786e-07,2.98023217215615e-10,-0.018689393997192383,-1.0,-0.0,0.0,0.0,0.0,0.003969999961555004,-0.01750910095870495,-1.0,-0.0,0.0,0.0,0.0,4.610121322912164e-06,-0.06379090249538422,-1.0,-0.0,0.0,0.0,0.0,2.98023217215615e-10,-0.044606998562812805,-0.9995051622390747,0.03145527467131615,0.0,0.0,0.0,0.0,-0.023475991562008858,-0.9990876317024231,0.04270758107304573,0.0,0.0,0.0,0.0,-0.019651994109153748,-1.0,-0.0,0.0,0.0,-0.00711638992652297,0.0018999999156221747,-0.016959700733423233,-0.9961947202682495,-0.0,-0.08715574443340302,0.0,0.0005882433033548295,0.0,-0.060253534466028214,-0.9156957268714905,0.40154847502708435,0.014771880581974983,0.0064799590036273,-1.1086464013487785e-07,-1.490116086078075e-10,-0.04255366697907448,-0.7186198830604553,0.6954030990600586,0.0,0.0,4.5299529460862686e-08,0.0,-0.022088106721639633,-0.9198188185691833,0.39234352111816406,0.0,0.0,-1.4305114426349519e-08,0.0,-0.017740696668624878,-1.0,-0.0,0.0,0.0,-0.013503500260412693,-0.0037700000684708357,-0.014087299816310406,-0.9914448857307434,-0.0,-0.13052619993686676,0.0,-0.004897483624517918,-3.8501621020259336e-06,-0.05743739381432533,-0.9440879225730896,0.3268149197101593,-0.02880661003291607,0.03256267309188843,5.4836270635405526e-08,-2.98023217215615e-10,-0.03276759013533592,-0.7999333143234253,0.600088894367218,0.0,0.0,-9.298324243900424e-08,0.0,-0.01670967973768711,-0.8946753144264221,0.4467170536518097,0.0,0.0,6.19888282926695e-08,0.0,-0.013883084990084171,-1.0,-0.0,0.0,0.0
1782948472.922248,2026-07-01 19:27:52.922,11967.0,11967,right,0,2,three,1,0.0,0.003969999961555004,-0.04999999701976776,-1.0,-0.0,0.0,0.0,0.0,0.0,0.0,-1.0,-0.0,0.0,0.0,-0.025476505979895592,-0.012044684961438179,-0.022234933450818062,-0.8103771209716797,-0.14749732613563538,-0.26198774576187134,-0.5028876662254333,0.0,1.19209286886246e-09,-0.02723044343292713,-0.999851405620575,0.01724238507449627,0.0,0.0,2.38418573772492e-09,-1.19209286886246e-09,-0.031859468668699265,-0.9999130368232727,0.013188070617616177,0.0,0.0,0.0,-3.5762786065873797e-09,-0.023122519254684448,-1.0,-0.0,0.0,0.0,-0.012360505759716034,0.0032300001475960016,-0.016998957842588425,-0.9990482330322266,-0.0,-0.04361938685178757,0.0,-0.002149570034816861,-3.8927792047616094e-06,-0.06502974033355713,-0.9999619722366333,-0.0,-0.008726464584469795,0.0,0.0,0.0,-0.03691747412085533,-0.9991405606269836,0.04145072400569916,0.0,0.0,-2.38418573772492e-09,-2.98023217215615e-10,-0.02163529396057129,-0.9989849328994751,0.045045435428619385,0.0,0.0,0.0,2.98023217215615e-10,-0.01868978515267372,-1.0,-0.0,0.0,0.0,0.0,0.003969999961555004,-0.017509059980511665,-1.0,-0.0,0.0,0.0,0.0,4.611611075233668e-06,-0.0637909397482872,-1.0,-0.0,0.0,0.0,0.0,2.98023217215615e-10,-0.04460655897855759,-0.9987601637840271,0.049780797213315964,0.0,0.0,0.0,-2.98023217215615e-10,-0.02347646653652191,-0.9974532127380371,0.07132436335086823,0.0,0.0,0.0,0.0,-0.019652195274829865,-1.0,-0.0,0.0,0.0,0.00711638480424881,0.0018999999156221747,-0.016959700733423233,-0.9961947202682495,-0.0,0.08715574443340302,0.0,-0.0005882382392883301,0.0,-0.060253534466028214,-0.8979238271713257,0.4400663673877716,-0.007739085704088211,-0.0038000382483005524,1.19209286886246e-09,-1.490116086078075e-10,-0.04255415499210358,-0.7008838057518005,0.7132754921913147,0.0,0.0,-2.38418573772492e-09,0.0,-0.02208789810538292,-0.9165931940078735,0.39982113242149353,0.0,0.0,0.0,0.0,-0.017740869894623756,-1.0,-0.0,0.0,0.0,0.013503451831638813,-0.0037700000684708357,-0.014087309129536152,-0.9914448857307434,-0.0,0.13052619993686676,0.0,0.0048975334502756596,-3.847479547403054e-06,-0.05743739381432533,-0.9755787253379822,0.21525153517723083,0.040295276790857315,-0.017006874084472656,4.76837147544984e-09,-2.98023217215615e-10,-0.03276757150888443,-0.8529111742973328,0.5220561027526855,0.0,0.0,2.38418573772492e-09,0.0,-0.016709718853235245,-0.9210193753242493,0.3895168900489807,0.0,0.0,0.0,0.0,-0.01388302817940712,-1.0,-0.0,0.0,0.0
1782948473.1103325,2026-07-01 19:27:53.110,17638.0,17638,left,0,1,three,1,0.0,0.003969999961555004,-0.04999999701976776,-1.0,-0.0,0.0,0.0,0.0,0.0,0.0,-1.0,-0.0,0.0,0.0,0.025476500391960144,-0.012044699862599373,-0.022234899923205376,-0.7977544665336609,-0.10112632811069489,0.29560813307762146,0.5157297253608704,-5.7220457705398076e-08,-4.3511388270189855e-08,-0.027230437844991684,-0.9951322674751282,0.0985487774014473,0.0,0.0,3.5762786065873797e-09,6.318092005130893e-08,-0.031859491020441055,-0.9847722053527832,0.17384961247444153,0.0,0.0,2.384185648907078e-08,0.0,-0.023122519254684448,-1.0,-0.0,0.0,0.0,0.012359999120235443,0.0032300001475960016,-0.017000000923871994,-0.9990482330322266,-0.0,0.04361938685178757,0.0,0.0021501504816114902,-3.890097104886081e-06,-0.06502876430749893,-0.9999619722366333,-0.0,0.008726557716727257,0.0,-9.53674295089968e-09,-9.53674295089968e-09,-0.036917347460985184,-0.9993493556976318,0.0360686257481575,0.0,0.0,-2.8610228852699038e-08,-2.98023217215615e-10,-0.0216355137526989,-0.999281644821167,0.037897396832704544,0.0,0.0,1.2636184010261786e-07,2.98023217215615e-10,-0.018689393997192383,-1.0,-0.0,0.0,0.0,0.0,0.003969999961555004,-0.01750910095870495,-1.0,-0.0,0.0,0.0,0.0,4.610121322912164e-06,-0.06379090249538422,-1.0,-0.0,0.0,0.0,0.0,2.98023217215615e-10,-0.044606998562812805,-0.9995051622390747,0.03145527467131615,0.0,0.0,0.0,0.0,-0.023475991562008858,-0.9990876317024231,0.04270758107304573,0.0,0.0,0.0,0.0,-0.019651994109153748,-1.0,-0.0,0.0,0.0,-0.00711638992652297,0.0018999999156221747,-0.016959700733423233,-0.9961947202682495,-0.0,-0.08715574443340302,0.0,0.0005882433033548295,0.0,-0.060253534466028214,-0.9441288113594055,0.3294183015823364,0.00964353047311306,0.003370055928826332,-1.1086464013487785e-07,-1.490116086078075e-10,-0.04255366697907448,-0.7552909255027771,0.655389666557312,0.0,0.0,4.5299529460862686e-08,0.0,-0.022088106721639633,-0.9266307353973389,0.37597277760505676,0.0,0.0,-1.4305114426349519e-08,0.0,-0.017740696668624878,-1.0,-0.0,0.0,0.0,-0.013503500260412693,-0.0037700000684708357,-0.014087299816310406,-0.9914448857307434,-0.0,-0.13052619993686676,0.0,-0.004897483624517918,-3.8501621020259336e-06,-0.05743739381432533,-0.956829845905304,0.2871986925601959,-0.032548632472753525,0.03056427650153637,5.4836270635405526e-08,-2.98023217215615e-10,-0.03276759013533592,-0.8172398805618286,0.5762976408004761,0.0,0.0,-9.298324243900424e-08,0.0,-0.01670967973768711,-0.9035394787788391,0.42850491404533386,0.0,0.0,6.19888282926695e-08,0.0,-0.013883084990084171,-1.0,-0.0,0.0,0.0
1782948473.122478,2026-07-01 19:27:53.122,11980.0,11980,right,0,2,three,1,0.0,0.003969999961555004,-0.04999999701976776,-1.0,-0.0,0.0,0.0,0.0,0.0,0.0,-1.0,-0.0,0.0,0.0,-0.025476505979895592,-0.012044684961438179,-0.022234933450818062,-0.804841160774231,-0.10761848837137222,-0.2773683965206146,-0.5135325193405151,0.0,1.19209286886246e-09,-0.02723044343292713,-0.9970532655715942,0.07671236246824265,0.0,0.0,2.38418573772492e-09,-1.19209286886246e-09,-0.031859468668699265,-0.9915013313293457,0.1300962120294571,0.0,0.0,0.0,-3.5762786065873797e-09,-0.023122519254684448,-1.0,-0.0,0.0,0.0,-0.012360505759716034,0.0032300001475960016,-0.016998957842588425,-0.9990482330322266,-0.0,-0.04361938685178757,0.0,-0.002149570034816861,-3.8927792047616094e-06,-0.06502974033355713,-0.9999619722366333,-0.0,-0.008726464584469795,0.0,0.0,0.0,-0.03691747412085533,-0.9991405606269836,0.04145072400569916,0.0,0.0,-2.38418573772492e-09,-2.98023217215615e-10,-0.02163529396057129,-0.9989849328994751,0.045045435428619385,0.0,0.0,0.0,2.98023217215615e-10,-0.01868978515267372,-1.0,-0.0,0.0,0.0,0.0,0.003969999961555004,-0.017509059980511665,-1.0,-0.0,0.0,0.0,0.0,4.611611075233668e-06,-0.0637909397482872,-1.0,-0.0,0.0,0.0,0.0,2.98023217215615e-10,-0.04460655897855759,-0.9987601637840271,0.049780797213315964,0.0,0.0,0.0,-2.98023217215615e-10,-0.02347646653652191,-0.9974532127380371,0.07132436335086823,0.0,0.0,0.0,0.0,-0.019652195274829865,-1.0,-0.0,0.0,0.0,0.00711638480424881,0.0018999999156221747,-0.016959700733423233,-0.9961947202682495,-0.0,0.08715574443340302,0.0,-0.0005882382392883301,0.0,-0.060253534466028214,-0.8655534386634827,0.5005906224250793,-0.013019898906350136,-0.007534143980592489,1.19209286886246e-09,-1.490116086078075e-10,-0.04255415499210358,-0.6758164763450623,0.7370699644088745,0.0,0.0,-2.38418573772492e-09,0.0,-0.02208789810538292,-0.9121021628379822,0.4099630117416382,0.0,0.0,0.0,0.0,-0.017740869894623756,-1.0,-0.0,0.0,0.0,0.013503451831638813,-0.0037700000684708357,-0.014087309129536152,-0.9914448857307434,-0.0,0.13052619993686676,0.0,0.0048975334502756596,-3.847479547403054e-06,-0.05743739381432533,-0.9646885991096497,0.26009252667427063,0.03832894191145897,-0.016086265444755554,4.76837147544984e-09,-2.98023217215615e-10,-0.03276757150888443,-0.8298173546791077,0.558035135269165,0.0,0.0,2.38418573772492e-09,0.0,-0.016709718853235245,-0.9098126292228699,0.41501927375793457,0.0,0.0,0.0,0.0,-0.01388302817940712,-1.0,-0.0,0.0,0.0
1782948473.3156009,2026-07-01 19:27:53.315,17640.0,17640,left,0,1,three,1,0.0,0.003969999961555004,-0.04999999701976776,-1.0,-0.0,0.0,0.0,0.0,0.0,0.0,-1.0,-0.0,0.0,0.0,0.025476500391960144,-0.012044699862599373,-0.022234899923205376,-0.8011444807052612,-0.11270832270383835,0.28749212622642517,0.512652575969696,-5.7220457705398076e-08,-4.3511388270189855e-08,-0.027230437844991684,-0.9969095587730408,0.07855802774429321,0.0,0.0,3.5762786065873797e-09,6.318092005130893e-08,-0.031859491020441055,-0.9912972450256348,0.13164278864860535,0.0,0.0,2.384185648907078e-08,0.0,-0.023122519254684448,-1.0,-0.0,0.0,0.0,0.012359999120235443,0.0032300001475960016,-0.017000000923871994,-0.9990482330322266,-0.0,0.04361938685178757,0.0,0.0021501504816114902,-3.890097104886081e-06,-0.06502876430749893,-0.9999619722366333,-0.0,0.008726557716727257,0.0,-9.53674295089968e-09,-9.53674295089968e-09,-0.036917347460985184,-0.9993493556976318,0.0360686257481575,0.0,0.0,-2.8610228852699038e-08,-2.98023217215615e-10,-0.0216355137526989,-0.999281644821167,0.037897396832704544,0.0,0.0,1.2636184010261786e-07,2.98023217215615e-10,-0.018689393997192383,-1.0,-0.0,0.0,0.0,0.0,0.003969999961555004,-0.01750910095870495,-1.0,-0.0,0.0,0.0,0.0,4.610121322912164e-06,-0.06379090249538422,-1.0,-0.0,0.0,0.0,0.0,2.98023217215615e-10,-0.044606998562812805,-0.9996492862701416,0.02648334950208664,0.0,0.0,0.0,0.0,-0.023475991562008858,-0.999390184879303,0.0349179282784462,0.0,0.0,0.0,0.0,-0.019651994109153748,-1.0,-0.0,0.0,0.0,-0.00711638992652297,0.0018999999156221747,-0.016959700733423233,-0.9961947202682495,-0.0,-0.08715574443340302,0.0,0.0005882433033548295,0.0,-0.060253534466028214,-0.9458591341972351,0.3244291841983795,0.009278755635023117,0.0031826079357415438,-1.1086464013487785e-07,-1.490116086078075e-10,-0.04255366697907448,-0.7579393982887268,0.6523249745368958,0.0,0.0,4.5299529460862686e-08,0.0,-0.022088106721639633,-0.9271302819252014,0.3747391104698181,0.0,0.0,-1.4305114426349519e-08,0.0,-0.017740696668624878,-1.0,-0.0,0.0,0.0,-0.013503500260412693,-0.0037700000684708357,-0.014087299816310406,-0.9914448857307434,-0.0,-0.13052619993686676,0.0,-0.004897483624517918,-3.8501621020259336e-06,-0.05743739381432533,-0.9640142321586609,0.2619551420211792,-0.03470991551876068,0.029177308082580566,5.4836270635405526e-08,-2.98023217215615e-10,-0.03276759013533592,-0.8290194869041443,0.5592197775840759,0.0,0.0,-9.298324243900424e-08,0.0,-0.01670967973768711,-0.9094319343566895,0.41585296392440796,0.0,0.0,6.19888282926695e-08,0.0,-0.013883084990084171,-1.0,-0.0,0.0,0.0
1782948473.340677,2026-07-01 19:27:53.340,11993.0,11993,right,0,2,three,1,0.0,0.003969999961555004,-0.04999999701976776,-1.0,-0.0,0.0,0.0,0.0,0.0,0.0,-1.0,-0.0,0.0,0.0,-0.025476505979895592,-0.012044684961438179,-0.022234933450818062,-0.7881087064743042,-0.020899832248687744,-0.30950242280960083,-0.5316541194915771,0.0,1.19209286886246e-09,-0.02723044343292713,-0.9788960218429565,0.20435887575149536,0.0,0.0,2.38418573772492e-09,-1.19209286886246e-09,-0.031859468668699265,-0.9380015134811401,0.34663131833076477,0.0,0.0,0.0,-3.5762786065873797e-09,-0.023122519254684448,-1.0,-0.0,0.0,0.0,-0.012360505759716034,0.0032300001475960016,-0.016998957842588425,-0.9990482330322266,-0.0,-0.04361938685178757,0.0,-0.002149570034816861,-3.8927792047616094e-06,-0.06502974033355713,-0.9999619722366333,-0.0,-0.008726464584469795,0.0,0.0,0.0,-0.03691747412085533,-0.9991405606269836,0.04145072400569916,0.0,0.0,-2.38418573772492e-09,-2.98023217215615e-10,-0.02163529396057129,-0.9989849328994751,0.045045435428619385,0.0,0.0,0.0,2.98023217215615e-10,-0.01868978515267372,-1.0,-0.0,0.0,0.0,0.0,0.003969999961555004,-0.017509059980511665,-1.0,-0.0,0.0,0.0,0.0,4.611611075233668e-06,-0.0637909397482872,-1.0,-0.0,0.0,0.0,0.0,2.98023217215615e-10,-0.04460655897855759,-0.9987601637840271,0.049780797213315964,0.0,0.0,0.0,-2.98023217215615e-10,-0.02347646653652191,-0.9974532127380371,0.07132436335086823,0.0,0.0,0.0,0.0,-0.019652195274829865,-1.0,-0.0,0.0,0.0,0.00711638480424881,0.0018999999156221747,-0.016959700733423233,-0.9961947202682495,-0.0,0.08715574443340302,0.0,-0.0005882382392883301,0.0,-0.060253534466028214,-0.8475972414016724,0.5303179025650024,-0.015674788504838943,-0.009807276539504528,1.19209286886246e-09,-1.490116086078075e-10,-0.04255415499210358,-0.6651054620742798,0.7467495203018188,0.0,0.0,-2.38418573772492e-09,0.0,-0.02208789810538292,-0.9102067351341248,0.4141542911529541,0.0,0.0,0.0,0.0,-0.017740869894623756,-1.0,-0.0,0.0,0.0,0.013503451831638813,-0.0037700000684708357,-0.014087309129536152,-0.9914448857307434,-0.0,0.13052619993686676,0.0,0.0048975334502756596,-3.847479547403054e-06,-0.05743739381432533,-0.9511529803276062,0.3062134087085724,0.03561937436461449,-0.016512146219611168,4.76837147544984e-09,-2.98023217215615e-10,-0.03276757150888443,-0.8084985613822937,0.5884982347488403,0.0,0.0,2.38418573772492e-09,0.0,-0.016709718853235245,-0.8990978002548218,0.43774789571762085,0.0,0.0,0.0,0.0,-0.01388302817940712,-1.0,-0.0,0.0,0.0
1782948473.5209777,2026-07-01 19:27:53.520,17642.0,17642,left,0,1,three,1,0.0,0.003969999961555004,-0.04999999701976776,-1.0,-0.0,0.0,0.0,0.0,0.0,0.0,-1.0,-0.0,0.0,0.0,0.025476500391960144,-0.012044699862599373,-0.022234899923205376,-0.8023455739021301,-0.11698304861783981,0.28447845578193665,0.5114964842796326,-5.7220457705398076e-08,-4.3511388270189855e-08,-0.027230437844991684,-0.9974645972251892,0.07116419076919556,0.0,0.0,3.5762786065873797e-09,6.318092005130893e-08,-0.031859491020441055,-0.9932711124420166,0.11581230908632278,0.0,0.0,2.384185648907078e-08,0.0,-0.023122519254684448,-1.0,-0.0,0.0,0.0,0.012359999120235443,0.0032300001475960016,-0.017000000923871994,-0.9990482330322266,-0.0,0.04361938685178757,0.0,0.0021501504816114902,-3.890097104886081e-06,-0.06502876430749893,-0.9999619722366333,-0.0,0.008726557716727257,0.0,-9.53674295089968e-09,-9.53674295089968e-09,-0.036917347460985184,-0.9993493556976318,0.0360686257481575,0.0,0.0,-2.8610228852699038e-08,-2.98023217215615e-10,-0.0216355137526989,-0.999281644821167,0.037897396832704544,0.0,0.0,1.2636184010261786e-07,2.98023217215615e-10,-0.018689393997192383,-1.0,-0.0,0.0,0.0,0.0,0.003969999961555004,-0.01750910095870495,-1.0,-0.0,0.0,0.0,0.0,4.610121322912164e-06,-0.06379090249538422,-1.0,-0.0,0.0,0.0,0.0,2.98023217215615e-10,-0.044606998562812805,-0.9996492862701416,0.02648334950208664,0.0,0.0,0.0,0.0,-0.023475991562008858,-0.999390184879303,0.0349179282784462,0.0,0.0,0.0,0.0,-0.019651994109153748,-1.0,-0.0,0.0,0.0,-0.00711638992652297,0.0018999999156221747,-0.016959700733423233,-0.9961947202682495,-0.0,-0.08715574443340302,0.0,0.0005882433033548295,0.0,-0.060253534466028214,-0.9480935335159302,0.31785640120506287,0.008792050182819366,0.0029495712369680405,-1.1086464013487785e-07,-1.490116086078075e-10,-0.04255366697907448,-0.7615373134613037,0.6481210589408875,0.0,0.0,4.5299529460862686e-08,0.0,-0.022088106721639633,-0.9278119206428528,0.373048335313797,0.0,0.0,-1.4305114426349519e-08,0.0,-0.017740696668624878,-1.0,-0.0,0.0,0.0,-0.013503500260412693,-0.0037700000684708357,-0.014087299816310406,-0.9914448857307434,-0.0,-0.13052619993686676,0.0,-0.004897483624517918,-3.8501621020259336e-06,-0.05743739381432533,-0.9660345911979675,0.25436893105506897,-0.035320691764354706,0.02873958647251129,5.4836270635405526e-08,-2.98023217215615e-10,-0.03276759013533592,-0.8327485918998718,0.5536513924598694,0.0,0.0,-9.298324243900424e-08,0.0,-0.01670967973768711,-0.911268413066864,0.41181308031082153,0.0,0.0,6.19888282926695e-08,0.0,-0.013883084990084171,-1.0,-0.0,0.0,0.0
1782948473.5419211,2026-07-01 19:27:53.541,12005.0,12005,right,0,2,three,1,0.0,0.003969999961555004,-0.04999999701976776,-1.0,-0.0,0.0,0.0,0.0,0.0,0.0,-1.0,-0.0,0.0,0.0,-0.025476505979895592,-0.012044684961438179,-0.022234933450818062,-0.7963611483573914,-0.0591052882373333,-0.2950771152973175,-0.5246379971504211,0.0,1.19209286886246e-09,-0.02723044343292713,-0.9890091419219971,0.14785458147525787,0.0,0.0,2.38418573772492e-09,-1.19209286886246e-09,-0.031859468668699265,-0.9637710452079773,0.266730934381485,0.0,0.0,0.0,-3.5762786065873797e-09,-0.023122519254684448,-1.0,-0.0,0.0,0.0,-0.012360505759716034,0.0032300001475960016,-0.016998957842588425,-0.9990482330322266,-0.0,-0.04361938685178757,0.0,-0.002149570034816861,-3.8927792047616094e-06,-0.06502974033355713,-0.9998713731765747,0.013697479851543903,-0.008340076543390751,-8.775160677032545e-05,0.0,0.0,-0.03691747412085533,-0.995785117149353,0.09171751886606216,0.0,0.0,-2.38418573772492e-09,-2.98023217215615e-10,-0.02163529396057129,-0.9973633885383606,0.07256914675235748,0.0,0.0,0.0,2.98023217215615e-10,-0.01868978515267372,-1.0,-0.0,0.0,0.0,0.0,0.003969999961555004,-0.017509059980511665,-1.0,-0.0,0.0,0.0,0.0,4.611611075233668e-06,-0.0637909397482872,-0.9999963045120239,0.0027317076455801725,0.0,0.0,0.0,2.98023217215615e-10,-0.04460655897855759,-0.9969176650047302,0.07845522463321686,0.0,0.0,0.0,-2.98023217215615e-10,-0.02347646653652191,-0.9949626922607422,0.10024555027484894,0.0,0.0,0.0,0.0,-0.019652195274829865,-1.0,-0.0,0.0,0.0,0.00711638480424881,0.0018999999156221747,-0.016959700733423233,-0.9961947202682495,-0.0,0.08715574443340302,0.0,-0.0005882382392883301,0.0,-0.060253534466028214,-0.9331386089324951,0.3595113158226013,-0.0016462963540107012,-0.0011171326041221619,1.19209286886246e-09,-1.490116086078075e-10,-0.04255415499210358,-0.7432636618614197,0.6689985990524292,0.0,0.0,-2.38418573772492e-09,0.0,-0.02208789810538292,-0.924419641494751,0.38137686252593994,0.0,0.0,0.0,0.0,-0.017740869894623756,-1.0,-0.0,0.0,0.0,0.013503451831638813,-0.0037700000684708357,-0.014087309129536152,-0.9914448857307434,-0.0,0.13052619993686676,0.0,0.0048975334502756596,-3.847479547403054e-06,-0.05743739381432533,-0.9802364110946655,0.1924620419740677,0.04080082103610039,-0.02074240706861019,4.76837147544984e-09,-2.98023217215615e-10,-0.03276757150888443,-0.8742207884788513,0.4855285882949829,0.0,0.0,2.38418573772492e-09,0.0,-0.016709718853235245,-0.9300364851951599,0.36746713519096375,0.0,0.0,0.0,0.0,-0.01388302817940712,-1.0,-0.0,0.0,0.0
1782948473.730893,2026-07-01 19:27:53.730,17643.0,17643,left,0,1,three,1,0.0,0.003969999961555004,-0.04999999701976776,-1.0,-0.0,0.0,0.0,0.0,0.0,0.0,-1.0,-0.0,0.0,0.0,0.025476500391960144,-0.012044699862599373,-0.022234899923205376,-0.7958763837814331,-0.09495409578084946,0.2998872697353363,0.5173317790031433,-5.7220457705398076e-08,-4.3511388270189855e-08,-0.027230437844991684,-0.9940229058265686,0.10917171835899353,0.0,0.0,3.5762786065873797e-09,6.318092005130893e-08,-0.031859491020441055,-0.9806776642799377,0.1956305354833603,0.0,0.0,2.384185648907078e-08,0.0,-0.023122519254684448,-1.0,-0.0,0.0,0.0,0.012359999120235443,0.0032300001475960016,-0.017000000923871994,-0.9990482330322266,-0.0,0.04361938685178757,0.0,0.0021501504816114902,-3.890097104886081e-06,-0.06502876430749893,-0.9999619722366333,-0.0,0.008726557716727257,0.0,-9.53674295089968e-09,-9.53674295089968e-09,-0.036917347460985184,-0.9993493556976318,0.0360686257481575,0.0,0.0,-2.8610228852699038e-08,-2.98023217215615e-10,-0.0216355137526989,-0.999281644821167,0.037897396832704544,0.0,0.0,1.2636184010261786e-07,2.98023217215615e-10,-0.018689393997192383,-1.0,-0.0,0.0,0.0,0.0,0.003969999961555004,-0.01750910095870495,-1.0,-0.0,0.0,0.0,0.0,4.610121322912164e-06,-0.06379090249538422,-1.0,-0.0,0.0,0.0,0.0,2.98023217215615e-10,-0.044606998562812805,-0.9996039867401123,0.028140733018517494,0.0,0.0,0.0,0.0,-0.023475991562008858,-0.9992961287498474,0.03751473128795624,0.0,0.0,0.0,0.0,-0.019651994109153748,-1.0,-0.0,0.0,0.0,-0.00711638992652297,0.0018999999156221747,-0.016959700733423233,-0.9961947202682495,-0.0,-0.08715574443340302,0.0,0.0005882433033548295,0.0,-0.060253534466028214,-0.9458591341972351,0.3244291841983795,0.009278755635023117,0.0031826079357415438,-1.1086464013487785e-07,-1.490116086078075e-10,-0.04255366697907448,-0.7579393982887268,0.6523249745368958,0.0,0.0,4.5299529460862686e-08,0.0,-0.022088106721639633,-0.9271302819252014,0.3747391104698181,0.0,0.0,-1.4305114426349519e-08,0.0,-0.017740696668624878,-1.0,-0.0,0.0,0.0,-0.013503500260412693,-0.0037700000684708357,-0.014087299816310406,-0.9914448857307434,-0.0,-0.13052619993686676,0.0,-0.004897483624517918,-3.8501621020259336e-06,-0.05743739381432533,-0.9563602805137634,0.28876450657844543,-0.03241428732872009,0.03065059334039688,5.4836270635405526e-08,-2.98023217215615e-10,-0.03276759013533592,-0.81648850440979,0.5773617029190063,0.0,0.0,-9.298324243900424e-08,0.0,-0.01670967973768711,-0.9031641483306885,0.42929545044898987,0.0,0.0,6.19888282926695e-08,0.0,-0.013883084990084171,-1.0,-0.0,0.0,0.0
1782948473.7447503,2026-07-01 19:27:53.744,12016.0,12016,right,0,2,three,1,0.0,0.003969999961555004,-0.04999999701976776,-1.0,-0.0,0.0,0.0,0.0,0.0,0.0,-1.0,-0.0,0.0,0.0,-0.025476505979895592,-0.012044684961438179,-0.022234933450818062,-0.7967962026596069,-0.061361584812402725,-0.2942501902580261,-0.5241826176643372,0.0,1.19209286886246e-09,-0.02723044343292713,-0.9894976615905762,0.14454887807369232,0.0,0.0,2.38418573772492e-09,-1.19209286886246e-09,-0.031859468668699265,-0.9652463793754578,0.2613416910171509,0.0,0.0,0.0,-3.5762786065873797e-09,-0.023122519254684448,-1.0,-0.0,0.0,0.0,-0.012360505759716034,0.0032300001475960016,-0.016998957842588425,-0.9990482330322266,-0.0,-0.04361938685178757,0.0,-0.002149570034816861,-3.8927792047616094e-06,-0.06502974033355713,-0.7641521096229553,0.6450349688529968,-0.0009454481187276542,-0.0007954786415211856,0.0,0.0,-0.03691747412085533,-0.7071665525436401,0.7070471048355103,0.0,0.0,-2.38418573772492e-09,-2.98023217215615e-10,-0.02163529396057129,-0.9304322600364685,0.3664640188217163,0.0,0.0,0.0,2.98023217215615e-10,-0.01868978515267372,-1.0,-0.0,0.0,0.0,0.0,0.003969999961555004,-0.017509059980511665,-1.0,-0.0,0.0,0.0,0.0,4.611611075233668e-06,-0.0637909397482872,-0.9015368223190308,0.4327024221420288,0.0,0.0,0.0,2.98023217215615e-10,-0.04460655897855759,-0.7138371467590332,0.7003117799758911,0.0,0.0,0.0,-2.98023217215615e-10,-0.02347646653652191,-0.9443564414978027,0.3289237916469574,0.0,0.0,0.0,0.0,-0.019652195274829865,-1.0,-0.0,0.0,0.0,0.00711638480424881,0.0018999999156221747,-0.016959700733423233,-0.9961947202682495,-0.0,0.08715574443340302,0.0,-0.0005882382392883301,0.0,-0.060253534466028214,-0.948392391204834,0.3170951306819916,0.0015401297714561224,0.000427617080276832,1.19209286886246e-09,-1.490116086078075e-10,-0.04255415499210358,-0.7630449533462524,0.6463454365730286,0.0,0.0,-2.38418573772492e-09,0.0,-0.02208789810538292,-0.928112804889679,0.3722991943359375,0.0,0.0,0.0,0.0,-0.017740869894623756,-1.0,-0.0,0.0,0.0,0.013503451831638813,-0.0037700000684708357,-0.014087309129536152,-0.9914448857307434,-0.0,0.13052619993686676,0.0,0.0048975334502756596,-3.847479547403054e-06,-0.05743739381432533,-0.9696401357650757,0.24076113104820251,0.038870327174663544,-0.017921658232808113,4.76837147544984e-09,-2.98023217215615e-10,-0.03276757150888443,-0.8440130949020386,0.5363225936889648,0.0,0.0,2.38418573772492e-09,0.0,-0.016709718853235245,-0.9162538647651672,0.40059801936149597,0.0,0.0,0.0,0.0,-0.01388302817940712,-1.0,-0.0,0.0,0.0
1782948473.9325514,2026-07-01 19:27:53.932,17645.0,17645,left,0,1,three,1,0.0,0.003969999961555004,-0.04999999701976776,-1.0,-0.0,0.0,0.0,0.0,0.0,0.0,-1.0,-0.0,0.0,0.0,0.025476500391960144,-0.012044699862599373,-0.022234899923205376,-0.7949451208114624,-0.0919480174779892,0.3019552230834961,0.5181031227111816,-5.7220457705398076e-08,-4.3511388270189855e-08,-0.027230437844991684,-0.9934420585632324,0.11433695256710052,0.0,0.0,3.5762786065873797e-09,6.318092005130893e-08,-0.031859491020441055,-0.9785661697387695,0.20593272149562836,0.0,0.0,2.384185648907078e-08,0.0,-0.023122519254684448,-1.0,-0.0,0.0,0.0,0.012359999120235443,0.0032300001475960016,-0.017000000923871994,-0.9990482330322266,-0.0,0.04361938685178757,0.0,0.0021501504816114902,-3.890097104886081e-06,-0.06502876430749893,-0.971868097782135,0.23546011745929718,0.0054777213372290134,0.0009347503655590117,-9.53674295089968e-09,-9.53674295089968e-09,-0.036917347460985184,-0.8955883979797363,0.4448835849761963,0.0,0.0,-2.8610228852699038e-08,-2.98023217215615e-10,-0.0216355137526989,-0.9736086130142212,0.22822394967079163,0.0,0.0,1.2636184010261786e-07,2.98023217215615e-10,-0.018689393997192383,-1.0,-0.0,0.0,0.0,0.0,0.003969999961555004,-0.01750910095870495,-1.0,-0.0,0.0,0.0,0.0,4.610121322912164e-06,-0.06379090249538422,-0.9896676540374756,0.143380269408226,0.0,0.0,0.0,2.98023217215615e-10,-0.044606998562812805,-0.916408360004425,0.40024468302726746,0.0,0.0,0.0,0.0,-0.023475991562008858,-0.9761840105056763,0.2169443517923355,0.0,0.0,0.0,0.0,-0.019651994109153748,-1.0,-0.0,0.0,0.0,-0.00711638992652297,0.0018999999156221747,-0.016959700733423233,-0.9961947202682495,-0.0,-0.08715574443340302,0.0,0.0005882433033548295,0.0,-0.060253534466028214,-0.9672625660896301,0.25374576449394226,0.0038884298410266638,0.0010743540478870273,-1.1086464013487785e-07,-1.490116086078075e-10,-0.04255366697907448,-0.799274742603302,0.6009657382965088,0.0,0.0,4.5299529460862686e-08,0.0,-0.022088106721639633,-0.9351158738136292,0.35434219241142273,0.0,0.0,-1.4305114426349519e-08,0.0,-0.017740696668624878,-1.0,-0.0,0.0,0.0,-0.013503500260412693,-0.0037700000684708357,-0.014087299816310406,-0.9914448857307434,-0.0,-0.13052619993686676,0.0,-0.004897483624517918,-3.8501621020259336e-06,-0.05743739381432533,-0.973844051361084,0.22245070338249207,-0.03774178773164749,0.02681415155529976,5.4836270635405526e-08,-2.98023217215615e-10,-0.03276759013533592,-0.849170446395874,0.5281188488006592,0.0,0.0,-9.298324243900424e-08,0.0,-0.01670967973768711,-0.9192361235618591,0.39370688796043396,0.0,0.0,6.19888282926695e-08,0.0,-0.013883084990084171,-1.0,-0.0,0.0,0.0
1782948473.955357,2026-07-01 19:27:53.955,12030.0,12030,right,0,2,three,1,0.0,0.003969999961555004,-0.04999999701976776,-1.0,-0.0,0.0,0.0,0.0,0.0,0.0,-1.0,-0.0,0.0,0.0,-0.025476505979895592,-0.012044684961438179,-0.022234933450818062,-0.7856330275535583,-0.010957401245832443,-0.3135065734386444,-0.533267617225647,0.0,1.19209286886246e-09,-0.02723044343292713,-0.9756391048431396,0.21938182413578033,0.0,0.0,2.38418573772492e-09,-1.19209286886246e-09,-0.031859468668699265,-0.9304361939430237,0.36645397543907166,0.0,0.0,0.0,-3.5762786065873797e-09,-0.023122519254684448,-1.0,-0.0,0.0,0.0,-0.012360505759716034,0.0032300001475960016,-0.016998957842588425,-0.9990482330322266,-0.0,-0.04361938685178757,0.0,-0.002149570034816861,-3.8927792047616094e-06,-0.06502974033355713,-0.7536427974700928,0.6572835445404053,-0.0007582500693388283,-0.0006613017758354545,0.0,0.0,-0.03691747412085533,-0.7071068286895752,0.7071068286895752,0.0,0.0,-2.38418573772492e-09,-2.98023217215615e-10,-0.02163529396057129,-0.9304175972938538,0.36650118231773376,0.0,0.0,0.0,2.98023217215615e-10,-0.01868978515267372,-1.0,-0.0,0.0,0.0,0.0,0.003969999961555004,-0.017509059980511665,-1.0,-0.0,0.0,0.0,0.0,4.611611075233668e-06,-0.0637909397482872,-0.8158170580863953,0.5783100724220276,0.0,0.0,0.0,2.98023217215615e-10,-0.04460655897855759,-0.6510797142982483,0.7590094208717346,0.0,0.0,0.0,-2.98023217215615e-10,-0.02347646653652191,-0.9401248097419739,0.34083035588264465,0.0,0.0,0.0,0.0,-0.019652195274829865,-1.0,-0.0,0.0,0.0,0.00711638480424881,0.0018999999156221747,-0.016959700733423233,-0.9961947202682495,-0.0,0.08715574443340302,0.0,-0.0005882382392883301,0.0,-0.060253534466028214,-0.8962910771369934,0.4433757960796356,-0.008022752590477467,-0.003982617985457182,1.19209286886246e-09,-1.490116086078075e-10,-0.04255415499210358,-0.6994573473930359,0.7146743535995483,0.0,0.0,-2.38418573772492e-09,0.0,-0.02208789810538292,-0.9163358807563782,0.4004104733467102,0.0,0.0,0.0,0.0,-0.017740869894623756,-1.0,-0.0,0.0,0.0,0.013503451831638813,-0.0037700000684708357,-0.014087309129536152,-0.9914448857307434,-0.0,0.13052619993686676,0.0,0.0048975334502756596,-3.847479547403054e-06,-0.05743739381432533,-0.8821573257446289,0.46999943256378174,0.018753450363874435,-0.02339470013976097,4.76837147544984e-09,-2.98023217215615e-10,-0.03276757150888443,-0.7475670576095581,0.6641863584518433,0.0,0.0,2.38418573772492e-09,0.0,-0.016709718853235245,-0.8661453127861023,0.4997922480106354,0.0,0.0,0.0,0.0,-0.01388302817940712,-1.0,-0.0,0.0,0.0
1782948474.149947,2026-07-01 19:27:54.149,17647.0,17647,left,0,1,three,1,0.0,0.003969999961555004,-0.04999999701976776,-1.0,-0.0,0.0,0.0,0.0,0.0,0.0,-1.0,-0.0,0.0,0.0,0.025476500391960144,-0.012044699862599373,-0.022234899923205376,-0.7777969241142273,-0.04056696221232414,0.3349505364894867,0.5302776098251343,-5.7220457705398076e-08,-4.3511388270189855e-08,-0.027230437844991684,-0.9794829487800598,0.2015271931886673,0.0,0.0,3.5762786065873797e-09,6.318092005130893e-08,-0.031859491020441055,-0.9394046068191528,0.34281036257743835,0.0,0.0,2.384185648907078e-08,0.0,-0.023122519254684448,-1.0,-0.0,0.0,0.0,0.012359999120235443,0.0032300001475960016,-0.017000000923871994,-0.9990482330322266,-0.0,0.04361938685178757,0.0,0.0021501504816114902,-3.890097104886081e-06,-0.06502876430749893,-0.7775142788887024,0.6288645267486572,0.000744841992855072,0.0006022567395120859,-9.53674295089968e-09,-9.53674295089968e-09,-0.036917347460985184,-0.7072903513908386,0.7069231867790222,0.0,0.0,-2.8610228852699038e-08,-2.98023217215615e-10,-0.0216355137526989,-0.9304627180099487,0.366386741399765,0.0,0.0,1.2636184010261786e-07,2.98023217215615e-10,-0.018689393997192383,-1.0,-0.0,0.0,0.0,0.0,0.003969999961555004,-0.01750910095870495,-1.0,-0.0,0.0,0.0,0.0,4.610121322912164e-06,-0.06379090249538422,-0.7941197156906128,0.6077613830566406,0.0,0.0,0.0,2.98023217215615e-10,-0.044606998562812805,-0.6454007625579834,0.7638441324234009,0.0,0.0,0.0,0.0,-0.023475991562008858,-0.9398254752159119,0.341654896736145,0.0,0.0,0.0,0.0,-0.019651994109153748,-1.0,-0.0,0.0,0.0,-0.00711638992652297,0.0018999999156221747,-0.016959700733423233,-0.9961947202682495,-0.0,-0.08715574443340302,0.0,0.0005882433033548295,0.0,-0.060253534466028214,-0.9505102038383484,0.3105720579624176,0.008245577104389668,0.002707395702600479,-1.1086464013487785e-07,-1.490116086078075e-10,-0.04255366697907448,-0.7656539678573608,0.6432526111602783,0.0,0.0,4.5299529460862686e-08,0.0,-0.022088106721639633,-0.9285956621170044,0.3710930645465851,0.0,0.0,-1.4305114426349519e-08,0.0,-0.017740696668624878,-1.0,-0.0,0.0,0.0,-0.013503500260412693,-0.0037700000684708357,-0.014087299816310406,-0.9914448857307434,-0.0,-0.13052619993686676,0.0,-0.004897483624517918,-3.8501621020259336e-06,-0.05743739381432533,-0.9485834836959839,0.3134722411632538,-0.030106371268630028,0.03190877288579941,5.4836270635405526e-08,-2.98023217215615e-10,-0.03276759013533592,-0.805675745010376,0.5923568606376648,0.0,0.0,-9.298324243900424e-08,0.0,-0.01670967973768711,-0.8976379632949829,0.4407336413860321,0.0,0.0,6.19888282926695e-08,0.0,-0.013883084990084171,-1.0,-0.0,0.0,0.0
1782948474.160609,2026-07-01 19:27:54.160,12043.0,12043,right,0,2,three,1,0.0,0.003969999961555004,-0.04999999701976776,-1.0,-0.0,0.0,0.0,0.0,0.0,0.0,-1.0,-0.0,0.0,0.0,-0.025476505979895592,-0.012044684961438179,-0.022234933450818062,-0.7809430360794067,0.006430695299059153,-0.32076403498649597,-0.5359076857566833,0.0,1.19209286886246e-09,-0.02723044343292713,-0.9692738652229309,0.24598431587219238,0.0,0.0,2.38418573772492e-09,-1.19209286886246e-09,-0.031859468668699265,-0.9161057472229004,0.40093687176704407,0.0,0.0,0.0,-3.5762786065873797e-09,-0.023122519254684448,-1.0,-0.0,0.0,0.0,-0.012360505759716034,0.0032300001475960016,-0.016998957842588425,-0.9990482330322266,-0.0,-0.04361938685178757,0.0,-0.002149570034816861,-3.8927792047616094e-06,-0.06502974033355713,-0.7621542811393738,0.6473943591117859,-0.0009095737477764487,-0.0007698615663684905,0.0,0.0,-0.03691747412085533,-0.7071228623390198,0.7070907950401306,0.0,0.0,-2.38418573772492e-09,-2.98023217215615e-10,-0.02163529396057129,-0.9304215312004089,0.3664911687374115,0.0,0.0,0.0,2.98023217215615e-10,-0.01868978515267372,-1.0,-0.0,0.0,0.0,0.0,0.003969999961555004,-0.017509059980511665,-1.0,-0.0,0.0,0.0,0.0,4.611611075233668e-06,-0.0637909397482872,-0.8168004751205444,0.5769202709197998,0.0,0.0,0.0,2.98023217215615e-10,-0.04460655897855759,-0.6515012979507446,0.7586475610733032,0.0,0.0,0.0,-2.98023217215615e-10,-0.02347646653652191,-0.940148115158081,0.34076616168022156,0.0,0.0,0.0,0.0,-0.019652195274829865,-1.0,-0.0,0.0,0.0,0.00711638480424881,0.0018999999156221747,-0.016959700733423233,-0.9961947202682495,-0.0,0.08715574443340302,0.0,-0.0005882382392883301,0.0,-0.060253534466028214,-0.8802120089530945,0.4744248390197754,-0.010708900168538094,-0.005771982949227095,1.19209286886246e-09,-1.490116086078075e-10,-0.04255415499210358,-0.6861404180526733,0.7274692058563232,0.0,0.0,-2.38418573772492e-09,0.0,-0.02208789810538292,-0.9139420986175537,0.40584468841552734,0.0,0.0,0.0,0.0,-0.017740869894623756,-1.0,-0.0,0.0,0.0,0.013503451831638813,-0.0037700000684708357,-0.014087309129536152,-0.9914448857307434,-0.0,0.13052619993686676,0.0,0.0048975334502756596,-3.847479547403054e-06,-0.05743739381432533,-0.8644152879714966,0.5019586086273193,0.013962743803858757,-0.02507873810827732,4.76837147544984e-09,-2.98023217215615e-10,-0.03276757150888443,-0.7378476858139038,0.6749672889709473,0.0,0.0,2.38418573772492e-09,0.0,-0.016709718853235245,-0.8605483174324036,0.5093687772750854,0.0,0.0,0.0,0.0,-0.01388302817940712,-1.0,-0.0,0.0,0.0
1782948474.355016,2026-07-01 19:27:54.355,17649.0,17649,left,0,1,three,1,0.0,0.003969999961555004,-0.04999999701976776,-1.0,-0.0,0.0,0.0,0.0,0.0,0.0,-1.0,-0.0,0.0,0.0,0.025476500391960144,-0.012044699862599373,-0.022234899923205376,-0.7683584094047546,-0.013952397741377354,0.3498835563659668,0.5357352495193481,-5.7220457705398076e-08,-4.3511388270189855e-08,-0.027230437844991684,-0.9693471193313599,0.2456952929496765,0.0,0.0,3.5762786065873797e-09,6.318092005130893e-08,-0.031859491020441055,-0.9162675738334656,0.40056678652763367,0.0,0.0,2.384185648907078e-08,0.0,-0.023122519254684448,-1.0,-0.0,0.0,0.0,0.012359999120235443,0.0032300001475960016,-0.017000000923871994,-0.9990482330322266,-0.0,0.04361938685178757,0.0,0.0021501504816114902,-3.890097104886081e-06,-0.06502876430749893,-0.802756667137146,0.596305251121521,0.0010721455328166485,0.0007961621740832925,-9.53674295089968e-09,-9.53674295089968e-09,-0.036917347460985184,-0.7101528644561768,0.7040475010871887,0.0,0.0,-2.8610228852699038e-08,-2.98023217215615e-10,-0.0216355137526989,-0.9311577081680298,0.36461660265922546,0.0,0.0,1.2636184010261786e-07,2.98023217215615e-10,-0.018689393997192383,-1.0,-0.0,0.0,0.0,0.0,0.003969999961555004,-0.01750910095870495,-1.0,-0.0,0.0,0.0,0.0,4.610121322912164e-06,-0.06379090249538422,-0.7736136317253113,0.6336576342582703,0.0,0.0,0.0,2.98023217215615e-10,-0.044606998562812805,-0.6428444385528564,0.7659968137741089,0.0,0.0,0.0,0.0,-0.023475991562008858,-0.9396954774856567,0.3420124053955078,0.0,0.0,0.0,0.0,-0.019651994109153748,-1.0,-0.0,0.0,0.0,-0.00711638992652297,0.0018999999156221747,-0.016959700733423233,-0.9961947202682495,-0.0,-0.08715574443340302,0.0,0.0005882433033548295,0.0,-0.060253534466028214,-0.9337260723114014,0.3577689230442047,0.011700918897986412,0.004485476762056351,-1.1086464013487785e-07,-1.490116086078075e-10,-0.04255366697907448,-0.7403535842895508,0.6722176671028137,0.0,0.0,4.5299529460862686e-08,0.0,-0.022088106721639633,-0.9238311052322388,0.38280048966407776,0.0,0.0,-1.4305114426349519e-08,0.0,-0.017740696668624878,-1.0,-0.0,0.0,0.0,-0.013503500260412693,-0.0037700000684708357,-0.014087299816310406,-0.9914448857307434,-0.0,-0.13052619993686676,0.0,-0.004897483624517918,-3.8501621020259336e-06,-0.05743739381432533,-0.9264469742774963,0.37407833337783813,-0.02371283248066902,0.034627966582775116,5.4836270635405526e-08,-2.98023217215615e-10,-0.03276759013533592,-0.7810912132263184,0.6244170069694519,0.0,0.0,-9.298324243900424e-08,0.0,-0.01670967973768711,-0.8847088813781738,0.466143935918808,0.0,0.0,6.19888282926695e-08,0.0,-0.013883084990084171,-1.0,-0.0,0.0,0.0
1782948474.3664243,2026-07-01 19:27:54.366,12055.0,12055,right,0,2,three,1,0.0,0.003969999961555004,-0.04999999701976776,-1.0,-0.0,0.0,0.0,0.0,0.0,0.0,-1.0,-0.0,0.0,0.0,-0.025476505979895592,-0.012044684961438179,-0.022234933450818062,-0.7958054542541504,-0.05626638978719711,-0.2961256504058838,-0.525202214717865,0.0,1.19209286886246e-09,-0.02723044343292713,-0.9883769154548645,0.15202346444129944,0.0,0.0,2.38418573772492e-09,-1.19209286886246e-09,-0.031859468668699265,-0.9619540572166443,0.2732115089893341,0.0,0.0,0.0,-3.5762786065873797e-09,-0.023122519254684448,-1.0,-0.0,0.0,0.0,-0.012360505759716034,0.0032300001475960016,-0.016998957842588425,-0.9990482330322266,-0.0,-0.04361938685178757,0.0,-0.002149570034816861,-3.8927792047616094e-06,-0.06502974033355713,-0.909946858882904,0.4146995544433594,-0.004209402482956648,-0.001811120193451643,0.0,0.0,-0.03691747412085533,-0.7620912194252014,0.6474696397781372,0.0,0.0,-2.38418573772492e-09,-2.98023217215615e-10,-0.02163529396057129,-0.9427613615989685,0.33346810936927795,0.0,0.0,0.0,2.98023217215615e-10,-0.01868978515267372,-1.0,-0.0,0.0,0.0,0.0,0.003969999961555004,-0.017509059980511665,-1.0,-0.0,0.0,0.0,0.0,4.611611075233668e-06,-0.0637909397482872,-0.9463775753974915,0.3230626583099365,0.0,0.0,0.0,2.98023217215615e-10,-0.04460655897855759,-0.7651957869529724,0.6437976360321045,0.0,0.0,0.0,-2.98023217215615e-10,-0.02347646653652191,-0.9481221437454224,0.3179062306880951,0.0,0.0,0.0,0.0,-0.019652195274829865,-1.0,-0.0,0.0,0.0,0.00711638480424881,0.0018999999156221747,-0.016959700733423233,-0.9961947202682495,-0.0,0.08715574443340302,0.0,-0.0005882382392883301,0.0,-0.060253534466028214,-0.8802120089530945,0.4744248390197754,-0.010708900168538094,-0.005771982949227095,1.19209286886246e-09,-1.490116086078075e-10,-0.04255415499210358,-0.6861404180526733,0.7274692058563232,0.0,0.0,-2.38418573772492e-09,0.0,-0.02208789810538292,-0.9139420986175537,0.40584468841552734,0.0,0.0,0.0,0.0,-0.017740869894623756,-1.0,-0.0,0.0,0.0,0.013503451831638813,-0.0037700000684708357,-0.014087309129536152,-0.9914448857307434,-0.0,0.13052619993686676,0.0,0.0048975334502756596,-3.847479547403054e-06,-0.05743739381432533,-0.8644152879714966,0.5019586086273193,0.013962743803858757,-0.02507873810827732,4.76837147544984e-09,-2.98023217215615e-10,-0.03276757150888443,-0.7378476858139038,0.6749672889709473,0.0,0.0,2.38418573772492e-09,0.0,-0.016709718853235245,-0.8605483174324036,0.5093687772750854,0.0,0.0,0.0,0.0,-0.01388302817940712,-1.0,-0.0,0.0,0.0
1782948474.5734758,2026-07-01 19:27:54.573,17650.0,17650,left,0,1,three,1,0.0,0.003969999961555004,-0.04999999701976776,-1.0,-0.0,0.0,0.0,0.0,0.0,0.0,-1.0,-0.0,0.0,0.0,0.025476500391960144,-0.012044699862599373,-0.022234899923205376,-0.7675483822822571,-0.01166484970599413,0.35107284784317017,0.5361728668212891,-5.7220457705398076e-08,-4.3511388270189855e-08,-0.027230437844991684,-0.9683873653411865,0.24945135414600372,0.0,0.0,3.5762786065873797e-09,6.318092005130893e-08,-0.031859491020441055,-0.9141625761985779,0.4053478240966797,0.0,0.0,2.384185648907078e-08,0.0,-0.023122519254684448,-1.0,-0.0,0.0,0.0,0.012359999120235443,0.0032300001475960016,-0.017000000923871994,-0.9990482330322266,-0.0,0.04361938685178757,0.0,0.0021501504816114902,-3.890097104886081e-06,-0.06502876430749893,-0.834666907787323,0.5507519841194153,0.001542694284580648,0.0010169163579121232,-9.53674295089968e-09,-9.53674295089968e-09,-0.036917347460985184,-0.7181856036186218,0.6958516240119934,0.0,0.0,-2.8610228852699038e-08,-2.98023217215615e-10,-0.0216355137526989,-0.9330669045448303,0.3597029149532318,0.0,0.0,1.2636184010261786e-07,2.98023217215615e-10,-0.018689393997192383,-1.0,-0.0,0.0,0.0,0.0,0.003969999961555004,-0.01750910095870495,-1.0,-0.0,0.0,0.0,0.0,4.610121322912164e-06,-0.06379090249538422,-0.790489137172699,0.6124759912490845,0.0,0.0,0.0,2.98023217215615e-10,-0.044606998562812805,-0.6447394490242004,0.764402449131012,0.0,0.0,0.0,0.0,-0.023475991562008858,-0.9397913813591003,0.34174880385398865,0.0,0.0,0.0,0.0,-0.019651994109153748,-1.0,-0.0,0.0,0.0,-0.00711638992652297,0.0018999999156221747,-0.016959700733423233,-0.9961947202682495,-0.0,-0.08715574443340302,0.0,0.0005882433033548295,0.0,-0.060253534466028214,-0.9186310172080994,0.3948095142841339,0.01430874690413475,0.006149617489427328,-1.1086464013487785e-07,-1.490116086078075e-10,-0.04255366697907448,-0.7218470573425293,0.6920526623725891,0.0,0.0,4.5299529460862686e-08,0.0,-0.022088106721639633,-0.92041015625,0.39095425605773926,0.0,0.0,-1.4305114426349519e-08,0.0,-0.017740696668624878,-1.0,-0.0,0.0,0.0,-0.013503500260412693,-0.0037700000684708357,-0.014087299816310406,-0.9914448857307434,-0.0,-0.13052619993686676,0.0,-0.004897483624517918,-3.8501621020259336e-06,-0.05743739381432533,-0.9112705588340759,0.4097752571105957,-0.019419780001044273,0.03595983609557152,5.4836270635405526e-08,-2.98023217215615e-10,-0.03276759013533592,-0.7678443789482117,0.6406363844871521,0.0,0.0,-9.298324243900424e-08,0.0,-0.01670967973768711,-0.8775126338005066,0.47955358028411865,0.0,0.0,6.19888282926695e-08,0.0,-0.013883084990084171,-1.0,-0.0,0.0,0.0
1782948474.5753052,2026-07-01 19:27:54.575,12067.0,12067,right,0,2,three,1,0.0,0.003969999961555004,-0.04999999701976776,-1.0,-0.0,0.0,0.0,0.0,0.0,0.0,-1.0,-0.0,0.0,0.0,-0.025476505979895592,-0.012044684961438179,-0.022234933450818062,-0.7937089800834656,-0.04612113535404205,-0.3000614643096924,-0.5271262526512146,0.0,1.19209286886246e-09,-0.02723044343292713,-0.9859306216239929,0.16715490818023682,0.0,0.0,2.38418573772492e-09,-1.19209286886246e-09,-0.031859468668699265,-0.9557877779006958,0.29405757784843445,0.0,0.0,0.0,-3.5762786065873797e-09,-0.023122519254684448,-1.0,-0.0,0.0,0.0,-0.012360505759716034,0.0032300001475960016,-0.016998957842588425,-0.9990482330322266,-0.0,-0.04361938685178757,0.0,-0.002149570034816861,-3.8927792047616094e-06,-0.06502974033355713,-0.9999619722366333,0.0001002704375423491,-0.008722439408302307,-8.72617533786979e-07,0.0,0.0,-0.03691747412085533,-0.9982661604881287,0.058861881494522095,0.0,0.0,-2.38418573772492e-09,-2.98023217215615e-10,-0.02163529396057129,-0.9979245662689209,0.06439458578824997,0.0,0.0,0.0,2.98023217215615e-10,-0.01868978515267372,-1.0,-0.0,0.0,0.0,0.0,0.003969999961555004,-0.017509059980511665,-1.0,-0.0,0.0,0.0,0.0,4.611611075233668e-06,-0.0637909397482872,-0.9999691247940063,0.007861020043492317,0.0,0.0,0.0,2.98023217215615e-10,-0.04460655897855759,-0.9908026456832886,0.13531476259231567,0.0,0.0,0.0,-2.98023217215615e-10,-0.02347646653652191,-0.9875863790512085,0.1570768803358078,0.0,0.0,0.0,0.0,-0.019652195274829865,-1.0,-0.0,0.0,0.0,0.00711638480424881,0.0018999999156221747,-0.016959700733423233,-0.9961947202682495,-0.0,0.08715574443340302,0.0,-0.0005882382392883301,0.0,-0.060253534466028214,-0.8775925636291504,0.47923946380615234,-0.011131755076348782,-0.006082122214138508,1.19209286886246e-09,-1.490116086078075e-10,-0.04255415499210358,-0.6841956973075867,0.72929847240448,0.0,0.0,-2.38418573772492e-09,0.0,-0.02208789810538292,-0.9135946035385132,0.40662628412246704,0.0,0.0,0.0,0.0,-0.017740869894623756,-1.0,-0.0,0.0,0.0,0.013503451831638813,-0.0037700000684708357,-0.014087309129536152,-0.9914448857307434,-0.0,0.13052619993686676,0.0,0.0048975334502756596,-3.847479547403054e-06,-0.05743739381432533,-0.8672820925712585,0.49697932600975037,0.014750510454177856,-0.024815915152430534,4.76837147544984e-09,-2.98023217215615e-10,-0.03276757150888443,-0.7392995357513428,0.673376739025116,0.0,0.0,2.38418573772492e-09,0.0,-0.016709718853235245,-0.8613921403884888,0.5079405903816223,0.0,0.0,0.0,0.0,-0.01388302817940712,-1.0,-0.0,0.0,0.0
1782948474.7908561,2026-07-01 19:27:54.790,17652.0,17652,left,0,1,three,1,0.0,0.003969999961555004,-0.04999999701976776,-1.0,-0.0,0.0,0.0,0.0,0.0,0.0,-1.0,-0.0,0.0,0.0,0.025476500391960144,-0.012044699862599373,-0.022234899923205376,-0.7898000478744507,-0.07584299892187119,0.31279441714286804,0.522133469581604,-5.7220457705398076e-08,-4.3511388270189855e-08,-0.027230437844991684,-0.9898810386657715,0.1418999582529068,0.0,0.0,3.5762786065873797e-09,6.318092005130893e-08,-0.031859491020441055,-0.9666138291358948,0.2562374472618103,0.0,0.0,2.384185648907078e-08,0.0,-0.023122519254684448,-1.0,-0.0,0.0,0.0,0.012359999120235443,0.0032300001475960016,-0.017000000923871994,-0.9990482330322266,-0.0,0.04361938685178757,0.0,0.0021501504816114902,-3.890097104886081e-06,-0.06502876430749893,-0.9635704755783081,0.2674109935760498,0.004655038006603718,0.0012366704177111387,-9.53674295089968e-09,-9.53674295089968e-09,-0.036917347460985184,-0.8208205699920654,0.5711861252784729,0.0,0.0,-2.8610228852699038e-08,-2.98023217215615e-10,-0.0216355137526989,-0.9549724459648132,0.29669463634490967,0.0,0.0,1.2636184010261786e-07,2.98023217215615e-10,-0.018689393997192383,-1.0,-0.0,0.0,0.0,0.0,0.003969999961555004,-0.01750910095870495,-1.0,-0.0,0.0,0.0,0.0,4.610121322912164e-06,-0.06379090249538422,-0.9534379839897156,0.30158907175064087,0.0,0.0,0.0,2.98023217215615e-10,-0.044606998562812805,-0.7763375043869019,0.6303173899650574,0.0,0.0,0.0,0.0,-0.023475991562008858,-0.9489791989326477,0.31533870100975037,0.0,0.0,0.0,0.0,-0.019651994109153748,-1.0,-0.0,0.0,0.0,-0.00711638992652297,0.0018999999156221747,-0.016959700733423233,-0.9961947202682495,-0.0,-0.08715574443340302,0.0,0.0005882433033548295,0.0,-0.060253534466028214,-0.9250234365463257,0.37964004278182983,0.013252373784780502,0.0054389238357543945,-1.1086464013487785e-07,-1.490116086078075e-10,-0.04255366697907448,-0.7292842864990234,0.6842108964920044,0.0,0.0,4.5299529460862686e-08,0.0,-0.022088106721639633,-0.9217788577079773,0.3877161741256714,0.0,0.0,-1.4305114426349519e-08,0.0,-0.017740696668624878,-1.0,-0.0,0.0,0.0,-0.013503500260412693,-0.0037700000684708357,-0.014087299816310406,-0.9914448857307434,-0.0,-0.13052619993686676,0.0,-0.004897483624517918,-3.8501621020259336e-06,-0.05743739381432533,-0.9112705588340759,0.4097752571105957,-0.019419780001044273,0.03595983609557152,5.4836270635405526e-08,-2.98023217215615e-10,-0.03276759013533592,-0.7678443789482117,0.6406363844871521,0.0,0.0,-9.298324243900424e-08,0.0,-0.01670967973768711,-0.8775126338005066,0.47955358028411865,0.0,0.0,6.19888282926695e-08,0.0,-0.013883084990084171,-1.0,-0.0,0.0,0.0
1782948474.7924178,2026-07-01 19:27:54.792,12080.0,12080,right,0,2,three,1,0.0,0.003969999961555004,-0.04999999701976776,-1.0,-0.0,0.0,0.0,0.0,0.0,0.0,-1.0,-0.0,0.0,0.0,-0.025476505979895592,-0.012044684961438179,-0.022234933450818062,-0.7802993059158325,0.008657729253172874,-0.3217393159866333,-0.5362293124198914,0.0,1.19209286886246e-09,-0.02723044343292713,-0.9683873057365417,0.2494514286518097,0.0,0.0,2.38418573772492e-09,-1.19209286886246e-09,-0.031859468668699265,-0.9141634702682495,0.40534576773643494,0.0,0.0,0.0,-3.5762786065873797e-09,-0.023122519254684448,-1.0,-0.0,0.0,0.0,-0.012360505759716034,0.0032300001475960016,-0.016998957842588425,-0.9990482330322266,-0.0,-0.04361938685178757,0.0,-0.002149570034816861,-3.8927792047616094e-06,-0.06502974033355713,-0.9999619722366333,-0.0,-0.008726464584469795,0.0,0.0,0.0,-0.03691747412085533,-0.9991405606269836,0.04145072400569916,0.0,0.0,-2.38418573772492e-09,-2.98023217215615e-10,-0.02163529396057129,-0.9989849328994751,0.045045435428619385,0.0,0.0,0.0,2.98023217215615e-10,-0.01868978515267372,-1.0,-0.0,0.0,0.0,0.0,0.003969999961555004,-0.017509059980511665,-1.0,-0.0,0.0,0.0,0.0,4.611611075233668e-06,-0.0637909397482872,-1.0,-0.0,0.0,0.0,0.0,2.98023217215615e-10,-0.04460655897855759,-0.998541533946991,0.053989339619874954,0.0,0.0,0.0,-2.98023217215615e-10,-0.02347646653652191,-0.9969916939735413,0.07750856876373291,0.0,0.0,0.0,0.0,-0.019652195274829865,-1.0,-0.0,0.0,0.0,0.00711638480424881,0.0018999999156221747,-0.016959700733423233,-0.9961947202682495,-0.0,0.08715574443340302,0.0,-0.0005882382392883301,0.0,-0.060253534466028214,-0.8614658117294312,0.5075685977935791,-0.013640876859426498,-0.008043712936341763,1.19209286886246e-09,-1.490116086078075e-10,-0.04255415499210358,-0.6732122898101807,0.7394492626190186,0.0,0.0,-2.38418573772492e-09,0.0,-0.02208789810538292,-0.9116401076316833,0.4109894037246704,0.0,0.0,0.0,0.0,-0.017740869894623756,-1.0,-0.0,0.0,0.0,0.013503451831638813,-0.0037700000684708357,-0.014087309129536152,-0.9914448857307434,-0.0,0.13052619993686676,0.0,0.0048975334502756596,-3.847479547403054e-06,-0.05743739381432533,-0.8644152879714966,0.5019586086273193,0.013962743803858757,-0.02507873810827732,4.76837147544984e-09,-2.98023217215615e-10,-0.03276757150888443,-0.7378476858139038,0.6749672889709473,0.0,0.0,2.38418573772492e-09,0.0,-0.016709718853235245,-0.8605483174324036,0.5093687772750854,0.0,0.0,0.0,0.0,-0.01388302817940712,-1.0,-0.0,0.0,0.0
1782948474.9973974,2026-07-01 19:27:54.997,12092.0,12092,right,0,2,three,1,0.0,0.003969999961555004,-0.04999999701976776,-1.0,-0.0,0.0,0.0,0.0,0.0,0.0,-1.0,-0.0,0.0,0.0,-0.025476505979895592,-0.012044684961438179,-0.022234933450818062,-0.7787183523178101,0.014014923945069313,-0.3241046071052551,-0.5369893312454224,0.0,1.19209286886246e-09,-0.02723044343292713,-0.9661938548088074,0.25781673192977905,0.0,0.0,2.38418573772492e-09,-1.19209286886246e-09,-0.031859468668699265,-0.9093972444534302,0.4159286916255951,0.0,0.0,0.0,-3.5762786065873797e-09,-0.023122519254684448,-1.0,-0.0,0.0,0.0,-0.012360505759716034,0.0032300001475960016,-0.016998957842588425,-0.9990482330322266,-0.0,-0.04361938685178757,0.0,-0.002149570034816861,-3.8927792047616094e-06,-0.06502974033355713,-0.9999619722366333,-0.0,-0.008726464584469795,0.0,0.0,0.0,-0.03691747412085533,-0.9991405606269836,0.04145072400569916,0.0,0.0,-2.38418573772492e-09,-2.98023217215615e-10,-0.02163529396057129,-0.9989849328994751,0.045045435428619385,0.0,0.0,0.0,2.98023217215615e-10,-0.01868978515267372,-1.0,-0.0,0.0,0.0,0.0,0.003969999961555004,-0.017509059980511665,-1.0,-0.0,0.0,0.0,0.0,4.611611075233668e-06,-0.0637909397482872,-1.0,-0.0,0.0,0.0,0.0,2.98023217215615e-10,-0.04460655897855759,-0.9987601637840271,0.049780797213315964,0.0,0.0,0.0,-2.98023217215615e-10,-0.02347646653652191,-0.9974532127380371,0.07132436335086823,0.0,0.0,0.0,0.0,-0.019652195274829865,-1.0,-0.0,0.0,0.0,0.00711638480424881,0.0018999999156221747,-0.016959700733423233,-0.9961947202682495,-0.0,0.08715574443340302,0.0,-0.0005882382392883301,0.0,-0.060253534466028214,-0.8531762361526489,0.5213316679000854,-0.014870231039822102,-0.009086426347494125,1.19209286886246e-09,-1.490116086078075e-10,-0.04255415499210358,-0.668202817440033,0.7439792156219482,0.0,0.0,-2.38418573772492e-09,0.0,-0.02208789810538292,-0.9107533693313599,0.4129508435726166,0.0,0.0,0.0,0.0,-0.017740869894623756,-1.0,-0.0,0.0,0.0,0.013503451831638813,-0.0037700000684708357,-0.014087309129536152,-0.9914448857307434,-0.0,0.13052619993686676,0.0,0.0048975334502756596,-3.847479547403054e-06,-0.05743739381432533,-0.8644152879714966,0.5019586086273193,0.013962743803858757,-0.02507873810827732,4.76837147544984e-09,-2.98023217215615e-10,-0.03276757150888443,-0.7378476858139038,0.6749672889709473,0.0,0.0,2.38418573772492e-09,0.0,-0.016709718853235245,-0.8605483174324036,0.5093687772750854,0.0,0.0,0.0,0.0,-0.01388302817940712,-1.0,-0.0,0.0,0.0
1782948475.009583,2026-07-01 19:27:55.009,17654.0,17654,left,0,1,three,1,0.0,0.003969999961555004,-0.04999999701976776,-1.0,-0.0,0.0,0.0,0.0,0.0,0.0,-1.0,-0.0,0.0,0.0,0.025476500391960144,-0.012044699862599373,-0.022234899923205376,-0.782573401927948,-0.05435908958315849,0.3266098201274872,0.5272096395492554,-5.7220457705398076e-08,-4.3511388270189855e-08,-0.027230437844991684,-0.9839663505554199,0.17835408449172974,0.0,0.0,3.5762786065873797e-09,6.318092005130893e-08,-0.031859491020441055,-0.9501778483390808,0.31170833110809326,0.0,0.0,2.384185648907078e-08,0.0,-0.023122519254684448,-1.0,-0.0,0.0,0.0,0.012359999120235443,0.0032300001475960016,-0.017000000923871994,-0.9990482330322266,-0.0,0.04361938685178757,0.0,0.0021501504816114902,-3.890097104886081e-06,-0.06502876430749893,-0.9999619722366333,-0.0,0.008726557716727257,0.0,-9.53674295089968e-09,-9.53674295089968e-09,-0.036917347460985184,-0.9993493556976318,0.0360686257481575,0.0,0.0,-2.8610228852699038e-08,-2.98023217215615e-10,-0.0216355137526989,-0.999281644821167,0.037897396832704544,0.0,0.0,1.2636184010261786e-07,2.98023217215615e-10,-0.018689393997192383,-1.0,-0.0,0.0,0.0,0.0,0.003969999961555004,-0.01750910095870495,-1.0,-0.0,0.0,0.0,0.0,4.610121322912164e-06,-0.06379090249538422,-1.0,-0.0,0.0,0.0,0.0,2.98023217215615e-10,-0.044606998562812805,-0.9969522953033447,0.07801320403814316,0.0,0.0,0.0,0.0,-0.023475991562008858,-0.9943301677703857,0.10633689910173416,0.0,0.0,0.0,0.0,-0.019651994109153748,-1.0,-0.0,0.0,0.0,-0.00711638992652297,0.0018999999156221747,-0.016959700733423233,-0.9961947202682495,-0.0,-0.08715574443340302,0.0,0.0005882433033548295,0.0,-0.060253534466028214,-0.9250234365463257,0.37964004278182983,0.013252373784780502,0.0054389238357543945,-1.1086464013487785e-07,-1.490116086078075e-10,-0.04255366697907448,-0.7292842864990234,0.6842108964920044,0.0,0.0,4.5299529460862686e-08,0.0,-0.022088106721639633,-0.9217788577079773,0.3877161741256714,0.0,0.0,-1.4305114426349519e-08,0.0,-0.017740696668624878,-1.0,-0.0,0.0,0.0,-0.013503500260412693,-0.0037700000684708357,-0.014087299816310406,-0.9914448857307434,-0.0,-0.13052619993686676,0.0,-0.004897483624517918,-3.8501621020259336e-06,-0.05743739381432533,-0.9065096974372864,0.42023229598999023,-0.01808049902319908,0.036306750029325485,5.4836270635405526e-08,-2.98023217215615e-10,-0.03276759013533592,-0.764145016670227,0.6450445652008057,0.0,0.0,-9.298324243900424e-08,0.0,-0.01670967973768711,-0.8754711151123047,0.4832705557346344,0.0,0.0,6.19888282926695e-08,0.0,-0.013883084990084171,-1.0,-0.0,0.0,0.0
1782948475.2157571,2026-07-01 19:27:55.215,17656.0,17656,left,0,1,three,1,0.0,0.003969999961555004,-0.04999999701976776,-1.0,-0.0,0.0,0.0,0.0,0.0,0.0,-1.0,-0.0,0.0,0.0,0.025476500391960144,-0.012044699862599373,-0.022234899923205376,-0.7773033380508423,-0.03922531381249428,0.33579376339912415,0.5305689573287964,-5.7220457705398076e-08,-4.3511388270189855e-08,-0.027230437844991684,-0.9790163040161133,0.20378200709819794,0.0,0.0,3.5762786065873797e-09,6.318092005130893e-08,-0.031859491020441055,-0.9382843375205994,0.345864862203598,0.0,0.0,2.384185648907078e-08,0.0,-0.023122519254684448,-1.0,-0.0,0.0,0.0,0.012359999120235443,0.0032300001475960016,-0.017000000923871994,-0.9990482330322266,-0.0,0.04361938685178757,0.0,0.0021501504816114902,-3.890097104886081e-06,-0.06502876430749893,-0.9999619722366333,-0.0,0.008726557716727257,0.0,-9.53674295089968e-09,-9.53674295089968e-09,-0.036917347460985184,-0.9993493556976318,0.0360686257481575,0.0,0.0,-2.8610228852699038e-08,-2.98023217215615e-10,-0.0216355137526989,-0.999281644821167,0.037897396832704544,0.0,0.0,1.2636184010261786e-07,2.98023217215615e-10,-0.018689393997192383,-1.0,-0.0,0.0,0.0,0.0,0.003969999961555004,-0.01750910095870495,-1.0,-0.0,0.0,0.0,0.0,4.610121322912164e-06,-0.06379090249538422,-1.0,-0.0,0.0,0.0,0.0,2.98023217215615e-10,-0.044606998562812805,-0.9993282556533813,0.036646850407123566,0.0,0.0,0.0,0.0,-0.023475991562008858,-0.9987035393714905,0.050904761999845505,0.0,0.0,0.0,0.0,-0.019651994109153748,-1.0,-0.0,0.0,0.0,-0.00711638992652297,0.0018999999156221747,-0.016959700733423233,-0.9961947202682495,-0.0,-0.08715574443340302,0.0,0.0005882433033548295,0.0,-0.060253534466028214,-0.9250234365463257,0.37964004278182983,0.013252373784780502,0.0054389238357543945,-1.1086464013487785e-07,-1.490116086078075e-10,-0.04255366697907448,-0.7292842864990234,0.6842108964920044,0.0,0.0,4.5299529460862686e-08,0.0,-0.022088106721639633,-0.9217788577079773,0.3877161741256714,0.0,0.0,-1.4305114426349519e-08,0.0,-0.017740696668624878,-1.0,-0.0,0.0,0.0,-0.013503500260412693,-0.0037700000684708357,-0.014087299816310406,-0.9914448857307434,-0.0,-0.13052619993686676,0.0,-0.004897483624517918,-3.8501621020259336e-06,-0.05743739381432533,-0.9040777683258057,0.42545321583747864,-0.017398124560713768,0.03647270426154137,5.4836270635405526e-08,-2.98023217215615e-10,-0.03276759013533592,-0.7623261213302612,0.6471930742263794,0.0,0.0,-9.298324243900424e-08,0.0,-0.01670967973768711,-0.874462366104126,0.48509344458580017,0.0,0.0,6.19888282926695e-08,0.0,-0.013883084990084171,-1.0,-0.0,0.0,0.0
1782948475.2159805,2026-07-01 19:27:55.215,12106.0,12106,right,0,2,three,1,0.0,0.003969999961555004,-0.04999999701976776,-1.0,-0.0,0.0,0.0,0.0,0.0,0.0,-1.0,-0.0,0.0,0.0,-0.025476505979895592,-0.012044684961438179,-0.022234933450818062,-0.7785525321960449,0.014565348625183105,-0.32435110211372375,-0.5370663404464722,0.0,1.19209286886246e-09,-0.02723044343292713,-0.9659628868103027,0.2586807906627655,0.0,0.0,2.38418573772492e-09,-1.19209286886246e-09,-0.031859468668699265,-0.9088994860649109,0.4170152544975281,0.0,0.0,0.0,-3.5762786065873797e-09,-0.023122519254684448,-1.0,-0.0,0.0,0.0,-0.012360505759716034,0.0032300001475960016,-0.016998957842588425,-0.9990482330322266,-0.0,-0.04361938685178757,0.0,-0.002149570034816861,-3.8927792047616094e-06,-0.06502974033355713,-0.9999619722366333,-0.0,-0.008726464584469795,0.0,0.0,0.0,-0.03691747412085533,-0.9991405606269836,0.04145072400569916,0.0,0.0,-2.38418573772492e-09,-2.98023217215615e-10,-0.02163529396057129,-0.9989849328994751,0.045045435428619385,0.0,0.0,0.0,2.98023217215615e-10,-0.01868978515267372,-1.0,-0.0,0.0,0.0,0.0,0.003969999961555004,-0.017509059980511665,-1.0,-0.0,0.0,0.0,0.0,4.611611075233668e-06,-0.0637909397482872,-1.0,-0.0,0.0,0.0,0.0,2.98023217215615e-10,-0.04460655897855759,-0.9987601637840271,0.049780797213315964,0.0,0.0,0.0,-2.98023217215615e-10,-0.02347646653652191,-0.9974532127380371,0.07132436335086823,0.0,0.0,0.0,0.0,-0.019652195274829865,-1.0,-0.0,0.0,0.0,0.00711638480424881,0.0018999999156221747,-0.016959700733423233,-0.9961947202682495,-0.0,0.08715574443340302,0.0,-0.0005882382392883301,0.0,-0.060253534466028214,-0.8531762361526489,0.5213316679000854,-0.014870231039822102,-0.009086426347494125,1.19209286886246e-09,-1.490116086078075e-10,-0.04255415499210358,-0.668202817440033,0.7439792156219482,0.0,0.0,-2.38418573772492e-09,0.0,-0.02208789810538292,-0.9107533693313599,0.4129508435726166,0.0,0.0,0.0,0.0,-0.017740869894623756,-1.0,-0.0,0.0,0.0,0.013503451831638813,-0.0037700000684708357,-0.014087309129536152,-0.9914448857307434,-0.0,0.13052619993686676,0.0,0.0048975334502756596,-3.847479547403054e-06,-0.05743739381432533,-0.8644152879714966,0.5019586086273193,0.013962743803858757,-0.02507873810827732,4.76837147544984e-09,-2.98023217215615e-10,-0.03276757150888443,-0.7378476858139038,0.6749672889709473,0.0,0.0,2.38418573772492e-09,0.0,-0.016709718853235245,-0.8605483174324036,0.5093687772750854,0.0,0.0,0.0,0.0,-0.01388302817940712,-1.0,-0.0,0.0,0.0
1782948475.4186478,2026-07-01 19:27:55.418,17657.0,17657,left,0,1,three,1,0.0,0.003969999961555004,-0.04999999701976776,-1.0,-0.0,0.0,0.0,0.0,0.0,0.0,-1.0,-0.0,0.0,0.0,0.025476500391960144,-0.012044699862599373,-0.022234899923205376,-0.7770615220069885,-0.03853602707386017,0.3361985683441162,0.5307173728942871,-5.7220457705398076e-08,-4.3511388270189855e-08,-0.027230437844991684,-0.9787757396697998,0.20493441820144653,0.0,0.0,3.5762786065873797e-09,6.318092005130893e-08,-0.031859491020441055,-0.9377182126045227,0.3473969101905823,0.0,0.0,2.384185648907078e-08,0.0,-0.023122519254684448,-1.0,-0.0,0.0,0.0,0.012359999120235443,0.0032300001475960016,-0.017000000923871994,-0.9990482330322266,-0.0,0.04361938685178757,0.0,0.0021501504816114902,-3.890097104886081e-06,-0.06502876430749893,-0.9999619722366333,-0.0,0.008726557716727257,0.0,-9.53674295089968e-09,-9.53674295089968e-09,-0.036917347460985184,-0.9993493556976318,0.0360686257481575,0.0,0.0,-2.8610228852699038e-08,-2.98023217215615e-10,-0.0216355137526989,-0.999281644821167,0.037897396832704544,0.0,0.0,1.2636184010261786e-07,2.98023217215615e-10,-0.018689393997192383,-1.0,-0.0,0.0,0.0,0.0,0.003969999961555004,-0.01750910095870495,-1.0,-0.0,0.0,0.0,0.0,4.610121322912164e-06,-0.06379090249538422,-1.0,-0.0,0.0,0.0,0.0,2.98023217215615e-10,-0.044606998562812805,-0.9993282556533813,0.036646850407123566,0.0,0.0,0.0,0.0,-0.023475991562008858,-0.9987035393714905,0.050904761999845505,0.0,0.0,0.0,0.0,-0.019651994109153748,-1.0,-0.0,0.0,0.0,-0.00711638992652297,0.0018999999156221747,-0.016959700733423233,-0.9961947202682495,-0.0,-0.08715574443340302,0.0,0.0005882433033548295,0.0,-0.060253534466028214,-0.9250234365463257,0.37964004278182983,0.013252373784780502,0.0054389238357543945,-1.1086464013487785e-07,-1.490116086078075e-10,-0.04255366697907448,-0.7292842864990234,0.6842108964920044,0.0,0.0,4.5299529460862686e-08,0.0,-0.022088106721639633,-0.9217788577079773,0.3877161741256714,0.0,0.0,-1.4305114426349519e-08,0.0,-0.017740696668624878,-1.0,-0.0,0.0,0.0,-0.013503500260412693,-0.0037700000684708357,-0.014087299816310406,-0.9914448857307434,-0.0,-0.13052619993686676,0.0,-0.004897483624517918,-3.8501621020259336e-06,-0.05743739381432533,-0.9040777683258057,0.42545321583747864,-0.017398124560713768,0.03647270426154137,5.4836270635405526e-08,-2.98023217215615e-10,-0.03276759013533592,-0.7623261213302612,0.6471930742263794,0.0,0.0,-9.298324243900424e-08,0.0,-0.01670967973768711,-0.874462366104126,0.48509344458580017,0.0,0.0,6.19888282926695e-08,0.0,-0.013883084990084171,-1.0,-0.0,0.0,0.0
1782948475.4304602,2026-07-01 19:27:55.430,12117.0,12117,right,0,2,three,1,0.0,0.003969999961555004,-0.04999999701976776,-1.0,-0.0,0.0,0.0,0.0,0.0,0.0,-1.0,-0.0,0.0,0.0,-0.025476505979895592,-0.012044684961438179,-0.022234933450818062,-0.7785525321960449,0.014565348625183105,-0.32435110211372375,-0.5370663404464722,0.0,1.19209286886246e-09,-0.02723044343292713,-0.9659628868103027,0.2586807906627655,0.0,0.0,2.38418573772492e-09,-1.19209286886246e-09,-0.031859468668699265,-0.9088994860649109,0.4170152544975281,0.0,0.0,0.0,-3.5762786065873797e-09,-0.023122519254684448,-1.0,-0.0,0.0,0.0,-0.012360505759716034,0.0032300001475960016,-0.016998957842588425,-0.9990482330322266,-0.0,-0.04361938685178757,0.0,-0.002149570034816861,-3.8927792047616094e-06,-0.06502974033355713,-0.9999619722366333,-0.0,-0.008726464584469795,0.0,0.0,0.0,-0.03691747412085533,-0.9991405606269836,0.04145072400569916,0.0,0.0,-2.38418573772492e-09,-2.98023217215615e-10,-0.02163529396057129,-0.9989849328994751,0.045045435428619385,0.0,0.0,0.0,2.98023217215615e-10,-0.01868978515267372,-1.0,-0.0,0.0,0.0,0.0,0.003969999961555004,-0.017509059980511665,-1.0,-0.0,0.0,0.0,0.0,4.611611075233668e-06,-0.0637909397482872,-1.0,-0.0,0.0,0.0,0.0,2.98023217215615e-10,-0.04460655897855759,-0.9987601637840271,0.049780797213315964,0.0,0.0,0.0,-2.98023217215615e-10,-0.02347646653652191,-0.9974532127380371,0.07132436335086823,0.0,0.0,0.0,0.0,-0.019652195274829865,-1.0,-0.0,0.0,0.0,0.00711638480424881,0.0018999999156221747,-0.016959700733423233,-0.9961947202682495,-0.0,0.08715574443340302,0.0,-0.0005882382392883301,0.0,-0.060253534466028214,-0.8790898323059082,0.47649115324020386,-0.010912379249930382,-0.0061706798151135445,1.19209286886246e-09,-1.490116086078075e-10,-0.04255415499210358,-0.6867645978927612,0.7268798351287842,0.0,0.0,-2.38418573772492e-09,0.0,-0.02208789810538292,-0.9140654802322388,0.4055666923522949,0.0,0.0,0.0,0.0,-0.017740869894623756,-1.0,-0.0,0.0,0.0,0.013503451831638813,-0.0037700000684708357,-0.014087309129536152,-0.9914448857307434,-0.0,0.13052619993686676,0.0,0.0048975334502756596,-3.847479547403054e-06,-0.05743739381432533,-0.9108219146728516,0.4114932119846344,0.025395991280674934,-0.020781055092811584,4.76837147544984e-09,-2.98023217215615e-10,-0.03276757150888443,-0.7696089148521423,0.6385155916213989,0.0,0.0,2.38418573772492e-09,0.0,-0.016709718853235245,-0.8782234191894531,0.47825074195861816,0.0,0.0,0.0,0.0,-0.01388302817940712,-1.0,-0.0,0.0,0.0
1782948475.6217926,2026-07-01 19:27:55.621,17659.0,17659,left,0,1,three,1,0.0,0.003969999961555004,-0.04999999701976776,-1.0,-0.0,0.0,0.0,0.0,0.0,0.0,-1.0,-0.0,0.0,0.0,0.025476500391960144,-0.012044699862599373,-0.022234899923205376,-0.778266966342926,-0.041976820677518845,0.3341677188873291,0.5299721956253052,-5.7220457705398076e-08,-4.3511388270189855e-08,-0.027230437844991684,-0.9799636006355286,0.19917695224285126,0.0,0.0,3.5762786065873797e-09,6.318092005130893e-08,-0.031859491020441055,-0.9405229687690735,0.3397301435470581,0.0,0.0,2.384185648907078e-08,0.0,-0.023122519254684448,-1.0,-0.0,0.0,0.0,0.012359999120235443,0.0032300001475960016,-0.017000000923871994,-0.9990482330322266,-0.0,0.04361938685178757,0.0,0.0021501504816114902,-3.890097104886081e-06,-0.06502876430749893,-0.9999619722366333,-0.0,0.008726557716727257,0.0,-9.53674295089968e-09,-9.53674295089968e-09,-0.036917347460985184,-0.9993493556976318,0.0360686257481575,0.0,0.0,-2.8610228852699038e-08,-2.98023217215615e-10,-0.0216355137526989,-0.999281644821167,0.037897396832704544,0.0,0.0,1.2636184010261786e-07,2.98023217215615e-10,-0.018689393997192383,-1.0,-0.0,0.0,0.0,0.0,0.003969999961555004,-0.01750910095870495,-1.0,-0.0,0.0,0.0,0.0,4.610121322912164e-06,-0.06379090249538422,-1.0,-0.0,0.0,0.0,0.0,2.98023217215615e-10,-0.044606998562812805,-0.9993282556533813,0.036646850407123566,0.0,0.0,0.0,0.0,-0.023475991562008858,-0.9987035393714905,0.050904761999845505,0.0,0.0,0.0,0.0,-0.019651994109153748,-1.0,-0.0,0.0,0.0,-0.00711638992652297,0.0018999999156221747,-0.016959700733423233,-0.9961947202682495,-0.0,-0.08715574443340302,0.0,0.0005882433033548295,0.0,-0.060253534466028214,-0.9250234365463257,0.37964004278182983,0.013252373784780502,0.0054389238357543945,-1.1086464013487785e-07,-1.490116086078075e-10,-0.04255366697907448,-0.7292842864990234,0.6842108964920044,0.0,0.0,4.5299529460862686e-08,0.0,-0.022088106721639633,-0.9217788577079773,0.3877161741256714,0.0,0.0,-1.4305114426349519e-08,0.0,-0.017740696668624878,-1.0,-0.0,0.0,0.0,-0.013503500260412693,-0.0037700000684708357,-0.014087299816310406,-0.9914448857307434,-0.0,-0.13052619993686676,0.0,-0.004897483624517918,-3.8501621020259336e-06,-0.05743739381432533,-0.9065096974372864,0.42023229598999023,-0.01808049902319908,0.036306750029325485,5.4836270635405526e-08,-2.98023217215615e-10,-0.03276759013533592,-0.764145016670227,0.6450445652008057,0.0,0.0,-9.298324243900424e-08,0.0,-0.01670967973768711,-0.8754711151123047,0.4832705557346344,0.0,0.0,6.19888282926695e-08,0.0,-0.013883084990084171,-1.0,-0.0,0.0,0.0
1782948475.6430328,2026-07-01 19:27:55.643,12132.0,12132,right,0,2,three,1,0.0,0.003969999961555004,-0.04999999701976776,-1.0,-0.0,0.0,0.0,0.0,0.0,0.0,-1.0,-0.0,0.0,0.0,-0.025476505979895592,-0.012044684961438179,-0.022234933450818062,-0.7795815467834473,0.010987088084220886,-0.3228492736816406,-0.5365633368492126,0.0,1.19209286886246e-09,-0.02723044343292713,-0.9674140810966492,0.25319960713386536,0.0,0.0,2.38418573772492e-09,-1.19209286886246e-09,-0.031859468668699265,-0.912087082862854,0.4099966585636139,0.0,0.0,0.0,-3.5762786065873797e-09,-0.023122519254684448,-1.0,-0.0,0.0,0.0,-0.012360505759716034,0.0032300001475960016,-0.016998957842588425,-0.9990482330322266,-0.0,-0.04361938685178757,0.0,-0.002149570034816861,-3.8927792047616094e-06,-0.06502974033355713,-0.9999619722366333,-0.0,-0.008726464584469795,0.0,0.0,0.0,-0.03691747412085533,-0.9991405606269836,0.04145072400569916,0.0,0.0,-2.38418573772492e-09,-2.98023217215615e-10,-0.02163529396057129,-0.9989849328994751,0.045045435428619385,0.0,0.0,0.0,2.98023217215615e-10,-0.01868978515267372,-1.0,-0.0,0.0,0.0,0.0,0.003969999961555004,-0.017509059980511665,-1.0,-0.0,0.0,0.0,0.0,4.611611075233668e-06,-0.0637909397482872,-1.0,-0.0,0.0,0.0,0.0,2.98023217215615e-10,-0.04460655897855759,-0.9987601637840271,0.049780797213315964,0.0,0.0,0.0,-2.98023217215615e-10,-0.02347646653652191,-0.9974532127380371,0.07132436335086823,0.0,0.0,0.0,0.0,-0.019652195274829865,-1.0,-0.0,0.0,0.0,0.00711638480424881,0.0018999999156221747,-0.016959700733423233,-0.9961947202682495,-0.0,0.08715574443340302,0.0,-0.0005882382392883301,0.0,-0.060253534466028214,-0.9994468688964844,0.02763858065009117,0.018487857654690742,0.00048676400911062956,1.19209286886246e-09,-1.490116086078075e-10,-0.04255415499210358,-0.9739291667938232,0.22685232758522034,0.0,0.0,-2.38418573772492e-09,0.0,-0.02208789810538292,-0.974469780921936,0.22451873123645782,0.0,0.0,0.0,0.0,-0.017740869894623756,-1.0,-0.0,0.0,0.0,0.013503451831638813,-0.0037700000684708357,-0.014087309129536152,-0.9914448857307434,-0.0,0.13052619993686676,0.0,0.0048975334502756596,-3.847479547403054e-06,-0.05743739381432533,-0.9834344983100891,0.17518895864486694,0.04149831831455231,-0.021054059267044067,4.76837147544984e-09,-2.98023217215615e-10,-0.03276757150888443,-0.8810311555862427,0.4730582535266876,0.0,0.0,2.38418573772492e-09,0.0,-0.016709718853235245,-0.9335989952087402,0.35831955075263977,0.0,0.0,0.0,0.0,-0.01388302817940712,-1.0,-0.0,0.0,0.0
