wall_time,iso_time,timestamp,packet_counter,hand_side,frame_id,status,pose,take,PALM_x,PALM_y,PALM_z,PALM_qw,PALM_qx,PALM_qy,PALM_qz,WRIST_x,WRIST_y,WRIST_z,WRIST_qw,WRIST_qx,WRIST_qy,WRIST_qz,THUMB_METACARPAL_x,THUMB_METACARPAL_y,THUMB_METACARPAL_z,THUMB_METACARPAL_qw,THUMB_METACARPAL_qx,THUMB_METACARPAL_qy,THUMB_METACARPAL_qz,THUMB_PROXIMAL_x,THUMB_PROXIMAL_y,THUMB_PROXIMAL_z,THUMB_PROXIMAL_qw,THUMB_PROXIMAL_qx,THUMB_PROXIMAL_qy,THUMB_PROXIMAL_qz,THUMB_DISTAL_x,THUMB_DISTAL_y,THUMB_DISTAL_z,THUMB_DISTAL_qw,THUMB_DISTAL_qx,THUMB_DISTAL_qy,THUMB_DISTAL_qz,THUMB_TIP_x,THUMB_TIP_y,THUMB_TIP_z,THUMB_TIP_qw,THUMB_TIP_qx,THUMB_TIP_qy,THUMB_TIP_qz,INDEX_METACARPAL_x,INDEX_METACARPAL_y,INDEX_METACARPAL_z,INDEX_METACARPAL_qw,INDEX_METACARPAL_qx,INDEX_METACARPAL_qy,INDEX_METACARPAL_qz,INDEX_PROXIMAL_x,INDEX_PROXIMAL_y,INDEX_PROXIMAL_z,INDEX_PROXIMAL_qw,INDEX_PROXIMAL_qx,INDEX_PROXIMAL_qy,INDEX_PROXIMAL_qz,INDEX_INTERMEDIATE_x,INDEX_INTERMEDIATE_y,INDEX_INTERMEDIATE_z,INDEX_INTERMEDIATE_qw,INDEX_INTERMEDIATE_qx,INDEX_INTERMEDIATE_qy,INDEX_INTERMEDIATE_qz,INDEX_DISTAL_x,INDEX_DISTAL_y,INDEX_DISTAL_z,INDEX_DISTAL_qw,INDEX_DISTAL_qx,INDEX_DISTAL_qy,INDEX_DISTAL_qz,INDEX_TIP_x,INDEX_TIP_y,INDEX_TIP_z,INDEX_TIP_qw,INDEX_TIP_qx,INDEX_TIP_qy,INDEX_TIP_qz,MIDDLE_METACARPAL_x,MIDDLE_METACARPAL_y,MIDDLE_METACARPAL_z,MIDDLE_METACARPAL_qw,MIDDLE_METACARPAL_qx,MIDDLE_METACARPAL_qy,MIDDLE_METACARPAL_qz,MIDDLE_PROXIMAL_x,MIDDLE_PROXIMAL_y,MIDDLE_PROXIMAL_z,MIDDLE_PROXIMAL_qw,MIDDLE_PROXIMAL_qx,MIDDLE_PROXIMAL_qy,MIDDLE_PROXIMAL_qz,MIDDLE_INTERMEDIATE_x,MIDDLE_INTERMEDIATE_y,MIDDLE_INTERMEDIATE_z,MIDDLE_INTERMEDIATE_qw,MIDDLE_INTERMEDIATE_qx,MIDDLE_INTERMEDIATE_qy,MIDDLE_INTERMEDIATE_qz,MIDDLE_DISTAL_x,MIDDLE_DISTAL_y,MIDDLE_DISTAL_z,MIDDLE_DISTAL_qw,MIDDLE_DISTAL_qx,MIDDLE_DISTAL_qy,MIDDLE_DISTAL_qz,MIDDLE_TIP_x,MIDDLE_TIP_y,MIDDLE_TIP_z,MIDDLE_TIP_qw,MIDDLE_TIP_qx,MIDDLE_TIP_qy,MIDDLE_TIP_qz,RING_METACARPAL_x,RING_METACARPAL_y,RING_METACARPAL_z,RING_METACARPAL_qw,RING_METACARPAL_qx,RING_METACARPAL_qy,RING_METACARPAL_qz,RING_PROXIMAL_x,RING_PROXIMAL_y,RING_PROXIMAL_z,RING_PROXIMAL_qw,RING_PROXIMAL_qx,RING_PROXIMAL_qy,RING_PROXIMAL_qz,RING_INTERMEDIATE_x,RING_INTERMEDIATE_y,RING_INTERMEDIATE_z,RING_INTERMEDIATE_qw,RING_INTERMEDIATE_qx,RING_INTERMEDIATE_qy,RING_INTERMEDIATE_qz,RING_DISTAL_x,RING_DISTAL_y,RING_DISTAL_z,RING_DISTAL_qw,RING_DISTAL_qx,RING_DISTAL_qy,RING_DISTAL_qz,RING_TIP_x,RING_TIP_y,RING_TIP_z,RING_TIP_qw,RING_TIP_qx,RING_TIP_qy,RING_TIP_qz,LITTLE_METACARPAL_x,LITTLE_METACARPAL_y,LITTLE_METACARPAL_z,LITTLE_METACARPAL_qw,LITTLE_METACARPAL_qx,LITTLE_METACARPAL_qy,LITTLE_METACARPAL_qz,LITTLE_PROXIMAL_x,LITTLE_PROXIMAL_y,LITTLE_PROXIMAL_z,LITTLE_PROXIMAL_qw,LITTLE_PROXIMAL_qx,LITTLE_PROXIMAL_qy,LITTLE_PROXIMAL_qz,LITTLE_INTERMEDIATE_x,LITTLE_INTERMEDIATE_y,LITTLE_INTERMEDIATE_z,LITTLE_INTERMEDIATE_qw,LITTLE_INTERMEDIATE_qx,LITTLE_INTERMEDIATE_qy,LITTLE_INTERMEDIATE_qz,LITTLE_DISTAL_x,LITTLE_DISTAL_y,LITTLE_DISTAL_z,LITTLE_DISTAL_qw,LITTLE_DISTAL_qx,LITTLE_DISTAL_qy,LITTLE_DISTAL_qz,LITTLE_TIP_x,LITTLE_TIP_y,LITTLE_TIP_z,LITTLE_TIP_qw,LITTLE_TIP_qx,LITTLE_TIP_qy,LITTLE_TIP_qz
1782948492.825273,2026-07-01 19:28:12.825,13144.0,13144,right,0,2,three,3,0.0,0.003969999961555004,-0.04999999701976776,-1.0,-0.0,0.0,0.0,0.0,0.0,0.0,-1.0,-0.0,0.0,0.0,-0.025476505979895592,-0.012044684961438179,-0.022234933450818062,-0.7801925539970398,0.009034231305122375,-0.3218977451324463,-0.5362833738327026,0.0,1.19209286886246e-09,-0.02723044343292713,-0.9682384729385376,0.2500288188457489,0.0,0.0,2.38418573772492e-09,-1.19209286886246e-09,-0.031859468668699265,-0.9138345122337341,0.406086802482605,0.0,0.0,0.0,-3.5762786065873797e-09,-0.023122519254684448,-1.0,-0.0,0.0,0.0,-0.012360505759716034,0.0032300001475960016,-0.016998957842588425,-0.9990482330322266,-0.0,-0.04361938685178757,0.0,-0.002149570034816861,-3.8927792047616094e-06,-0.06502974033355713,-0.9999619722366333,-0.0,-0.008726464584469795,0.0,0.0,0.0,-0.03691747412085533,-0.9991405606269836,0.04145072400569916,0.0,0.0,-2.38418573772492e-09,-2.98023217215615e-10,-0.02163529396057129,-0.9989849328994751,0.045045435428619385,0.0,0.0,0.0,2.98023217215615e-10,-0.01868978515267372,-1.0,-0.0,0.0,0.0,0.0,0.003969999961555004,-0.017509059980511665,-1.0,-0.0,0.0,0.0,0.0,4.611611075233668e-06,-0.0637909397482872,-1.0,-0.0,0.0,0.0,0.0,2.98023217215615e-10,-0.04460655897855759,-0.9987601637840271,0.049780797213315964,0.0,0.0,0.0,-2.98023217215615e-10,-0.02347646653652191,-0.9974532127380371,0.07132436335086823,0.0,0.0,0.0,0.0,-0.019652195274829865,-1.0,-0.0,0.0,0.0,0.00711638480424881,0.0018999999156221747,-0.016959700733423233,-0.9961947202682495,-0.0,0.08715574443340302,0.0,-0.0005882382392883301,0.0,-0.060253534466028214,-0.9996573328971863,-0.0,0.026176923885941505,0.0,1.19209286886246e-09,-1.490116086078075e-10,-0.04255415499210358,-0.9993911981582642,0.03489004820585251,0.0,0.0,-2.38418573772492e-09,0.0,-0.02208789810538292,-0.9988139271736145,0.048689693212509155,0.0,0.0,0.0,0.0,-0.017740869894623756,-1.0,-0.0,0.0,0.0,0.013503451831638813,-0.0037700000684708357,-0.014087309129536152,-0.9914448857307434,-0.0,0.13052619993686676,0.0,0.0048975334502756596,-3.847479547403054e-06,-0.05743739381432533,-0.8223966956138611,0.5681979656219482,0.0020576976239681244,-0.02846948243677616,4.76837147544984e-09,-2.98023217215615e-10,-0.03276757150888443,-0.7206719517707825,0.6932762265205383,0.0,0.0,2.38418573772492e-09,0.0,-0.016709718853235245,-0.8503639698028564,0.5261949896812439,0.0,0.0,0.0,0.0,-0.01388302817940712,-1.0,-0.0,0.0,0.0
1782948492.825628,2026-07-01 19:28:12.825,17800.0,17800,left,0,1,three,3,0.0,0.003969999961555004,-0.04999999701976776,-1.0,-0.0,0.0,0.0,0.0,0.0,0.0,-1.0,-0.0,0.0,0.0,0.025476500391960144,-0.012044699862599373,-0.022234899923205376,-0.767795979976654,-0.012369440868496895,0.35071149468421936,0.5360389351844788,-5.7220457705398076e-08,-4.3511388270189855e-08,-0.027230437844991684,-0.9686842560768127,0.2482958734035492,0.0,0.0,3.5762786065873797e-09,6.318092005130893e-08,-0.031859491020441055,-0.9148103594779968,0.403883695602417,0.0,0.0,2.384185648907078e-08,0.0,-0.023122519254684448,-1.0,-0.0,0.0,0.0,0.012359999120235443,0.0032300001475960016,-0.017000000923871994,-0.9990482330322266,-0.0,0.04361938685178757,0.0,0.0021501504816114902,-3.890097104886081e-06,-0.06502876430749893,-0.9999619722366333,-0.0,0.008726557716727257,0.0,-9.53674295089968e-09,-9.53674295089968e-09,-0.036917347460985184,-0.9993493556976318,0.0360686257481575,0.0,0.0,-2.8610228852699038e-08,-2.98023217215615e-10,-0.0216355137526989,-0.999281644821167,0.037897396832704544,0.0,0.0,1.2636184010261786e-07,2.98023217215615e-10,-0.018689393997192383,-1.0,-0.0,0.0,0.0,0.0,0.003969999961555004,-0.01750910095870495,-1.0,-0.0,0.0,0.0,0.0,4.610121322912164e-06,-0.06379090249538422,-1.0,-0.0,0.0,0.0,0.0,2.98023217215615e-10,-0.044606998562812805,-0.9993282556533813,0.036646850407123566,0.0,0.0,0.0,0.0,-0.023475991562008858,-0.9987035393714905,0.050904761999845505,0.0,0.0,0.0,0.0,-0.019651994109153748,-1.0,-0.0,0.0,0.0,-0.00711638992652297,0.0018999999156221747,-0.016959700733423233,-0.9961947202682495,-0.0,-0.08715574443340302,0.0,0.0005882433033548295,0.0,-0.060253534466028214,-0.9996573328971863,-0.0,-0.026176923885941505,0.0,-1.1086464013487785e-07,-1.490116086078075e-10,-0.04255366697907448,-0.9993911981582642,0.03489004820585251,0.0,0.0,4.5299529460862686e-08,0.0,-0.022088106721639633,-0.9988139271736145,0.048689693212509155,0.0,0.0,-1.4305114426349519e-08,0.0,-0.017740696668624878,-1.0,-0.0,0.0,0.0,-0.013503500260412693,-0.0037700000684708357,-0.014087299816310406,-0.9914448857307434,-0.0,-0.13052619993686676,0.0,-0.004897483624517918,-3.8501621020259336e-06,-0.05743739381432533,-0.720451831817627,0.691836953163147,0.03173717111349106,0.036105480045080185,5.4836270635405526e-08,-2.98023217215615e-10,-0.03276759013533592,-0.7071068286895752,0.7071068286895752,0.0,0.0,-9.298324243900424e-08,0.0,-0.01670967973768711,-0.8419820070266724,0.5395057201385498,0.0,0.0,6.19888282926695e-08,0.0,-0.013883084990084171,-1.0,-0.0,0.0,0.0
1782948493.0319107,2026-07-01 19:28:13.031,17804.0,17804,left,0,1,three,3,0.0,0.003969999961555004,-0.04999999701976776,-1.0,-0.0,0.0,0.0,0.0,0.0,0.0,-1.0,-0.0,0.0,0.0,0.025476500391960144,-0.012044699862599373,-0.022234899923205376,-0.767795979976654,-0.012369440868496895,0.35071149468421936,0.5360389351844788,-5.7220457705398076e-08,-4.3511388270189855e-08,-0.027230437844991684,-0.9686842560768127,0.2482958734035492,0.0,0.0,3.5762786065873797e-09,6.318092005130893e-08,-0.031859491020441055,-0.9148103594779968,0.403883695602417,0.0,0.0,2.384185648907078e-08,0.0,-0.023122519254684448,-1.0,-0.0,0.0,0.0,0.012359999120235443,0.0032300001475960016,-0.017000000923871994,-0.9990482330322266,-0.0,0.04361938685178757,0.0,0.0021501504816114902,-3.890097104886081e-06,-0.06502876430749893,-0.9999619722366333,-0.0,0.008726557716727257,0.0,-9.53674295089968e-09,-9.53674295089968e-09,-0.036917347460985184,-0.9993493556976318,0.0360686257481575,0.0,0.0,-2.8610228852699038e-08,-2.98023217215615e-10,-0.0216355137526989,-0.999281644821167,0.037897396832704544,0.0,0.0,1.2636184010261786e-07,2.98023217215615e-10,-0.018689393997192383,-1.0,-0.0,0.0,0.0,0.0,0.003969999961555004,-0.01750910095870495,-1.0,-0.0,0.0,0.0,0.0,4.610121322912164e-06,-0.06379090249538422,-1.0,-0.0,0.0,0.0,0.0,2.98023217215615e-10,-0.044606998562812805,-0.9993282556533813,0.036646850407123566,0.0,0.0,0.0,0.0,-0.023475991562008858,-0.9987035393714905,0.050904761999845505,0.0,0.0,0.0,0.0,-0.019651994109153748,-1.0,-0.0,0.0,0.0,-0.00711638992652297,0.0018999999156221747,-0.016959700733423233,-0.9961947202682495,-0.0,-0.08715574443340302,0.0,0.0005882433033548295,0.0,-0.060253534466028214,-0.9996573328971863,-0.0,-0.026176923885941505,0.0,-1.1086464013487785e-07,-1.490116086078075e-10,-0.04255366697907448,-0.9993911981582642,0.03489004820585251,0.0,0.0,4.5299529460862686e-08,0.0,-0.022088106721639633,-0.9988139271736145,0.048689693212509155,0.0,0.0,-1.4305114426349519e-08,0.0,-0.017740696668624878,-1.0,-0.0,0.0,0.0,-0.013503500260412693,-0.0037700000684708357,-0.014087299816310406,-0.9914448857307434,-0.0,-0.13052619993686676,0.0,-0.004897483624517918,-3.8501621020259336e-06,-0.05743739381432533,-0.720451831817627,0.691836953163147,0.03173717111349106,0.036105480045080185,5.4836270635405526e-08,-2.98023217215615e-10,-0.03276759013533592,-0.7071068286895752,0.7071068286895752,0.0,0.0,-9.298324243900424e-08,0.0,-0.01670967973768711,-0.8419820070266724,0.5395057201385498,0.0,0.0,6.19888282926695e-08,0.0,-0.013883084990084171,-1.0,-0.0,0.0,0.0
1782948493.0321279,2026-07-01 19:28:13.032,13174.0,13174,right,0,2,three,3,0.0,0.003969999961555004,-0.04999999701976776,-1.0,-0.0,0.0,0.0,0.0,0.0,0.0,-1.0,-0.0,0.0,0.0,-0.025476505979895592,-0.012044684961438179,-0.022234933450818062,-0.7794323563575745,0.011622989550232887,-0.3230392038822174,-0.5366523861885071,0.0,1.19209286886246e-09,-0.02723044343292713,-0.9671860933303833,0.2540692687034607,0.0,0.0,2.38418573772492e-09,-1.19209286886246e-09,-0.031859468668699265,-0.9115432500839233,0.41120433807373047,0.0,0.0,0.0,-3.5762786065873797e-09,-0.023122519254684448,-1.0,-0.0,0.0,0.0,-0.012360505759716034,0.0032300001475960016,-0.016998957842588425,-0.9990482330322266,-0.0,-0.04361938685178757,0.0,-0.002149570034816861,-3.8927792047616094e-06,-0.06502974033355713,-0.9999619722366333,-0.0,-0.008726464584469795,0.0,0.0,0.0,-0.03691747412085533,-0.9991405606269836,0.04145072400569916,0.0,0.0,-2.38418573772492e-09,-2.98023217215615e-10,-0.02163529396057129,-0.9989849328994751,0.045045435428619385,0.0,0.0,0.0,2.98023217215615e-10,-0.01868978515267372,-1.0,-0.0,0.0,0.0,0.0,0.003969999961555004,-0.017509059980511665,-1.0,-0.0,0.0,0.0,0.0,4.611611075233668e-06,-0.0637909397482872,-1.0,-0.0,0.0,0.0,0.0,2.98023217215615e-10,-0.04460655897855759,-0.9987601637840271,0.049780797213315964,0.0,0.0,0.0,-2.98023217215615e-10,-0.02347646653652191,-0.9974532127380371,0.07132436335086823,0.0,0.0,0.0,0.0,-0.019652195274829865,-1.0,-0.0,0.0,0.0,0.00711638480424881,0.0018999999156221747,-0.016959700733423233,-0.9961947202682495,-0.0,0.08715574443340302,0.0,-0.0005882382392883301,0.0,-0.060253534466028214,-0.9996573328971863,-0.0,0.026176923885941505,0.0,1.19209286886246e-09,-1.490116086078075e-10,-0.04255415499210358,-0.9993911981582642,0.03489004820585251,0.0,0.0,-2.38418573772492e-09,0.0,-0.02208789810538292,-0.9988139271736145,0.048689693212509155,0.0,0.0,0.0,0.0,-0.017740869894623756,-1.0,-0.0,0.0,0.0,0.013503451831638813,-0.0037700000684708357,-0.014087309129536152,-0.9914448857307434,-0.0,0.13052619993686676,0.0,0.0048975334502756596,-3.847479547403054e-06,-0.05743739381432533,-0.7945135831832886,0.6064624786376953,-0.006149862427264452,-0.030226323753595352,4.76837147544984e-09,-2.98023217215615e-10,-0.03276757150888443,-0.7130712270736694,0.7010916471481323,0.0,0.0,2.38418573772492e-09,0.0,-0.016709718853235245,-0.8457174897193909,0.5336308479309082,0.0,0.0,0.0,0.0,-0.01388302817940712,-1.0,-0.0,0.0,0.0
1782948493.2462118,2026-07-01 19:28:13.246,17806.0,17806,left,0,1,three,3,0.0,0.003969999961555004,-0.04999999701976776,-1.0,-0.0,0.0,0.0,0.0,0.0,0.0,-1.0,-0.0,0.0,0.0,0.025476500391960144,-0.012044699862599373,-0.022234899923205376,-0.767795979976654,-0.012369440868496895,0.35071149468421936,0.5360389351844788,-5.7220457705398076e-08,-4.3511388270189855e-08,-0.027230437844991684,-0.9686842560768127,0.2482958734035492,0.0,0.0,3.5762786065873797e-09,6.318092005130893e-08,-0.031859491020441055,-0.9148103594779968,0.403883695602417,0.0,0.0,2.384185648907078e-08,0.0,-0.023122519254684448,-1.0,-0.0,0.0,0.0,0.012359999120235443,0.0032300001475960016,-0.017000000923871994,-0.9990482330322266,-0.0,0.04361938685178757,0.0,0.0021501504816114902,-3.890097104886081e-06,-0.06502876430749893,-0.9999619722366333,-0.0,0.008726557716727257,0.0,-9.53674295089968e-09,-9.53674295089968e-09,-0.036917347460985184,-0.9993493556976318,0.0360686257481575,0.0,0.0,-2.8610228852699038e-08,-2.98023217215615e-10,-0.0216355137526989,-0.999281644821167,0.037897396832704544,0.0,0.0,1.2636184010261786e-07,2.98023217215615e-10,-0.018689393997192383,-1.0,-0.0,0.0,0.0,0.0,0.003969999961555004,-0.01750910095870495,-1.0,-0.0,0.0,0.0,0.0,4.610121322912164e-06,-0.06379090249538422,-1.0,-0.0,0.0,0.0,0.0,2.98023217215615e-10,-0.044606998562812805,-0.9993282556533813,0.036646850407123566,0.0,0.0,0.0,0.0,-0.023475991562008858,-0.9987035393714905,0.050904761999845505,0.0,0.0,0.0,0.0,-0.019651994109153748,-1.0,-0.0,0.0,0.0,-0.00711638992652297,0.0018999999156221747,-0.016959700733423233,-0.9961947202682495,-0.0,-0.08715574443340302,0.0,0.0005882433033548295,0.0,-0.060253534466028214,-0.9996573328971863,-0.0,-0.026176923885941505,0.0,-1.1086464013487785e-07,-1.490116086078075e-10,-0.04255366697907448,-0.9993911981582642,0.03489004820585251,0.0,0.0,4.5299529460862686e-08,0.0,-0.022088106721639633,-0.9988139271736145,0.048689693212509155,0.0,0.0,-1.4305114426349519e-08,0.0,-0.017740696668624878,-1.0,-0.0,0.0,0.0,-0.013503500260412693,-0.0037700000684708357,-0.014087299816310406,-0.9914448857307434,-0.0,-0.13052619993686676,0.0,-0.004897483624517918,-3.8501621020259336e-06,-0.05743739381432533,-0.7220758199691772,0.6901567578315735,0.03131981939077377,0.036182813346385956,5.4836270635405526e-08,-2.98023217215615e-10,-0.03276759013533592,-0.7071068286895752,0.7071068286895752,0.0,0.0,-9.298324243900424e-08,0.0,-0.01670967973768711,-0.8419820070266724,0.5395057201385498,0.0,0.0,6.19888282926695e-08,0.0,-0.013883084990084171,-1.0,-0.0,0.0,0.0
1782948493.2464523,2026-07-01 19:28:13.246,13186.0,13186,right,0,2,three,3,0.0,0.003969999961555004,-0.04999999701976776,-1.0,-0.0,0.0,0.0,0.0,0.0,0.0,-1.0,-0.0,0.0,0.0,-0.025476505979895592,-0.012044684961438179,-0.022234933450818062,-0.7788838744163513,0.013464494608342648,-0.32385799288749695,-0.536912202835083,0.0,1.19209286886246e-09,-0.02723044343292713,-0.9664241075515747,0.2569524347782135,0.0,0.0,2.38418573772492e-09,-1.19209286886246e-09,-0.031859468668699265,-0.9098936915397644,0.41484156250953674,0.0,0.0,0.0,-3.5762786065873797e-09,-0.023122519254684448,-1.0,-0.0,0.0,0.0,-0.012360505759716034,0.0032300001475960016,-0.016998957842588425,-0.9990482330322266,-0.0,-0.04361938685178757,0.0,-0.002149570034816861,-3.8927792047616094e-06,-0.06502974033355713,-0.9999619722366333,-0.0,-0.008726464584469795,0.0,0.0,0.0,-0.03691747412085533,-0.9991405606269836,0.04145072400569916,0.0,0.0,-2.38418573772492e-09,-2.98023217215615e-10,-0.02163529396057129,-0.9989849328994751,0.045045435428619385,0.0,0.0,0.0,2.98023217215615e-10,-0.01868978515267372,-1.0,-0.0,0.0,0.0,0.0,0.003969999961555004,-0.017509059980511665,-1.0,-0.0,0.0,0.0,0.0,4.611611075233668e-06,-0.0637909397482872,-1.0,-0.0,0.0,0.0,0.0,2.98023217215615e-10,-0.04460655897855759,-0.9987601637840271,0.049780797213315964,0.0,0.0,0.0,-2.98023217215615e-10,-0.02347646653652191,-0.9974532127380371,0.07132436335086823,0.0,0.0,0.0,0.0,-0.019652195274829865,-1.0,-0.0,0.0,0.0,0.00711638480424881,0.0018999999156221747,-0.016959700733423233,-0.9961947202682495,-0.0,0.08715574443340302,0.0,-0.0005882382392883301,0.0,-0.060253534466028214,-0.9996573328971863,-0.0,0.026176923885941505,0.0,1.19209286886246e-09,-1.490116086078075e-10,-0.04255415499210358,-0.9993911981582642,0.03489004820585251,0.0,0.0,-2.38418573772492e-09,0.0,-0.02208789810538292,-0.9988139271736145,0.048689693212509155,0.0,0.0,0.0,0.0,-0.017740869894623756,-1.0,-0.0,0.0,0.0,0.013503451831638813,-0.0037700000684708357,-0.014087309129536152,-0.9914448857307434,-0.0,0.13052619993686676,0.0,0.0048975334502756596,-3.847479547403054e-06,-0.05743739381432533,-0.7852748036384583,0.6183204650878906,-0.008914251811802387,-0.030721940100193024,4.76837147544984e-09,-2.98023217215615e-10,-0.03276757150888443,-0.7111942172050476,0.7029955983161926,0.0,0.0,2.38418573772492e-09,0.0,-0.016709718853235245,-0.8445530533790588,0.5354719758033752,0.0,0.0,0.0,0.0,-0.01388302817940712,-1.0,-0.0,0.0,0.0
1782948493.463676,2026-07-01 19:28:13.463,17807.0,17807,left,0,1,three,3,0.0,0.003969999961555004,-0.04999999701976776,-1.0,-0.0,0.0,0.0,0.0,0.0,0.0,-1.0,-0.0,0.0,0.0,0.025476500391960144,-0.012044699862599373,-0.022234899923205376,-0.7685449123382568,-0.014480175450444221,0.34960803389549255,0.5356335639953613,-5.7220457705398076e-08,-4.3511388270189855e-08,-0.027230437844991684,-0.9695665836334229,0.24482794106006622,0.0,0.0,3.5762786065873797e-09,6.318092005130893e-08,-0.031859491020441055,-0.9167502522468567,0.39946097135543823,0.0,0.0,2.384185648907078e-08,0.0,-0.023122519254684448,-1.0,-0.0,0.0,0.0,0.012359999120235443,0.0032300001475960016,-0.017000000923871994,-0.9990482330322266,-0.0,0.04361938685178757,0.0,0.0021501504816114902,-3.890097104886081e-06,-0.06502876430749893,-0.9999619722366333,-0.0,0.008726557716727257,0.0,-9.53674295089968e-09,-9.53674295089968e-09,-0.036917347460985184,-0.9993493556976318,0.0360686257481575,0.0,0.0,-2.8610228852699038e-08,-2.98023217215615e-10,-0.0216355137526989,-0.999281644821167,0.037897396832704544,0.0,0.0,1.2636184010261786e-07,2.98023217215615e-10,-0.018689393997192383,-1.0,-0.0,0.0,0.0,0.0,0.003969999961555004,-0.01750910095870495,-1.0,-0.0,0.0,0.0,0.0,4.610121322912164e-06,-0.06379090249538422,-1.0,-0.0,0.0,0.0,0.0,2.98023217215615e-10,-0.044606998562812805,-0.9993282556533813,0.036646850407123566,0.0,0.0,0.0,0.0,-0.023475991562008858,-0.9987035393714905,0.050904761999845505,0.0,0.0,0.0,0.0,-0.019651994109153748,-1.0,-0.0,0.0,0.0,-0.00711638992652297,0.0018999999156221747,-0.016959700733423233,-0.9961947202682495,-0.0,-0.08715574443340302,0.0,0.0005882433033548295,0.0,-0.060253534466028214,-0.9996573328971863,-0.0,-0.026176923885941505,0.0,-1.1086464013487785e-07,-1.490116086078075e-10,-0.04255366697907448,-0.9993911981582642,0.03489004820585251,0.0,0.0,4.5299529460862686e-08,0.0,-0.022088106721639633,-0.9988139271736145,0.048689693212509155,0.0,0.0,-1.4305114426349519e-08,0.0,-0.017740696668624878,-1.0,-0.0,0.0,0.0,-0.013503500260412693,-0.0037700000684708357,-0.014087299816310406,-0.9914448857307434,-0.0,-0.13052619993686676,0.0,-0.004897483624517918,-3.8501621020259336e-06,-0.05743739381432533,-0.722886323928833,0.6893151998519897,0.03111107461154461,0.03622140735387802,5.4836270635405526e-08,-2.98023217215615e-10,-0.03276759013533592,-0.7071068286895752,0.7071068286895752,0.0,0.0,-9.298324243900424e-08,0.0,-0.01670967973768711,-0.8419820070266724,0.5395057201385498,0.0,0.0,6.19888282926695e-08,0.0,-0.013883084990084171,-1.0,-0.0,0.0,0.0
1782948493.4764938,2026-07-01 19:28:13.476,13199.0,13199,right,0,2,three,3,0.0,0.003969999961555004,-0.04999999701976776,-1.0,-0.0,0.0,0.0,0.0,0.0,0.0,-1.0,-0.0,0.0,0.0,-0.025476505979895592,-0.012044684961438179,-0.022234933450818062,-0.7788838744163513,0.013464494608342648,-0.32385799288749695,-0.536912202835083,0.0,1.19209286886246e-09,-0.02723044343292713,-0.9664241075515747,0.2569524347782135,0.0,0.0,2.38418573772492e-09,-1.19209286886246e-09,-0.031859468668699265,-0.9098936915397644,0.41484156250953674,0.0,0.0,0.0,-3.5762786065873797e-09,-0.023122519254684448,-1.0,-0.0,0.0,0.0,-0.012360505759716034,0.0032300001475960016,-0.016998957842588425,-0.9990482330322266,-0.0,-0.04361938685178757,0.0,-0.002149570034816861,-3.8927792047616094e-06,-0.06502974033355713,-0.9999619722366333,-0.0,-0.008726464584469795,0.0,0.0,0.0,-0.03691747412085533,-0.9991405606269836,0.04145072400569916,0.0,0.0,-2.38418573772492e-09,-2.98023217215615e-10,-0.02163529396057129,-0.9989849328994751,0.045045435428619385,0.0,0.0,0.0,2.98023217215615e-10,-0.01868978515267372,-1.0,-0.0,0.0,0.0,0.0,0.003969999961555004,-0.017509059980511665,-1.0,-0.0,0.0,0.0,0.0,4.611611075233668e-06,-0.0637909397482872,-1.0,-0.0,0.0,0.0,0.0,2.98023217215615e-10,-0.04460655897855759,-0.9987601637840271,0.049780797213315964,0.0,0.0,0.0,-2.98023217215615e-10,-0.02347646653652191,-0.9974532127380371,0.07132436335086823,0.0,0.0,0.0,0.0,-0.019652195274829865,-1.0,-0.0,0.0,0.0,0.00711638480424881,0.0018999999156221747,-0.016959700733423233,-0.9961947202682495,-0.0,0.08715574443340302,0.0,-0.0005882382392883301,0.0,-0.060253534466028214,-0.9996573328971863,-0.0,0.026176923885941505,0.0,1.19209286886246e-09,-1.490116086078075e-10,-0.04255415499210358,-0.9993911981582642,0.03489004820585251,0.0,0.0,-2.38418573772492e-09,0.0,-0.02208789810538292,-0.9988139271736145,0.048689693212509155,0.0,0.0,0.0,0.0,-0.017740869894623756,-1.0,-0.0,0.0,0.0,0.013503451831638813,-0.0037700000684708357,-0.014087309129536152,-0.9914448857307434,-0.0,0.13052619993686676,0.0,0.0048975334502756596,-3.847479547403054e-06,-0.05743739381432533,-0.7852748036384583,0.6183204650878906,-0.008914251811802387,-0.030721940100193024,4.76837147544984e-09,-2.98023217215615e-10,-0.03276757150888443,-0.7111942172050476,0.7029955983161926,0.0,0.0,2.38418573772492e-09,0.0,-0.016709718853235245,-0.8445530533790588,0.5354719758033752,0.0,0.0,0.0,0.0,-0.01388302817940712,-1.0,-0.0,0.0,0.0
1782948493.6658766,2026-07-01 19:28:13.665,17809.0,17809,left,0,1,three,3,0.0,0.003969999961555004,-0.04999999701976776,-1.0,-0.0,0.0,0.0,0.0,0.0,0.0,-1.0,-0.0,0.0,0.0,0.025476500391960144,-0.012044699862599373,-0.022234899923205376,-0.7685449123382568,-0.014480175450444221,0.34960803389549255,0.5356335639953613,-5.7220457705398076e-08,-4.3511388270189855e-08,-0.027230437844991684,-0.9695665836334229,0.24482794106006622,0.0,0.0,3.5762786065873797e-09,6.318092005130893e-08,-0.031859491020441055,-0.9167502522468567,0.39946097135543823,0.0,0.0,2.384185648907078e-08,0.0,-0.023122519254684448,-1.0,-0.0,0.0,0.0,0.012359999120235443,0.0032300001475960016,-0.017000000923871994,-0.9990482330322266,-0.0,0.04361938685178757,0.0,0.0021501504816114902,-3.890097104886081e-06,-0.06502876430749893,-0.9999619722366333,-0.0,0.008726557716727257,0.0,-9.53674295089968e-09,-9.53674295089968e-09,-0.036917347460985184,-0.9993493556976318,0.0360686257481575,0.0,0.0,-2.8610228852699038e-08,-2.98023217215615e-10,-0.0216355137526989,-0.999281644821167,0.037897396832704544,0.0,0.0,1.2636184010261786e-07,2.98023217215615e-10,-0.018689393997192383,-1.0,-0.0,0.0,0.0,0.0,0.003969999961555004,-0.01750910095870495,-1.0,-0.0,0.0,0.0,0.0,4.610121322912164e-06,-0.06379090249538422,-1.0,-0.0,0.0,0.0,0.0,2.98023217215615e-10,-0.044606998562812805,-0.9993282556533813,0.036646850407123566,0.0,0.0,0.0,0.0,-0.023475991562008858,-0.9987035393714905,0.050904761999845505,0.0,0.0,0.0,0.0,-0.019651994109153748,-1.0,-0.0,0.0,0.0,-0.00711638992652297,0.0018999999156221747,-0.016959700733423233,-0.9961947202682495,-0.0,-0.08715574443340302,0.0,0.0005882433033548295,0.0,-0.060253534466028214,-0.9996573328971863,-0.0,-0.026176923885941505,0.0,-1.1086464013487785e-07,-1.490116086078075e-10,-0.04255366697907448,-0.9993911981582642,0.03489004820585251,0.0,0.0,4.5299529460862686e-08,0.0,-0.022088106721639633,-0.9988139271736145,0.048689693212509155,0.0,0.0,-1.4305114426349519e-08,0.0,-0.017740696668624878,-1.0,-0.0,0.0,0.0,-0.013503500260412693,-0.0037700000684708357,-0.014087299816310406,-0.9914448857307434,-0.0,-0.13052619993686676,0.0,-0.004897483624517918,-3.8501621020259336e-06,-0.05743739381432533,-0.722886323928833,0.6893151998519897,0.03111107461154461,0.03622140735387802,5.4836270635405526e-08,-2.98023217215615e-10,-0.03276759013533592,-0.7071068286895752,0.7071068286895752,0.0,0.0,-9.298324243900424e-08,0.0,-0.01670967973768711,-0.8419820070266724,0.5395057201385498,0.0,0.0,6.19888282926695e-08,0.0,-0.013883084990084171,-1.0,-0.0,0.0,0.0
1782948493.676541,2026-07-01 19:28:13.676,13213.0,13213,right,0,2,three,3,0.0,0.003969999961555004,-0.04999999701976776,-1.0,-0.0,0.0,0.0,0.0,0.0,0.0,-1.0,-0.0,0.0,0.0,-0.025476505979895592,-0.012044684961438179,-0.022234933450818062,-0.7788838744163513,0.013464494608342648,-0.32385799288749695,-0.536912202835083,0.0,1.19209286886246e-09,-0.02723044343292713,-0.9664241075515747,0.2569524347782135,0.0,0.0,2.38418573772492e-09,-1.19209286886246e-09,-0.031859468668699265,-0.9098936915397644,0.41484156250953674,0.0,0.0,0.0,-3.5762786065873797e-09,-0.023122519254684448,-1.0,-0.0,0.0,0.0,-0.012360505759716034,0.0032300001475960016,-0.016998957842588425,-0.9990482330322266,-0.0,-0.04361938685178757,0.0,-0.002149570034816861,-3.8927792047616094e-06,-0.06502974033355713,-0.9999619722366333,-0.0,-0.008726464584469795,0.0,0.0,0.0,-0.03691747412085533,-0.9991405606269836,0.04145072400569916,0.0,0.0,-2.38418573772492e-09,-2.98023217215615e-10,-0.02163529396057129,-0.9989849328994751,0.045045435428619385,0.0,0.0,0.0,2.98023217215615e-10,-0.01868978515267372,-1.0,-0.0,0.0,0.0,0.0,0.003969999961555004,-0.017509059980511665,-1.0,-0.0,0.0,0.0,0.0,4.611611075233668e-06,-0.0637909397482872,-1.0,-0.0,0.0,0.0,0.0,2.98023217215615e-10,-0.04460655897855759,-0.9987601637840271,0.049780797213315964,0.0,0.0,0.0,-2.98023217215615e-10,-0.02347646653652191,-0.9974532127380371,0.07132436335086823,0.0,0.0,0.0,0.0,-0.019652195274829865,-1.0,-0.0,0.0,0.0,0.00711638480424881,0.0018999999156221747,-0.016959700733423233,-0.9961947202682495,-0.0,0.08715574443340302,0.0,-0.0005882382392883301,0.0,-0.060253534466028214,-0.9996573328971863,-0.0,0.026176923885941505,0.0,1.19209286886246e-09,-1.490116086078075e-10,-0.04255415499210358,-0.9993911981582642,0.03489004820585251,0.0,0.0,-2.38418573772492e-09,0.0,-0.02208789810538292,-0.9988139271736145,0.048689693212509155,0.0,0.0,0.0,0.0,-0.017740869894623756,-1.0,-0.0,0.0,0.0,0.013503451831638813,-0.0037700000684708357,-0.014087309129536152,-0.9914448857307434,-0.0,0.13052619993686676,0.0,0.0048975334502756596,-3.847479547403054e-06,-0.05743739381432533,-0.7945135831832886,0.6064624786376953,-0.006149862427264452,-0.030226323753595352,4.76837147544984e-09,-2.98023217215615e-10,-0.03276757150888443,-0.7130712270736694,0.7010916471481323,0.0,0.0,2.38418573772492e-09,0.0,-0.016709718853235245,-0.8457174897193909,0.5336308479309082,0.0,0.0,0.0,0.0,-0.01388302817940712,-1.0,-0.0,0.0,0.0
1782948493.8663652,2026-07-01 19:28:13.866,17811.0,17811,left,0,1,three,3,0.0,0.003969999961555004,-0.04999999701976776,-1.0,-0.0,0.0,0.0,0.0,0.0,0.0,-1.0,-0.0,0.0,0.0,0.025476500391960144,-0.012044699862599373,-0.022234899923205376,-0.7685449123382568,-0.014480175450444221,0.34960803389549255,0.5356335639953613,-5.7220457705398076e-08,-4.3511388270189855e-08,-0.027230437844991684,-0.9695665836334229,0.24482794106006622,0.0,0.0,3.5762786065873797e-09,6.318092005130893e-08,-0.031859491020441055,-0.9167502522468567,0.39946097135543823,0.0,0.0,2.384185648907078e-08,0.0,-0.023122519254684448,-1.0,-0.0,0.0,0.0,0.012359999120235443,0.0032300001475960016,-0.017000000923871994,-0.9990482330322266,-0.0,0.04361938685178757,0.0,0.0021501504816114902,-3.890097104886081e-06,-0.06502876430749893,-0.9999619722366333,-0.0,0.008726557716727257,0.0,-9.53674295089968e-09,-9.53674295089968e-09,-0.036917347460985184,-0.9993493556976318,0.0360686257481575,0.0,0.0,-2.8610228852699038e-08,-2.98023217215615e-10,-0.0216355137526989,-0.999281644821167,0.037897396832704544,0.0,0.0,1.2636184010261786e-07,2.98023217215615e-10,-0.018689393997192383,-1.0,-0.0,0.0,0.0,0.0,0.003969999961555004,-0.01750910095870495,-1.0,-0.0,0.0,0.0,0.0,4.610121322912164e-06,-0.06379090249538422,-1.0,-0.0,0.0,0.0,0.0,2.98023217215615e-10,-0.044606998562812805,-0.9993282556533813,0.036646850407123566,0.0,0.0,0.0,0.0,-0.023475991562008858,-0.9987035393714905,0.050904761999845505,0.0,0.0,0.0,0.0,-0.019651994109153748,-1.0,-0.0,0.0,0.0,-0.00711638992652297,0.0018999999156221747,-0.016959700733423233,-0.9961947202682495,-0.0,-0.08715574443340302,0.0,0.0005882433033548295,0.0,-0.060253534466028214,-0.9996573328971863,-0.0,-0.026176923885941505,0.0,-1.1086464013487785e-07,-1.490116086078075e-10,-0.04255366697907448,-0.9993911981582642,0.03489004820585251,0.0,0.0,4.5299529460862686e-08,0.0,-0.022088106721639633,-0.9988139271736145,0.048689693212509155,0.0,0.0,-1.4305114426349519e-08,0.0,-0.017740696668624878,-1.0,-0.0,0.0,0.0,-0.013503500260412693,-0.0037700000684708357,-0.014087299816310406,-0.9914448857307434,-0.0,-0.13052619993686676,0.0,-0.004897483624517918,-3.8501621020259336e-06,-0.05743739381432533,-0.722886323928833,0.6893151998519897,0.03111107461154461,0.03622140735387802,5.4836270635405526e-08,-2.98023217215615e-10,-0.03276759013533592,-0.7071068286895752,0.7071068286895752,0.0,0.0,-9.298324243900424e-08,0.0,-0.01670967973768711,-0.8419820070266724,0.5395057201385498,0.0,0.0,6.19888282926695e-08,0.0,-0.013883084990084171,-1.0,-0.0,0.0,0.0
1782948493.8769767,2026-07-01 19:28:13.876,13224.0,13224,right,0,2,three,3,0.0,0.003969999961555004,-0.04999999701976776,-1.0,-0.0,0.0,0.0,0.0,0.0,0.0,-1.0,-0.0,0.0,0.0,-0.025476505979895592,-0.012044684961438179,-0.022234933450818062,-0.7788838744163513,0.013464494608342648,-0.32385799288749695,-0.536912202835083,0.0,1.19209286886246e-09,-0.02723044343292713,-0.9664241075515747,0.2569524347782135,0.0,0.0,2.38418573772492e-09,-1.19209286886246e-09,-0.031859468668699265,-0.9098936915397644,0.41484156250953674,0.0,0.0,0.0,-3.5762786065873797e-09,-0.023122519254684448,-1.0,-0.0,0.0,0.0,-0.012360505759716034,0.0032300001475960016,-0.016998957842588425,-0.9990482330322266,-0.0,-0.04361938685178757,0.0,-0.002149570034816861,-3.8927792047616094e-06,-0.06502974033355713,-0.9999619722366333,-0.0,-0.008726464584469795,0.0,0.0,0.0,-0.03691747412085533,-0.9991405606269836,0.04145072400569916,0.0,0.0,-2.38418573772492e-09,-2.98023217215615e-10,-0.02163529396057129,-0.9989849328994751,0.045045435428619385,0.0,0.0,0.0,2.98023217215615e-10,-0.01868978515267372,-1.0,-0.0,0.0,0.0,0.0,0.003969999961555004,-0.017509059980511665,-1.0,-0.0,0.0,0.0,0.0,4.611611075233668e-06,-0.0637909397482872,-1.0,-0.0,0.0,0.0,0.0,2.98023217215615e-10,-0.04460655897855759,-0.9987601637840271,0.049780797213315964,0.0,0.0,0.0,-2.98023217215615e-10,-0.02347646653652191,-0.9974532127380371,0.07132436335086823,0.0,0.0,0.0,0.0,-0.019652195274829865,-1.0,-0.0,0.0,0.0,0.00711638480424881,0.0018999999156221747,-0.016959700733423233,-0.9961947202682495,-0.0,0.08715574443340302,0.0,-0.0005882382392883301,0.0,-0.060253534466028214,-0.9996573328971863,-0.0,0.026176923885941505,0.0,1.19209286886246e-09,-1.490116086078075e-10,-0.04255415499210358,-0.9993911981582642,0.03489004820585251,0.0,0.0,-2.38418573772492e-09,0.0,-0.02208789810538292,-0.9988139271736145,0.048689693212509155,0.0,0.0,0.0,0.0,-0.017740869894623756,-1.0,-0.0,0.0,0.0,0.013503451831638813,-0.0037700000684708357,-0.014087309129536152,-0.9914448857307434,-0.0,0.13052619993686676,0.0,0.0048975334502756596,-3.847479547403054e-06,-0.05743739381432533,-0.7945135831832886,0.6064624786376953,-0.006149862427264452,-0.030226323753595352,4.76837147544984e-09,-2.98023217215615e-10,-0.03276757150888443,-0.7130712270736694,0.7010916471481323,0.0,0.0,2.38418573772492e-09,0.0,-0.016709718853235245,-0.8457174897193909,0.5336308479309082,0.0,0.0,0.0,0.0,-0.01388302817940712,-1.0,-0.0,0.0,0.0
1782948494.0838597,2026-07-01 19:28:14.083,17813.0,17813,left,0,1,three,3,0.0,0.003969999961555004,-0.04999999701976776,-1.0,-0.0,0.0,0.0,0.0,0.0,0.0,-1.0,-0.0,0.0,0.0,0.025476500391960144,-0.012044699862599373,-0.022234899923205376,-0.7685449123382568,-0.014480175450444221,0.34960803389549255,0.5356335639953613,-5.7220457705398076e-08,-4.3511388270189855e-08,-0.027230437844991684,-0.9695665836334229,0.24482794106006622,0.0,0.0,3.5762786065873797e-09,6.318092005130893e-08,-0.031859491020441055,-0.9167502522468567,0.39946097135543823,0.0,0.0,2.384185648907078e-08,0.0,-0.023122519254684448,-1.0,-0.0,0.0,0.0,0.012359999120235443,0.0032300001475960016,-0.017000000923871994,-0.9990482330322266,-0.0,0.04361938685178757,0.0,0.0021501504816114902,-3.890097104886081e-06,-0.06502876430749893,-0.9999619722366333,-0.0,0.008726557716727257,0.0,-9.53674295089968e-09,-9.53674295089968e-09,-0.036917347460985184,-0.9993493556976318,0.0360686257481575,0.0,0.0,-2.8610228852699038e-08,-2.98023217215615e-10,-0.0216355137526989,-0.999281644821167,0.037897396832704544,0.0,0.0,1.2636184010261786e-07,2.98023217215615e-10,-0.018689393997192383,-1.0,-0.0,0.0,0.0,0.0,0.003969999961555004,-0.01750910095870495,-1.0,-0.0,0.0,0.0,0.0,4.610121322912164e-06,-0.06379090249538422,-1.0,-0.0,0.0,0.0,0.0,2.98023217215615e-10,-0.044606998562812805,-0.9993282556533813,0.036646850407123566,0.0,0.0,0.0,0.0,-0.023475991562008858,-0.9987035393714905,0.050904761999845505,0.0,0.0,0.0,0.0,-0.019651994109153748,-1.0,-0.0,0.0,0.0,-0.00711638992652297,0.0018999999156221747,-0.016959700733423233,-0.9961947202682495,-0.0,-0.08715574443340302,0.0,0.0005882433033548295,0.0,-0.060253534466028214,-0.9996573328971863,-0.0,-0.026176923885941505,0.0,-1.1086464013487785e-07,-1.490116086078075e-10,-0.04255366697907448,-0.9993911981582642,0.03489004820585251,0.0,0.0,4.5299529460862686e-08,0.0,-0.022088106721639633,-0.9988139271736145,0.048689693212509155,0.0,0.0,-1.4305114426349519e-08,0.0,-0.017740696668624878,-1.0,-0.0,0.0,0.0,-0.013503500260412693,-0.0037700000684708357,-0.014087299816310406,-0.9914448857307434,-0.0,-0.13052619993686676,0.0,-0.004897483624517918,-3.8501621020259336e-06,-0.05743739381432533,-0.722886323928833,0.6893151998519897,0.03111107461154461,0.03622140735387802,5.4836270635405526e-08,-2.98023217215615e-10,-0.03276759013533592,-0.7071068286895752,0.7071068286895752,0.0,0.0,-9.298324243900424e-08,0.0,-0.01670967973768711,-0.8419820070266724,0.5395057201385498,0.0,0.0,6.19888282926695e-08,0.0,-0.013883084990084171,-1.0,-0.0,0.0,0.0
1782948494.0951066,2026-07-01 19:28:14.095,13237.0,13237,right,0,2,three,3,0.0,0.003969999961555004,-0.04999999701976776,-1.0,-0.0,0.0,0.0,0.0,0.0,0.0,-1.0,-0.0,0.0,0.0,-0.025476505979895592,-0.012044684961438179,-0.022234933450818062,-0.7795416712760925,0.011254683136940002,-0.3228752613067627,-0.5366001725196838,0.0,1.19209286886246e-09,-0.02723044343292713,-0.967337429523468,0.2534923553466797,0.0,0.0,2.38418573772492e-09,-1.19209286886246e-09,-0.031859468668699265,-0.9118713736534119,0.41047611832618713,0.0,0.0,0.0,-3.5762786065873797e-09,-0.023122519254684448,-1.0,-0.0,0.0,0.0,-0.012360505759716034,0.0032300001475960016,-0.016998957842588425,-0.9990482330322266,-0.0,-0.04361938685178757,0.0,-0.002149570034816861,-3.8927792047616094e-06,-0.06502974033355713,-0.9999619722366333,-0.0,-0.008726464584469795,0.0,0.0,0.0,-0.03691747412085533,-0.9991405606269836,0.04145072400569916,0.0,0.0,-2.38418573772492e-09,-2.98023217215615e-10,-0.02163529396057129,-0.9989849328994751,0.045045435428619385,0.0,0.0,0.0,2.98023217215615e-10,-0.01868978515267372,-1.0,-0.0,0.0,0.0,0.0,0.003969999961555004,-0.017509059980511665,-1.0,-0.0,0.0,0.0,0.0,4.611611075233668e-06,-0.0637909397482872,-1.0,-0.0,0.0,0.0,0.0,2.98023217215615e-10,-0.04460655897855759,-0.9987601637840271,0.049780797213315964,0.0,0.0,0.0,-2.98023217215615e-10,-0.02347646653652191,-0.9974532127380371,0.07132436335086823,0.0,0.0,0.0,0.0,-0.019652195274829865,-1.0,-0.0,0.0,0.0,0.00711638480424881,0.0018999999156221747,-0.016959700733423233,-0.9961947202682495,-0.0,0.08715574443340302,0.0,-0.0005882382392883301,0.0,-0.060253534466028214,-0.9996573328971863,-0.0,0.026176923885941505,0.0,1.19209286886246e-09,-1.490116086078075e-10,-0.04255415499210358,-0.9993911981582642,0.03489004820585251,0.0,0.0,-2.38418573772492e-09,0.0,-0.02208789810538292,-0.9988139271736145,0.048689693212509155,0.0,0.0,0.0,0.0,-0.017740869894623756,-1.0,-0.0,0.0,0.0,0.013503451831638813,-0.0037700000684708357,-0.014087309129536152,-0.9914448857307434,-0.0,0.13052619993686676,0.0,0.0048975334502756596,-3.847479547403054e-06,-0.05743739381432533,-0.7945135831832886,0.6064624786376953,-0.006149862427264452,-0.030226323753595352,4.76837147544984e-09,-2.98023217215615e-10,-0.03276757150888443,-0.7130712270736694,0.7010916471481323,0.0,0.0,2.38418573772492e-09,0.0,-0.016709718853235245,-0.8457174897193909,0.5336308479309082,0.0,0.0,0.0,0.0,-0.01388302817940712,-1.0,-0.0,0.0,0.0
1782948494.2910476,2026-07-01 19:28:14.291,17814.0,17814,left,0,1,three,3,0.0,0.003969999961555004,-0.04999999701976776,-1.0,-0.0,0.0,0.0,0.0,0.0,0.0,-1.0,-0.0,0.0,0.0,0.025476500391960144,-0.012044699862599373,-0.022234899923205376,-0.7696673274040222,-0.017642689868807793,0.3479318618774414,0.5350180864334106,-5.7220457705398076e-08,-4.3511388270189855e-08,-0.027230437844991684,-0.9708662629127502,0.23962217569351196,0.0,0.0,3.5762786065873797e-09,6.318092005130893e-08,-0.031859491020441055,-0.9196290969848633,0.39278802275657654,0.0,0.0,2.384185648907078e-08,0.0,-0.023122519254684448,-1.0,-0.0,0.0,0.0,0.012359999120235443,0.0032300001475960016,-0.017000000923871994,-0.9990482330322266,-0.0,0.04361938685178757,0.0,0.0021501504816114902,-3.890097104886081e-06,-0.06502876430749893,-0.9999619722366333,-0.0,0.008726557716727257,0.0,-9.53674295089968e-09,-9.53674295089968e-09,-0.036917347460985184,-0.9993493556976318,0.0360686257481575,0.0,0.0,-2.8610228852699038e-08,-2.98023217215615e-10,-0.0216355137526989,-0.999281644821167,0.037897396832704544,0.0,0.0,1.2636184010261786e-07,2.98023217215615e-10,-0.018689393997192383,-1.0,-0.0,0.0,0.0,0.0,0.003969999961555004,-0.01750910095870495,-1.0,-0.0,0.0,0.0,0.0,4.610121322912164e-06,-0.06379090249538422,-1.0,-0.0,0.0,0.0,0.0,2.98023217215615e-10,-0.044606998562812805,-0.9993282556533813,0.036646850407123566,0.0,0.0,0.0,0.0,-0.023475991562008858,-0.9987035393714905,0.050904761999845505,0.0,0.0,0.0,0.0,-0.019651994109153748,-1.0,-0.0,0.0,0.0,-0.00711638992652297,0.0018999999156221747,-0.016959700733423233,-0.9961947202682495,-0.0,-0.08715574443340302,0.0,0.0005882433033548295,0.0,-0.060253534466028214,-0.9996573328971863,-0.0,-0.026176923885941505,0.0,-1.1086464013487785e-07,-1.490116086078075e-10,-0.04255366697907448,-0.9993911981582642,0.03489004820585251,0.0,0.0,4.5299529460862686e-08,0.0,-0.022088106721639633,-0.9988139271736145,0.048689693212509155,0.0,0.0,-1.4305114426349519e-08,0.0,-0.017740696668624878,-1.0,-0.0,0.0,0.0,-0.013503500260412693,-0.0037700000684708357,-0.014087299816310406,-0.9914448857307434,-0.0,-0.13052619993686676,0.0,-0.004897483624517918,-3.8501621020259336e-06,-0.05743739381432533,-0.722886323928833,0.6893151998519897,0.03111107461154461,0.03622140735387802,5.4836270635405526e-08,-2.98023217215615e-10,-0.03276759013533592,-0.7071068286895752,0.7071068286895752,0.0,0.0,-9.298324243900424e-08,0.0,-0.01670967973768711,-0.8419820070266724,0.5395057201385498,0.0,0.0,6.19888282926695e-08,0.0,-0.013883084990084171,-1.0,-0.0,0.0,0.0
1782948494.3033445,2026-07-01 19:28:14.303,13249.0,13249,right,0,2,three,3,0.0,0.003969999961555004,-0.04999999701976776,-1.0,-0.0,0.0,0.0,0.0,0.0,0.0,-1.0,-0.0,0.0,0.0,-0.025476505979895592,-0.012044684961438179,-0.022234933450818062,-0.7794323563575745,0.011622989550232887,-0.3230392038822174,-0.5366523861885071,0.0,1.19209286886246e-09,-0.02723044343292713,-0.9671860933303833,0.2540692687034607,0.0,0.0,2.38418573772492e-09,-1.19209286886246e-09,-0.031859468668699265,-0.9115432500839233,0.41120433807373047,0.0,0.0,0.0,-3.5762786065873797e-09,-0.023122519254684448,-1.0,-0.0,0.0,0.0,-0.012360505759716034,0.0032300001475960016,-0.016998957842588425,-0.9990482330322266,-0.0,-0.04361938685178757,0.0,-0.002149570034816861,-3.8927792047616094e-06,-0.06502974033355713,-0.9999619722366333,-0.0,-0.008726464584469795,0.0,0.0,0.0,-0.03691747412085533,-0.9991405606269836,0.04145072400569916,0.0,0.0,-2.38418573772492e-09,-2.98023217215615e-10,-0.02163529396057129,-0.9989849328994751,0.045045435428619385,0.0,0.0,0.0,2.98023217215615e-10,-0.01868978515267372,-1.0,-0.0,0.0,0.0,0.0,0.003969999961555004,-0.017509059980511665,-1.0,-0.0,0.0,0.0,0.0,4.611611075233668e-06,-0.0637909397482872,-1.0,-0.0,0.0,0.0,0.0,2.98023217215615e-10,-0.04460655897855759,-0.9987601637840271,0.049780797213315964,0.0,0.0,0.0,-2.98023217215615e-10,-0.02347646653652191,-0.9974532127380371,0.07132436335086823,0.0,0.0,0.0,0.0,-0.019652195274829865,-1.0,-0.0,0.0,0.0,0.00711638480424881,0.0018999999156221747,-0.016959700733423233,-0.9961947202682495,-0.0,0.08715574443340302,0.0,-0.0005882382392883301,0.0,-0.060253534466028214,-0.9996573328971863,-0.0,0.026176923885941505,0.0,1.19209286886246e-09,-1.490116086078075e-10,-0.04255415499210358,-0.9993911981582642,0.03489004820585251,0.0,0.0,-2.38418573772492e-09,0.0,-0.02208789810538292,-0.9988139271736145,0.048689693212509155,0.0,0.0,0.0,0.0,-0.017740869894623756,-1.0,-0.0,0.0,0.0,0.013503451831638813,-0.0037700000684708357,-0.014087309129536152,-0.9914448857307434,-0.0,0.13052619993686676,0.0,0.0048975334502756596,-3.847479547403054e-06,-0.05743739381432533,-0.7577130794525146,0.6515719294548035,-0.017916861921548843,-0.03168501332402229,4.76837147544984e-09,-2.98023217215615e-10,-0.03276757150888443,-0.7098134160041809,0.7043898105621338,0.0,0.0,2.38418573772492e-09,0.0,-0.016709718853235245,-0.843680202960968,0.5368461012840271,0.0,0.0,0.0,0.0,-0.01388302817940712,-1.0,-0.0,0.0,0.0
1782948494.4991033,2026-07-01 19:28:14.499,17816.0,17816,left,0,1,three,3,0.0,0.003969999961555004,-0.04999999701976776,-1.0,-0.0,0.0,0.0,0.0,0.0,0.0,-1.0,-0.0,0.0,0.0,0.025476500391960144,-0.012044699862599373,-0.022234899923205376,-0.7696673274040222,-0.017642689868807793,0.3479318618774414,0.5350180864334106,-5.7220457705398076e-08,-4.3511388270189855e-08,-0.027230437844991684,-0.9708662629127502,0.23962217569351196,0.0,0.0,3.5762786065873797e-09,6.318092005130893e-08,-0.031859491020441055,-0.9196290969848633,0.39278802275657654,0.0,0.0,2.384185648907078e-08,0.0,-0.023122519254684448,-1.0,-0.0,0.0,0.0,0.012359999120235443,0.0032300001475960016,-0.017000000923871994,-0.9990482330322266,-0.0,0.04361938685178757,0.0,0.0021501504816114902,-3.890097104886081e-06,-0.06502876430749893,-0.9999619722366333,-0.0,0.008726557716727257,0.0,-9.53674295089968e-09,-9.53674295089968e-09,-0.036917347460985184,-0.9993493556976318,0.0360686257481575,0.0,0.0,-2.8610228852699038e-08,-2.98023217215615e-10,-0.0216355137526989,-0.999281644821167,0.037897396832704544,0.0,0.0,1.2636184010261786e-07,2.98023217215615e-10,-0.018689393997192383,-1.0,-0.0,0.0,0.0,0.0,0.003969999961555004,-0.01750910095870495,-1.0,-0.0,0.0,0.0,0.0,4.610121322912164e-06,-0.06379090249538422,-1.0,-0.0,0.0,0.0,0.0,2.98023217215615e-10,-0.044606998562812805,-0.9993282556533813,0.036646850407123566,0.0,0.0,0.0,0.0,-0.023475991562008858,-0.9987035393714905,0.050904761999845505,0.0,0.0,0.0,0.0,-0.019651994109153748,-1.0,-0.0,0.0,0.0,-0.00711638992652297,0.0018999999156221747,-0.016959700733423233,-0.9961947202682495,-0.0,-0.08715574443340302,0.0,0.0005882433033548295,0.0,-0.060253534466028214,-0.9996573328971863,-0.0,-0.026176923885941505,0.0,-1.1086464013487785e-07,-1.490116086078075e-10,-0.04255366697907448,-0.9993911981582642,0.03489004820585251,0.0,0.0,4.5299529460862686e-08,0.0,-0.022088106721639633,-0.9988139271736145,0.048689693212509155,0.0,0.0,-1.4305114426349519e-08,0.0,-0.017740696668624878,-1.0,-0.0,0.0,0.0,-0.013503500260412693,-0.0037700000684708357,-0.014087299816310406,-0.9914448857307434,-0.0,-0.13052619993686676,0.0,-0.004897483624517918,-3.8501621020259336e-06,-0.05743739381432533,-0.7368084192276001,0.6745362281799316,0.02753053419291973,0.03682908043265343,5.4836270635405526e-08,-2.98023217215615e-10,-0.03276759013533592,-0.7071070671081543,0.7071065902709961,0.0,0.0,-9.298324243900424e-08,0.0,-0.01670967973768711,-0.8419820666313171,0.5395054817199707,0.0,0.0,6.19888282926695e-08,0.0,-0.013883084990084171,-1.0,-0.0,0.0,0.0
1782948494.511516,2026-07-01 19:28:14.511,13262.0,13262,right,0,2,three,3,0.0,0.003969999961555004,-0.04999999701976776,-1.0,-0.0,0.0,0.0,0.0,0.0,0.0,-1.0,-0.0,0.0,0.0,-0.025476505979895592,-0.012044684961438179,-0.022234933450818062,-0.7787183523178101,0.014014923945069313,-0.3241046071052551,-0.5369893312454224,0.0,1.19209286886246e-09,-0.02723044343292713,-0.9661938548088074,0.25781673192977905,0.0,0.0,2.38418573772492e-09,-1.19209286886246e-09,-0.031859468668699265,-0.9093972444534302,0.4159286916255951,0.0,0.0,0.0,-3.5762786065873797e-09,-0.023122519254684448,-1.0,-0.0,0.0,0.0,-0.012360505759716034,0.0032300001475960016,-0.016998957842588425,-0.9990482330322266,-0.0,-0.04361938685178757,0.0,-0.002149570034816861,-3.8927792047616094e-06,-0.06502974033355713,-0.9999619722366333,-0.0,-0.008726464584469795,0.0,0.0,0.0,-0.03691747412085533,-0.9991405606269836,0.04145072400569916,0.0,0.0,-2.38418573772492e-09,-2.98023217215615e-10,-0.02163529396057129,-0.9989849328994751,0.045045435428619385,0.0,0.0,0.0,2.98023217215615e-10,-0.01868978515267372,-1.0,-0.0,0.0,0.0,0.0,0.003969999961555004,-0.017509059980511665,-1.0,-0.0,0.0,0.0,0.0,4.611611075233668e-06,-0.0637909397482872,-1.0,-0.0,0.0,0.0,0.0,2.98023217215615e-10,-0.04460655897855759,-0.9987601637840271,0.049780797213315964,0.0,0.0,0.0,-2.98023217215615e-10,-0.02347646653652191,-0.9974532127380371,0.07132436335086823,0.0,0.0,0.0,0.0,-0.019652195274829865,-1.0,-0.0,0.0,0.0,0.00711638480424881,0.0018999999156221747,-0.016959700733423233,-0.9961947202682495,-0.0,0.08715574443340302,0.0,-0.0005882382392883301,0.0,-0.060253534466028214,-0.9996573328971863,-0.0,0.026176923885941505,0.0,1.19209286886246e-09,-1.490116086078075e-10,-0.04255415499210358,-0.9993911981582642,0.03489004820585251,0.0,0.0,-2.38418573772492e-09,0.0,-0.02208789810538292,-0.9988139271736145,0.048689693212509155,0.0,0.0,0.0,0.0,-0.017740869894623756,-1.0,-0.0,0.0,0.0,0.013503451831638813,-0.0037700000684708357,-0.014087309129536152,-0.9914448857307434,-0.0,0.13052619993686676,0.0,0.0048975334502756596,-3.847479547403054e-06,-0.05743739381432533,-0.6874284744262695,0.7244144678115845,-0.03929932788014412,-0.0334862619638443,4.76837147544984e-09,-2.98023217215615e-10,-0.03276757150888443,-0.7071068286895752,0.7071068286895752,0.0,0.0,2.38418573772492e-09,0.0,-0.016709718853235245,-0.8419820070266724,0.5395057201385498,0.0,0.0,0.0,0.0,-0.01388302817940712,-1.0,-0.0,0.0,0.0
1782948494.708227,2026-07-01 19:28:14.708,17818.0,17818,left,0,1,three,3,0.0,0.003969999961555004,-0.04999999701976776,-1.0,-0.0,0.0,0.0,0.0,0.0,0.0,-1.0,-0.0,0.0,0.0,0.025476500391960144,-0.012044699862599373,-0.022234899923205376,-0.7584614753723145,0.014727765694260597,0.3634173572063446,0.5407837629318237,-5.7220457705398076e-08,-4.3511388270189855e-08,-0.027230437844991684,-0.9563500285148621,0.29222366213798523,0.0,0.0,3.5762786065873797e-09,6.318092005130893e-08,-0.031859491020441055,-0.8890870809555054,0.45773816108703613,0.0,0.0,2.384185648907078e-08,0.0,-0.023122519254684448,-1.0,-0.0,0.0,0.0,0.012359999120235443,0.0032300001475960016,-0.017000000923871994,-0.9990482330322266,-0.0,0.04361938685178757,0.0,0.0021501504816114902,-3.890097104886081e-06,-0.06502876430749893,-0.9999619722366333,-0.0,0.008726557716727257,0.0,-9.53674295089968e-09,-9.53674295089968e-09,-0.036917347460985184,-0.9993493556976318,0.0360686257481575,0.0,0.0,-2.8610228852699038e-08,-2.98023217215615e-10,-0.0216355137526989,-0.999281644821167,0.037897396832704544,0.0,0.0,1.2636184010261786e-07,2.98023217215615e-10,-0.018689393997192383,-1.0,-0.0,0.0,0.0,0.0,0.003969999961555004,-0.01750910095870495,-1.0,-0.0,0.0,0.0,0.0,4.610121322912164e-06,-0.06379090249538422,-1.0,-0.0,0.0,0.0,0.0,2.98023217215615e-10,-0.044606998562812805,-0.9993282556533813,0.036646850407123566,0.0,0.0,0.0,0.0,-0.023475991562008858,-0.9987035393714905,0.050904761999845505,0.0,0.0,0.0,0.0,-0.019651994109153748,-1.0,-0.0,0.0,0.0,-0.00711638992652297,0.0018999999156221747,-0.016959700733423233,-0.9961947202682495,-0.0,-0.08715574443340302,0.0,0.0005882433033548295,0.0,-0.060253534466028214,-0.9996573328971863,-0.0,-0.026176923885941505,0.0,-1.1086464013487785e-07,-1.490116086078075e-10,-0.04255366697907448,-0.9993911981582642,0.03489004820585251,0.0,0.0,4.5299529460862686e-08,0.0,-0.022088106721639633,-0.9988139271736145,0.048689693212509155,0.0,0.0,-1.4305114426349519e-08,0.0,-0.017740696668624878,-1.0,-0.0,0.0,0.0,-0.013503500260412693,-0.0037700000684708357,-0.014087299816310406,-0.9914448857307434,-0.0,-0.13052619993686676,0.0,-0.004897483624517918,-3.8501621020259336e-06,-0.05743739381432533,-0.6819939017295837,0.7293853759765625,0.04154752194881439,0.033987272530794144,5.4836270635405526e-08,-2.98023217215615e-10,-0.03276759013533592,-0.7071068286895752,0.7071068286895752,0.0,0.0,-9.298324243900424e-08,0.0,-0.01670967973768711,-0.8419820070266724,0.5395057201385498,0.0,0.0,6.19888282926695e-08,0.0,-0.013883084990084171,-1.0,-0.0,0.0,0.0
1782948494.7312284,2026-07-01 19:28:14.731,13275.0,13275,right,0,2,three,3,0.0,0.003969999961555004,-0.04999999701976776,-1.0,-0.0,0.0,0.0,0.0,0.0,0.0,-1.0,-0.0,0.0,0.0,-0.025476505979895592,-0.012044684961438179,-0.022234933450818062,-0.778107225894928,0.016024330630898476,-0.3250133693218231,-0.537269651889801,0.0,1.19209286886246e-09,-0.02723044343292713,-0.9653434157371521,0.26098307967185974,0.0,0.0,2.38418573772492e-09,-1.19209286886246e-09,-0.031859468668699265,-0.9075716137886047,0.4198973476886749,0.0,0.0,0.0,-3.5762786065873797e-09,-0.023122519254684448,-1.0,-0.0,0.0,0.0,-0.012360505759716034,0.0032300001475960016,-0.016998957842588425,-0.9990482330322266,-0.0,-0.04361938685178757,0.0,-0.002149570034816861,-3.8927792047616094e-06,-0.06502974033355713,-0.9999619722366333,-0.0,-0.008726464584469795,0.0,0.0,0.0,-0.03691747412085533,-0.9991405606269836,0.04145072400569916,0.0,0.0,-2.38418573772492e-09,-2.98023217215615e-10,-0.02163529396057129,-0.9989849328994751,0.045045435428619385,0.0,0.0,0.0,2.98023217215615e-10,-0.01868978515267372,-1.0,-0.0,0.0,0.0,0.0,0.003969999961555004,-0.017509059980511665,-1.0,-0.0,0.0,0.0,0.0,4.611611075233668e-06,-0.0637909397482872,-1.0,-0.0,0.0,0.0,0.0,2.98023217215615e-10,-0.04460655897855759,-0.9987601637840271,0.049780797213315964,0.0,0.0,0.0,-2.98023217215615e-10,-0.02347646653652191,-0.9974532127380371,0.07132436335086823,0.0,0.0,0.0,0.0,-0.019652195274829865,-1.0,-0.0,0.0,0.0,0.00711638480424881,0.0018999999156221747,-0.016959700733423233,-0.9961947202682495,-0.0,0.08715574443340302,0.0,-0.0005882382392883301,0.0,-0.060253534466028214,-0.9996573328971863,-0.0,0.026176923885941505,0.0,1.19209286886246e-09,-1.490116086078075e-10,-0.04255415499210358,-0.9993911981582642,0.03489004820585251,0.0,0.0,-2.38418573772492e-09,0.0,-0.02208789810538292,-0.9988139271736145,0.048689693212509155,0.0,0.0,0.0,0.0,-0.017740869894623756,-1.0,-0.0,0.0,0.0,0.013503451831638813,-0.0037700000684708357,-0.014087309129536152,-0.9914448857307434,-0.0,0.13052619993686676,0.0,0.0048975334502756596,-3.847479547403054e-06,-0.05743739381432533,-0.6874284744262695,0.7244144678115845,-0.03929932788014412,-0.0334862619638443,4.76837147544984e-09,-2.98023217215615e-10,-0.03276757150888443,-0.7071068286895752,0.7071068286895752,0.0,0.0,2.38418573772492e-09,0.0,-0.016709718853235245,-0.8419820070266724,0.5395057201385498,0.0,0.0,0.0,0.0,-0.01388302817940712,-1.0,-0.0,0.0,0.0
1782948494.923666,2026-07-01 19:28:14.923,17820.0,17820,left,0,1,three,3,0.0,0.003969999961555004,-0.04999999701976776,-1.0,-0.0,0.0,0.0,0.0,0.0,0.0,-1.0,-0.0,0.0,0.0,0.025476500391960144,-0.012044699862599373,-0.022234899923205376,-0.743014395236969,0.06352703273296356,0.38022100925445557,0.5471068620681763,-5.7220457705398076e-08,-4.3511388270189855e-08,-0.027230437844991684,-0.9295983910560608,0.3685740828514099,0.0,0.0,3.5762786065873797e-09,6.318092005130893e-08,-0.031859491020441055,-0.8404828310012817,0.5418382287025452,0.0,0.0,2.384185648907078e-08,0.0,-0.023122519254684448,-1.0,-0.0,0.0,0.0,0.012359999120235443,0.0032300001475960016,-0.017000000923871994,-0.9990482330322266,-0.0,0.04361938685178757,0.0,0.0021501504816114902,-3.890097104886081e-06,-0.06502876430749893,-0.9999619722366333,-0.0,0.008726557716727257,0.0,-9.53674295089968e-09,-9.53674295089968e-09,-0.036917347460985184,-0.9993493556976318,0.0360686257481575,0.0,0.0,-2.8610228852699038e-08,-2.98023217215615e-10,-0.0216355137526989,-0.999281644821167,0.037897396832704544,0.0,0.0,1.2636184010261786e-07,2.98023217215615e-10,-0.018689393997192383,-1.0,-0.0,0.0,0.0,0.0,0.003969999961555004,-0.01750910095870495,-1.0,-0.0,0.0,0.0,0.0,4.610121322912164e-06,-0.06379090249538422,-1.0,-0.0,0.0,0.0,0.0,2.98023217215615e-10,-0.044606998562812805,-0.9993282556533813,0.036646850407123566,0.0,0.0,0.0,0.0,-0.023475991562008858,-0.9987035393714905,0.050904761999845505,0.0,0.0,0.0,0.0,-0.019651994109153748,-1.0,-0.0,0.0,0.0,-0.00711638992652297,0.0018999999156221747,-0.016959700733423233,-0.9961947202682495,-0.0,-0.08715574443340302,0.0,0.0005882433033548295,0.0,-0.060253534466028214,-0.9996573328971863,-0.0,-0.026176923885941505,0.0,-1.1086464013487785e-07,-1.490116086078075e-10,-0.04255366697907448,-0.9995051622390747,0.03145527467131615,0.0,0.0,4.5299529460862686e-08,0.0,-0.022088106721639633,-0.999065101146698,0.04323066025972366,0.0,0.0,-1.4305114426349519e-08,0.0,-0.017740696668624878,-1.0,-0.0,0.0,0.0,-0.013503500260412693,-0.0037700000684708357,-0.014087299816310406,-0.9914448857307434,-0.0,-0.13052619993686676,0.0,-0.004897483624517918,-3.8501621020259336e-06,-0.05743739381432533,-0.6765620112419128,0.7343634963035583,0.04291483759880066,0.0336526557803154,5.4836270635405526e-08,-2.98023217215615e-10,-0.03276759013533592,-0.7071068286895752,0.7071068286895752,0.0,0.0,-9.298324243900424e-08,0.0,-0.01670967973768711,-0.8419820070266724,0.5395057201385498,0.0,0.0,6.19888282926695e-08,0.0,-0.013883084990084171,-1.0,-0.0,0.0,0.0
1782948494.9358172,2026-07-01 19:28:14.935,13287.0,13287,right,0,2,three,3,0.0,0.003969999961555004,-0.04999999701976776,-1.0,-0.0,0.0,0.0,0.0,0.0,0.0,-1.0,-0.0,0.0,0.0,-0.025476505979895592,-0.012044684961438179,-0.022234933450818062,-0.7824163436889648,0.0011888594599440694,-0.31851595640182495,-0.5351362824440002,0.0,1.19209286886246e-09,-0.02723044343292713,-0.971293032169342,0.23788616061210632,0.0,0.0,2.38418573772492e-09,-1.19209286886246e-09,-0.031859468668699265,-0.9205800294876099,0.3905540406703949,0.0,0.0,0.0,-3.5762786065873797e-09,-0.023122519254684448,-1.0,-0.0,0.0,0.0,-0.012360505759716034,0.0032300001475960016,-0.016998957842588425,-0.9990482330322266,-0.0,-0.04361938685178757,0.0,-0.002149570034816861,-3.8927792047616094e-06,-0.06502974033355713,-0.9999619722366333,-0.0,-0.008726464584469795,0.0,0.0,0.0,-0.03691747412085533,-0.9991405606269836,0.04145072400569916,0.0,0.0,-2.38418573772492e-09,-2.98023217215615e-10,-0.02163529396057129,-0.9989849328994751,0.045045435428619385,0.0,0.0,0.0,2.98023217215615e-10,-0.01868978515267372,-1.0,-0.0,0.0,0.0,0.0,0.003969999961555004,-0.017509059980511665,-1.0,-0.0,0.0,0.0,0.0,4.611611075233668e-06,-0.0637909397482872,-1.0,-0.0,0.0,0.0,0.0,2.98023217215615e-10,-0.04460655897855759,-0.9987601637840271,0.049780797213315964,0.0,0.0,0.0,-2.98023217215615e-10,-0.02347646653652191,-0.9974532127380371,0.07132436335086823,0.0,0.0,0.0,0.0,-0.019652195274829865,-1.0,-0.0,0.0,0.0,0.00711638480424881,0.0018999999156221747,-0.016959700733423233,-0.9961947202682495,-0.0,0.08715574443340302,0.0,-0.0005882382392883301,0.0,-0.060253534466028214,-0.9996573328971863,-0.0,0.026176923885941505,0.0,1.19209286886246e-09,-1.490116086078075e-10,-0.04255415499210358,-0.9993911981582642,0.03489004820585251,0.0,0.0,-2.38418573772492e-09,0.0,-0.02208789810538292,-0.9988139271736145,0.048689693212509155,0.0,0.0,0.0,0.0,-0.017740869894623756,-1.0,-0.0,0.0,0.0,0.013503451831638813,-0.0037700000684708357,-0.014087309129536152,-0.9914448857307434,-0.0,0.13052619993686676,0.0,0.0048975334502756596,-3.847479547403054e-06,-0.05743739381432533,-0.7298161387443542,0.6823633909225464,-0.025909505784511566,-0.03282209858298302,4.76837147544984e-09,-2.98023217215615e-10,-0.03276757150888443,-0.7071068286895752,0.7071068286895752,0.0,0.0,2.38418573772492e-09,0.0,-0.016709718853235245,-0.8419820070266724,0.5395057201385498,0.0,0.0,0.0,0.0,-0.01388302817940712,-1.0,-0.0,0.0,0.0
1782948495.1310494,2026-07-01 19:28:15.131,17821.0,17821,left,0,1,three,3,0.0,0.003969999961555004,-0.04999999701976776,-1.0,-0.0,0.0,0.0,0.0,0.0,0.0,-1.0,-0.0,0.0,0.0,0.025476500391960144,-0.012044699862599373,-0.022234899923205376,-0.7409801483154297,0.07139743864536285,0.381836861371994,0.5477695465087891,-5.7220457705398076e-08,-4.3511388270189855e-08,-0.027230437844991684,-0.9248029589653015,0.3804464340209961,0.0,0.0,3.5762786065873797e-09,6.318092005130893e-08,-0.031859491020441055,-0.8330554366111755,0.5531895756721497,0.0,0.0,2.384185648907078e-08,0.0,-0.023122519254684448,-1.0,-0.0,0.0,0.0,0.012359999120235443,0.0032300001475960016,-0.017000000923871994,-0.9990482330322266,-0.0,0.04361938685178757,0.0,0.0021501504816114902,-3.890097104886081e-06,-0.06502876430749893,-0.9999619722366333,-0.0,0.008726557716727257,0.0,-9.53674295089968e-09,-9.53674295089968e-09,-0.036917347460985184,-0.9993493556976318,0.0360686257481575,0.0,0.0,-2.8610228852699038e-08,-2.98023217215615e-10,-0.0216355137526989,-0.999281644821167,0.037897396832704544,0.0,0.0,1.2636184010261786e-07,2.98023217215615e-10,-0.018689393997192383,-1.0,-0.0,0.0,0.0,0.0,0.003969999961555004,-0.01750910095870495,-1.0,-0.0,0.0,0.0,0.0,4.610121322912164e-06,-0.06379090249538422,-1.0,-0.0,0.0,0.0,0.0,2.98023217215615e-10,-0.044606998562812805,-0.9993282556533813,0.036646850407123566,0.0,0.0,0.0,0.0,-0.023475991562008858,-0.9987035393714905,0.050904761999845505,0.0,0.0,0.0,0.0,-0.019651994109153748,-1.0,-0.0,0.0,0.0,-0.00711638992652297,0.0018999999156221747,-0.016959700733423233,-0.9961947202682495,-0.0,-0.08715574443340302,0.0,0.0005882433033548295,0.0,-0.060253534466028214,-0.9996573328971863,-0.0,-0.026176923885941505,0.0,-1.1086464013487785e-07,-1.490116086078075e-10,-0.04255366697907448,-0.9995051622390747,0.03145527467131615,0.0,0.0,4.5299529460862686e-08,0.0,-0.022088106721639633,-0.999065101146698,0.04323066025972366,0.0,0.0,-1.4305114426349519e-08,0.0,-0.017740696668624878,-1.0,-0.0,0.0,0.0,-0.013503500260412693,-0.0037700000684708357,-0.014087299816310406,-0.9914448857307434,-0.0,-0.13052619993686676,0.0,-0.004897483624517918,-3.8501621020259336e-06,-0.05743739381432533,-0.6765620112419128,0.7343634963035583,0.04291483759880066,0.0336526557803154,5.4836270635405526e-08,-2.98023217215615e-10,-0.03276759013533592,-0.7071068286895752,0.7071068286895752,0.0,0.0,-9.298324243900424e-08,0.0,-0.01670967973768711,-0.8419820070266724,0.5395057201385498,0.0,0.0,6.19888282926695e-08,0.0,-0.013883084990084171,-1.0,-0.0,0.0,0.0
1782948495.1425664,2026-07-01 19:28:15.142,13300.0,13300,right,0,2,three,3,0.0,0.003969999961555004,-0.04999999701976776,-1.0,-0.0,0.0,0.0,0.0,0.0,0.0,-1.0,-0.0,0.0,0.0,-0.025476505979895592,-0.012044684961438179,-0.022234933450818062,-0.7830358147621155,-0.001071438193321228,-0.3175613284111023,-0.5347976684570312,0.0,1.19209286886246e-09,-0.02723044343292713,-0.9721370935440063,0.23441314697265625,0.0,0.0,2.38418573772492e-09,-1.19209286886246e-09,-0.031859468668699265,-0.9224686622619629,0.38607195019721985,0.0,0.0,0.0,-3.5762786065873797e-09,-0.023122519254684448,-1.0,-0.0,0.0,0.0,-0.012360505759716034,0.0032300001475960016,-0.016998957842588425,-0.9990482330322266,-0.0,-0.04361938685178757,0.0,-0.002149570034816861,-3.8927792047616094e-06,-0.06502974033355713,-0.9999619722366333,-0.0,-0.008726464584469795,0.0,0.0,0.0,-0.03691747412085533,-0.9991405606269836,0.04145072400569916,0.0,0.0,-2.38418573772492e-09,-2.98023217215615e-10,-0.02163529396057129,-0.9989849328994751,0.045045435428619385,0.0,0.0,0.0,2.98023217215615e-10,-0.01868978515267372,-1.0,-0.0,0.0,0.0,0.0,0.003969999961555004,-0.017509059980511665,-1.0,-0.0,0.0,0.0,0.0,4.611611075233668e-06,-0.0637909397482872,-1.0,-0.0,0.0,0.0,0.0,2.98023217215615e-10,-0.04460655897855759,-0.9987601637840271,0.049780797213315964,0.0,0.0,0.0,-2.98023217215615e-10,-0.02347646653652191,-0.9974532127380371,0.07132436335086823,0.0,0.0,0.0,0.0,-0.019652195274829865,-1.0,-0.0,0.0,0.0,0.00711638480424881,0.0018999999156221747,-0.016959700733423233,-0.9961947202682495,-0.0,0.08715574443340302,0.0,-0.0005882382392883301,0.0,-0.060253534466028214,-0.9996573328971863,-0.0,0.026176923885941505,0.0,1.19209286886246e-09,-1.490116086078075e-10,-0.04255415499210358,-0.9995051622390747,0.03145527467131615,0.0,0.0,-2.38418573772492e-09,0.0,-0.02208789810538292,-0.999065101146698,0.04323066025972366,0.0,0.0,0.0,0.0,-0.017740869894623756,-1.0,-0.0,0.0,0.0,0.013503451831638813,-0.0037700000684708357,-0.014087309129536152,-0.9914448857307434,-0.0,0.13052619993686676,0.0,0.0048975334502756596,-3.847479547403054e-06,-0.05743739381432533,-0.7358907461166382,0.6758854985237122,-0.024013422429561615,-0.03266487643122673,4.76837147544984e-09,-2.98023217215615e-10,-0.03276757150888443,-0.7071068286895752,0.7071068286895752,0.0,0.0,2.38418573772492e-09,0.0,-0.016709718853235245,-0.8419820070266724,0.5395057201385498,0.0,0.0,0.0,0.0,-0.01388302817940712,-1.0,-0.0,0.0,0.0
1782948495.3346872,2026-07-01 19:28:15.334,17823.0,17823,left,0,1,three,3,0.0,0.003969999961555004,-0.04999999701976776,-1.0,-0.0,0.0,0.0,0.0,0.0,0.0,-1.0,-0.0,0.0,0.0,0.025476500391960144,-0.012044699862599373,-0.022234899923205376,-0.7432722449302673,0.0625389963388443,0.38000741600990295,0.5470189452171326,-5.7220457705398076e-08,-4.3511388270189855e-08,-0.027230437844991684,-0.93019038438797,0.36707744002342224,0.0,0.0,3.5762786065873797e-09,6.318092005130893e-08,-0.031859491020441055,-0.841414749622345,0.540389895439148,0.0,0.0,2.384185648907078e-08,0.0,-0.023122519254684448,-1.0,-0.0,0.0,0.0,0.012359999120235443,0.0032300001475960016,-0.017000000923871994,-0.9990482330322266,-0.0,0.04361938685178757,0.0,0.0021501504816114902,-3.890097104886081e-06,-0.06502876430749893,-0.9999619722366333,-0.0,0.008726557716727257,0.0,-9.53674295089968e-09,-9.53674295089968e-09,-0.036917347460985184,-0.9993493556976318,0.0360686257481575,0.0,0.0,-2.8610228852699038e-08,-2.98023217215615e-10,-0.0216355137526989,-0.999281644821167,0.037897396832704544,0.0,0.0,1.2636184010261786e-07,2.98023217215615e-10,-0.018689393997192383,-1.0,-0.0,0.0,0.0,0.0,0.003969999961555004,-0.01750910095870495,-1.0,-0.0,0.0,0.0,0.0,4.610121322912164e-06,-0.06379090249538422,-1.0,-0.0,0.0,0.0,0.0,2.98023217215615e-10,-0.044606998562812805,-0.9993282556533813,0.036646850407123566,0.0,0.0,0.0,0.0,-0.023475991562008858,-0.9987035393714905,0.050904761999845505,0.0,0.0,0.0,0.0,-0.019651994109153748,-1.0,-0.0,0.0,0.0,-0.00711638992652297,0.0018999999156221747,-0.016959700733423233,-0.9961947202682495,-0.0,-0.08715574443340302,0.0,0.0005882433033548295,0.0,-0.060253534466028214,-0.9996573328971863,-0.0,-0.026176923885941505,0.0,-1.1086464013487785e-07,-1.490116086078075e-10,-0.04255366697907448,-0.9995051622390747,0.03145527467131615,0.0,0.0,4.5299529460862686e-08,0.0,-0.022088106721639633,-0.999065101146698,0.04323066025972366,0.0,0.0,-1.4305114426349519e-08,0.0,-0.017740696668624878,-1.0,-0.0,0.0,0.0,-0.013503500260412693,-0.0037700000684708357,-0.014087299816310406,-0.9914448857307434,-0.0,-0.13052619993686676,0.0,-0.004897483624517918,-3.8501621020259336e-06,-0.05743739381432533,-0.6765620112419128,0.7343634963035583,0.04291483759880066,0.0336526557803154,5.4836270635405526e-08,-2.98023217215615e-10,-0.03276759013533592,-0.7071068286895752,0.7071068286895752,0.0,0.0,-9.298324243900424e-08,0.0,-0.01670967973768711,-0.8419820070266724,0.5395057201385498,0.0,0.0,6.19888282926695e-08,0.0,-0.013883084990084171,-1.0,-0.0,0.0,0.0
1782948495.3557885,2026-07-01 19:28:15.355,13313.0,13313,right,0,2,three,3,0.0,0.003969999961555004,-0.04999999701976776,-1.0,-0.0,0.0,0.0,0.0,0.0,0.0,-1.0,-0.0,0.0,0.0,-0.025476505979895592,-0.012044684961438179,-0.022234933450818062,-0.7830358147621155,-0.001071438193321228,-0.3175613284111023,-0.5347976684570312,0.0,1.19209286886246e-09,-0.02723044343292713,-0.9721370935440063,0.23441314697265625,0.0,0.0,2.38418573772492e-09,-1.19209286886246e-09,-0.031859468668699265,-0.9224686622619629,0.38607195019721985,0.0,0.0,0.0,-3.5762786065873797e-09,-0.023122519254684448,-1.0,-0.0,0.0,0.0,-0.012360505759716034,0.0032300001475960016,-0.016998957842588425,-0.9990482330322266,-0.0,-0.04361938685178757,0.0,-0.002149570034816861,-3.8927792047616094e-06,-0.06502974033355713,-0.9999619722366333,-0.0,-0.008726464584469795,0.0,0.0,0.0,-0.03691747412085533,-0.9991405606269836,0.04145072400569916,0.0,0.0,-2.38418573772492e-09,-2.98023217215615e-10,-0.02163529396057129,-0.9989849328994751,0.045045435428619385,0.0,0.0,0.0,2.98023217215615e-10,-0.01868978515267372,-1.0,-0.0,0.0,0.0,0.0,0.003969999961555004,-0.017509059980511665,-1.0,-0.0,0.0,0.0,0.0,4.611611075233668e-06,-0.0637909397482872,-1.0,-0.0,0.0,0.0,0.0,2.98023217215615e-10,-0.04460655897855759,-0.9987601637840271,0.049780797213315964,0.0,0.0,0.0,-2.98023217215615e-10,-0.02347646653652191,-0.9974532127380371,0.07132436335086823,0.0,0.0,0.0,0.0,-0.019652195274829865,-1.0,-0.0,0.0,0.0,0.00711638480424881,0.0018999999156221747,-0.016959700733423233,-0.9961947202682495,-0.0,0.08715574443340302,0.0,-0.0005882382392883301,0.0,-0.060253534466028214,-0.9996573328971863,-0.0,0.026176923885941505,0.0,1.19209286886246e-09,-1.490116086078075e-10,-0.04255415499210358,-0.9995051622390747,0.03145527467131615,0.0,0.0,-2.38418573772492e-09,0.0,-0.02208789810538292,-0.999065101146698,0.04323066025972366,0.0,0.0,0.0,0.0,-0.017740869894623756,-1.0,-0.0,0.0,0.0,0.013503451831638813,-0.0037700000684708357,-0.014087309129536152,-0.9914448857307434,-0.0,0.13052619993686676,0.0,0.0048975334502756596,-3.847479547403054e-06,-0.05743739381432533,-0.7358907461166382,0.6758854985237122,-0.024013422429561615,-0.03266487643122673,4.76837147544984e-09,-2.98023217215615e-10,-0.03276757150888443,-0.7071068286895752,0.7071068286895752,0.0,0.0,2.38418573772492e-09,0.0,-0.016709718853235245,-0.8419820070266724,0.5395057201385498,0.0,0.0,0.0,0.0,-0.01388302817940712,-1.0,-0.0,0.0,0.0
1782948495.5476882,2026-07-01 19:28:15.547,17825.0,17825,left,0,1,three,3,0.0,0.003969999961555004,-0.04999999701976776,-1.0,-0.0,0.0,0.0,0.0,0.0,0.0,-1.0,-0.0,0.0,0.0,0.025476500391960144,-0.012044699862599373,-0.022234899923205376,-0.7432722449302673,0.0625389963388443,0.38000741600990295,0.5470189452171326,-5.7220457705398076e-08,-4.3511388270189855e-08,-0.027230437844991684,-0.93019038438797,0.36707744002342224,0.0,0.0,3.5762786065873797e-09,6.318092005130893e-08,-0.031859491020441055,-0.841414749622345,0.540389895439148,0.0,0.0,2.384185648907078e-08,0.0,-0.023122519254684448,-1.0,-0.0,0.0,0.0,0.012359999120235443,0.0032300001475960016,-0.017000000923871994,-0.9990482330322266,-0.0,0.04361938685178757,0.0,0.0021501504816114902,-3.890097104886081e-06,-0.06502876430749893,-0.9999619722366333,-0.0,0.008726557716727257,0.0,-9.53674295089968e-09,-9.53674295089968e-09,-0.036917347460985184,-0.9993493556976318,0.0360686257481575,0.0,0.0,-2.8610228852699038e-08,-2.98023217215615e-10,-0.0216355137526989,-0.999281644821167,0.037897396832704544,0.0,0.0,1.2636184010261786e-07,2.98023217215615e-10,-0.018689393997192383,-1.0,-0.0,0.0,0.0,0.0,0.003969999961555004,-0.01750910095870495,-1.0,-0.0,0.0,0.0,0.0,4.610121322912164e-06,-0.06379090249538422,-1.0,-0.0,0.0,0.0,0.0,2.98023217215615e-10,-0.044606998562812805,-0.9993282556533813,0.036646850407123566,0.0,0.0,0.0,0.0,-0.023475991562008858,-0.9987035393714905,0.050904761999845505,0.0,0.0,0.0,0.0,-0.019651994109153748,-1.0,-0.0,0.0,0.0,-0.00711638992652297,0.0018999999156221747,-0.016959700733423233,-0.9961947202682495,-0.0,-0.08715574443340302,0.0,0.0005882433033548295,0.0,-0.060253534466028214,-0.9996573328971863,-0.0,-0.026176923885941505,0.0,-1.1086464013487785e-07,-1.490116086078075e-10,-0.04255366697907448,-0.9995051622390747,0.03145527467131615,0.0,0.0,4.5299529460862686e-08,0.0,-0.022088106721639633,-0.999065101146698,0.04323066025972366,0.0,0.0,-1.4305114426349519e-08,0.0,-0.017740696668624878,-1.0,-0.0,0.0,0.0,-0.013503500260412693,-0.0037700000684708357,-0.014087299816310406,-0.9914448857307434,-0.0,-0.13052619993686676,0.0,-0.004897483624517918,-3.8501621020259336e-06,-0.05743739381432533,-0.6765620112419128,0.7343634963035583,0.04291483759880066,0.0336526557803154,5.4836270635405526e-08,-2.98023217215615e-10,-0.03276759013533592,-0.7071068286895752,0.7071068286895752,0.0,0.0,-9.298324243900424e-08,0.0,-0.01670967973768711,-0.8419820070266724,0.5395057201385498,0.0,0.0,6.19888282926695e-08,0.0,-0.013883084990084171,-1.0,-0.0,0.0,0.0
1782948495.5606112,2026-07-01 19:28:15.560,13324.0,13324,right,0,2,three,3,0.0,0.003969999961555004,-0.04999999701976776,-1.0,-0.0,0.0,0.0,0.0,0.0,0.0,-1.0,-0.0,0.0,0.0,-0.025476505979895592,-0.012044684961438179,-0.022234933450818062,-0.7830358147621155,-0.001071438193321228,-0.3175613284111023,-0.5347976684570312,0.0,1.19209286886246e-09,-0.02723044343292713,-0.9721370935440063,0.23441314697265625,0.0,0.0,2.38418573772492e-09,-1.19209286886246e-09,-0.031859468668699265,-0.9224686622619629,0.38607195019721985,0.0,0.0,0.0,-3.5762786065873797e-09,-0.023122519254684448,-1.0,-0.0,0.0,0.0,-0.012360505759716034,0.0032300001475960016,-0.016998957842588425,-0.9990482330322266,-0.0,-0.04361938685178757,0.0,-0.002149570034816861,-3.8927792047616094e-06,-0.06502974033355713,-0.9999619722366333,-0.0,-0.008726464584469795,0.0,0.0,0.0,-0.03691747412085533,-0.9991405606269836,0.04145072400569916,0.0,0.0,-2.38418573772492e-09,-2.98023217215615e-10,-0.02163529396057129,-0.9989849328994751,0.045045435428619385,0.0,0.0,0.0,2.98023217215615e-10,-0.01868978515267372,-1.0,-0.0,0.0,0.0,0.0,0.003969999961555004,-0.017509059980511665,-1.0,-0.0,0.0,0.0,0.0,4.611611075233668e-06,-0.0637909397482872,-1.0,-0.0,0.0,0.0,0.0,2.98023217215615e-10,-0.04460655897855759,-0.9987601637840271,0.049780797213315964,0.0,0.0,0.0,-2.98023217215615e-10,-0.02347646653652191,-0.9974532127380371,0.07132436335086823,0.0,0.0,0.0,0.0,-0.019652195274829865,-1.0,-0.0,0.0,0.0,0.00711638480424881,0.0018999999156221747,-0.016959700733423233,-0.9961947202682495,-0.0,0.08715574443340302,0.0,-0.0005882382392883301,0.0,-0.060253534466028214,-0.9996573328971863,-0.0,0.026176923885941505,0.0,1.19209286886246e-09,-1.490116086078075e-10,-0.04255415499210358,-0.9995051622390747,0.03145527467131615,0.0,0.0,-2.38418573772492e-09,0.0,-0.02208789810538292,-0.999065101146698,0.04323066025972366,0.0,0.0,0.0,0.0,-0.017740869894623756,-1.0,-0.0,0.0,0.0,0.013503451831638813,-0.0037700000684708357,-0.014087309129536152,-0.9914448857307434,-0.0,0.13052619993686676,0.0,0.0048975334502756596,-3.847479547403054e-06,-0.05743739381432533,-0.7456050515174866,0.6652695536613464,-0.021025821566581726,-0.03236487880349159,4.76837147544984e-09,-2.98023217215615e-10,-0.03276757150888443,-0.707230806350708,0.7069827914237976,0.0,0.0,2.38418573772492e-09,0.0,-0.016709718853235245,-0.8420609831809998,0.5393823981285095,0.0,0.0,0.0,0.0,-0.01388302817940712,-1.0,-0.0,0.0,0.0
1782948495.7482235,2026-07-01 19:28:15.748,17826.0,17826,left,0,1,three,3,0.0,0.003969999961555004,-0.04999999701976776,-1.0,-0.0,0.0,0.0,0.0,0.0,0.0,-1.0,-0.0,0.0,0.0,0.025476500391960144,-0.012044699862599373,-0.022234899923205376,-0.7432722449302673,0.0625389963388443,0.38000741600990295,0.5470189452171326,-5.7220457705398076e-08,-4.3511388270189855e-08,-0.027230437844991684,-0.93019038438797,0.36707744002342224,0.0,0.0,3.5762786065873797e-09,6.318092005130893e-08,-0.031859491020441055,-0.841414749622345,0.540389895439148,0.0,0.0,2.384185648907078e-08,0.0,-0.023122519254684448,-1.0,-0.0,0.0,0.0,0.012359999120235443,0.0032300001475960016,-0.017000000923871994,-0.9990482330322266,-0.0,0.04361938685178757,0.0,0.0021501504816114902,-3.890097104886081e-06,-0.06502876430749893,-0.9999619722366333,-0.0,0.008726557716727257,0.0,-9.53674295089968e-09,-9.53674295089968e-09,-0.036917347460985184,-0.9993493556976318,0.0360686257481575,0.0,0.0,-2.8610228852699038e-08,-2.98023217215615e-10,-0.0216355137526989,-0.999281644821167,0.037897396832704544,0.0,0.0,1.2636184010261786e-07,2.98023217215615e-10,-0.018689393997192383,-1.0,-0.0,0.0,0.0,0.0,0.003969999961555004,-0.01750910095870495,-1.0,-0.0,0.0,0.0,0.0,4.610121322912164e-06,-0.06379090249538422,-1.0,-0.0,0.0,0.0,0.0,2.98023217215615e-10,-0.044606998562812805,-0.9993282556533813,0.036646850407123566,0.0,0.0,0.0,0.0,-0.023475991562008858,-0.9987035393714905,0.050904761999845505,0.0,0.0,0.0,0.0,-0.019651994109153748,-1.0,-0.0,0.0,0.0,-0.00711638992652297,0.0018999999156221747,-0.016959700733423233,-0.9961947202682495,-0.0,-0.08715574443340302,0.0,0.0005882433033548295,0.0,-0.060253534466028214,-0.9996573328971863,-0.0,-0.026176923885941505,0.0,-1.1086464013487785e-07,-1.490116086078075e-10,-0.04255366697907448,-0.9995051622390747,0.03145527467131615,0.0,0.0,4.5299529460862686e-08,0.0,-0.022088106721639633,-0.999065101146698,0.04323066025972366,0.0,0.0,-1.4305114426349519e-08,0.0,-0.017740696668624878,-1.0,-0.0,0.0,0.0,-0.013503500260412693,-0.0037700000684708357,-0.014087299816310406,-0.9914448857307434,-0.0,-0.13052619993686676,0.0,-0.004897483624517918,-3.8501621020259336e-06,-0.05743739381432533,-0.6765620112419128,0.7343634963035583,0.04291483759880066,0.0336526557803154,5.4836270635405526e-08,-2.98023217215615e-10,-0.03276759013533592,-0.7071068286895752,0.7071068286895752,0.0,0.0,-9.298324243900424e-08,0.0,-0.01670967973768711,-0.8419820070266724,0.5395057201385498,0.0,0.0,6.19888282926695e-08,0.0,-0.013883084990084171,-1.0,-0.0,0.0,0.0
1782948495.7705965,2026-07-01 19:28:15.770,13338.0,13338,right,0,2,three,3,0.0,0.003969999961555004,-0.04999999701976776,-1.0,-0.0,0.0,0.0,0.0,0.0,0.0,-1.0,-0.0,0.0,0.0,-0.025476505979895592,-0.012044684961438179,-0.022234933450818062,-0.7830358147621155,-0.001071438193321228,-0.3175613284111023,-0.5347976684570312,0.0,1.19209286886246e-09,-0.02723044343292713,-0.9721370935440063,0.23441314697265625,0.0,0.0,2.38418573772492e-09,-1.19209286886246e-09,-0.031859468668699265,-0.9224686622619629,0.38607195019721985,0.0,0.0,0.0,-3.5762786065873797e-09,-0.023122519254684448,-1.0,-0.0,0.0,0.0,-0.012360505759716034,0.0032300001475960016,-0.016998957842588425,-0.9990482330322266,-0.0,-0.04361938685178757,0.0,-0.002149570034816861,-3.8927792047616094e-06,-0.06502974033355713,-0.9999619722366333,-0.0,-0.008726464584469795,0.0,0.0,0.0,-0.03691747412085533,-0.9991405606269836,0.04145072400569916,0.0,0.0,-2.38418573772492e-09,-2.98023217215615e-10,-0.02163529396057129,-0.9989849328994751,0.045045435428619385,0.0,0.0,0.0,2.98023217215615e-10,-0.01868978515267372,-1.0,-0.0,0.0,0.0,0.0,0.003969999961555004,-0.017509059980511665,-1.0,-0.0,0.0,0.0,0.0,4.611611075233668e-06,-0.0637909397482872,-1.0,-0.0,0.0,0.0,0.0,2.98023217215615e-10,-0.04460655897855759,-0.9987601637840271,0.049780797213315964,0.0,0.0,0.0,-2.98023217215615e-10,-0.02347646653652191,-0.9974532127380371,0.07132436335086823,0.0,0.0,0.0,0.0,-0.019652195274829865,-1.0,-0.0,0.0,0.0,0.00711638480424881,0.0018999999156221747,-0.016959700733423233,-0.9961947202682495,-0.0,0.08715574443340302,0.0,-0.0005882382392883301,0.0,-0.060253534466028214,-0.9996573328971863,-0.0,0.026176923885941505,0.0,1.19209286886246e-09,-1.490116086078075e-10,-0.04255415499210358,-0.9993911981582642,0.03489004820585251,0.0,0.0,-2.38418573772492e-09,0.0,-0.02208789810538292,-0.9988139271736145,0.048689693212509155,0.0,0.0,0.0,0.0,-0.017740869894623756,-1.0,-0.0,0.0,0.0,0.013503451831638813,-0.0037700000684708357,-0.014087309129536152,-0.9914448857307434,-0.0,0.13052619993686676,0.0,0.0048975334502756596,-3.847479547403054e-06,-0.05743739381432533,-0.7621999382972717,0.6463656425476074,-0.015908433124423027,-0.031774453818798065,4.76837147544984e-09,-2.98023217215615e-10,-0.03276757150888443,-0.7079959511756897,0.7062165141105652,0.0,0.0,2.38418573772492e-09,0.0,-0.016709718853235245,-0.8425468802452087,0.5386230945587158,0.0,0.0,0.0,0.0,-0.01388302817940712,-1.0,-0.0,0.0,0.0
1782948495.9653127,2026-07-01 19:28:15.965,17828.0,17828,left,0,1,three,3,0.0,0.003969999961555004,-0.04999999701976776,-1.0,-0.0,0.0,0.0,0.0,0.0,0.0,-1.0,-0.0,0.0,0.0,0.025476500391960144,-0.012044699862599373,-0.022234899923205376,-0.7432722449302673,0.0625389963388443,0.38000741600990295,0.5470189452171326,-5.7220457705398076e-08,-4.3511388270189855e-08,-0.027230437844991684,-0.93019038438797,0.36707744002342224,0.0,0.0,3.5762786065873797e-09,6.318092005130893e-08,-0.031859491020441055,-0.841414749622345,0.540389895439148,0.0,0.0,2.384185648907078e-08,0.0,-0.023122519254684448,-1.0,-0.0,0.0,0.0,0.012359999120235443,0.0032300001475960016,-0.017000000923871994,-0.9990482330322266,-0.0,0.04361938685178757,0.0,0.0021501504816114902,-3.890097104886081e-06,-0.06502876430749893,-0.9999619722366333,-0.0,0.008726557716727257,0.0,-9.53674295089968e-09,-9.53674295089968e-09,-0.036917347460985184,-0.9993493556976318,0.0360686257481575,0.0,0.0,-2.8610228852699038e-08,-2.98023217215615e-10,-0.0216355137526989,-0.999281644821167,0.037897396832704544,0.0,0.0,1.2636184010261786e-07,2.98023217215615e-10,-0.018689393997192383,-1.0,-0.0,0.0,0.0,0.0,0.003969999961555004,-0.01750910095870495,-1.0,-0.0,0.0,0.0,0.0,4.610121322912164e-06,-0.06379090249538422,-1.0,-0.0,0.0,0.0,0.0,2.98023217215615e-10,-0.044606998562812805,-0.9993282556533813,0.036646850407123566,0.0,0.0,0.0,0.0,-0.023475991562008858,-0.9987035393714905,0.050904761999845505,0.0,0.0,0.0,0.0,-0.019651994109153748,-1.0,-0.0,0.0,0.0,-0.00711638992652297,0.0018999999156221747,-0.016959700733423233,-0.9961947202682495,-0.0,-0.08715574443340302,0.0,0.0005882433033548295,0.0,-0.060253534466028214,-0.9996573328971863,-0.0,-0.026176923885941505,0.0,-1.1086464013487785e-07,-1.490116086078075e-10,-0.04255366697907448,-0.9995051622390747,0.03145527467131615,0.0,0.0,4.5299529460862686e-08,0.0,-0.022088106721639633,-0.999065101146698,0.04323066025972366,0.0,0.0,-1.4305114426349519e-08,0.0,-0.017740696668624878,-1.0,-0.0,0.0,0.0,-0.013503500260412693,-0.0037700000684708357,-0.014087299816310406,-0.9914448857307434,-0.0,-0.13052619993686676,0.0,-0.004897483624517918,-3.8501621020259336e-06,-0.05743739381432533,-0.6765620112419128,0.7343634963035583,0.04291483759880066,0.0336526557803154,5.4836270635405526e-08,-2.98023217215615e-10,-0.03276759013533592,-0.7071068286895752,0.7071068286895752,0.0,0.0,-9.298324243900424e-08,0.0,-0.01670967973768711,-0.8419820070266724,0.5395057201385498,0.0,0.0,6.19888282926695e-08,0.0,-0.013883084990084171,-1.0,-0.0,0.0,0.0
1782948495.9760466,2026-07-01 19:28:15.976,13350.0,13350,right,0,2,three,3,0.0,0.003969999961555004,-0.04999999701976776,-1.0,-0.0,0.0,0.0,0.0,0.0,0.0,-1.0,-0.0,0.0,0.0,-0.025476505979895592,-0.012044684961438179,-0.022234933450818062,-0.7831384539604187,-0.0014490637695416808,-0.3174028694629669,-0.534740686416626,0.0,1.19209286886246e-09,-0.02723044343292713,-0.9722764492034912,0.23383434116840363,0.0,0.0,2.38418573772492e-09,-1.19209286886246e-09,-0.031859468668699265,-0.922781765460968,0.38532310724258423,0.0,0.0,0.0,-3.5762786065873797e-09,-0.023122519254684448,-1.0,-0.0,0.0,0.0,-0.012360505759716034,0.0032300001475960016,-0.016998957842588425,-0.9990482330322266,-0.0,-0.04361938685178757,0.0,-0.002149570034816861,-3.8927792047616094e-06,-0.06502974033355713,-0.9999619722366333,-0.0,-0.008726464584469795,0.0,0.0,0.0,-0.03691747412085533,-0.9991405606269836,0.04145072400569916,0.0,0.0,-2.38418573772492e-09,-2.98023217215615e-10,-0.02163529396057129,-0.9989849328994751,0.045045435428619385,0.0,0.0,0.0,2.98023217215615e-10,-0.01868978515267372,-1.0,-0.0,0.0,0.0,0.0,0.003969999961555004,-0.017509059980511665,-1.0,-0.0,0.0,0.0,0.0,4.611611075233668e-06,-0.0637909397482872,-1.0,-0.0,0.0,0.0,0.0,2.98023217215615e-10,-0.04460655897855759,-0.9987601637840271,0.049780797213315964,0.0,0.0,0.0,-2.98023217215615e-10,-0.02347646653652191,-0.9974532127380371,0.07132436335086823,0.0,0.0,0.0,0.0,-0.019652195274829865,-1.0,-0.0,0.0,0.0,0.00711638480424881,0.0018999999156221747,-0.016959700733423233,-0.9961947202682495,-0.0,0.08715574443340302,0.0,-0.0005882382392883301,0.0,-0.060253534466028214,-0.9996573328971863,-0.0,0.026176923885941505,0.0,1.19209286886246e-09,-1.490116086078075e-10,-0.04255415499210358,-0.9993911981582642,0.03489004820585251,0.0,0.0,-2.38418573772492e-09,0.0,-0.02208789810538292,-0.9988139271736145,0.048689693212509155,0.0,0.0,0.0,0.0,-0.017740869894623756,-1.0,-0.0,0.0,0.0,0.013503451831638813,-0.0037700000684708357,-0.014087309129536152,-0.9914448857307434,-0.0,0.13052619993686676,0.0,0.0048975334502756596,-3.847479547403054e-06,-0.05743739381432533,-0.7671167850494385,0.6405681371688843,-0.014405675232410431,-0.03157288581132889,4.76837147544984e-09,-2.98023217215615e-10,-0.03276757150888443,-0.7084792852401733,0.7057316303253174,0.0,0.0,2.38418573772492e-09,0.0,-0.016709718853235245,-0.8428523540496826,0.5381449460983276,0.0,0.0,0.0,0.0,-0.01388302817940712,-1.0,-0.0,0.0,0.0
1782948496.185036,2026-07-01 19:28:16.185,17830.0,17830,left,0,1,three,3,0.0,0.003969999961555004,-0.04999999701976776,-1.0,-0.0,0.0,0.0,0.0,0.0,0.0,-1.0,-0.0,0.0,0.0,0.025476500391960144,-0.012044699862599373,-0.022234899923205376,-0.7440933585166931,0.05954650044441223,0.37929120659828186,0.5467334985733032,-5.7220457705398076e-08,-4.3511388270189855e-08,-0.027230437844991684,-0.9319748878479004,0.3625229299068451,0.0,0.0,3.5762786065873797e-09,6.318092005130893e-08,-0.031859491020441055,-0.8443001508712769,0.5358706116676331,0.0,0.0,2.384185648907078e-08,0.0,-0.023122519254684448,-1.0,-0.0,0.0,0.0,0.012359999120235443,0.0032300001475960016,-0.017000000923871994,-0.9990482330322266,-0.0,0.04361938685178757,0.0,0.0021501504816114902,-3.890097104886081e-06,-0.06502876430749893,-0.9999619722366333,-0.0,0.008726557716727257,0.0,-9.53674295089968e-09,-9.53674295089968e-09,-0.036917347460985184,-0.9993493556976318,0.0360686257481575,0.0,0.0,-2.8610228852699038e-08,-2.98023217215615e-10,-0.0216355137526989,-0.999281644821167,0.037897396832704544,0.0,0.0,1.2636184010261786e-07,2.98023217215615e-10,-0.018689393997192383,-1.0,-0.0,0.0,0.0,0.0,0.003969999961555004,-0.01750910095870495,-1.0,-0.0,0.0,0.0,0.0,4.610121322912164e-06,-0.06379090249538422,-1.0,-0.0,0.0,0.0,0.0,2.98023217215615e-10,-0.044606998562812805,-0.9993282556533813,0.036646850407123566,0.0,0.0,0.0,0.0,-0.023475991562008858,-0.9987035393714905,0.050904761999845505,0.0,0.0,0.0,0.0,-0.019651994109153748,-1.0,-0.0,0.0,0.0,-0.00711638992652297,0.0018999999156221747,-0.016959700733423233,-0.9961947202682495,-0.0,-0.08715574443340302,0.0,0.0005882433033548295,0.0,-0.060253534466028214,-0.9996573328971863,-0.0,-0.026176923885941505,0.0,-1.1086464013487785e-07,-1.490116086078075e-10,-0.04255366697907448,-0.9995051622390747,0.03145527467131615,0.0,0.0,4.5299529460862686e-08,0.0,-0.022088106721639633,-0.999065101146698,0.04323066025972366,0.0,0.0,-1.4305114426349519e-08,0.0,-0.017740696668624878,-1.0,-0.0,0.0,0.0,-0.013503500260412693,-0.0037700000684708357,-0.014087299816310406,-0.9914448857307434,-0.0,-0.13052619993686676,0.0,-0.004897483624517918,-3.8501621020259336e-06,-0.05743739381432533,-0.6765620112419128,0.7343634963035583,0.04291483759880066,0.0336526557803154,5.4836270635405526e-08,-2.98023217215615e-10,-0.03276759013533592,-0.7071068286895752,0.7071068286895752,0.0,0.0,-9.298324243900424e-08,0.0,-0.01670967973768711,-0.8419820070266724,0.5395057201385498,0.0,0.0,6.19888282926695e-08,0.0,-0.013883084990084171,-1.0,-0.0,0.0,0.0
1782948496.1852486,2026-07-01 19:28:16.185,13363.0,13363,right,0,2,three,3,0.0,0.003969999961555004,-0.04999999701976776,-1.0,-0.0,0.0,0.0,0.0,0.0,0.0,-1.0,-0.0,0.0,0.0,-0.025476505979895592,-0.012044684961438179,-0.022234933450818062,-0.7833431959152222,-0.0022043141070753336,-0.31708571314811707,-0.534626305103302,0.0,1.19209286886246e-09,-0.02723044343292713,-0.9725542068481445,0.23267649114131927,0.0,0.0,2.38418573772492e-09,-1.19209286886246e-09,-0.031859468668699265,-0.9234060645103455,0.3838246166706085,0.0,0.0,0.0,-3.5762786065873797e-09,-0.023122519254684448,-1.0,-0.0,0.0,0.0,-0.012360505759716034,0.0032300001475960016,-0.016998957842588425,-0.9990482330322266,-0.0,-0.04361938685178757,0.0,-0.002149570034816861,-3.8927792047616094e-06,-0.06502974033355713,-0.9999619722366333,-0.0,-0.008726464584469795,0.0,0.0,0.0,-0.03691747412085533,-0.9991405606269836,0.04145072400569916,0.0,0.0,-2.38418573772492e-09,-2.98023217215615e-10,-0.02163529396057129,-0.9989849328994751,0.045045435428619385,0.0,0.0,0.0,2.98023217215615e-10,-0.01868978515267372,-1.0,-0.0,0.0,0.0,0.0,0.003969999961555004,-0.017509059980511665,-1.0,-0.0,0.0,0.0,0.0,4.611611075233668e-06,-0.0637909397482872,-1.0,-0.0,0.0,0.0,0.0,2.98023217215615e-10,-0.04460655897855759,-0.9987601637840271,0.049780797213315964,0.0,0.0,0.0,-2.98023217215615e-10,-0.02347646653652191,-0.9974532127380371,0.07132436335086823,0.0,0.0,0.0,0.0,-0.019652195274829865,-1.0,-0.0,0.0,0.0,0.00711638480424881,0.0018999999156221747,-0.016959700733423233,-0.9961947202682495,-0.0,0.08715574443340302,0.0,-0.0005882382392883301,0.0,-0.060253534466028214,-0.9996573328971863,-0.0,0.026176923885941505,0.0,1.19209286886246e-09,-1.490116086078075e-10,-0.04255415499210358,-0.9993911981582642,0.03489004820585251,0.0,0.0,-2.38418573772492e-09,0.0,-0.02208789810538292,-0.9988139271736145,0.048689693212509155,0.0,0.0,0.0,0.0,-0.017740869894623756,-1.0,-0.0,0.0,0.0,0.013503451831638813,-0.0037700000684708357,-0.014087309129536152,-0.9914448857307434,-0.0,0.13052619993686676,0.0,0.0048975334502756596,-3.847479547403054e-06,-0.05743739381432533,-0.7761289477348328,0.6296951770782471,-0.011670813895761967,-0.031170770525932312,4.76837147544984e-09,-2.98023217215615e-10,-0.03276757150888443,-0.7096608877182007,0.70454341173172,0.0,0.0,2.38418573772492e-09,0.0,-0.016709718853235245,-0.8435952067375183,0.5369796752929688,0.0,0.0,0.0,0.0,-0.01388302817940712,-1.0,-0.0,0.0,0.0
1782948496.3889518,2026-07-01 19:28:16.388,17832.0,17832,left,0,1,three,3,0.0,0.003969999961555004,-0.04999999701976776,-1.0,-0.0,0.0,0.0,0.0,0.0,0.0,-1.0,-0.0,0.0,0.0,0.025476500391960144,-0.012044699862599373,-0.022234899923205376,-0.7440933585166931,0.05954650044441223,0.37929120659828186,0.5467334985733032,-5.7220457705398076e-08,-4.3511388270189855e-08,-0.027230437844991684,-0.9319748878479004,0.3625229299068451,0.0,0.0,3.5762786065873797e-09,6.318092005130893e-08,-0.031859491020441055,-0.8443001508712769,0.5358706116676331,0.0,0.0,2.384185648907078e-08,0.0,-0.023122519254684448,-1.0,-0.0,0.0,0.0,0.012359999120235443,0.0032300001475960016,-0.017000000923871994,-0.9990482330322266,-0.0,0.04361938685178757,0.0,0.0021501504816114902,-3.890097104886081e-06,-0.06502876430749893,-0.9999619722366333,-0.0,0.008726557716727257,0.0,-9.53674295089968e-09,-9.53674295089968e-09,-0.036917347460985184,-0.9993493556976318,0.0360686257481575,0.0,0.0,-2.8610228852699038e-08,-2.98023217215615e-10,-0.0216355137526989,-0.999281644821167,0.037897396832704544,0.0,0.0,1.2636184010261786e-07,2.98023217215615e-10,-0.018689393997192383,-1.0,-0.0,0.0,0.0,0.0,0.003969999961555004,-0.01750910095870495,-1.0,-0.0,0.0,0.0,0.0,4.610121322912164e-06,-0.06379090249538422,-1.0,-0.0,0.0,0.0,0.0,2.98023217215615e-10,-0.044606998562812805,-0.9993282556533813,0.036646850407123566,0.0,0.0,0.0,0.0,-0.023475991562008858,-0.9987035393714905,0.050904761999845505,0.0,0.0,0.0,0.0,-0.019651994109153748,-1.0,-0.0,0.0,0.0,-0.00711638992652297,0.0018999999156221747,-0.016959700733423233,-0.9961947202682495,-0.0,-0.08715574443340302,0.0,0.0005882433033548295,0.0,-0.060253534466028214,-0.9996573328971863,-0.0,-0.026176923885941505,0.0,-1.1086464013487785e-07,-1.490116086078075e-10,-0.04255366697907448,-0.9995051622390747,0.03145527467131615,0.0,0.0,4.5299529460862686e-08,0.0,-0.022088106721639633,-0.999065101146698,0.04323066025972366,0.0,0.0,-1.4305114426349519e-08,0.0,-0.017740696668624878,-1.0,-0.0,0.0,0.0,-0.013503500260412693,-0.0037700000684708357,-0.014087299816310406,-0.9914448857307434,-0.0,-0.13052619993686676,0.0,-0.004897483624517918,-3.8501621020259336e-06,-0.05743739381432533,-0.6765620112419128,0.7343634963035583,0.04291483759880066,0.0336526557803154,5.4836270635405526e-08,-2.98023217215615e-10,-0.03276759013533592,-0.7071068286895752,0.7071068286895752,0.0,0.0,-9.298324243900424e-08,0.0,-0.01670967973768711,-0.8419820070266724,0.5395057201385498,0.0,0.0,6.19888282926695e-08,0.0,-0.013883084990084171,-1.0,-0.0,0.0,0.0
1782948496.3892927,2026-07-01 19:28:16.389,13374.0,13374,right,0,2,three,3,0.0,0.003969999961555004,-0.04999999701976776,-1.0,-0.0,0.0,0.0,0.0,0.0,0.0,-1.0,-0.0,0.0,0.0,-0.025476505979895592,-0.012044684961438179,-0.022234933450818062,-0.7833431959152222,-0.0022043141070753336,-0.31708571314811707,-0.534626305103302,0.0,1.19209286886246e-09,-0.02723044343292713,-0.9725542068481445,0.23267649114131927,0.0,0.0,2.38418573772492e-09,-1.19209286886246e-09,-0.031859468668699265,-0.9234060645103455,0.3838246166706085,0.0,0.0,0.0,-3.5762786065873797e-09,-0.023122519254684448,-1.0,-0.0,0.0,0.0,-0.012360505759716034,0.0032300001475960016,-0.016998957842588425,-0.9990482330322266,-0.0,-0.04361938685178757,0.0,-0.002149570034816861,-3.8927792047616094e-06,-0.06502974033355713,-0.9999619722366333,-0.0,-0.008726464584469795,0.0,0.0,0.0,-0.03691747412085533,-0.9991405606269836,0.04145072400569916,0.0,0.0,-2.38418573772492e-09,-2.98023217215615e-10,-0.02163529396057129,-0.9989849328994751,0.045045435428619385,0.0,0.0,0.0,2.98023217215615e-10,-0.01868978515267372,-1.0,-0.0,0.0,0.0,0.0,0.003969999961555004,-0.017509059980511665,-1.0,-0.0,0.0,0.0,0.0,4.611611075233668e-06,-0.0637909397482872,-1.0,-0.0,0.0,0.0,0.0,2.98023217215615e-10,-0.04460655897855759,-0.9987601637840271,0.049780797213315964,0.0,0.0,0.0,-2.98023217215615e-10,-0.02347646653652191,-0.9974532127380371,0.07132436335086823,0.0,0.0,0.0,0.0,-0.019652195274829865,-1.0,-0.0,0.0,0.0,0.00711638480424881,0.0018999999156221747,-0.016959700733423233,-0.9961947202682495,-0.0,0.08715574443340302,0.0,-0.0005882382392883301,0.0,-0.060253534466028214,-0.9996573328971863,-0.0,0.026176923885941505,0.0,1.19209286886246e-09,-1.490116086078075e-10,-0.04255415499210358,-0.9993911981582642,0.03489004820585251,0.0,0.0,-2.38418573772492e-09,0.0,-0.02208789810538292,-0.9988139271736145,0.048689693212509155,0.0,0.0,0.0,0.0,-0.017740869894623756,-1.0,-0.0,0.0,0.0,0.013503451831638813,-0.0037700000684708357,-0.014087309129536152,-0.9914448857307434,-0.0,0.13052619993686676,0.0,0.0048975334502756596,-3.847479547403054e-06,-0.05743739381432533,-0.7761289477348328,0.6296951770782471,-0.011670813895761967,-0.031170770525932312,4.76837147544984e-09,-2.98023217215615e-10,-0.03276757150888443,-0.7096608877182007,0.70454341173172,0.0,0.0,2.38418573772492e-09,0.0,-0.016709718853235245,-0.8435952067375183,0.5369796752929688,0.0,0.0,0.0,0.0,-0.01388302817940712,-1.0,-0.0,0.0,0.0
1782948496.597868,2026-07-01 19:28:16.597,13387.0,13387,right,0,2,three,3,0.0,0.003969999961555004,-0.04999999701976776,-1.0,-0.0,0.0,0.0,0.0,0.0,0.0,-1.0,-0.0,0.0,0.0,-0.025476505979895592,-0.012044684961438179,-0.022234933450818062,-0.7833431959152222,-0.0022043141070753336,-0.31708571314811707,-0.534626305103302,0.0,1.19209286886246e-09,-0.02723044343292713,-0.9725542068481445,0.23267649114131927,0.0,0.0,2.38418573772492e-09,-1.19209286886246e-09,-0.031859468668699265,-0.9234060645103455,0.3838246166706085,0.0,0.0,0.0,-3.5762786065873797e-09,-0.023122519254684448,-1.0,-0.0,0.0,0.0,-0.012360505759716034,0.0032300001475960016,-0.016998957842588425,-0.9990482330322266,-0.0,-0.04361938685178757,0.0,-0.002149570034816861,-3.8927792047616094e-06,-0.06502974033355713,-0.9999619722366333,-0.0,-0.008726464584469795,0.0,0.0,0.0,-0.03691747412085533,-0.9991405606269836,0.04145072400569916,0.0,0.0,-2.38418573772492e-09,-2.98023217215615e-10,-0.02163529396057129,-0.9989849328994751,0.045045435428619385,0.0,0.0,0.0,2.98023217215615e-10,-0.01868978515267372,-1.0,-0.0,0.0,0.0,0.0,0.003969999961555004,-0.017509059980511665,-1.0,-0.0,0.0,0.0,0.0,4.611611075233668e-06,-0.0637909397482872,-1.0,-0.0,0.0,0.0,0.0,2.98023217215615e-10,-0.04460655897855759,-0.9987601637840271,0.049780797213315964,0.0,0.0,0.0,-2.98023217215615e-10,-0.02347646653652191,-0.9974532127380371,0.07132436335086823,0.0,0.0,0.0,0.0,-0.019652195274829865,-1.0,-0.0,0.0,0.0,0.00711638480424881,0.0018999999156221747,-0.016959700733423233,-0.9961947202682495,-0.0,0.08715574443340302,0.0,-0.0005882382392883301,0.0,-0.060253534466028214,-0.9996573328971863,-0.0,0.026176923885941505,0.0,1.19209286886246e-09,-1.490116086078075e-10,-0.04255415499210358,-0.9993911981582642,0.03489004820585251,0.0,0.0,-2.38418573772492e-09,0.0,-0.02208789810538292,-0.9988139271736145,0.048689693212509155,0.0,0.0,0.0,0.0,-0.017740869894623756,-1.0,-0.0,0.0,0.0,0.013503451831638813,-0.0037700000684708357,-0.014087309129536152,-0.9914448857307434,-0.0,0.13052619993686676,0.0,0.0048975334502756596,-3.847479547403054e-06,-0.05743739381432533,-0.7761289477348328,0.6296951770782471,-0.011670813895761967,-0.031170770525932312,4.76837147544984e-09,-2.98023217215615e-10,-0.03276757150888443,-0.7096608877182007,0.70454341173172,0.0,0.0,2.38418573772492e-09,0.0,-0.016709718853235245,-0.8435952067375183,0.5369796752929688,0.0,0.0,0.0,0.0,-0.01388302817940712,-1.0,-0.0,0.0,0.0
1782948496.6093512,2026-07-01 19:28:16.609,17834.0,17834,left,0,1,three,3,0.0,0.003969999961555004,-0.04999999701976776,-1.0,-0.0,0.0,0.0,0.0,0.0,0.0,-1.0,-0.0,0.0,0.0,0.025476500391960144,-0.012044699862599373,-0.022234899923205376,-0.7440933585166931,0.05954650044441223,0.37929120659828186,0.5467334985733032,-5.7220457705398076e-08,-4.3511388270189855e-08,-0.027230437844991684,-0.9319748878479004,0.3625229299068451,0.0,0.0,3.5762786065873797e-09,6.318092005130893e-08,-0.031859491020441055,-0.8443001508712769,0.5358706116676331,0.0,0.0,2.384185648907078e-08,0.0,-0.023122519254684448,-1.0,-0.0,0.0,0.0,0.012359999120235443,0.0032300001475960016,-0.017000000923871994,-0.9990482330322266,-0.0,0.04361938685178757,0.0,0.0021501504816114902,-3.890097104886081e-06,-0.06502876430749893,-0.9999619722366333,-0.0,0.008726557716727257,0.0,-9.53674295089968e-09,-9.53674295089968e-09,-0.036917347460985184,-0.9993493556976318,0.0360686257481575,0.0,0.0,-2.8610228852699038e-08,-2.98023217215615e-10,-0.0216355137526989,-0.999281644821167,0.037897396832704544,0.0,0.0,1.2636184010261786e-07,2.98023217215615e-10,-0.018689393997192383,-1.0,-0.0,0.0,0.0,0.0,0.003969999961555004,-0.01750910095870495,-1.0,-0.0,0.0,0.0,0.0,4.610121322912164e-06,-0.06379090249538422,-1.0,-0.0,0.0,0.0,0.0,2.98023217215615e-10,-0.044606998562812805,-0.9993282556533813,0.036646850407123566,0.0,0.0,0.0,0.0,-0.023475991562008858,-0.9987035393714905,0.050904761999845505,0.0,0.0,0.0,0.0,-0.019651994109153748,-1.0,-0.0,0.0,0.0,-0.00711638992652297,0.0018999999156221747,-0.016959700733423233,-0.9961947202682495,-0.0,-0.08715574443340302,0.0,0.0005882433033548295,0.0,-0.060253534466028214,-0.9996573328971863,-0.0,-0.026176923885941505,0.0,-1.1086464013487785e-07,-1.490116086078075e-10,-0.04255366697907448,-0.9995051622390747,0.03145527467131615,0.0,0.0,4.5299529460862686e-08,0.0,-0.022088106721639633,-0.999065101146698,0.04323066025972366,0.0,0.0,-1.4305114426349519e-08,0.0,-0.017740696668624878,-1.0,-0.0,0.0,0.0,-0.013503500260412693,-0.0037700000684708357,-0.014087299816310406,-0.9914448857307434,-0.0,-0.13052619993686676,0.0,-0.004897483624517918,-3.8501621020259336e-06,-0.05743739381432533,-0.6765620112419128,0.7343634963035583,0.04291483759880066,0.0336526557803154,5.4836270635405526e-08,-2.98023217215615e-10,-0.03276759013533592,-0.7071068286895752,0.7071068286895752,0.0,0.0,-9.298324243900424e-08,0.0,-0.01670967973768711,-0.8419820070266724,0.5395057201385498,0.0,0.0,6.19888282926695e-08,0.0,-0.013883084990084171,-1.0,-0.0,0.0,0.0
1782948496.8154938,2026-07-01 19:28:16.815,13400.0,13400,right,0,2,three,3,0.0,0.003969999961555004,-0.04999999701976776,-1.0,-0.0,0.0,0.0,0.0,0.0,0.0,-1.0,-0.0,0.0,0.0,-0.025476505979895592,-0.012044684961438179,-0.022234933450818062,-0.7833431959152222,-0.0022043141070753336,-0.31708571314811707,-0.534626305103302,0.0,1.19209286886246e-09,-0.02723044343292713,-0.9725542068481445,0.23267649114131927,0.0,0.0,2.38418573772492e-09,-1.19209286886246e-09,-0.031859468668699265,-0.9234060645103455,0.3838246166706085,0.0,0.0,0.0,-3.5762786065873797e-09,-0.023122519254684448,-1.0,-0.0,0.0,0.0,-0.012360505759716034,0.0032300001475960016,-0.016998957842588425,-0.9990482330322266,-0.0,-0.04361938685178757,0.0,-0.002149570034816861,-3.8927792047616094e-06,-0.06502974033355713,-0.9999619722366333,-0.0,-0.008726464584469795,0.0,0.0,0.0,-0.03691747412085533,-0.9991405606269836,0.04145072400569916,0.0,0.0,-2.38418573772492e-09,-2.98023217215615e-10,-0.02163529396057129,-0.9989849328994751,0.045045435428619385,0.0,0.0,0.0,2.98023217215615e-10,-0.01868978515267372,-1.0,-0.0,0.0,0.0,0.0,0.003969999961555004,-0.017509059980511665,-1.0,-0.0,0.0,0.0,0.0,4.611611075233668e-06,-0.0637909397482872,-1.0,-0.0,0.0,0.0,0.0,2.98023217215615e-10,-0.04460655897855759,-0.9987601637840271,0.049780797213315964,0.0,0.0,0.0,-2.98023217215615e-10,-0.02347646653652191,-0.9974532127380371,0.07132436335086823,0.0,0.0,0.0,0.0,-0.019652195274829865,-1.0,-0.0,0.0,0.0,0.00711638480424881,0.0018999999156221747,-0.016959700733423233,-0.9961947202682495,-0.0,0.08715574443340302,0.0,-0.0005882382392883301,0.0,-0.060253534466028214,-0.9996573328971863,-0.0,0.026176923885941505,0.0,1.19209286886246e-09,-1.490116086078075e-10,-0.04255415499210358,-0.9993911981582642,0.03489004820585251,0.0,0.0,-2.38418573772492e-09,0.0,-0.02208789810538292,-0.9988139271736145,0.048689693212509155,0.0,0.0,0.0,0.0,-0.017740869894623756,-1.0,-0.0,0.0,0.0,0.013503451831638813,-0.0037700000684708357,-0.014087309129536152,-0.9914448857307434,-0.0,0.13052619993686676,0.0,0.0048975334502756596,-3.847479547403054e-06,-0.05743739381432533,-0.7791646718978882,0.6259586215019226,-0.010753786191344261,-0.03102646954357624,4.76837147544984e-09,-2.98023217215615e-10,-0.03276757150888443,-0.7101333737373352,0.7040672302246094,0.0,0.0,2.38418573772492e-09,0.0,-0.016709718853235245,-0.843890905380249,0.5365148782730103,0.0,0.0,0.0,0.0,-0.01388302817940712,-1.0,-0.0,0.0,0.0
1782948496.8284495,2026-07-01 19:28:16.828,17835.0,17835,left,0,1,three,3,0.0,0.003969999961555004,-0.04999999701976776,-1.0,-0.0,0.0,0.0,0.0,0.0,0.0,-1.0,-0.0,0.0,0.0,0.025476500391960144,-0.012044699862599373,-0.022234899923205376,-0.7441872954368591,0.059212349355220795,0.37920698523521423,0.5467003583908081,-5.7220457705398076e-08,-4.3511388270189855e-08,-0.027230437844991684,-0.9321731328964233,0.3620128035545349,0.0,0.0,3.5762786065873797e-09,6.318092005130893e-08,-0.031859491020441055,-0.8446255326271057,0.5353575944900513,0.0,0.0,2.384185648907078e-08,0.0,-0.023122519254684448,-1.0,-0.0,0.0,0.0,0.012359999120235443,0.0032300001475960016,-0.017000000923871994,-0.9990482330322266,-0.0,0.04361938685178757,0.0,0.0021501504816114902,-3.890097104886081e-06,-0.06502876430749893,-0.9999619722366333,-0.0,0.008726557716727257,0.0,-9.53674295089968e-09,-9.53674295089968e-09,-0.036917347460985184,-0.9993493556976318,0.0360686257481575,0.0,0.0,-2.8610228852699038e-08,-2.98023217215615e-10,-0.0216355137526989,-0.999281644821167,0.037897396832704544,0.0,0.0,1.2636184010261786e-07,2.98023217215615e-10,-0.018689393997192383,-1.0,-0.0,0.0,0.0,0.0,0.003969999961555004,-0.01750910095870495,-1.0,-0.0,0.0,0.0,0.0,4.610121322912164e-06,-0.06379090249538422,-1.0,-0.0,0.0,0.0,0.0,2.98023217215615e-10,-0.044606998562812805,-0.9993282556533813,0.036646850407123566,0.0,0.0,0.0,0.0,-0.023475991562008858,-0.9987035393714905,0.050904761999845505,0.0,0.0,0.0,0.0,-0.019651994109153748,-1.0,-0.0,0.0,0.0,-0.00711638992652297,0.0018999999156221747,-0.016959700733423233,-0.9961947202682495,-0.0,-0.08715574443340302,0.0,0.0005882433033548295,0.0,-0.060253534466028214,-0.9996573328971863,-0.0,-0.026176923885941505,0.0,-1.1086464013487785e-07,-1.490116086078075e-10,-0.04255366697907448,-0.9995051622390747,0.03145527467131615,0.0,0.0,4.5299529460862686e-08,0.0,-0.022088106721639633,-0.999065101146698,0.04323066025972366,0.0,0.0,-1.4305114426349519e-08,0.0,-0.017740696668624878,-1.0,-0.0,0.0,0.0,-0.013503500260412693,-0.0037700000684708357,-0.014087299816310406,-0.9914448857307434,-0.0,-0.13052619993686676,0.0,-0.004897483624517918,-3.8501621020259336e-06,-0.05743739381432533,-0.6765620112419128,0.7343634963035583,0.04291483759880066,0.0336526557803154,5.4836270635405526e-08,-2.98023217215615e-10,-0.03276759013533592,-0.7071068286895752,0.7071068286895752,0.0,0.0,-9.298324243900424e-08,0.0,-0.01670967973768711,-0.8419820070266724,0.5395057201385498,0.0,0.0,6.19888282926695e-08,0.0,-0.013883084990084171,-1.0,-0.0,0.0,0.0
1782948497.01653,2026-07-01 19:28:17.016,13412.0,13412,right,0,2,three,3,0.0,0.003969999961555004,-0.04999999701976776,-1.0,-0.0,0.0,0.0,0.0,0.0,0.0,-1.0,-0.0,0.0,0.0,-0.025476505979895592,-0.012044684961438179,-0.022234933450818062,-0.7833431959152222,-0.0022043141070753336,-0.31708571314811707,-0.534626305103302,0.0,1.19209286886246e-09,-0.02723044343292713,-0.9725542068481445,0.23267649114131927,0.0,0.0,2.38418573772492e-09,-1.19209286886246e-09,-0.031859468668699265,-0.9234060645103455,0.3838246166706085,0.0,0.0,0.0,-3.5762786065873797e-09,-0.023122519254684448,-1.0,-0.0,0.0,0.0,-0.012360505759716034,0.0032300001475960016,-0.016998957842588425,-0.9990482330322266,-0.0,-0.04361938685178757,0.0,-0.002149570034816861,-3.8927792047616094e-06,-0.06502974033355713,-0.9999619722366333,-0.0,-0.008726464584469795,0.0,0.0,0.0,-0.03691747412085533,-0.9991405606269836,0.04145072400569916,0.0,0.0,-2.38418573772492e-09,-2.98023217215615e-10,-0.02163529396057129,-0.9989849328994751,0.045045435428619385,0.0,0.0,0.0,2.98023217215615e-10,-0.01868978515267372,-1.0,-0.0,0.0,0.0,0.0,0.003969999961555004,-0.017509059980511665,-1.0,-0.0,0.0,0.0,0.0,4.611611075233668e-06,-0.0637909397482872,-1.0,-0.0,0.0,0.0,0.0,2.98023217215615e-10,-0.04460655897855759,-0.9987601637840271,0.049780797213315964,0.0,0.0,0.0,-2.98023217215615e-10,-0.02347646653652191,-0.9974532127380371,0.07132436335086823,0.0,0.0,0.0,0.0,-0.019652195274829865,-1.0,-0.0,0.0,0.0,0.00711638480424881,0.0018999999156221747,-0.016959700733423233,-0.9961947202682495,-0.0,0.08715574443340302,0.0,-0.0005882382392883301,0.0,-0.060253534466028214,-0.9996573328971863,-0.0,0.026176923885941505,0.0,1.19209286886246e-09,-1.490116086078075e-10,-0.04255415499210358,-0.9993911981582642,0.03489004820585251,0.0,0.0,-2.38418573772492e-09,0.0,-0.02208789810538292,-0.9988139271736145,0.048689693212509155,0.0,0.0,0.0,0.0,-0.017740869894623756,-1.0,-0.0,0.0,0.0,0.013503451831638813,-0.0037700000684708357,-0.014087309129536152,-0.9914448857307434,-0.0,0.13052619993686676,0.0,0.0048975334502756596,-3.847479547403054e-06,-0.05743739381432533,-0.7832466959953308,0.6208733320236206,-0.009527538903057575,-0.030823789536952972,4.76837147544984e-09,-2.98023217215615e-10,-0.03276757150888443,-0.7108407616615295,0.7033529877662659,0.0,0.0,2.38418573772492e-09,0.0,-0.016709718853235245,-0.8443324565887451,0.5358197093009949,0.0,0.0,0.0,0.0,-0.01388302817940712,-1.0,-0.0,0.0,0.0
1782948497.0394573,2026-07-01 19:28:17.039,17837.0,17837,left,0,1,three,3,0.0,0.003969999961555004,-0.04999999701976776,-1.0,-0.0,0.0,0.0,0.0,0.0,0.0,-1.0,-0.0,0.0,0.0,0.025476500391960144,-0.012044699862599373,-0.022234899923205376,-0.7446556091308594,0.05754144862294197,0.37878498435020447,0.5465336441993713,-5.7220457705398076e-08,-4.3511388270189855e-08,-0.027230437844991684,-0.9331603050231934,0.3594605028629303,0.0,0.0,3.5762786065873797e-09,6.318092005130893e-08,-0.031859491020441055,-0.8462478518486023,0.5327895283699036,0.0,0.0,2.384185648907078e-08,0.0,-0.023122519254684448,-1.0,-0.0,0.0,0.0,0.012359999120235443,0.0032300001475960016,-0.017000000923871994,-0.9990482330322266,-0.0,0.04361938685178757,0.0,0.0021501504816114902,-3.890097104886081e-06,-0.06502876430749893,-0.9999619722366333,-0.0,0.008726557716727257,0.0,-9.53674295089968e-09,-9.53674295089968e-09,-0.036917347460985184,-0.9993493556976318,0.0360686257481575,0.0,0.0,-2.8610228852699038e-08,-2.98023217215615e-10,-0.0216355137526989,-0.999281644821167,0.037897396832704544,0.0,0.0,1.2636184010261786e-07,2.98023217215615e-10,-0.018689393997192383,-1.0,-0.0,0.0,0.0,0.0,0.003969999961555004,-0.01750910095870495,-1.0,-0.0,0.0,0.0,0.0,4.610121322912164e-06,-0.06379090249538422,-1.0,-0.0,0.0,0.0,0.0,2.98023217215615e-10,-0.044606998562812805,-0.9993282556533813,0.036646850407123566,0.0,0.0,0.0,0.0,-0.023475991562008858,-0.9987035393714905,0.050904761999845505,0.0,0.0,0.0,0.0,-0.019651994109153748,-1.0,-0.0,0.0,0.0,-0.00711638992652297,0.0018999999156221747,-0.016959700733423233,-0.9961947202682495,-0.0,-0.08715574443340302,0.0,0.0005882433033548295,0.0,-0.060253534466028214,-0.9996573328971863,-0.0,-0.026176923885941505,0.0,-1.1086464013487785e-07,-1.490116086078075e-10,-0.04255366697907448,-0.9995051622390747,0.03145527467131615,0.0,0.0,4.5299529460862686e-08,0.0,-0.022088106721639633,-0.999065101146698,0.04323066025972366,0.0,0.0,-1.4305114426349519e-08,0.0,-0.017740696668624878,-1.0,-0.0,0.0,0.0,-0.013503500260412693,-0.0037700000684708357,-0.014087299816310406,-0.9914448857307434,-0.0,-0.13052619993686676,0.0,-0.004897483624517918,-3.8501621020259336e-06,-0.05743739381432533,-0.6765620112419128,0.7343634963035583,0.04291483759880066,0.0336526557803154,5.4836270635405526e-08,-2.98023217215615e-10,-0.03276759013533592,-0.7071068286895752,0.7071068286895752,0.0,0.0,-9.298324243900424e-08,0.0,-0.01670967973768711,-0.8419820070266724,0.5395057201385498,0.0,0.0,6.19888282926695e-08,0.0,-0.013883084990084171,-1.0,-0.0,0.0,0.0
1782948497.2203903,2026-07-01 19:28:17.220,13425.0,13425,right,0,2,three,3,0.0,0.003969999961555004,-0.04999999701976776,-1.0,-0.0,0.0,0.0,0.0,0.0,0.0,-1.0,-0.0,0.0,0.0,-0.025476505979895592,-0.012044684961438179,-0.022234933450818062,-0.7833431959152222,-0.0022043141070753336,-0.31708571314811707,-0.534626305103302,0.0,1.19209286886246e-09,-0.02723044343292713,-0.9725542068481445,0.23267649114131927,0.0,0.0,2.38418573772492e-09,-1.19209286886246e-09,-0.031859468668699265,-0.9234060645103455,0.3838246166706085,0.0,0.0,0.0,-3.5762786065873797e-09,-0.023122519254684448,-1.0,-0.0,0.0,0.0,-0.012360505759716034,0.0032300001475960016,-0.016998957842588425,-0.9990482330322266,-0.0,-0.04361938685178757,0.0,-0.002149570034816861,-3.8927792047616094e-06,-0.06502974033355713,-0.9999619722366333,-0.0,-0.008726464584469795,0.0,0.0,0.0,-0.03691747412085533,-0.9991405606269836,0.04145072400569916,0.0,0.0,-2.38418573772492e-09,-2.98023217215615e-10,-0.02163529396057129,-0.9989849328994751,0.045045435428619385,0.0,0.0,0.0,2.98023217215615e-10,-0.01868978515267372,-1.0,-0.0,0.0,0.0,0.0,0.003969999961555004,-0.017509059980511665,-1.0,-0.0,0.0,0.0,0.0,4.611611075233668e-06,-0.0637909397482872,-1.0,-0.0,0.0,0.0,0.0,2.98023217215615e-10,-0.04460655897855759,-0.9987601637840271,0.049780797213315964,0.0,0.0,0.0,-2.98023217215615e-10,-0.02347646653652191,-0.9974532127380371,0.07132436335086823,0.0,0.0,0.0,0.0,-0.019652195274829865,-1.0,-0.0,0.0,0.0,0.00711638480424881,0.0018999999156221747,-0.016959700733423233,-0.9961947202682495,-0.0,0.08715574443340302,0.0,-0.0005882382392883301,0.0,-0.060253534466028214,-0.9996573328971863,-0.0,0.026176923885941505,0.0,1.19209286886246e-09,-1.490116086078075e-10,-0.04255415499210358,-0.9993911981582642,0.03489004820585251,0.0,0.0,-2.38418573772492e-09,0.0,-0.02208789810538292,-0.9988139271736145,0.048689693212509155,0.0,0.0,0.0,0.0,-0.017740869894623756,-1.0,-0.0,0.0,0.0,0.013503451831638813,-0.0037700000684708357,-0.014087309129536152,-0.9914448857307434,-0.0,0.13052619993686676,0.0,0.0048975334502756596,-3.847479547403054e-06,-0.05743739381432533,-0.7955470681190491,0.6051120162010193,-0.005842912942171097,-0.03016788139939308,4.76837147544984e-09,-2.98023217215615e-10,-0.03276757150888443,-0.7133047580718994,0.7008540034294128,0.0,0.0,2.38418573772492e-09,0.0,-0.016709718853235245,-0.8458617925643921,0.5334022045135498,0.0,0.0,0.0,0.0,-0.01388302817940712,-1.0,-0.0,0.0,0.0
1782948497.2635682,2026-07-01 19:28:17.263,17839.0,17839,left,0,1,three,3,0.0,0.003969999961555004,-0.04999999701976776,-1.0,-0.0,0.0,0.0,0.0,0.0,0.0,-1.0,-0.0,0.0,0.0,0.025476500391960144,-0.012044699862599373,-0.022234899923205376,-0.7450383901596069,0.05619952455163002,0.37843263149261475,0.5463955998420715,-5.7220457705398076e-08,-4.3511388270189855e-08,-0.027230437844991684,-0.9339491724967957,0.3574058711528778,0.0,0.0,3.5762786065873797e-09,6.318092005130893e-08,-0.031859491020441055,-0.84755939245224,0.5307006239891052,0.0,0.0,2.384185648907078e-08,0.0,-0.023122519254684448,-1.0,-0.0,0.0,0.0,0.012359999120235443,0.0032300001475960016,-0.017000000923871994,-0.9990482330322266,-0.0,0.04361938685178757,0.0,0.0021501504816114902,-3.890097104886081e-06,-0.06502876430749893,-0.9999619722366333,-0.0,0.008726557716727257,0.0,-9.53674295089968e-09,-9.53674295089968e-09,-0.036917347460985184,-0.9993493556976318,0.0360686257481575,0.0,0.0,-2.8610228852699038e-08,-2.98023217215615e-10,-0.0216355137526989,-0.999281644821167,0.037897396832704544,0.0,0.0,1.2636184010261786e-07,2.98023217215615e-10,-0.018689393997192383,-1.0,-0.0,0.0,0.0,0.0,0.003969999961555004,-0.01750910095870495,-1.0,-0.0,0.0,0.0,0.0,4.610121322912164e-06,-0.06379090249538422,-1.0,-0.0,0.0,0.0,0.0,2.98023217215615e-10,-0.044606998562812805,-0.9993282556533813,0.036646850407123566,0.0,0.0,0.0,0.0,-0.023475991562008858,-0.9987035393714905,0.050904761999845505,0.0,0.0,0.0,0.0,-0.019651994109153748,-1.0,-0.0,0.0,0.0,-0.00711638992652297,0.0018999999156221747,-0.016959700733423233,-0.9961947202682495,-0.0,-0.08715574443340302,0.0,0.0005882433033548295,0.0,-0.060253534466028214,-0.9996573328971863,-0.0,-0.026176923885941505,0.0,-1.1086464013487785e-07,-1.490116086078075e-10,-0.04255366697907448,-0.9995051622390747,0.03145527467131615,0.0,0.0,4.5299529460862686e-08,0.0,-0.022088106721639633,-0.999065101146698,0.04323066025972366,0.0,0.0,-1.4305114426349519e-08,0.0,-0.017740696668624878,-1.0,-0.0,0.0,0.0,-0.013503500260412693,-0.0037700000684708357,-0.014087299816310406,-0.9914448857307434,-0.0,-0.13052619993686676,0.0,-0.004897483624517918,-3.8501621020259336e-06,-0.05743739381432533,-0.6765620112419128,0.7343634963035583,0.04291483759880066,0.0336526557803154,5.4836270635405526e-08,-2.98023217215615e-10,-0.03276759013533592,-0.7071068286895752,0.7071068286895752,0.0,0.0,-9.298324243900424e-08,0.0,-0.01670967973768711,-0.8419820070266724,0.5395057201385498,0.0,0.0,6.19888282926695e-08,0.0,-0.013883084990084171,-1.0,-0.0,0.0,0.0
1782948497.4215589,2026-07-01 19:28:17.421,13437.0,13437,right,0,2,three,3,0.0,0.003969999961555004,-0.04999999701976776,-1.0,-0.0,0.0,0.0,0.0,0.0,0.0,-1.0,-0.0,0.0,0.0,-0.025476505979895592,-0.012044684961438179,-0.022234933450818062,-0.7845543026924133,-0.006752476096153259,-0.31519651412963867,-0.5339290499687195,0.0,1.19209286886246e-09,-0.02723044343292713,-0.9741899371147156,0.22573009133338928,0.0,0.0,2.38418573772492e-09,-1.19209286886246e-09,-0.031859468668699265,-0.9271082282066345,0.37479376792907715,0.0,0.0,0.0,-3.5762786065873797e-09,-0.023122519254684448,-1.0,-0.0,0.0,0.0,-0.012360505759716034,0.0032300001475960016,-0.016998957842588425,-0.9990482330322266,-0.0,-0.04361938685178757,0.0,-0.002149570034816861,-3.8927792047616094e-06,-0.06502974033355713,-0.9999619722366333,-0.0,-0.008726464584469795,0.0,0.0,0.0,-0.03691747412085533,-0.9991405606269836,0.04145072400569916,0.0,0.0,-2.38418573772492e-09,-2.98023217215615e-10,-0.02163529396057129,-0.9989849328994751,0.045045435428619385,0.0,0.0,0.0,2.98023217215615e-10,-0.01868978515267372,-1.0,-0.0,0.0,0.0,0.0,0.003969999961555004,-0.017509059980511665,-1.0,-0.0,0.0,0.0,0.0,4.611611075233668e-06,-0.0637909397482872,-1.0,-0.0,0.0,0.0,0.0,2.98023217215615e-10,-0.04460655897855759,-0.9987601637840271,0.049780797213315964,0.0,0.0,0.0,-2.98023217215615e-10,-0.02347646653652191,-0.9974532127380371,0.07132436335086823,0.0,0.0,0.0,0.0,-0.019652195274829865,-1.0,-0.0,0.0,0.0,0.00711638480424881,0.0018999999156221747,-0.016959700733423233,-0.9961947202682495,-0.0,0.08715574443340302,0.0,-0.0005882382392883301,0.0,-0.060253534466028214,-0.9996573328971863,-0.0,0.026176923885941505,0.0,1.19209286886246e-09,-1.490116086078075e-10,-0.04255415499210358,-0.9993911981582642,0.03489004820585251,0.0,0.0,-2.38418573772492e-09,0.0,-0.02208789810538292,-0.9988139271736145,0.048689693212509155,0.0,0.0,0.0,0.0,-0.017740869894623756,-1.0,-0.0,0.0,0.0,0.013503451831638813,-0.0037700000684708357,-0.014087309129536152,-0.9914448857307434,-0.0,0.13052619993686676,0.0,0.0048975334502756596,-3.847479547403054e-06,-0.05743739381432533,-0.7996829748153687,0.5996583104133606,-0.004616404417902231,-0.02992902509868145,4.76837147544984e-09,-2.98023217215615e-10,-0.03276757150888443,-0.7142756581306458,0.6998645067214966,0.0,0.0,2.38418573772492e-09,0.0,-0.016709718853235245,-0.8464604020118713,0.5324516892433167,0.0,0.0,0.0,0.0,-0.01388302817940712,-1.0,-0.0,0.0,0.0
1782948497.4753757,2026-07-01 19:28:17.475,17841.0,17841,left,0,1,three,3,0.0,0.003969999961555004,-0.04999999701976776,-1.0,-0.0,0.0,0.0,0.0,0.0,0.0,-1.0,-0.0,0.0,0.0,0.025476500391960144,-0.012044699862599373,-0.022234899923205376,-0.7461102604866028,0.052495233714580536,0.3774212598800659,0.5460008382797241,-5.7220457705398076e-08,-4.3511388270189855e-08,-0.027230437844991684,-0.9361063241958618,0.35171714425086975,0.0,0.0,3.5762786065873797e-09,6.318092005130893e-08,-0.031859491020441055,-0.8511922359466553,0.5248540639877319,0.0,0.0,2.384185648907078e-08,0.0,-0.023122519254684448,-1.0,-0.0,0.0,0.0,0.012359999120235443,0.0032300001475960016,-0.017000000923871994,-0.9990482330322266,-0.0,0.04361938685178757,0.0,0.0021501504816114902,-3.890097104886081e-06,-0.06502876430749893,-0.9999619722366333,-0.0,0.008726557716727257,0.0,-9.53674295089968e-09,-9.53674295089968e-09,-0.036917347460985184,-0.9993493556976318,0.0360686257481575,0.0,0.0,-2.8610228852699038e-08,-2.98023217215615e-10,-0.0216355137526989,-0.999281644821167,0.037897396832704544,0.0,0.0,1.2636184010261786e-07,2.98023217215615e-10,-0.018689393997192383,-1.0,-0.0,0.0,0.0,0.0,0.003969999961555004,-0.01750910095870495,-1.0,-0.0,0.0,0.0,0.0,4.610121322912164e-06,-0.06379090249538422,-1.0,-0.0,0.0,0.0,0.0,2.98023217215615e-10,-0.044606998562812805,-0.9993282556533813,0.036646850407123566,0.0,0.0,0.0,0.0,-0.023475991562008858,-0.9987035393714905,0.050904761999845505,0.0,0.0,0.0,0.0,-0.019651994109153748,-1.0,-0.0,0.0,0.0,-0.00711638992652297,0.0018999999156221747,-0.016959700733423233,-0.9961947202682495,-0.0,-0.08715574443340302,0.0,0.0005882433033548295,0.0,-0.060253534466028214,-0.9996573328971863,-0.0,-0.026176923885941505,0.0,-1.1086464013487785e-07,-1.490116086078075e-10,-0.04255366697907448,-0.9995051622390747,0.03145527467131615,0.0,0.0,4.5299529460862686e-08,0.0,-0.022088106721639633,-0.999065101146698,0.04323066025972366,0.0,0.0,-1.4305114426349519e-08,0.0,-0.017740696668624878,-1.0,-0.0,0.0,0.0,-0.013503500260412693,-0.0037700000684708357,-0.014087299816310406,-0.9914448857307434,-0.0,-0.13052619993686676,0.0,-0.004897483624517918,-3.8501621020259336e-06,-0.05743739381432533,-0.6765620112419128,0.7343634963035583,0.04291483759880066,0.0336526557803154,5.4836270635405526e-08,-2.98023217215615e-10,-0.03276759013533592,-0.7071068286895752,0.7071068286895752,0.0,0.0,-9.298324243900424e-08,0.0,-0.01670967973768711,-0.8419820070266724,0.5395057201385498,0.0,0.0,6.19888282926695e-08,0.0,-0.013883084990084171,-1.0,-0.0,0.0,0.0
1782948497.6373842,2026-07-01 19:28:17.637,13450.0,13450,right,0,2,three,3,0.0,0.003969999961555004,-0.04999999701976776,-1.0,-0.0,0.0,0.0,0.0,0.0,0.0,-1.0,-0.0,0.0,0.0,-0.025476505979895592,-0.012044684961438179,-0.022234933450818062,-0.7845543026924133,-0.006752476096153259,-0.31519651412963867,-0.5339290499687195,0.0,1.19209286886246e-09,-0.02723044343292713,-0.9741899371147156,0.22573009133338928,0.0,0.0,2.38418573772492e-09,-1.19209286886246e-09,-0.031859468668699265,-0.9271082282066345,0.37479376792907715,0.0,0.0,0.0,-3.5762786065873797e-09,-0.023122519254684448,-1.0,-0.0,0.0,0.0,-0.012360505759716034,0.0032300001475960016,-0.016998957842588425,-0.9990482330322266,-0.0,-0.04361938685178757,0.0,-0.002149570034816861,-3.8927792047616094e-06,-0.06502974033355713,-0.9999619722366333,-0.0,-0.008726464584469795,0.0,0.0,0.0,-0.03691747412085533,-0.9991405606269836,0.04145072400569916,0.0,0.0,-2.38418573772492e-09,-2.98023217215615e-10,-0.02163529396057129,-0.9989849328994751,0.045045435428619385,0.0,0.0,0.0,2.98023217215615e-10,-0.01868978515267372,-1.0,-0.0,0.0,0.0,0.0,0.003969999961555004,-0.017509059980511665,-1.0,-0.0,0.0,0.0,0.0,4.611611075233668e-06,-0.0637909397482872,-1.0,-0.0,0.0,0.0,0.0,2.98023217215615e-10,-0.04460655897855759,-0.9987601637840271,0.049780797213315964,0.0,0.0,0.0,-2.98023217215615e-10,-0.02347646653652191,-0.9974532127380371,0.07132436335086823,0.0,0.0,0.0,0.0,-0.019652195274829865,-1.0,-0.0,0.0,0.0,0.00711638480424881,0.0018999999156221747,-0.016959700733423233,-0.9961947202682495,-0.0,0.08715574443340302,0.0,-0.0005882382392883301,0.0,-0.060253534466028214,-0.9996573328971863,-0.0,0.026176923885941505,0.0,1.19209286886246e-09,-1.490116086078075e-10,-0.04255415499210358,-0.9993911981582642,0.03489004820585251,0.0,0.0,-2.38418573772492e-09,0.0,-0.02208789810538292,-0.9988139271736145,0.048689693212509155,0.0,0.0,0.0,0.0,-0.017740869894623756,-1.0,-0.0,0.0,0.0,0.013503451831638813,-0.0037700000684708357,-0.014087309129536152,-0.9914448857307434,-0.0,0.13052619993686676,0.0,0.0048975334502756596,-3.847479547403054e-06,-0.05743739381432533,-0.81003338098526,0.5856494903564453,-0.0015645110979676247,-0.029294494539499283,4.76837147544984e-09,-2.98023217215615e-10,-0.03276757150888443,-0.7169749736785889,0.6970989108085632,0.0,0.0,2.38418573772492e-09,0.0,-0.016709718853235245,-0.8481155633926392,0.5298113822937012,0.0,0.0,0.0,0.0,-0.01388302817940712,-1.0,-0.0,0.0,0.0
1782948497.683879,2026-07-01 19:28:17.683,17843.0,17843,left,0,1,three,3,0.0,0.003969999961555004,-0.04999999701976776,-1.0,-0.0,0.0,0.0,0.0,0.0,0.0,-1.0,-0.0,0.0,0.0,0.025476500391960144,-0.012044699862599373,-0.022234899923205376,-0.7470147609710693,0.049445927143096924,0.3765372335910797,0.5456590056419373,-5.7220457705398076e-08,-4.3511388270189855e-08,-0.027230437844991684,-0.9378601312637329,0.3470136225223541,0.0,0.0,3.5762786065873797e-09,6.318092005130893e-08,-0.031859491020441055,-0.8542045950889587,0.5199370980262756,0.0,0.0,2.384185648907078e-08,0.0,-0.023122519254684448,-1.0,-0.0,0.0,0.0,0.012359999120235443,0.0032300001475960016,-0.017000000923871994,-0.9990482330322266,-0.0,0.04361938685178757,0.0,0.0021501504816114902,-3.890097104886081e-06,-0.06502876430749893,-0.9999619722366333,-0.0,0.008726557716727257,0.0,-9.53674295089968e-09,-9.53674295089968e-09,-0.036917347460985184,-0.9993493556976318,0.0360686257481575,0.0,0.0,-2.8610228852699038e-08,-2.98023217215615e-10,-0.0216355137526989,-0.999281644821167,0.037897396832704544,0.0,0.0,1.2636184010261786e-07,2.98023217215615e-10,-0.018689393997192383,-1.0,-0.0,0.0,0.0,0.0,0.003969999961555004,-0.01750910095870495,-1.0,-0.0,0.0,0.0,0.0,4.610121322912164e-06,-0.06379090249538422,-1.0,-0.0,0.0,0.0,0.0,2.98023217215615e-10,-0.044606998562812805,-0.9993282556533813,0.036646850407123566,0.0,0.0,0.0,0.0,-0.023475991562008858,-0.9987035393714905,0.050904761999845505,0.0,0.0,0.0,0.0,-0.019651994109153748,-1.0,-0.0,0.0,0.0,-0.00711638992652297,0.0018999999156221747,-0.016959700733423233,-0.9961947202682495,-0.0,-0.08715574443340302,0.0,0.0005882433033548295,0.0,-0.060253534466028214,-0.9996573328971863,-0.0,-0.026176923885941505,0.0,-1.1086464013487785e-07,-1.490116086078075e-10,-0.04255366697907448,-0.9995051622390747,0.03145527467131615,0.0,0.0,4.5299529460862686e-08,0.0,-0.022088106721639633,-0.999065101146698,0.04323066025972366,0.0,0.0,-1.4305114426349519e-08,0.0,-0.017740696668624878,-1.0,-0.0,0.0,0.0,-0.013503500260412693,-0.0037700000684708357,-0.014087299816310406,-0.9914448857307434,-0.0,-0.13052619993686676,0.0,-0.004897483624517918,-3.8501621020259336e-06,-0.05743739381432533,-0.6765620112419128,0.7343634963035583,0.04291483759880066,0.0336526557803154,5.4836270635405526e-08,-2.98023217215615e-10,-0.03276759013533592,-0.7071068286895752,0.7071068286895752,0.0,0.0,-9.298324243900424e-08,0.0,-0.01670967973768711,-0.8419820070266724,0.5395057201385498,0.0,0.0,6.19888282926695e-08,0.0,-0.013883084990084171,-1.0,-0.0,0.0,0.0
