wall_time,iso_time,timestamp,packet_counter,hand_side,frame_id,status,pose,take,PALM_x,PALM_y,PALM_z,PALM_qw,PALM_qx,PALM_qy,PALM_qz,WRIST_x,WRIST_y,WRIST_z,WRIST_qw,WRIST_qx,WRIST_qy,WRIST_qz,THUMB_METACARPAL_x,THUMB_METACARPAL_y,THUMB_METACARPAL_z,THUMB_METACARPAL_qw,THUMB_METACARPAL_qx,THUMB_METACARPAL_qy,THUMB_METACARPAL_qz,THUMB_PROXIMAL_x,THUMB_PROXIMAL_y,THUMB_PROXIMAL_z,THUMB_PROXIMAL_qw,THUMB_PROXIMAL_qx,THUMB_PROXIMAL_qy,THUMB_PROXIMAL_qz,THUMB_DISTAL_x,THUMB_DISTAL_y,THUMB_DISTAL_z,THUMB_DISTAL_qw,THUMB_DISTAL_qx,THUMB_DISTAL_qy,THUMB_DISTAL_qz,THUMB_TIP_x,THUMB_TIP_y,THUMB_TIP_z,THUMB_TIP_qw,THUMB_TIP_qx,THUMB_TIP_qy,THUMB_TIP_qz,INDEX_METACARPAL_x,INDEX_METACARPAL_y,INDEX_METACARPAL_z,INDEX_METACARPAL_qw,INDEX_METACARPAL_qx,INDEX_METACARPAL_qy,INDEX_METACARPAL_qz,INDEX_PROXIMAL_x,INDEX_PROXIMAL_y,INDEX_PROXIMAL_z,INDEX_PROXIMAL_qw,INDEX_PROXIMAL_qx,INDEX_PROXIMAL_qy,INDEX_PROXIMAL_qz,INDEX_INTERMEDIATE_x,INDEX_INTERMEDIATE_y,INDEX_INTERMEDIATE_z,INDEX_INTERMEDIATE_qw,INDEX_INTERMEDIATE_qx,INDEX_INTERMEDIATE_qy,INDEX_INTERMEDIATE_qz,INDEX_DISTAL_x,INDEX_DISTAL_y,INDEX_DISTAL_z,INDEX_DISTAL_qw,INDEX_DISTAL_qx,INDEX_DISTAL_qy,INDEX_DISTAL_qz,INDEX_TIP_x,INDEX_TIP_y,INDEX_TIP_z,INDEX_TIP_qw,INDEX_TIP_qx,INDEX_TIP_qy,INDEX_TIP_qz,MIDDLE_METACARPAL_x,MIDDLE_METACARPAL_y,MIDDLE_METACARPAL_z,MIDDLE_METACARPAL_qw,MIDDLE_METACARPAL_qx,MIDDLE_METACARPAL_qy,MIDDLE_METACARPAL_qz,MIDDLE_PROXIMAL_x,MIDDLE_PROXIMAL_y,MIDDLE_PROXIMAL_z,MIDDLE_PROXIMAL_qw,MIDDLE_PROXIMAL_qx,MIDDLE_PROXIMAL_qy,MIDDLE_PROXIMAL_qz,MIDDLE_INTERMEDIATE_x,MIDDLE_INTERMEDIATE_y,MIDDLE_INTERMEDIATE_z,MIDDLE_INTERMEDIATE_qw,MIDDLE_INTERMEDIATE_qx,MIDDLE_INTERMEDIATE_qy,MIDDLE_INTERMEDIATE_qz,MIDDLE_DISTAL_x,MIDDLE_DISTAL_y,MIDDLE_DISTAL_z,MIDDLE_DISTAL_qw,MIDDLE_DISTAL_qx,MIDDLE_DISTAL_qy,MIDDLE_DISTAL_qz,MIDDLE_TIP_x,MIDDLE_TIP_y,MIDDLE_TIP_z,MIDDLE_TIP_qw,MIDDLE_TIP_qx,MIDDLE_TIP_qy,MIDDLE_TIP_qz,RING_METACARPAL_x,RING_METACARPAL_y,RING_METACARPAL_z,RING_METACARPAL_qw,RING_METACARPAL_qx,RING_METACARPAL_qy,RING_METACARPAL_qz,RING_PROXIMAL_x,RING_PROXIMAL_y,RING_PROXIMAL_z,RING_PROXIMAL_qw,RING_PROXIMAL_qx,RING_PROXIMAL_qy,RING_PROXIMAL_qz,RING_INTERMEDIATE_x,RING_INTERMEDIATE_y,RING_INTERMEDIATE_z,RING_INTERMEDIATE_qw,RING_INTERMEDIATE_qx,RING_INTERMEDIATE_qy,RING_INTERMEDIATE_qz,RING_DISTAL_x,RING_DISTAL_y,RING_DISTAL_z,RING_DISTAL_qw,RING_DISTAL_qx,RING_DISTAL_qy,RING_DISTAL_qz,RING_TIP_x,RING_TIP_y,RING_TIP_z,RING_TIP_qw,RING_TIP_qx,RING_TIP_qy,RING_TIP_qz,LITTLE_METACARPAL_x,LITTLE_METACARPAL_y,LITTLE_METACARPAL_z,LITTLE_METACARPAL_qw,LITTLE_METACARPAL_qx,LITTLE_METACARPAL_qy,LITTLE_METACARPAL_qz,LITTLE_PROXIMAL_x,LITTLE_PROXIMAL_y,LITTLE_PROXIMAL_z,LITTLE_PROXIMAL_qw,LITTLE_PROXIMAL_qx,LITTLE_PROXIMAL_qy,LITTLE_PROXIMAL_qz,LITTLE_INTERMEDIATE_x,LITTLE_INTERMEDIATE_y,LITTLE_INTERMEDIATE_z,LITTLE_INTERMEDIATE_qw,LITTLE_INTERMEDIATE_qx,LITTLE_INTERMEDIATE_qy,LITTLE_INTERMEDIATE_qz,LITTLE_DISTAL_x,LITTLE_DISTAL_y,LITTLE_DISTAL_z,LITTLE_DISTAL_qw,LITTLE_DISTAL_qx,LITTLE_DISTAL_qy,LITTLE_DISTAL_qz,LITTLE_TIP_x,LITTLE_TIP_y,LITTLE_TIP_z,LITTLE_TIP_qw,LITTLE_TIP_qx,LITTLE_TIP_qy,LITTLE_TIP_qz
1782948426.7577922,2026-07-01 19:27:06.757,17251.0,17251,left,0,1,thumbs_up,3,0.0,0.003969999961555004,-0.04999999701976776,-1.0,-0.0,0.0,0.0,0.0,0.0,0.0,-1.0,-0.0,0.0,0.0,0.025476500391960144,-0.012044699862599373,-0.022234899923205376,-0.7942319512367249,-0.08966758102178574,0.3035161793231964,0.5186842679977417,-5.7220457705398076e-08,-4.3511388270189855e-08,-0.027230437844991684,-0.9929836988449097,0.1182515025138855,0.0,0.0,3.5762786065873797e-09,6.318092005130893e-08,-0.031859491020441055,-0.9769219756126404,0.21359658241271973,0.0,0.0,2.384185648907078e-08,0.0,-0.023122519254684448,-1.0,-0.0,0.0,0.0,0.012359999120235443,0.0032300001475960016,-0.017000000923871994,-0.9990482330322266,-0.0,0.04361938685178757,0.0,0.0021501504816114902,-3.890097104886081e-06,-0.06502876430749893,-0.7086129784584045,0.7055973410606384,1.3667096936842427e-05,1.3608933841169346e-05,-9.53674295089968e-09,-9.53674295089968e-09,-0.036917347460985184,-0.7071068286895752,0.7071068286895752,0.0,0.0,-2.8610228852699038e-08,-2.98023217215615e-10,-0.0216355137526989,-0.9304175972938538,0.36650118231773376,0.0,0.0,1.2636184010261786e-07,2.98023217215615e-10,-0.018689393997192383,-1.0,-0.0,0.0,0.0,0.0,0.003969999961555004,-0.01750910095870495,-1.0,-0.0,0.0,0.0,0.0,4.610121322912164e-06,-0.06379090249538422,-0.8750227689743042,0.48408180475234985,0.0,0.0,0.0,2.98023217215615e-10,-0.044606998562812805,-0.6822461485862732,0.7311225533485413,0.0,0.0,0.0,0.0,-0.023475991562008858,-0.9419345855712891,0.3357965350151062,0.0,0.0,0.0,0.0,-0.019651994109153748,-1.0,-0.0,0.0,0.0,-0.00711638992652297,0.0018999999156221747,-0.016959700733423233,-0.9961947202682495,-0.0,-0.08715574443340302,0.0,0.0005882433033548295,0.0,-0.060253534466028214,-0.8585456609725952,0.5121045112609863,0.02186950482428074,0.013044701889157295,-1.1086464013487785e-07,-1.490116086078075e-10,-0.04255366697907448,-0.6714715361595154,0.7410303950309753,0.0,0.0,4.5299529460862686e-08,0.0,-0.022088106721639633,-0.9113314747810364,0.4116733968257904,0.0,0.0,-1.4305114426349519e-08,0.0,-0.017740696668624878,-1.0,-0.0,0.0,0.0,-0.013503500260412693,-0.0037700000684708357,-0.014087299816310406,-0.9914448857307434,-0.0,-0.13052619993686676,0.0,-0.004897483624517918,-3.8501621020259336e-06,-0.05743739381432533,-0.8843615651130676,0.46513643860816956,-0.011904156766831875,0.03756362944841385,5.4836270635405526e-08,-2.98023217215615e-10,-0.03276759013533592,-0.7491323351860046,0.662420392036438,0.0,0.0,-9.298324243900424e-08,0.0,-0.01670967973768711,-0.8670422434806824,0.49823468923568726,0.0,0.0,6.19888282926695e-08,0.0,-0.013883084990084171,-1.0,-0.0,0.0,0.0
1782948426.7581227,2026-07-01 19:27:06.758,9187.0,9187,right,0,2,thumbs_up,3,0.0,0.003969999961555004,-0.04999999701976776,-1.0,-0.0,0.0,0.0,0.0,0.0,0.0,-1.0,-0.0,0.0,0.0,-0.025476505979895592,-0.012044684961438179,-0.022234933450818062,-0.7880173325538635,-0.020514748990535736,-0.30964985489845276,-0.5317187905311584,0.0,1.19209286886246e-09,-0.02723044343292713,-0.9787765145301819,0.2049308568239212,0.0,0.0,2.38418573772492e-09,-1.19209286886246e-09,-0.031859468668699265,-0.9377184510231018,0.34739622473716736,0.0,0.0,0.0,-3.5762786065873797e-09,-0.023122519254684448,-1.0,-0.0,0.0,0.0,-0.012360505759716034,0.0032300001475960016,-0.016998957842588425,-0.9990482330322266,-0.0,-0.04361938685178757,0.0,-0.002149570034816861,-3.8927792047616094e-06,-0.06502974033355713,-0.7310085296630859,0.6823681592941284,-0.00037670452729798853,-0.0003516390861477703,0.0,0.0,-0.03691747412085533,-0.7071068286895752,0.7071068286895752,0.0,0.0,-2.38418573772492e-09,-2.98023217215615e-10,-0.02163529396057129,-0.9304175972938538,0.36650118231773376,0.0,0.0,0.0,2.98023217215615e-10,-0.01868978515267372,-1.0,-0.0,0.0,0.0,0.0,0.003969999961555004,-0.017509059980511665,-1.0,-0.0,0.0,0.0,0.0,4.611611075233668e-06,-0.0637909397482872,-0.8854466080665588,0.46474120020866394,0.0,0.0,0.0,2.98023217215615e-10,-0.04460655897855759,-0.6901757717132568,0.7236417531967163,0.0,0.0,0.0,-2.98023217215615e-10,-0.02347646653652191,-0.9424323439598083,0.33439695835113525,0.0,0.0,0.0,0.0,-0.019652195274829865,-1.0,-0.0,0.0,0.0,0.00711638480424881,0.0018999999156221747,-0.016959700733423233,-0.9961947202682495,-0.0,0.08715574443340302,0.0,-0.0005882382392883301,0.0,-0.060253534466028214,-0.7832935452461243,0.6209139823913574,-0.02373199723660946,-0.01881226897239685,1.19209286886246e-09,-1.490116086078075e-10,-0.04255415499210358,-0.6435900330543518,0.7653704881668091,0.0,0.0,-2.38418573772492e-09,0.0,-0.02208789810538292,-0.9064463376998901,0.4223211109638214,0.0,0.0,0.0,0.0,-0.017740869894623756,-1.0,-0.0,0.0,0.0,0.013503451831638813,-0.0037700000684708357,-0.014087309129536152,-0.9914448857307434,-0.0,0.13052619993686676,0.0,0.0048975334502756596,-3.847479547403054e-06,-0.05743739381432533,-0.8136307001113892,0.5806549191474915,-0.0004999586381018162,-0.029064122587442398,4.76837147544984e-09,-2.98023217215615e-10,-0.03276757150888443,-0.7179723381996155,0.6960716843605042,0.0,0.0,2.38418573772492e-09,0.0,-0.016709718853235245,-0.8487250208854675,0.5288345217704773,0.0,0.0,0.0,0.0,-0.01388302817940712,-1.0,-0.0,0.0,0.0
1782948426.9594617,2026-07-01 19:27:06.959,17255.0,17255,left,0,1,thumbs_up,3,0.0,0.003969999961555004,-0.04999999701976776,-1.0,-0.0,0.0,0.0,0.0,0.0,0.0,-1.0,-0.0,0.0,0.0,0.025476500391960144,-0.012044699862599373,-0.022234899923205376,-0.7942319512367249,-0.08966758102178574,0.3035161793231964,0.5186842679977417,-5.7220457705398076e-08,-4.3511388270189855e-08,-0.027230437844991684,-0.9929836988449097,0.1182515025138855,0.0,0.0,3.5762786065873797e-09,6.318092005130893e-08,-0.031859491020441055,-0.9769219756126404,0.21359658241271973,0.0,0.0,2.384185648907078e-08,0.0,-0.023122519254684448,-1.0,-0.0,0.0,0.0,0.012359999120235443,0.0032300001475960016,-0.017000000923871994,-0.9990482330322266,-0.0,0.04361938685178757,0.0,0.0021501504816114902,-3.890097104886081e-06,-0.06502876430749893,-0.7086129784584045,0.7055973410606384,1.3667096936842427e-05,1.3608933841169346e-05,-9.53674295089968e-09,-9.53674295089968e-09,-0.036917347460985184,-0.7071068286895752,0.7071068286895752,0.0,0.0,-2.8610228852699038e-08,-2.98023217215615e-10,-0.0216355137526989,-0.9304175972938538,0.36650118231773376,0.0,0.0,1.2636184010261786e-07,2.98023217215615e-10,-0.018689393997192383,-1.0,-0.0,0.0,0.0,0.0,0.003969999961555004,-0.01750910095870495,-1.0,-0.0,0.0,0.0,0.0,4.610121322912164e-06,-0.06379090249538422,-0.8750227689743042,0.48408180475234985,0.0,0.0,0.0,2.98023217215615e-10,-0.044606998562812805,-0.6822461485862732,0.7311225533485413,0.0,0.0,0.0,0.0,-0.023475991562008858,-0.9419345855712891,0.3357965350151062,0.0,0.0,0.0,0.0,-0.019651994109153748,-1.0,-0.0,0.0,0.0,-0.00711638992652297,0.0018999999156221747,-0.016959700733423233,-0.9961947202682495,-0.0,-0.08715574443340302,0.0,0.0005882433033548295,0.0,-0.060253534466028214,-0.8585456609725952,0.5121045112609863,0.02186950482428074,0.013044701889157295,-1.1086464013487785e-07,-1.490116086078075e-10,-0.04255366697907448,-0.6714715361595154,0.7410303950309753,0.0,0.0,4.5299529460862686e-08,0.0,-0.022088106721639633,-0.9113314747810364,0.4116733968257904,0.0,0.0,-1.4305114426349519e-08,0.0,-0.017740696668624878,-1.0,-0.0,0.0,0.0,-0.013503500260412693,-0.0037700000684708357,-0.014087299816310406,-0.9914448857307434,-0.0,-0.13052619993686676,0.0,-0.004897483624517918,-3.8501621020259336e-06,-0.05743739381432533,-0.8861467242240906,0.4617197811603546,-0.012401564046740532,0.0374835841357708,5.4836270635405526e-08,-2.98023217215615e-10,-0.03276759013533592,-0.7502128481864929,0.6611964702606201,0.0,0.0,-9.298324243900424e-08,0.0,-0.01670967973768711,-0.8676577806472778,0.49716195464134216,0.0,0.0,6.19888282926695e-08,0.0,-0.013883084990084171,-1.0,-0.0,0.0,0.0
1782948426.9596672,2026-07-01 19:27:06.959,9213.0,9213,right,0,2,thumbs_up,3,0.0,0.003969999961555004,-0.04999999701976776,-1.0,-0.0,0.0,0.0,0.0,0.0,0.0,-1.0,-0.0,0.0,0.0,-0.025476505979895592,-0.012044684961438179,-0.022234933450818062,-0.788569450378418,-0.02281937561929226,-0.3087432086467743,-0.5313333868980408,0.0,1.19209286886246e-09,-0.02723044343292713,-0.9794934391975403,0.20147642493247986,0.0,0.0,2.38418573772492e-09,-1.19209286886246e-09,-0.031859468668699265,-0.9394090175628662,0.34279826283454895,0.0,0.0,0.0,-3.5762786065873797e-09,-0.023122519254684448,-1.0,-0.0,0.0,0.0,-0.012360505759716034,0.0032300001475960016,-0.016998957842588425,-0.9990482330322266,-0.0,-0.04361938685178757,0.0,-0.002149570034816861,-3.8927792047616094e-06,-0.06502974033355713,-0.7366014719009399,0.6763268113136292,-0.00046855234540998936,-0.0004302116285543889,0.0,0.0,-0.03691747412085533,-0.7071068286895752,0.7071068286895752,0.0,0.0,-2.38418573772492e-09,-2.98023217215615e-10,-0.02163529396057129,-0.9304175972938538,0.36650118231773376,0.0,0.0,0.0,2.98023217215615e-10,-0.01868978515267372,-1.0,-0.0,0.0,0.0,0.0,0.003969999961555004,-0.017509059980511665,-1.0,-0.0,0.0,0.0,0.0,4.611611075233668e-06,-0.0637909397482872,-0.8854466080665588,0.46474120020866394,0.0,0.0,0.0,2.98023217215615e-10,-0.04460655897855759,-0.6901757717132568,0.7236417531967163,0.0,0.0,0.0,-2.98023217215615e-10,-0.02347646653652191,-0.9424323439598083,0.33439695835113525,0.0,0.0,0.0,0.0,-0.019652195274829865,-1.0,-0.0,0.0,0.0,0.00711638480424881,0.0018999999156221747,-0.016959700733423233,-0.9961947202682495,-0.0,0.08715574443340302,0.0,-0.0005882382392883301,0.0,-0.060253534466028214,-0.7832935452461243,0.6209139823913574,-0.02373199723660946,-0.01881226897239685,1.19209286886246e-09,-1.490116086078075e-10,-0.04255415499210358,-0.6435900330543518,0.7653704881668091,0.0,0.0,-2.38418573772492e-09,0.0,-0.02208789810538292,-0.9064463376998901,0.4223211109638214,0.0,0.0,0.0,0.0,-0.017740869894623756,-1.0,-0.0,0.0,0.0,0.013503451831638813,-0.0037700000684708357,-0.014087309129536152,-0.9914448857307434,-0.0,0.13052619993686676,0.0,0.0048975334502756596,-3.847479547403054e-06,-0.05743739381432533,-0.8162115812301636,0.5770302414894104,0.00025584176182746887,-0.028893278911709785,4.76837147544984e-09,-2.98023217215615e-10,-0.03276757150888443,-0.7187358736991882,0.6952832341194153,0.0,0.0,2.38418573772492e-09,0.0,-0.016709718853235245,-0.849189817905426,0.528087854385376,0.0,0.0,0.0,0.0,-0.01388302817940712,-1.0,-0.0,0.0,0.0
1782948427.1608353,2026-07-01 19:27:07.160,17257.0,17257,left,0,1,thumbs_up,3,0.0,0.003969999961555004,-0.04999999701976776,-1.0,-0.0,0.0,0.0,0.0,0.0,0.0,-1.0,-0.0,0.0,0.0,0.025476500391960144,-0.012044699862599373,-0.022234899923205376,-0.7948035001754761,-0.09149380773305893,0.3022666871547699,0.5182191729545593,-5.7220457705398076e-08,-4.3511388270189855e-08,-0.027230437844991684,-0.9933519959449768,0.11511673033237457,0.0,0.0,3.5762786065873797e-09,6.318092005130893e-08,-0.031859491020441055,-0.9782412052154541,0.20747095346450806,0.0,0.0,2.384185648907078e-08,0.0,-0.023122519254684448,-1.0,-0.0,0.0,0.0,0.012359999120235443,0.0032300001475960016,-0.017000000923871994,-0.9990482330322266,-0.0,0.04361938685178757,0.0,0.0021501504816114902,-3.890097104886081e-06,-0.06502876430749893,-0.7086129784584045,0.7055973410606384,1.3667096936842427e-05,1.3608933841169346e-05,-9.53674295089968e-09,-9.53674295089968e-09,-0.036917347460985184,-0.7071068286895752,0.7071068286895752,0.0,0.0,-2.8610228852699038e-08,-2.98023217215615e-10,-0.0216355137526989,-0.9304175972938538,0.36650118231773376,0.0,0.0,1.2636184010261786e-07,2.98023217215615e-10,-0.018689393997192383,-1.0,-0.0,0.0,0.0,0.0,0.003969999961555004,-0.01750910095870495,-1.0,-0.0,0.0,0.0,0.0,4.610121322912164e-06,-0.06379090249538422,-0.8785373568534851,0.47767361998558044,0.0,0.0,0.0,2.98023217215615e-10,-0.044606998562812805,-0.6848443746566772,0.7286893725395203,0.0,0.0,0.0,0.0,-0.023475991562008858,-0.9420964121818542,0.33534225821495056,0.0,0.0,0.0,0.0,-0.019651994109153748,-1.0,-0.0,0.0,0.0,-0.00711638992652297,0.0018999999156221747,-0.016959700733423233,-0.9961947202682495,-0.0,-0.08715574443340302,0.0,0.0005882433033548295,0.0,-0.060253534466028214,-0.8640255928039551,0.50284343957901,0.02131691575050354,0.01240596640855074,-1.1086464013487785e-07,-1.490116086078075e-10,-0.04255366697907448,-0.67490553855896,0.7379041314125061,0.0,0.0,4.5299529460862686e-08,0.0,-0.022088106721639633,-0.9119402170181274,0.4103231132030487,0.0,0.0,-1.4305114426349519e-08,0.0,-0.017740696668624878,-1.0,-0.0,0.0,0.0,-0.013503500260412693,-0.0037700000684708357,-0.014087299816310406,-0.9914448857307434,-0.0,-0.13052619993686676,0.0,-0.004897483624517918,-3.8501621020259336e-06,-0.05743739381432533,-0.8861467242240906,0.4617197811603546,-0.012401564046740532,0.0374835841357708,5.4836270635405526e-08,-2.98023217215615e-10,-0.03276759013533592,-0.7502128481864929,0.6611964702606201,0.0,0.0,-9.298324243900424e-08,0.0,-0.01670967973768711,-0.8676577806472778,0.49716195464134216,0.0,0.0,6.19888282926695e-08,0.0,-0.013883084990084171,-1.0,-0.0,0.0,0.0
1782948427.1610715,2026-07-01 19:27:07.161,9226.0,9226,right,0,2,thumbs_up,3,0.0,0.003969999961555004,-0.04999999701976776,-1.0,-0.0,0.0,0.0,0.0,0.0,0.0,-1.0,-0.0,0.0,0.0,-0.025476505979895592,-0.012044684961438179,-0.022234933450818062,-0.788569450378418,-0.02281937561929226,-0.3087432086467743,-0.5313333868980408,0.0,1.19209286886246e-09,-0.02723044343292713,-0.9794934391975403,0.20147642493247986,0.0,0.0,2.38418573772492e-09,-1.19209286886246e-09,-0.031859468668699265,-0.9394090175628662,0.34279826283454895,0.0,0.0,0.0,-3.5762786065873797e-09,-0.023122519254684448,-1.0,-0.0,0.0,0.0,-0.012360505759716034,0.0032300001475960016,-0.016998957842588425,-0.9990482330322266,-0.0,-0.04361938685178757,0.0,-0.002149570034816861,-3.8927792047616094e-06,-0.06502974033355713,-0.7366014719009399,0.6763268113136292,-0.00046855234540998936,-0.0004302116285543889,0.0,0.0,-0.03691747412085533,-0.7071068286895752,0.7071068286895752,0.0,0.0,-2.38418573772492e-09,-2.98023217215615e-10,-0.02163529396057129,-0.9304175972938538,0.36650118231773376,0.0,0.0,0.0,2.98023217215615e-10,-0.01868978515267372,-1.0,-0.0,0.0,0.0,0.0,0.003969999961555004,-0.017509059980511665,-1.0,-0.0,0.0,0.0,0.0,4.611611075233668e-06,-0.0637909397482872,-0.8854466080665588,0.46474120020866394,0.0,0.0,0.0,2.98023217215615e-10,-0.04460655897855759,-0.6901757717132568,0.7236417531967163,0.0,0.0,0.0,-2.98023217215615e-10,-0.02347646653652191,-0.9424323439598083,0.33439695835113525,0.0,0.0,0.0,0.0,-0.019652195274829865,-1.0,-0.0,0.0,0.0,0.00711638480424881,0.0018999999156221747,-0.016959700733423233,-0.9961947202682495,-0.0,0.08715574443340302,0.0,-0.0005882382392883301,0.0,-0.060253534466028214,-0.7841901183128357,0.6197890043258667,-0.023633847013115883,-0.018679726868867874,1.19209286886246e-09,-1.490116086078075e-10,-0.04255415499210358,-0.6437031030654907,0.7652754187583923,0.0,0.0,-2.38418573772492e-09,0.0,-0.02208789810538292,-0.9064658880233765,0.42227911949157715,0.0,0.0,0.0,0.0,-0.017740869894623756,-1.0,-0.0,0.0,0.0,0.013503451831638813,-0.0037700000684708357,-0.014087309129536152,-0.9914448857307434,-0.0,0.13052619993686676,0.0,0.0048975334502756596,-3.847479547403054e-06,-0.05743739381432533,-0.8162115812301636,0.5770302414894104,0.00025584176182746887,-0.028893278911709785,4.76837147544984e-09,-2.98023217215615e-10,-0.03276757150888443,-0.7187358736991882,0.6952832341194153,0.0,0.0,2.38418573772492e-09,0.0,-0.016709718853235245,-0.849189817905426,0.528087854385376,0.0,0.0,0.0,0.0,-0.01388302817940712,-1.0,-0.0,0.0,0.0
1782948427.361233,2026-07-01 19:27:07.361,17259.0,17259,left,0,1,thumbs_up,3,0.0,0.003969999961555004,-0.04999999701976776,-1.0,-0.0,0.0,0.0,0.0,0.0,0.0,-1.0,-0.0,0.0,0.0,0.025476500391960144,-0.012044699862599373,-0.022234899923205376,-0.7948035001754761,-0.09149380773305893,0.3022666871547699,0.5182191729545593,-5.7220457705398076e-08,-4.3511388270189855e-08,-0.027230437844991684,-0.9933519959449768,0.11511673033237457,0.0,0.0,3.5762786065873797e-09,6.318092005130893e-08,-0.031859491020441055,-0.9782412052154541,0.20747095346450806,0.0,0.0,2.384185648907078e-08,0.0,-0.023122519254684448,-1.0,-0.0,0.0,0.0,0.012359999120235443,0.0032300001475960016,-0.017000000923871994,-0.9990482330322266,-0.0,0.04361938685178757,0.0,0.0021501504816114902,-3.890097104886081e-06,-0.06502876430749893,-0.7086129784584045,0.7055973410606384,1.3667096936842427e-05,1.3608933841169346e-05,-9.53674295089968e-09,-9.53674295089968e-09,-0.036917347460985184,-0.7071068286895752,0.7071068286895752,0.0,0.0,-2.8610228852699038e-08,-2.98023217215615e-10,-0.0216355137526989,-0.9304175972938538,0.36650118231773376,0.0,0.0,1.2636184010261786e-07,2.98023217215615e-10,-0.018689393997192383,-1.0,-0.0,0.0,0.0,0.0,0.003969999961555004,-0.01750910095870495,-1.0,-0.0,0.0,0.0,0.0,4.610121322912164e-06,-0.06379090249538422,-0.8802770972251892,0.4744599461555481,0.0,0.0,0.0,2.98023217215615e-10,-0.044606998562812805,-0.6861404180526733,0.7274692058563232,0.0,0.0,0.0,0.0,-0.023475991562008858,-0.9421772360801697,0.3351150453090668,0.0,0.0,0.0,0.0,-0.019651994109153748,-1.0,-0.0,0.0,0.0,-0.00711638992652297,0.0018999999156221747,-0.016959700733423233,-0.9961947202682495,-0.0,-0.08715574443340302,0.0,0.0005882433033548295,0.0,-0.060253534466028214,-0.8640255928039551,0.50284343957901,0.02131691575050354,0.01240596640855074,-1.1086464013487785e-07,-1.490116086078075e-10,-0.04255366697907448,-0.67490553855896,0.7379041314125061,0.0,0.0,4.5299529460862686e-08,0.0,-0.022088106721639633,-0.9119402170181274,0.4103231132030487,0.0,0.0,-1.4305114426349519e-08,0.0,-0.017740696668624878,-1.0,-0.0,0.0,0.0,-0.013503500260412693,-0.0037700000684708357,-0.014087299816310406,-0.9914448857307434,-0.0,-0.13052619993686676,0.0,-0.004897483624517918,-3.8501621020259336e-06,-0.05743739381432533,-0.8861467242240906,0.4617197811603546,-0.012401564046740532,0.0374835841357708,5.4836270635405526e-08,-2.98023217215615e-10,-0.03276759013533592,-0.7502128481864929,0.6611964702606201,0.0,0.0,-9.298324243900424e-08,0.0,-0.01670967973768711,-0.8676577806472778,0.49716195464134216,0.0,0.0,6.19888282926695e-08,0.0,-0.013883084990084171,-1.0,-0.0,0.0,0.0
1782948427.3616953,2026-07-01 19:27:07.361,9237.0,9237,right,0,2,thumbs_up,3,0.0,0.003969999961555004,-0.04999999701976776,-1.0,-0.0,0.0,0.0,0.0,0.0,0.0,-1.0,-0.0,0.0,0.0,-0.025476505979895592,-0.012044684961438179,-0.022234933450818062,-0.788569450378418,-0.02281937561929226,-0.3087432086467743,-0.5313333868980408,0.0,1.19209286886246e-09,-0.02723044343292713,-0.9794934391975403,0.20147642493247986,0.0,0.0,2.38418573772492e-09,-1.19209286886246e-09,-0.031859468668699265,-0.9394090175628662,0.34279826283454895,0.0,0.0,0.0,-3.5762786065873797e-09,-0.023122519254684448,-1.0,-0.0,0.0,0.0,-0.012360505759716034,0.0032300001475960016,-0.016998957842588425,-0.9990482330322266,-0.0,-0.04361938685178757,0.0,-0.002149570034816861,-3.8927792047616094e-06,-0.06502974033355713,-0.7366014719009399,0.6763268113136292,-0.00046855234540998936,-0.0004302116285543889,0.0,0.0,-0.03691747412085533,-0.7071068286895752,0.7071068286895752,0.0,0.0,-2.38418573772492e-09,-2.98023217215615e-10,-0.02163529396057129,-0.9304175972938538,0.36650118231773376,0.0,0.0,0.0,2.98023217215615e-10,-0.01868978515267372,-1.0,-0.0,0.0,0.0,0.0,0.003969999961555004,-0.017509059980511665,-1.0,-0.0,0.0,0.0,0.0,4.611611075233668e-06,-0.0637909397482872,-0.8854466080665588,0.46474120020866394,0.0,0.0,0.0,2.98023217215615e-10,-0.04460655897855759,-0.6901757717132568,0.7236417531967163,0.0,0.0,0.0,-2.98023217215615e-10,-0.02347646653652191,-0.9424323439598083,0.33439695835113525,0.0,0.0,0.0,0.0,-0.019652195274829865,-1.0,-0.0,0.0,0.0,0.00711638480424881,0.0018999999156221747,-0.016959700733423233,-0.9961947202682495,-0.0,0.08715574443340302,0.0,-0.0005882382392883301,0.0,-0.060253534466028214,-0.7859783172607422,0.6175352334976196,-0.02343740127980709,-0.018414530903100967,1.19209286886246e-09,-1.490116086078075e-10,-0.04255415499210358,-0.643929123878479,0.7650851607322693,0.0,0.0,-2.38418573772492e-09,0.0,-0.02208789810538292,-0.9065049886703491,0.422195166349411,0.0,0.0,0.0,0.0,-0.017740869894623756,-1.0,-0.0,0.0,0.0,0.013503451831638813,-0.0037700000684708357,-0.014087309129536152,-0.9914448857307434,-0.0,0.13052619993686676,0.0,0.0048975334502756596,-3.847479547403054e-06,-0.05743739381432533,-0.8172459602355957,0.5755675435066223,0.0005568765918724239,-0.0288234930485487,4.76837147544984e-09,-2.98023217215615e-10,-0.03276757150888443,-0.7190529704093933,0.6949553489685059,0.0,0.0,2.38418573772492e-09,0.0,-0.016709718853235245,-0.8493823409080505,0.5277780890464783,0.0,0.0,0.0,0.0,-0.01388302817940712,-1.0,-0.0,0.0,0.0
1782948427.5628247,2026-07-01 19:27:07.562,17260.0,17260,left,0,1,thumbs_up,3,0.0,0.003969999961555004,-0.04999999701976776,-1.0,-0.0,0.0,0.0,0.0,0.0,0.0,-1.0,-0.0,0.0,0.0,0.025476500391960144,-0.012044699862599373,-0.022234899923205376,-0.7948035001754761,-0.09149380773305893,0.3022666871547699,0.5182191729545593,-5.7220457705398076e-08,-4.3511388270189855e-08,-0.027230437844991684,-0.9933519959449768,0.11511673033237457,0.0,0.0,3.5762786065873797e-09,6.318092005130893e-08,-0.031859491020441055,-0.9782412052154541,0.20747095346450806,0.0,0.0,2.384185648907078e-08,0.0,-0.023122519254684448,-1.0,-0.0,0.0,0.0,0.012359999120235443,0.0032300001475960016,-0.017000000923871994,-0.9990482330322266,-0.0,0.04361938685178757,0.0,0.0021501504816114902,-3.890097104886081e-06,-0.06502876430749893,-0.7086129784584045,0.7055973410606384,1.3667096936842427e-05,1.3608933841169346e-05,-9.53674295089968e-09,-9.53674295089968e-09,-0.036917347460985184,-0.7071068286895752,0.7071068286895752,0.0,0.0,-2.8610228852699038e-08,-2.98023217215615e-10,-0.0216355137526989,-0.9304175972938538,0.36650118231773376,0.0,0.0,1.2636184010261786e-07,2.98023217215615e-10,-0.018689393997192383,-1.0,-0.0,0.0,0.0,0.0,0.003969999961555004,-0.01750910095870495,-1.0,-0.0,0.0,0.0,0.0,4.610121322912164e-06,-0.06379090249538422,-0.8802770972251892,0.4744599461555481,0.0,0.0,0.0,2.98023217215615e-10,-0.044606998562812805,-0.6861404180526733,0.7274692058563232,0.0,0.0,0.0,0.0,-0.023475991562008858,-0.9421772360801697,0.3351150453090668,0.0,0.0,0.0,0.0,-0.019651994109153748,-1.0,-0.0,0.0,0.0,-0.00711638992652297,0.0018999999156221747,-0.016959700733423233,-0.9961947202682495,-0.0,-0.08715574443340302,0.0,0.0005882433033548295,0.0,-0.060253534466028214,-0.8640255928039551,0.50284343957901,0.02131691575050354,0.01240596640855074,-1.1086464013487785e-07,-1.490116086078075e-10,-0.04255366697907448,-0.67490553855896,0.7379041314125061,0.0,0.0,4.5299529460862686e-08,0.0,-0.022088106721639633,-0.9119402170181274,0.4103231132030487,0.0,0.0,-1.4305114426349519e-08,0.0,-0.017740696668624878,-1.0,-0.0,0.0,0.0,-0.013503500260412693,-0.0037700000684708357,-0.014087299816310406,-0.9914448857307434,-0.0,-0.13052619993686676,0.0,-0.004897483624517918,-3.8501621020259336e-06,-0.05743739381432533,-0.8914258480072021,0.45142245292663574,-0.013866695575416088,0.03722235932946205,5.4836270635405526e-08,-2.98023217215615e-10,-0.03276759013533592,-0.7535584568977356,0.6573808789253235,0.0,0.0,-9.298324243900424e-08,0.0,-0.01670967973768711,-0.8695524334907532,0.49384060502052307,0.0,0.0,6.19888282926695e-08,0.0,-0.013883084990084171,-1.0,-0.0,0.0,0.0
1782948427.563033,2026-07-01 19:27:07.563,9250.0,9250,right,0,2,thumbs_up,3,0.0,0.003969999961555004,-0.04999999701976776,-1.0,-0.0,0.0,0.0,0.0,0.0,0.0,-1.0,-0.0,0.0,0.0,-0.025476505979895592,-0.012044684961438179,-0.022234933450818062,-0.788569450378418,-0.02281937561929226,-0.3087432086467743,-0.5313333868980408,0.0,1.19209286886246e-09,-0.02723044343292713,-0.9794934391975403,0.20147642493247986,0.0,0.0,2.38418573772492e-09,-1.19209286886246e-09,-0.031859468668699265,-0.9394090175628662,0.34279826283454895,0.0,0.0,0.0,-3.5762786065873797e-09,-0.023122519254684448,-1.0,-0.0,0.0,0.0,-0.012360505759716034,0.0032300001475960016,-0.016998957842588425,-0.9990482330322266,-0.0,-0.04361938685178757,0.0,-0.002149570034816861,-3.8927792047616094e-06,-0.06502974033355713,-0.7366014719009399,0.6763268113136292,-0.00046855234540998936,-0.0004302116285543889,0.0,0.0,-0.03691747412085533,-0.7071068286895752,0.7071068286895752,0.0,0.0,-2.38418573772492e-09,-2.98023217215615e-10,-0.02163529396057129,-0.9304175972938538,0.36650118231773376,0.0,0.0,0.0,2.98023217215615e-10,-0.01868978515267372,-1.0,-0.0,0.0,0.0,0.0,0.003969999961555004,-0.017509059980511665,-1.0,-0.0,0.0,0.0,0.0,4.611611075233668e-06,-0.0637909397482872,-0.8854466080665588,0.46474120020866394,0.0,0.0,0.0,2.98023217215615e-10,-0.04460655897855759,-0.6901757717132568,0.7236417531967163,0.0,0.0,0.0,-2.98023217215615e-10,-0.02347646653652191,-0.9424323439598083,0.33439695835113525,0.0,0.0,0.0,0.0,-0.019652195274829865,-1.0,-0.0,0.0,0.0,0.00711638480424881,0.0018999999156221747,-0.016959700733423233,-0.9961947202682495,-0.0,0.08715574443340302,0.0,-0.0005882382392883301,0.0,-0.060253534466028214,-0.7859783172607422,0.6175352334976196,-0.02343740127980709,-0.018414530903100967,1.19209286886246e-09,-1.490116086078075e-10,-0.04255415499210358,-0.643929123878479,0.7650851607322693,0.0,0.0,-2.38418573772492e-09,0.0,-0.02208789810538292,-0.9065049886703491,0.422195166349411,0.0,0.0,0.0,0.0,-0.017740869894623756,-1.0,-0.0,0.0,0.0,0.013503451831638813,-0.0037700000684708357,-0.014087309129536152,-0.9914448857307434,-0.0,0.13052619993686676,0.0,0.0048975334502756596,-3.847479547403054e-06,-0.05743739381432533,-0.8213694095611572,0.5696793794631958,0.0017581175779923797,-0.02854095958173275,4.76837147544984e-09,-2.98023217215615e-10,-0.03276757150888443,-0.7203437089920044,0.6936173439025879,0.0,0.0,2.38418573772492e-09,0.0,-0.016709718853235245,-0.8501651287078857,0.5265161395072937,0.0,0.0,0.0,0.0,-0.01388302817940712,-1.0,-0.0,0.0,0.0
1782948427.7668262,2026-07-01 19:27:07.766,17262.0,17262,left,0,1,thumbs_up,3,0.0,0.003969999961555004,-0.04999999701976776,-1.0,-0.0,0.0,0.0,0.0,0.0,0.0,-1.0,-0.0,0.0,0.0,0.025476500391960144,-0.012044699862599373,-0.022234899923205376,-0.7949451208114624,-0.0919480174779892,0.3019552230834961,0.5181031227111816,-5.7220457705398076e-08,-4.3511388270189855e-08,-0.027230437844991684,-0.9934420585632324,0.11433696001768112,0.0,0.0,3.5762786065873797e-09,6.318092005130893e-08,-0.031859491020441055,-0.9785661697387695,0.20593272149562836,0.0,0.0,2.384185648907078e-08,0.0,-0.023122519254684448,-1.0,-0.0,0.0,0.0,0.012359999120235443,0.0032300001475960016,-0.017000000923871994,-0.9990482330322266,-0.0,0.04361938685178757,0.0,0.0021501504816114902,-3.890097104886081e-06,-0.06502876430749893,-0.7086129784584045,0.7055973410606384,1.3667096936842427e-05,1.3608933841169346e-05,-9.53674295089968e-09,-9.53674295089968e-09,-0.036917347460985184,-0.7071068286895752,0.7071068286895752,0.0,0.0,-2.8610228852699038e-08,-2.98023217215615e-10,-0.0216355137526989,-0.9304175972938538,0.36650118231773376,0.0,0.0,1.2636184010261786e-07,2.98023217215615e-10,-0.018689393997192383,-1.0,-0.0,0.0,0.0,0.0,0.003969999961555004,-0.01750910095870495,-1.0,-0.0,0.0,0.0,0.0,4.610121322912164e-06,-0.06379090249538422,-0.8802770972251892,0.4744599461555481,0.0,0.0,0.0,2.98023217215615e-10,-0.044606998562812805,-0.6861404180526733,0.7274692058563232,0.0,0.0,0.0,0.0,-0.023475991562008858,-0.9421772360801697,0.3351150453090668,0.0,0.0,0.0,0.0,-0.019651994109153748,-1.0,-0.0,0.0,0.0,-0.00711638992652297,0.0018999999156221747,-0.016959700733423233,-0.9961947202682495,-0.0,-0.08715574443340302,0.0,0.0005882433033548295,0.0,-0.060253534466028214,-0.866742730140686,0.498165100812912,0.02103455364704132,0.012089724652469158,-1.1086464013487785e-07,-1.490116086078075e-10,-0.04255366697907448,-0.676682710647583,0.736274778842926,0.0,0.0,4.5299529460862686e-08,0.0,-0.022088106721639633,-0.9122559428215027,0.4096207916736603,0.0,0.0,-1.4305114426349519e-08,0.0,-0.017740696668624878,-1.0,-0.0,0.0,0.0,-0.013503500260412693,-0.0037700000684708357,-0.014087299816310406,-0.9914448857307434,-0.0,-0.13052619993686676,0.0,-0.004897483624517918,-3.8501621020259336e-06,-0.05743739381432533,-0.8914258480072021,0.45142245292663574,-0.013866695575416088,0.03722235932946205,5.4836270635405526e-08,-2.98023217215615e-10,-0.03276759013533592,-0.7535584568977356,0.6573808789253235,0.0,0.0,-9.298324243900424e-08,0.0,-0.01670967973768711,-0.8695524334907532,0.49384060502052307,0.0,0.0,6.19888282926695e-08,0.0,-0.013883084990084171,-1.0,-0.0,0.0,0.0
1782948427.781426,2026-07-01 19:27:07.781,9262.0,9262,right,0,2,thumbs_up,3,0.0,0.003969999961555004,-0.04999999701976776,-1.0,-0.0,0.0,0.0,0.0,0.0,0.0,-1.0,-0.0,0.0,0.0,-0.025476505979895592,-0.012044684961438179,-0.022234933450818062,-0.788569450378418,-0.02281937561929226,-0.3087432086467743,-0.5313333868980408,0.0,1.19209286886246e-09,-0.02723044343292713,-0.9794934391975403,0.20147642493247986,0.0,0.0,2.38418573772492e-09,-1.19209286886246e-09,-0.031859468668699265,-0.9394090175628662,0.34279826283454895,0.0,0.0,0.0,-3.5762786065873797e-09,-0.023122519254684448,-1.0,-0.0,0.0,0.0,-0.012360505759716034,0.0032300001475960016,-0.016998957842588425,-0.9990482330322266,-0.0,-0.04361938685178757,0.0,-0.002149570034816861,-3.8927792047616094e-06,-0.06502974033355713,-0.7366014719009399,0.6763268113136292,-0.00046855234540998936,-0.0004302116285543889,0.0,0.0,-0.03691747412085533,-0.7071068286895752,0.7071068286895752,0.0,0.0,-2.38418573772492e-09,-2.98023217215615e-10,-0.02163529396057129,-0.9304175972938538,0.36650118231773376,0.0,0.0,0.0,2.98023217215615e-10,-0.01868978515267372,-1.0,-0.0,0.0,0.0,0.0,0.003969999961555004,-0.017509059980511665,-1.0,-0.0,0.0,0.0,0.0,4.611611075233668e-06,-0.0637909397482872,-0.8854466080665588,0.46474120020866394,0.0,0.0,0.0,2.98023217215615e-10,-0.04460655897855759,-0.6901757717132568,0.7236417531967163,0.0,0.0,0.0,-2.98023217215615e-10,-0.02347646653652191,-0.9424323439598083,0.33439695835113525,0.0,0.0,0.0,0.0,-0.019652195274829865,-1.0,-0.0,0.0,0.0,0.00711638480424881,0.0018999999156221747,-0.016959700733423233,-0.9961947202682495,-0.0,0.08715574443340302,0.0,-0.0005882382392883301,0.0,-0.060253534466028214,-0.7859783172607422,0.6175352334976196,-0.02343740127980709,-0.018414530903100967,1.19209286886246e-09,-1.490116086078075e-10,-0.04255415499210358,-0.643929123878479,0.7650851607322693,0.0,0.0,-2.38418573772492e-09,0.0,-0.02208789810538292,-0.9065049886703491,0.422195166349411,0.0,0.0,0.0,0.0,-0.017740869894623756,-1.0,-0.0,0.0,0.0,0.013503451831638813,-0.0037700000684708357,-0.014087309129536152,-0.9914448857307434,-0.0,0.13052619993686676,0.0,0.0048975334502756596,-3.847479547403054e-06,-0.05743739381432533,-0.8223966956138611,0.5681979656219482,0.0020576976239681244,-0.02846948243677616,4.76837147544984e-09,-2.98023217215615e-10,-0.03276757150888443,-0.7206719517707825,0.6932762265205383,0.0,0.0,2.38418573772492e-09,0.0,-0.016709718853235245,-0.8503639698028564,0.5261949896812439,0.0,0.0,0.0,0.0,-0.01388302817940712,-1.0,-0.0,0.0,0.0
1782948427.9781287,2026-07-01 19:27:07.978,17264.0,17264,left,0,1,thumbs_up,3,0.0,0.003969999961555004,-0.04999999701976776,-1.0,-0.0,0.0,0.0,0.0,0.0,0.0,-1.0,-0.0,0.0,0.0,0.025476500391960144,-0.012044699862599373,-0.022234899923205376,-0.7950865030288696,-0.09240219742059708,0.3016436696052551,0.5179869532585144,-5.7220457705398076e-08,-4.3511388270189855e-08,-0.027230437844991684,-0.9935314655303955,0.11355710029602051,0.0,0.0,3.5762786065873797e-09,6.318092005130893e-08,-0.031859491020441055,-0.978888750076294,0.20439401268959045,0.0,0.0,2.384185648907078e-08,0.0,-0.023122519254684448,-1.0,-0.0,0.0,0.0,0.012359999120235443,0.0032300001475960016,-0.017000000923871994,-0.9990482330322266,-0.0,0.04361938685178757,0.0,0.0021501504816114902,-3.890097104886081e-06,-0.06502876430749893,-0.7086129784584045,0.7055973410606384,1.3667096936842427e-05,1.3608933841169346e-05,-9.53674295089968e-09,-9.53674295089968e-09,-0.036917347460985184,-0.7071068286895752,0.7071068286895752,0.0,0.0,-2.8610228852699038e-08,-2.98023217215615e-10,-0.0216355137526989,-0.9304175972938538,0.36650118231773376,0.0,0.0,1.2636184010261786e-07,2.98023217215615e-10,-0.018689393997192383,-1.0,-0.0,0.0,0.0,0.0,0.003969999961555004,-0.01750910095870495,-1.0,-0.0,0.0,0.0,0.0,4.610121322912164e-06,-0.06379090249538422,-0.8802770972251892,0.4744599461555481,0.0,0.0,0.0,2.98023217215615e-10,-0.044606998562812805,-0.6861404180526733,0.7274692058563232,0.0,0.0,0.0,0.0,-0.023475991562008858,-0.9421772360801697,0.3351150453090668,0.0,0.0,0.0,0.0,-0.019651994109153748,-1.0,-0.0,0.0,0.0,-0.00711638992652297,0.0018999999156221747,-0.016959700733423233,-0.9961947202682495,-0.0,-0.08715574443340302,0.0,0.0005882433033548295,0.0,-0.060253534466028214,-0.866742730140686,0.498165100812912,0.02103455364704132,0.012089724652469158,-1.1086464013487785e-07,-1.490116086078075e-10,-0.04255366697907448,-0.676682710647583,0.736274778842926,0.0,0.0,4.5299529460862686e-08,0.0,-0.022088106721639633,-0.9122559428215027,0.4096207916736603,0.0,0.0,-1.4305114426349519e-08,0.0,-0.017740696668624878,-1.0,-0.0,0.0,0.0,-0.013503500260412693,-0.0037700000684708357,-0.014087299816310406,-0.9914448857307434,-0.0,-0.13052619993686676,0.0,-0.004897483624517918,-3.8501621020259336e-06,-0.05743739381432533,-0.8914258480072021,0.45142245292663574,-0.013866695575416088,0.03722235932946205,5.4836270635405526e-08,-2.98023217215615e-10,-0.03276759013533592,-0.7535584568977356,0.6573808789253235,0.0,0.0,-9.298324243900424e-08,0.0,-0.01670967973768711,-0.8695524334907532,0.49384060502052307,0.0,0.0,6.19888282926695e-08,0.0,-0.013883084990084171,-1.0,-0.0,0.0,0.0
1782948427.988816,2026-07-01 19:27:07.988,9276.0,9276,right,0,2,thumbs_up,3,0.0,0.003969999961555004,-0.04999999701976776,-1.0,-0.0,0.0,0.0,0.0,0.0,0.0,-1.0,-0.0,0.0,0.0,-0.025476505979895592,-0.012044684961438179,-0.022234933450818062,-0.7891145944595337,-0.02512531913816929,-0.3078415095806122,-0.5309430956840515,0.0,1.19209286886246e-09,-0.02723044343292713,-0.9801966547966003,0.19802682101726532,0.0,0.0,2.38418573772492e-09,-1.19209286886246e-09,-0.031859468668699265,-0.9410762190818787,0.33819472789764404,0.0,0.0,0.0,-3.5762786065873797e-09,-0.023122519254684448,-1.0,-0.0,0.0,0.0,-0.012360505759716034,0.0032300001475960016,-0.016998957842588425,-0.9990482330322266,-0.0,-0.04361938685178757,0.0,-0.002149570034816861,-3.8927792047616094e-06,-0.06502974033355713,-0.7366014719009399,0.6763268113136292,-0.00046855234540998936,-0.0004302116285543889,0.0,0.0,-0.03691747412085533,-0.7071068286895752,0.7071068286895752,0.0,0.0,-2.38418573772492e-09,-2.98023217215615e-10,-0.02163529396057129,-0.9304175972938538,0.36650118231773376,0.0,0.0,0.0,2.98023217215615e-10,-0.01868978515267372,-1.0,-0.0,0.0,0.0,0.0,0.003969999961555004,-0.017509059980511665,-1.0,-0.0,0.0,0.0,0.0,4.611611075233668e-06,-0.0637909397482872,-0.8854466080665588,0.46474120020866394,0.0,0.0,0.0,2.98023217215615e-10,-0.04460655897855759,-0.6901757717132568,0.7236417531967163,0.0,0.0,0.0,-2.98023217215615e-10,-0.02347646653652191,-0.9424323439598083,0.33439695835113525,0.0,0.0,0.0,0.0,-0.019652195274829865,-1.0,-0.0,0.0,0.0,0.00711638480424881,0.0018999999156221747,-0.016959700733423233,-0.9961947202682495,-0.0,0.08715574443340302,0.0,-0.0005882382392883301,0.0,-0.060253534466028214,-0.7859783172607422,0.6175352334976196,-0.02343740127980709,-0.018414530903100967,1.19209286886246e-09,-1.490116086078075e-10,-0.04255415499210358,-0.643929123878479,0.7650851607322693,0.0,0.0,-2.38418573772492e-09,0.0,-0.02208789810538292,-0.9065049886703491,0.422195166349411,0.0,0.0,0.0,0.0,-0.017740869894623756,-1.0,-0.0,0.0,0.0,0.013503451831638813,-0.0037700000684708357,-0.014087309129536152,-0.9914448857307434,-0.0,0.13052619993686676,0.0,0.0048975334502756596,-3.847479547403054e-06,-0.05743739381432533,-0.8223966956138611,0.5681979656219482,0.0020576976239681244,-0.02846948243677616,4.76837147544984e-09,-2.98023217215615e-10,-0.03276757150888443,-0.7206719517707825,0.6932762265205383,0.0,0.0,2.38418573772492e-09,0.0,-0.016709718853235245,-0.8503639698028564,0.5261949896812439,0.0,0.0,0.0,0.0,-0.01388302817940712,-1.0,-0.0,0.0,0.0
1782948428.1915576,2026-07-01 19:27:08.191,17265.0,17265,left,0,1,thumbs_up,3,0.0,0.003969999961555004,-0.04999999701976776,-1.0,-0.0,0.0,0.0,0.0,0.0,0.0,-1.0,-0.0,0.0,0.0,0.025476500391960144,-0.012044699862599373,-0.022234899923205376,-0.7953664660453796,-0.09330394864082336,0.30102360248565674,0.5177560448646545,-5.7220457705398076e-08,-4.3511388270189855e-08,-0.027230437844991684,-0.9937072992324829,0.11200790107250214,0.0,0.0,3.5762786065873797e-09,6.318092005130893e-08,-0.031859491020441055,-0.9795288443565369,0.20130401849746704,0.0,0.0,2.384185648907078e-08,0.0,-0.023122519254684448,-1.0,-0.0,0.0,0.0,0.012359999120235443,0.0032300001475960016,-0.017000000923871994,-0.9990482330322266,-0.0,0.04361938685178757,0.0,0.0021501504816114902,-3.890097104886081e-06,-0.06502876430749893,-0.7086129784584045,0.7055973410606384,1.3667096936842427e-05,1.3608933841169346e-05,-9.53674295089968e-09,-9.53674295089968e-09,-0.036917347460985184,-0.7071068286895752,0.7071068286895752,0.0,0.0,-2.8610228852699038e-08,-2.98023217215615e-10,-0.0216355137526989,-0.9304175972938538,0.36650118231773376,0.0,0.0,1.2636184010261786e-07,2.98023217215615e-10,-0.018689393997192383,-1.0,-0.0,0.0,0.0,0.0,0.003969999961555004,-0.01750910095870495,-1.0,-0.0,0.0,0.0,0.0,4.610121322912164e-06,-0.06379090249538422,-0.8802770972251892,0.4744599461555481,0.0,0.0,0.0,2.98023217215615e-10,-0.044606998562812805,-0.6861404180526733,0.7274692058563232,0.0,0.0,0.0,0.0,-0.023475991562008858,-0.9421772360801697,0.3351150453090668,0.0,0.0,0.0,0.0,-0.019651994109153748,-1.0,-0.0,0.0,0.0,-0.00711638992652297,0.0018999999156221747,-0.016959700733423233,-0.9961947202682495,-0.0,-0.08715574443340302,0.0,0.0005882433033548295,0.0,-0.060253534466028214,-0.866742730140686,0.498165100812912,0.02103455364704132,0.012089724652469158,-1.1086464013487785e-07,-1.490116086078075e-10,-0.04255366697907448,-0.676682710647583,0.736274778842926,0.0,0.0,4.5299529460862686e-08,0.0,-0.022088106721639633,-0.9122559428215027,0.4096207916736603,0.0,0.0,-1.4305114426349519e-08,0.0,-0.017740696668624878,-1.0,-0.0,0.0,0.0,-0.013503500260412693,-0.0037700000684708357,-0.014087299816310406,-0.9914448857307434,-0.0,-0.13052619993686676,0.0,-0.004897483624517918,-3.8501621020259336e-06,-0.05743739381432533,-0.8914258480072021,0.45142245292663574,-0.013866695575416088,0.03722235932946205,5.4836270635405526e-08,-2.98023217215615e-10,-0.03276759013533592,-0.7535584568977356,0.6573808789253235,0.0,0.0,-9.298324243900424e-08,0.0,-0.01670967973768711,-0.8695524334907532,0.49384060502052307,0.0,0.0,6.19888282926695e-08,0.0,-0.013883084990084171,-1.0,-0.0,0.0,0.0
1782948428.204501,2026-07-01 19:27:08.204,9288.0,9288,right,0,2,thumbs_up,3,0.0,0.003969999961555004,-0.04999999701976776,-1.0,-0.0,0.0,0.0,0.0,0.0,0.0,-1.0,-0.0,0.0,0.0,-0.025476505979895592,-0.012044684961438179,-0.022234933450818062,-0.7891145944595337,-0.02512531913816929,-0.3078415095806122,-0.5309430956840515,0.0,1.19209286886246e-09,-0.02723044343292713,-0.9801966547966003,0.19802682101726532,0.0,0.0,2.38418573772492e-09,-1.19209286886246e-09,-0.031859468668699265,-0.9410762190818787,0.33819472789764404,0.0,0.0,0.0,-3.5762786065873797e-09,-0.023122519254684448,-1.0,-0.0,0.0,0.0,-0.012360505759716034,0.0032300001475960016,-0.016998957842588425,-0.9990482330322266,-0.0,-0.04361938685178757,0.0,-0.002149570034816861,-3.8927792047616094e-06,-0.06502974033355713,-0.7366014719009399,0.6763268113136292,-0.00046855234540998936,-0.0004302116285543889,0.0,0.0,-0.03691747412085533,-0.7071068286895752,0.7071068286895752,0.0,0.0,-2.38418573772492e-09,-2.98023217215615e-10,-0.02163529396057129,-0.9304175972938538,0.36650118231773376,0.0,0.0,0.0,2.98023217215615e-10,-0.01868978515267372,-1.0,-0.0,0.0,0.0,0.0,0.003969999961555004,-0.017509059980511665,-1.0,-0.0,0.0,0.0,0.0,4.611611075233668e-06,-0.0637909397482872,-0.8854466080665588,0.46474120020866394,0.0,0.0,0.0,2.98023217215615e-10,-0.04460655897855759,-0.6901757717132568,0.7236417531967163,0.0,0.0,0.0,-2.98023217215615e-10,-0.02347646653652191,-0.9424323439598083,0.33439695835113525,0.0,0.0,0.0,0.0,-0.019652195274829865,-1.0,-0.0,0.0,0.0,0.00711638480424881,0.0018999999156221747,-0.016959700733423233,-0.9961947202682495,-0.0,0.08715574443340302,0.0,-0.0005882382392883301,0.0,-0.060253534466028214,-0.7859783172607422,0.6175352334976196,-0.02343740127980709,-0.018414530903100967,1.19209286886246e-09,-1.490116086078075e-10,-0.04255415499210358,-0.643929123878479,0.7650851607322693,0.0,0.0,-2.38418573772492e-09,0.0,-0.02208789810538292,-0.9065049886703491,0.422195166349411,0.0,0.0,0.0,0.0,-0.017740869894623756,-1.0,-0.0,0.0,0.0,0.013503451831638813,-0.0037700000684708357,-0.014087309129536152,-0.9914448857307434,-0.0,0.13052619993686676,0.0,0.0048975334502756596,-3.847479547403054e-06,-0.05743739381432533,-0.8223966956138611,0.5681979656219482,0.0020576976239681244,-0.02846948243677616,4.76837147544984e-09,-2.98023217215615e-10,-0.03276757150888443,-0.7206719517707825,0.6932762265205383,0.0,0.0,2.38418573772492e-09,0.0,-0.016709718853235245,-0.8503639698028564,0.5261949896812439,0.0,0.0,0.0,0.0,-0.01388302817940712,-1.0,-0.0,0.0,0.0
1782948428.393383,2026-07-01 19:27:08.393,17267.0,17267,left,0,1,thumbs_up,3,0.0,0.003969999961555004,-0.04999999701976776,-1.0,-0.0,0.0,0.0,0.0,0.0,0.0,-1.0,-0.0,0.0,0.0,0.025476500391960144,-0.012044699862599373,-0.022234899923205376,-0.7968759536743164,-0.0982201099395752,0.29762905836105347,0.5164865851402283,-5.7220457705398076e-08,-4.3511388270189855e-08,-0.027230437844991684,-0.9946238994598389,0.10355349630117416,0.0,0.0,3.5762786065873797e-09,6.318092005130893e-08,-0.031859491020441055,-0.982882559299469,0.18423302471637726,0.0,0.0,2.384185648907078e-08,0.0,-0.023122519254684448,-1.0,-0.0,0.0,0.0,0.012359999120235443,0.0032300001475960016,-0.017000000923871994,-0.9990482330322266,-0.0,0.04361938685178757,0.0,0.0021501504816114902,-3.890097104886081e-06,-0.06502876430749893,-0.7095338702201843,0.7046713829040527,2.2066062228986993e-05,2.1893127268413082e-05,-9.53674295089968e-09,-9.53674295089968e-09,-0.036917347460985184,-0.7071068286895752,0.7071068286895752,0.0,0.0,-2.8610228852699038e-08,-2.98023217215615e-10,-0.0216355137526989,-0.9304175972938538,0.36650118231773376,0.0,0.0,1.2636184010261786e-07,2.98023217215615e-10,-0.018689393997192383,-1.0,-0.0,0.0,0.0,0.0,0.003969999961555004,-0.01750910095870495,-1.0,-0.0,0.0,0.0,0.0,4.610121322912164e-06,-0.06379090249538422,-0.8850194811820984,0.46555396914482117,0.0,0.0,0.0,2.98023217215615e-10,-0.044606998562812805,-0.6898370385169983,0.7239647507667542,0.0,0.0,0.0,0.0,-0.023475991562008858,-0.9424108266830444,0.33445754647254944,0.0,0.0,0.0,0.0,-0.019651994109153748,-1.0,-0.0,0.0,0.0,-0.00711638992652297,0.0018999999156221747,-0.016959700733423233,-0.9961947202682495,-0.0,-0.08715574443340302,0.0,0.0005882433033548295,0.0,-0.060253534466028214,-0.8694472908973694,0.493449330329895,0.020746586844325066,0.011777129024267197,-1.1086464013487785e-07,-1.490116086078075e-10,-0.04255366697907448,-0.6785202622413635,0.7345816493034363,0.0,0.0,4.5299529460862686e-08,0.0,-0.022088106721639633,-0.9125828146934509,0.40889203548431396,0.0,0.0,-1.4305114426349519e-08,0.0,-0.017740696668624878,-1.0,-0.0,0.0,0.0,-0.013503500260412693,-0.0037700000684708357,-0.014087299816310406,-0.9914448857307434,-0.0,-0.13052619993686676,0.0,-0.004897483624517918,-3.8501621020259336e-06,-0.05743739381432533,-0.8965827226638794,0.44106772541999817,-0.015302624553442001,0.03693868964910507,5.4836270635405526e-08,-2.98023217215615e-10,-0.03276759013533592,-0.7569982409477234,0.6534169912338257,0.0,0.0,-9.298324243900424e-08,0.0,-0.01670967973768711,-0.8714881539344788,0.49041661620140076,0.0,0.0,6.19888282926695e-08,0.0,-0.013883084990084171,-1.0,-0.0,0.0,0.0
1782948428.4057739,2026-07-01 19:27:08.405,9299.0,9299,right,0,2,thumbs_up,3,0.0,0.003969999961555004,-0.04999999701976776,-1.0,-0.0,0.0,0.0,0.0,0.0,0.0,-1.0,-0.0,0.0,0.0,-0.025476505979895592,-0.012044684961438179,-0.022234933450818062,-0.7895632386207581,-0.02704787254333496,-0.3070944547653198,-0.5306141972541809,0.0,1.19209286886246e-09,-0.02723044343292713,-0.9807720184326172,0.19515687227249146,0.0,0.0,2.38418573772492e-09,-1.19209286886246e-09,-0.031859468668699265,-0.9424471259117126,0.33435532450675964,0.0,0.0,0.0,-3.5762786065873797e-09,-0.023122519254684448,-1.0,-0.0,0.0,0.0,-0.012360505759716034,0.0032300001475960016,-0.016998957842588425,-0.9990482330322266,-0.0,-0.04361938685178757,0.0,-0.002149570034816861,-3.8927792047616094e-06,-0.06502974033355713,-0.7366014719009399,0.6763268113136292,-0.00046855234540998936,-0.0004302116285543889,0.0,0.0,-0.03691747412085533,-0.7071068286895752,0.7071068286895752,0.0,0.0,-2.38418573772492e-09,-2.98023217215615e-10,-0.02163529396057129,-0.9304175972938538,0.36650118231773376,0.0,0.0,0.0,2.98023217215615e-10,-0.01868978515267372,-1.0,-0.0,0.0,0.0,0.0,0.003969999961555004,-0.017509059980511665,-1.0,-0.0,0.0,0.0,0.0,4.611611075233668e-06,-0.0637909397482872,-0.8905245065689087,0.45493531227111816,0.0,0.0,0.0,2.98023217215615e-10,-0.04460655897855759,-0.6943461894989014,0.7196412086486816,0.0,0.0,0.0,-2.98023217215615e-10,-0.02347646653652191,-0.9426999092102051,0.3336418569087982,0.0,0.0,0.0,0.0,-0.019652195274829865,-1.0,-0.0,0.0,0.0,0.00711638480424881,0.0018999999156221747,-0.016959700733423233,-0.9961947202682495,-0.0,0.08715574443340302,0.0,-0.0005882382392883301,0.0,-0.060253534466028214,-0.7859783172607422,0.6175352334976196,-0.02343740127980709,-0.018414530903100967,1.19209286886246e-09,-1.490116086078075e-10,-0.04255415499210358,-0.643929123878479,0.7650851607322693,0.0,0.0,-2.38418573772492e-09,0.0,-0.02208789810538292,-0.9065049886703491,0.422195166349411,0.0,0.0,0.0,0.0,-0.017740869894623756,-1.0,-0.0,0.0,0.0,0.013503451831638813,-0.0037700000684708357,-0.014087309129536152,-0.9914448857307434,-0.0,0.13052619993686676,0.0,0.0048975334502756596,-3.847479547403054e-06,-0.05743739381432533,-0.8223966956138611,0.5681979656219482,0.0020576976239681244,-0.02846948243677616,4.76837147544984e-09,-2.98023217215615e-10,-0.03276757150888443,-0.7206719517707825,0.6932762265205383,0.0,0.0,2.38418573772492e-09,0.0,-0.016709718853235245,-0.8503639698028564,0.5261949896812439,0.0,0.0,0.0,0.0,-0.01388302817940712,-1.0,-0.0,0.0,0.0
1782948428.5936072,2026-07-01 19:27:08.593,17269.0,17269,left,0,1,thumbs_up,3,0.0,0.003969999961555004,-0.04999999701976776,-1.0,-0.0,0.0,0.0,0.0,0.0,0.0,-1.0,-0.0,0.0,0.0,0.025476500391960144,-0.012044699862599373,-0.022234899923205376,-0.7972782850265503,-0.09954662621021271,0.29670897126197815,0.5161411762237549,-5.7220457705398076e-08,-4.3511388270189855e-08,-0.027230437844991684,-0.9948590397834778,0.10126975178718567,0.0,0.0,3.5762786065873797e-09,6.318092005130893e-08,-0.031859491020441055,-0.9837475419044495,0.17955724895000458,0.0,0.0,2.384185648907078e-08,0.0,-0.023122519254684448,-1.0,-0.0,0.0,0.0,0.012359999120235443,0.0032300001475960016,-0.017000000923871994,-0.9990482330322266,-0.0,0.04361938685178757,0.0,0.0021501504816114902,-3.890097104886081e-06,-0.06502876430749893,-0.7104535698890686,0.7037441730499268,3.04649965983117e-05,3.017729068233166e-05,-9.53674295089968e-09,-9.53674295089968e-09,-0.036917347460985184,-0.7071068286895752,0.7071068286895752,0.0,0.0,-2.8610228852699038e-08,-2.98023217215615e-10,-0.0216355137526989,-0.9304175972938538,0.36650118231773376,0.0,0.0,1.2636184010261786e-07,2.98023217215615e-10,-0.018689393997192383,-1.0,-0.0,0.0,0.0,0.0,0.003969999961555004,-0.01750910095870495,-1.0,-0.0,0.0,0.0,0.0,4.610121322912164e-06,-0.06379090249538422,-0.8854466080665588,0.46474120020866394,0.0,0.0,0.0,2.98023217215615e-10,-0.044606998562812805,-0.6901757717132568,0.7236417531967163,0.0,0.0,0.0,0.0,-0.023475991562008858,-0.9424323439598083,0.33439695835113525,0.0,0.0,0.0,0.0,-0.019651994109153748,-1.0,-0.0,0.0,0.0,-0.00711638992652297,0.0018999999156221747,-0.016959700733423233,-0.9961947202682495,-0.0,-0.08715574443340302,0.0,0.0005882433033548295,0.0,-0.060253534466028214,-0.8721261024475098,0.4887188673019409,0.020457999780774117,0.011464179493486881,-1.1086464013487785e-07,-1.490116086078075e-10,-0.04255366697907448,-0.6803537607192993,0.7328839302062988,0.0,0.0,4.5299529460862686e-08,0.0,-0.022088106721639633,-0.9129090905189514,0.40816301107406616,0.0,0.0,-1.4305114426349519e-08,0.0,-0.017740696668624878,-1.0,-0.0,0.0,0.0,-0.013503500260412693,-0.0037700000684708357,-0.014087299816310406,-0.9914448857307434,-0.0,-0.13052619993686676,0.0,-0.004897483624517918,-3.8501621020259336e-06,-0.05743739381432533,-0.9040777683258057,0.42545321583747864,-0.017398124560713768,0.03647270426154137,5.4836270635405526e-08,-2.98023217215615e-10,-0.03276759013533592,-0.7623261213302612,0.6471930742263794,0.0,0.0,-9.298324243900424e-08,0.0,-0.01670967973768711,-0.874462366104126,0.48509344458580017,0.0,0.0,6.19888282926695e-08,0.0,-0.013883084990084171,-1.0,-0.0,0.0,0.0
1782948428.6156096,2026-07-01 19:27:08.615,9312.0,9312,right,0,2,thumbs_up,3,0.0,0.003969999961555004,-0.04999999701976776,-1.0,-0.0,0.0,0.0,0.0,0.0,0.0,-1.0,-0.0,0.0,0.0,-0.025476505979895592,-0.012044684961438179,-0.022234933450818062,-0.7896524667739868,-0.027432367205619812,-0.3069448471069336,-0.530548095703125,0.0,1.19209286886246e-09,-0.02723044343292713,-0.9808861613273621,0.19458268582820892,0.0,0.0,2.38418573772492e-09,-1.19209286886246e-09,-0.031859468668699265,-0.9427193999290466,0.33358675241470337,0.0,0.0,0.0,-3.5762786065873797e-09,-0.023122519254684448,-1.0,-0.0,0.0,0.0,-0.012360505759716034,0.0032300001475960016,-0.016998957842588425,-0.9990482330322266,-0.0,-0.04361938685178757,0.0,-0.002149570034816861,-3.8927792047616094e-06,-0.06502974033355713,-0.7385693192481995,0.6741772890090942,-0.0005011981702409685,-0.0004575012717396021,0.0,0.0,-0.03691747412085533,-0.7071068286895752,0.7071068286895752,0.0,0.0,-2.38418573772492e-09,-2.98023217215615e-10,-0.02163529396057129,-0.9304175972938538,0.36650118231773376,0.0,0.0,0.0,2.98023217215615e-10,-0.01868978515267372,-1.0,-0.0,0.0,0.0,0.0,0.003969999961555004,-0.017509059980511665,-1.0,-0.0,0.0,0.0,0.0,4.611611075233668e-06,-0.0637909397482872,-0.8905245065689087,0.45493531227111816,0.0,0.0,0.0,2.98023217215615e-10,-0.04460655897855759,-0.6943461894989014,0.7196412086486816,0.0,0.0,0.0,-2.98023217215615e-10,-0.02347646653652191,-0.9426999092102051,0.3336418569087982,0.0,0.0,0.0,0.0,-0.019652195274829865,-1.0,-0.0,0.0,0.0,0.00711638480424881,0.0018999999156221747,-0.016959700733423233,-0.9961947202682495,-0.0,0.08715574443340302,0.0,-0.0005882382392883301,0.0,-0.060253534466028214,-0.7859783172607422,0.6175352334976196,-0.02343740127980709,-0.018414530903100967,1.19209286886246e-09,-1.490116086078075e-10,-0.04255415499210358,-0.643929123878479,0.7650851607322693,0.0,0.0,-2.38418573772492e-09,0.0,-0.02208789810538292,-0.9065049886703491,0.422195166349411,0.0,0.0,0.0,0.0,-0.017740869894623756,-1.0,-0.0,0.0,0.0,0.013503451831638813,-0.0037700000684708357,-0.014087309129536152,-0.9914448857307434,-0.0,0.13052619993686676,0.0,0.0048975334502756596,-3.847479547403054e-06,-0.05743739381432533,-0.8285558223724365,0.5591914057731628,0.003840475343167782,-0.028028136119246483,4.76837147544984e-09,-2.98023217215615e-10,-0.03276757150888443,-0.7227439880371094,0.6911159157752991,0.0,0.0,2.38418573772492e-09,0.0,-0.016709718853235245,-0.8516139388084412,0.5241695642471313,0.0,0.0,0.0,0.0,-0.01388302817940712,-1.0,-0.0,0.0,0.0
1782948428.8029437,2026-07-01 19:27:08.802,17270.0,17270,left,0,1,thumbs_up,3,0.0,0.003969999961555004,-0.04999999701976776,-1.0,-0.0,0.0,0.0,0.0,0.0,0.0,-1.0,-0.0,0.0,0.0,0.025476500391960144,-0.012044699862599373,-0.022234899923205376,-0.797410786151886,-0.0999852865934372,0.29640406370162964,0.5160267353057861,-5.7220457705398076e-08,-4.3511388270189855e-08,-0.027230437844991684,-0.9949356317520142,0.10051431506872177,0.0,0.0,3.5762786065873797e-09,6.318092005130893e-08,-0.031859491020441055,-0.9840309023857117,0.17799778282642365,0.0,0.0,2.384185648907078e-08,0.0,-0.023122519254684448,-1.0,-0.0,0.0,0.0,0.012359999120235443,0.0032300001475960016,-0.017000000923871994,-0.9990482330322266,-0.0,0.04361938685178757,0.0,0.0021501504816114902,-3.890097104886081e-06,-0.06502876430749893,-0.7104535698890686,0.7037441730499268,3.04649965983117e-05,3.017729068233166e-05,-9.53674295089968e-09,-9.53674295089968e-09,-0.036917347460985184,-0.7071068286895752,0.7071068286895752,0.0,0.0,-2.8610228852699038e-08,-2.98023217215615e-10,-0.0216355137526989,-0.9304175972938538,0.36650118231773376,0.0,0.0,1.2636184010261786e-07,2.98023217215615e-10,-0.018689393997192383,-1.0,-0.0,0.0,0.0,0.0,0.003969999961555004,-0.01750910095870495,-1.0,-0.0,0.0,0.0,0.0,4.610121322912164e-06,-0.06379090249538422,-0.8854466080665588,0.46474120020866394,0.0,0.0,0.0,2.98023217215615e-10,-0.044606998562812805,-0.6901757717132568,0.7236417531967163,0.0,0.0,0.0,0.0,-0.023475991562008858,-0.9424323439598083,0.33439695835113525,0.0,0.0,0.0,0.0,-0.019651994109153748,-1.0,-0.0,0.0,0.0,-0.00711638992652297,0.0018999999156221747,-0.016959700733423233,-0.9961947202682495,-0.0,-0.08715574443340302,0.0,0.0005882433033548295,0.0,-0.060253534466028214,-0.8721261024475098,0.4887188673019409,0.020457999780774117,0.011464179493486881,-1.1086464013487785e-07,-1.490116086078075e-10,-0.04255366697907448,-0.6803537607192993,0.7328839302062988,0.0,0.0,4.5299529460862686e-08,0.0,-0.022088106721639633,-0.9129090905189514,0.40816301107406616,0.0,0.0,-1.4305114426349519e-08,0.0,-0.017740696668624878,-1.0,-0.0,0.0,0.0,-0.013503500260412693,-0.0037700000684708357,-0.014087299816310406,-0.9914448857307434,-0.0,-0.13052619993686676,0.0,-0.004897483624517918,-3.8501621020259336e-06,-0.05743739381432533,-0.9040777683258057,0.42545321583747864,-0.017398124560713768,0.03647270426154137,5.4836270635405526e-08,-2.98023217215615e-10,-0.03276759013533592,-0.7623261213302612,0.6471930742263794,0.0,0.0,-9.298324243900424e-08,0.0,-0.01670967973768711,-0.874462366104126,0.48509344458580017,0.0,0.0,6.19888282926695e-08,0.0,-0.013883084990084171,-1.0,-0.0,0.0,0.0
1782948428.826111,2026-07-01 19:27:08.826,9326.0,9326,right,0,2,thumbs_up,3,0.0,0.003969999961555004,-0.04999999701976776,-1.0,-0.0,0.0,0.0,0.0,0.0,0.0,-1.0,-0.0,0.0,0.0,-0.025476505979895592,-0.012044684961438179,-0.022234933450818062,-0.7896524667739868,-0.027432367205619812,-0.3069448471069336,-0.530548095703125,0.0,1.19209286886246e-09,-0.02723044343292713,-0.9808861613273621,0.19458268582820892,0.0,0.0,2.38418573772492e-09,-1.19209286886246e-09,-0.031859468668699265,-0.9427193999290466,0.33358675241470337,0.0,0.0,0.0,-3.5762786065873797e-09,-0.023122519254684448,-1.0,-0.0,0.0,0.0,-0.012360505759716034,0.0032300001475960016,-0.016998957842588425,-0.9990482330322266,-0.0,-0.04361938685178757,0.0,-0.002149570034816861,-3.8927792047616094e-06,-0.06502974033355713,-0.7385693192481995,0.6741772890090942,-0.0005011981702409685,-0.0004575012717396021,0.0,0.0,-0.03691747412085533,-0.7071068286895752,0.7071068286895752,0.0,0.0,-2.38418573772492e-09,-2.98023217215615e-10,-0.02163529396057129,-0.9304175972938538,0.36650118231773376,0.0,0.0,0.0,2.98023217215615e-10,-0.01868978515267372,-1.0,-0.0,0.0,0.0,0.0,0.003969999961555004,-0.017509059980511665,-1.0,-0.0,0.0,0.0,0.0,4.611611075233668e-06,-0.0637909397482872,-0.8905245065689087,0.45493531227111816,0.0,0.0,0.0,2.98023217215615e-10,-0.04460655897855759,-0.6943461894989014,0.7196412086486816,0.0,0.0,0.0,-2.98023217215615e-10,-0.02347646653652191,-0.9426999092102051,0.3336418569087982,0.0,0.0,0.0,0.0,-0.019652195274829865,-1.0,-0.0,0.0,0.0,0.00711638480424881,0.0018999999156221747,-0.016959700733423233,-0.9961947202682495,-0.0,0.08715574443340302,0.0,-0.0005882382392883301,0.0,-0.060253534466028214,-0.7859783172607422,0.6175352334976196,-0.02343740127980709,-0.018414530903100967,1.19209286886246e-09,-1.490116086078075e-10,-0.04255415499210358,-0.643929123878479,0.7650851607322693,0.0,0.0,-2.38418573772492e-09,0.0,-0.02208789810538292,-0.9065049886703491,0.422195166349411,0.0,0.0,0.0,0.0,-0.017740869894623756,-1.0,-0.0,0.0,0.0,0.013503451831638813,-0.0037700000684708357,-0.014087309129536152,-0.9914448857307434,-0.0,0.13052619993686676,0.0,0.0048975334502756596,-3.847479547403054e-06,-0.05743739381432533,-0.8285558223724365,0.5591914057731628,0.003840475343167782,-0.028028136119246483,4.76837147544984e-09,-2.98023217215615e-10,-0.03276757150888443,-0.7227439880371094,0.6911159157752991,0.0,0.0,2.38418573772492e-09,0.0,-0.016709718853235245,-0.8516139388084412,0.5241695642471313,0.0,0.0,0.0,0.0,-0.01388302817940712,-1.0,-0.0,0.0,0.0
1782948429.0101533,2026-07-01 19:27:09.010,17272.0,17272,left,0,1,thumbs_up,3,0.0,0.003969999961555004,-0.04999999701976776,-1.0,-0.0,0.0,0.0,0.0,0.0,0.0,-1.0,-0.0,0.0,0.0,0.025476500391960144,-0.012044699862599373,-0.022234899923205376,-0.7975431084632874,-0.10042392462491989,0.29609906673431396,0.5159121751785278,-5.7220457705398076e-08,-4.3511388270189855e-08,-0.027230437844991684,-0.9950116872787476,0.0997588187456131,0.0,0.0,3.5762786065873797e-09,6.318092005130893e-08,-0.031859491020441055,-0.9843118190765381,0.1764378547668457,0.0,0.0,2.384185648907078e-08,0.0,-0.023122519254684448,-1.0,-0.0,0.0,0.0,0.012359999120235443,0.0032300001475960016,-0.017000000923871994,-0.9990482330322266,-0.0,0.04361938685178757,0.0,0.0021501504816114902,-3.890097104886081e-06,-0.06502876430749893,-0.7104535698890686,0.7037441730499268,3.04649965983117e-05,3.017729068233166e-05,-9.53674295089968e-09,-9.53674295089968e-09,-0.036917347460985184,-0.7071068286895752,0.7071068286895752,0.0,0.0,-2.8610228852699038e-08,-2.98023217215615e-10,-0.0216355137526989,-0.9304175972938538,0.36650118231773376,0.0,0.0,1.2636184010261786e-07,2.98023217215615e-10,-0.018689393997192383,-1.0,-0.0,0.0,0.0,0.0,0.003969999961555004,-0.01750910095870495,-1.0,-0.0,0.0,0.0,0.0,4.610121322912164e-06,-0.06379090249538422,-0.8854466080665588,0.46474120020866394,0.0,0.0,0.0,2.98023217215615e-10,-0.044606998562812805,-0.6901757717132568,0.7236417531967163,0.0,0.0,0.0,0.0,-0.023475991562008858,-0.9424323439598083,0.33439695835113525,0.0,0.0,0.0,0.0,-0.019651994109153748,-1.0,-0.0,0.0,0.0,-0.00711638992652297,0.0018999999156221747,-0.016959700733423233,-0.9961947202682495,-0.0,-0.08715574443340302,0.0,0.0005882433033548295,0.0,-0.060253534466028214,-0.8721261024475098,0.4887188673019409,0.020457999780774117,0.011464179493486881,-1.1086464013487785e-07,-1.490116086078075e-10,-0.04255366697907448,-0.6803537607192993,0.7328839302062988,0.0,0.0,4.5299529460862686e-08,0.0,-0.022088106721639633,-0.9129090905189514,0.40816301107406616,0.0,0.0,-1.4305114426349519e-08,0.0,-0.017740696668624878,-1.0,-0.0,0.0,0.0,-0.013503500260412693,-0.0037700000684708357,-0.014087299816310406,-0.9914448857307434,-0.0,-0.13052619993686676,0.0,-0.004897483624517918,-3.8501621020259336e-06,-0.05743739381432533,-0.9040777683258057,0.42545321583747864,-0.017398124560713768,0.03647270426154137,5.4836270635405526e-08,-2.98023217215615e-10,-0.03276759013533592,-0.7623261213302612,0.6471930742263794,0.0,0.0,-9.298324243900424e-08,0.0,-0.01670967973768711,-0.874462366104126,0.48509344458580017,0.0,0.0,6.19888282926695e-08,0.0,-0.013883084990084171,-1.0,-0.0,0.0,0.0
1782948429.0359313,2026-07-01 19:27:09.035,9339.0,9339,right,0,2,thumbs_up,3,0.0,0.003969999961555004,-0.04999999701976776,-1.0,-0.0,0.0,0.0,0.0,0.0,0.0,-1.0,-0.0,0.0,0.0,-0.025476505979895592,-0.012044684961438179,-0.022234933450818062,-0.7896524667739868,-0.027432367205619812,-0.3069448471069336,-0.530548095703125,0.0,1.19209286886246e-09,-0.02723044343292713,-0.9808861613273621,0.19458268582820892,0.0,0.0,2.38418573772492e-09,-1.19209286886246e-09,-0.031859468668699265,-0.9427193999290466,0.33358675241470337,0.0,0.0,0.0,-3.5762786065873797e-09,-0.023122519254684448,-1.0,-0.0,0.0,0.0,-0.012360505759716034,0.0032300001475960016,-0.016998957842588425,-0.9990482330322266,-0.0,-0.04361938685178757,0.0,-0.002149570034816861,-3.8927792047616094e-06,-0.06502974033355713,-0.7385693192481995,0.6741772890090942,-0.0005011981702409685,-0.0004575012717396021,0.0,0.0,-0.03691747412085533,-0.7071068286895752,0.7071068286895752,0.0,0.0,-2.38418573772492e-09,-2.98023217215615e-10,-0.02163529396057129,-0.9304175972938538,0.36650118231773376,0.0,0.0,0.0,2.98023217215615e-10,-0.01868978515267372,-1.0,-0.0,0.0,0.0,0.0,0.003969999961555004,-0.017509059980511665,-1.0,-0.0,0.0,0.0,0.0,4.611611075233668e-06,-0.0637909397482872,-0.8905245065689087,0.45493531227111816,0.0,0.0,0.0,2.98023217215615e-10,-0.04460655897855759,-0.6943461894989014,0.7196412086486816,0.0,0.0,0.0,-2.98023217215615e-10,-0.02347646653652191,-0.9426999092102051,0.3336418569087982,0.0,0.0,0.0,0.0,-0.019652195274829865,-1.0,-0.0,0.0,0.0,0.00711638480424881,0.0018999999156221747,-0.016959700733423233,-0.9961947202682495,-0.0,0.08715574443340302,0.0,-0.0005882382392883301,0.0,-0.060253534466028214,-0.7859783172607422,0.6175352334976196,-0.02343740127980709,-0.018414530903100967,1.19209286886246e-09,-1.490116086078075e-10,-0.04255415499210358,-0.643929123878479,0.7650851607322693,0.0,0.0,-2.38418573772492e-09,0.0,-0.02208789810538292,-0.9065049886703491,0.422195166349411,0.0,0.0,0.0,0.0,-0.017740869894623756,-1.0,-0.0,0.0,0.0,0.013503451831638813,-0.0037700000684708357,-0.014087309129536152,-0.9914448857307434,-0.0,0.13052619993686676,0.0,0.0048975334502756596,-3.847479547403054e-06,-0.05743739381432533,-0.8285558223724365,0.5591914057731628,0.003840475343167782,-0.028028136119246483,4.76837147544984e-09,-2.98023217215615e-10,-0.03276757150888443,-0.7227439880371094,0.6911159157752991,0.0,0.0,2.38418573772492e-09,0.0,-0.016709718853235245,-0.8516139388084412,0.5241695642471313,0.0,0.0,0.0,0.0,-0.01388302817940712,-1.0,-0.0,0.0,0.0
1782948429.218749,2026-07-01 19:27:09.218,17274.0,17274,left,0,1,thumbs_up,3,0.0,0.003969999961555004,-0.04999999701976776,-1.0,-0.0,0.0,0.0,0.0,0.0,0.0,-1.0,-0.0,0.0,0.0,0.025476500391960144,-0.012044699862599373,-0.022234899923205376,-0.7975431084632874,-0.10042392462491989,0.29609906673431396,0.5159121751785278,-5.7220457705398076e-08,-4.3511388270189855e-08,-0.027230437844991684,-0.9950116872787476,0.0997588187456131,0.0,0.0,3.5762786065873797e-09,6.318092005130893e-08,-0.031859491020441055,-0.9843118190765381,0.1764378547668457,0.0,0.0,2.384185648907078e-08,0.0,-0.023122519254684448,-1.0,-0.0,0.0,0.0,0.012359999120235443,0.0032300001475960016,-0.017000000923871994,-0.9990482330322266,-0.0,0.04361938685178757,0.0,0.0021501504816114902,-3.890097104886081e-06,-0.06502876430749893,-0.7104535698890686,0.7037441730499268,3.04649965983117e-05,3.017729068233166e-05,-9.53674295089968e-09,-9.53674295089968e-09,-0.036917347460985184,-0.7071068286895752,0.7071068286895752,0.0,0.0,-2.8610228852699038e-08,-2.98023217215615e-10,-0.0216355137526989,-0.9304175972938538,0.36650118231773376,0.0,0.0,1.2636184010261786e-07,2.98023217215615e-10,-0.018689393997192383,-1.0,-0.0,0.0,0.0,0.0,0.003969999961555004,-0.01750910095870495,-1.0,-0.0,0.0,0.0,0.0,4.610121322912164e-06,-0.06379090249538422,-0.8854466080665588,0.46474120020866394,0.0,0.0,0.0,2.98023217215615e-10,-0.044606998562812805,-0.6901757717132568,0.7236417531967163,0.0,0.0,0.0,0.0,-0.023475991562008858,-0.9424323439598083,0.33439695835113525,0.0,0.0,0.0,0.0,-0.019651994109153748,-1.0,-0.0,0.0,0.0,-0.00711638992652297,0.0018999999156221747,-0.016959700733423233,-0.9961947202682495,-0.0,-0.08715574443340302,0.0,0.0005882433033548295,0.0,-0.060253534466028214,-0.8721261024475098,0.4887188673019409,0.020457999780774117,0.011464179493486881,-1.1086464013487785e-07,-1.490116086078075e-10,-0.04255366697907448,-0.6803537607192993,0.7328839302062988,0.0,0.0,4.5299529460862686e-08,0.0,-0.022088106721639633,-0.9129090905189514,0.40816301107406616,0.0,0.0,-1.4305114426349519e-08,0.0,-0.017740696668624878,-1.0,-0.0,0.0,0.0,-0.013503500260412693,-0.0037700000684708357,-0.014087299816310406,-0.9914448857307434,-0.0,-0.13052619993686676,0.0,-0.004897483624517918,-3.8501621020259336e-06,-0.05743739381432533,-0.9040777683258057,0.42545321583747864,-0.017398124560713768,0.03647270426154137,5.4836270635405526e-08,-2.98023217215615e-10,-0.03276759013533592,-0.7623261213302612,0.6471930742263794,0.0,0.0,-9.298324243900424e-08,0.0,-0.01670967973768711,-0.874462366104126,0.48509344458580017,0.0,0.0,6.19888282926695e-08,0.0,-0.013883084990084171,-1.0,-0.0,0.0,0.0
1782948429.2397108,2026-07-01 19:27:09.239,9350.0,9350,right,0,2,thumbs_up,3,0.0,0.003969999961555004,-0.04999999701976776,-1.0,-0.0,0.0,0.0,0.0,0.0,0.0,-1.0,-0.0,0.0,0.0,-0.025476505979895592,-0.012044684961438179,-0.022234933450818062,-0.7896524667739868,-0.027432367205619812,-0.3069448471069336,-0.530548095703125,0.0,1.19209286886246e-09,-0.02723044343292713,-0.9808861613273621,0.19458268582820892,0.0,0.0,2.38418573772492e-09,-1.19209286886246e-09,-0.031859468668699265,-0.9427193999290466,0.33358675241470337,0.0,0.0,0.0,-3.5762786065873797e-09,-0.023122519254684448,-1.0,-0.0,0.0,0.0,-0.012360505759716034,0.0032300001475960016,-0.016998957842588425,-0.9990482330322266,-0.0,-0.04361938685178757,0.0,-0.002149570034816861,-3.8927792047616094e-06,-0.06502974033355713,-0.7385693192481995,0.6741772890090942,-0.0005011981702409685,-0.0004575012717396021,0.0,0.0,-0.03691747412085533,-0.7071068286895752,0.7071068286895752,0.0,0.0,-2.38418573772492e-09,-2.98023217215615e-10,-0.02163529396057129,-0.9304175972938538,0.36650118231773376,0.0,0.0,0.0,2.98023217215615e-10,-0.01868978515267372,-1.0,-0.0,0.0,0.0,0.0,0.003969999961555004,-0.017509059980511665,-1.0,-0.0,0.0,0.0,0.0,4.611611075233668e-06,-0.0637909397482872,-0.8905245065689087,0.45493531227111816,0.0,0.0,0.0,2.98023217215615e-10,-0.04460655897855759,-0.6943461894989014,0.7196412086486816,0.0,0.0,0.0,-2.98023217215615e-10,-0.02347646653652191,-0.9426999092102051,0.3336418569087982,0.0,0.0,0.0,0.0,-0.019652195274829865,-1.0,-0.0,0.0,0.0,0.00711638480424881,0.0018999999156221747,-0.016959700733423233,-0.9961947202682495,-0.0,0.08715574443340302,0.0,-0.0005882382392883301,0.0,-0.060253534466028214,-0.7868871688842773,0.6163844466209412,-0.02333652600646019,-0.018281474709510803,1.19209286886246e-09,-1.490116086078075e-10,-0.04255415499210358,-0.6440713405609131,0.7649654746055603,0.0,0.0,-2.38418573772492e-09,0.0,-0.02208789810538292,-0.9065296053886414,0.4221423268318176,0.0,0.0,0.0,0.0,-0.017740869894623756,-1.0,-0.0,0.0,0.0,0.013503451831638813,-0.0037700000684708357,-0.014087309129536152,-0.9914448857307434,-0.0,0.13052619993686676,0.0,0.0048975334502756596,-3.847479547403054e-06,-0.05743739381432533,-0.8285558223724365,0.5591914057731628,0.003840475343167782,-0.028028136119246483,4.76837147544984e-09,-2.98023217215615e-10,-0.03276757150888443,-0.7227439880371094,0.6911159157752991,0.0,0.0,2.38418573772492e-09,0.0,-0.016709718853235245,-0.8516139388084412,0.5241695642471313,0.0,0.0,0.0,0.0,-0.01388302817940712,-1.0,-0.0,0.0,0.0
1782948429.419541,2026-07-01 19:27:09.419,17275.0,17275,left,0,1,thumbs_up,3,0.0,0.003969999961555004,-0.04999999701976776,-1.0,-0.0,0.0,0.0,0.0,0.0,0.0,-1.0,-0.0,0.0,0.0,0.025476500391960144,-0.012044699862599373,-0.022234899923205376,-0.7978053689002991,-0.10129588097333908,0.29549214243888855,0.515684187412262,-5.7220457705398076e-08,-4.3511388270189855e-08,-0.027230437844991684,-0.9951611161231995,0.09825669974088669,0.0,0.0,3.5762786065873797e-09,6.318092005130893e-08,-0.031859491020441055,-0.9848657846450806,0.1733189821243286,0.0,0.0,2.384185648907078e-08,0.0,-0.023122519254684448,-1.0,-0.0,0.0,0.0,0.012359999120235443,0.0032300001475960016,-0.017000000923871994,-0.9990482330322266,-0.0,0.04361938685178757,0.0,0.0021501504816114902,-3.890097104886081e-06,-0.06502876430749893,-0.7173539996147156,0.6967089772224426,9.470057557336986e-05,9.197514737024903e-05,-9.53674295089968e-09,-9.53674295089968e-09,-0.036917347460985184,-0.7071068286895752,0.7071068286895752,0.0,0.0,-2.8610228852699038e-08,-2.98023217215615e-10,-0.0216355137526989,-0.9304175972938538,0.36650118231773376,0.0,0.0,1.2636184010261786e-07,2.98023217215615e-10,-0.018689393997192383,-1.0,-0.0,0.0,0.0,0.0,0.003969999961555004,-0.01750910095870495,-1.0,-0.0,0.0,0.0,0.0,4.610121322912164e-06,-0.06379090249538422,-0.8854466080665588,0.46474120020866394,0.0,0.0,0.0,2.98023217215615e-10,-0.044606998562812805,-0.6901757717132568,0.7236417531967163,0.0,0.0,0.0,0.0,-0.023475991562008858,-0.9424323439598083,0.33439695835113525,0.0,0.0,0.0,0.0,-0.019651994109153748,-1.0,-0.0,0.0,0.0,-0.00711638992652297,0.0018999999156221747,-0.016959700733423233,-0.9961947202682495,-0.0,-0.08715574443340302,0.0,0.0005882433033548295,0.0,-0.060253534466028214,-0.8721261024475098,0.4887188673019409,0.020457999780774117,0.011464179493486881,-1.1086464013487785e-07,-1.490116086078075e-10,-0.04255366697907448,-0.6803537607192993,0.7328839302062988,0.0,0.0,4.5299529460862686e-08,0.0,-0.022088106721639633,-0.9129090905189514,0.40816301107406616,0.0,0.0,-1.4305114426349519e-08,0.0,-0.017740696668624878,-1.0,-0.0,0.0,0.0,-0.013503500260412693,-0.0037700000684708357,-0.014087299816310406,-0.9914448857307434,-0.0,-0.13052619993686676,0.0,-0.004897483624517918,-3.8501621020259336e-06,-0.05743739381432533,-0.9040777683258057,0.42545321583747864,-0.017398124560713768,0.03647270426154137,5.4836270635405526e-08,-2.98023217215615e-10,-0.03276759013533592,-0.7623261213302612,0.6471930742263794,0.0,0.0,-9.298324243900424e-08,0.0,-0.01670967973768711,-0.874462366104126,0.48509344458580017,0.0,0.0,6.19888282926695e-08,0.0,-0.013883084990084171,-1.0,-0.0,0.0,0.0
1782948429.4405923,2026-07-01 19:27:09.440,9363.0,9363,right,0,2,thumbs_up,3,0.0,0.003969999961555004,-0.04999999701976776,-1.0,-0.0,0.0,0.0,0.0,0.0,0.0,-1.0,-0.0,0.0,0.0,-0.025476505979895592,-0.012044684961438179,-0.022234933450818062,-0.7901831865310669,-0.029739772900938988,-0.30605340003967285,-0.5301485061645508,0.0,1.19209286886246e-09,-0.02723044343292713,-0.9815618395805359,0.19114495813846588,0.0,0.0,2.38418573772492e-09,-1.19209286886246e-09,-0.031859468668699265,-0.9443383812904358,0.3289757966995239,0.0,0.0,0.0,-3.5762786065873797e-09,-0.023122519254684448,-1.0,-0.0,0.0,0.0,-0.012360505759716034,0.0032300001475960016,-0.016998957842588425,-0.9990482330322266,-0.0,-0.04361938685178757,0.0,-0.002149570034816861,-3.8927792047616094e-06,-0.06502974033355713,-0.7385693192481995,0.6741772890090942,-0.0005011981702409685,-0.0004575012717396021,0.0,0.0,-0.03691747412085533,-0.7071068286895752,0.7071068286895752,0.0,0.0,-2.38418573772492e-09,-2.98023217215615e-10,-0.02163529396057129,-0.9304175972938538,0.36650118231773376,0.0,0.0,0.0,2.98023217215615e-10,-0.01868978515267372,-1.0,-0.0,0.0,0.0,0.0,0.003969999961555004,-0.017509059980511665,-1.0,-0.0,0.0,0.0,0.0,4.611611075233668e-06,-0.0637909397482872,-0.8905245065689087,0.45493531227111816,0.0,0.0,0.0,2.98023217215615e-10,-0.04460655897855759,-0.6943461894989014,0.7196412086486816,0.0,0.0,0.0,-2.98023217215615e-10,-0.02347646653652191,-0.9426999092102051,0.3336418569087982,0.0,0.0,0.0,0.0,-0.019652195274829865,-1.0,-0.0,0.0,0.0,0.00711638480424881,0.0018999999156221747,-0.016959700733423233,-0.9961947202682495,-0.0,0.08715574443340302,0.0,-0.0005882382392883301,0.0,-0.060253534466028214,-0.7914058566093445,0.6106104850769043,-0.022831395268440247,-0.017615599557757378,1.19209286886246e-09,-1.490116086078075e-10,-0.04255415499210358,-0.6447821259498596,0.7643664479255676,0.0,0.0,-2.38418573772492e-09,0.0,-0.02208789810538292,-0.9066526293754578,0.42187803983688354,0.0,0.0,0.0,0.0,-0.017740869894623756,-1.0,-0.0,0.0,0.0,0.013503451831638813,-0.0037700000684708357,-0.014087309129536152,-0.9914448857307434,-0.0,0.13052619993686676,0.0,0.0048975334502756596,-3.847479547403054e-06,-0.05743739381432533,-0.8285558223724365,0.5591914057731628,0.003840475343167782,-0.028028136119246483,4.76837147544984e-09,-2.98023217215615e-10,-0.03276757150888443,-0.7227439880371094,0.6911159157752991,0.0,0.0,2.38418573772492e-09,0.0,-0.016709718853235245,-0.8516139388084412,0.5241695642471313,0.0,0.0,0.0,0.0,-0.01388302817940712,-1.0,-0.0,0.0,0.0
1782948429.6254778,2026-07-01 19:27:09.625,17277.0,17277,left,0,1,thumbs_up,3,0.0,0.003969999961555004,-0.04999999701976776,-1.0,-0.0,0.0,0.0,0.0,0.0,0.0,-1.0,-0.0,0.0,0.0,0.025476500391960144,-0.012044699862599373,-0.022234899923205376,-0.7980666756629944,-0.10216771066188812,0.2948848009109497,0.5154554843902588,-5.7220457705398076e-08,-4.3511388270189855e-08,-0.027230437844991684,-0.9953083395957947,0.09675435721874237,0.0,0.0,3.5762786065873797e-09,6.318092005130893e-08,-0.031859491020441055,-0.9854098558425903,0.17019839584827423,0.0,0.0,2.384185648907078e-08,0.0,-0.023122519254684448,-1.0,-0.0,0.0,0.0,0.012359999120235443,0.0032300001475960016,-0.017000000923871994,-0.9990482330322266,-0.0,0.04361938685178757,0.0,0.0021501504816114902,-3.890097104886081e-06,-0.06502876430749893,-0.7173539996147156,0.6967089772224426,9.470057557336986e-05,9.197514737024903e-05,-9.53674295089968e-09,-9.53674295089968e-09,-0.036917347460985184,-0.7071068286895752,0.7071068286895752,0.0,0.0,-2.8610228852699038e-08,-2.98023217215615e-10,-0.0216355137526989,-0.9304175972938538,0.36650118231773376,0.0,0.0,1.2636184010261786e-07,2.98023217215615e-10,-0.018689393997192383,-1.0,-0.0,0.0,0.0,0.0,0.003969999961555004,-0.01750910095870495,-1.0,-0.0,0.0,0.0,0.0,4.610121322912164e-06,-0.06379090249538422,-0.8871512413024902,0.4614788591861725,0.0,0.0,0.0,2.98023217215615e-10,-0.044606998562812805,-0.6915684938430786,0.7223109006881714,0.0,0.0,0.0,0.0,-0.023475991562008858,-0.9425215721130371,0.33414527773857117,0.0,0.0,0.0,0.0,-0.019651994109153748,-1.0,-0.0,0.0,0.0,-0.00711638992652297,0.0018999999156221747,-0.016959700733423233,-0.9961947202682495,-0.0,-0.08715574443340302,0.0,0.0005882433033548295,0.0,-0.060253534466028214,-0.8721261024475098,0.4887188673019409,0.020457999780774117,0.011464179493486881,-1.1086464013487785e-07,-1.490116086078075e-10,-0.04255366697907448,-0.6803537607192993,0.7328839302062988,0.0,0.0,4.5299529460862686e-08,0.0,-0.022088106721639633,-0.9129090905189514,0.40816301107406616,0.0,0.0,-1.4305114426349519e-08,0.0,-0.017740696668624878,-1.0,-0.0,0.0,0.0,-0.013503500260412693,-0.0037700000684708357,-0.014087299816310406,-0.9914448857307434,-0.0,-0.13052619993686676,0.0,-0.004897483624517918,-3.8501621020259336e-06,-0.05743739381432533,-0.9040777683258057,0.42545321583747864,-0.017398124560713768,0.03647270426154137,5.4836270635405526e-08,-2.98023217215615e-10,-0.03276759013533592,-0.7623261213302612,0.6471930742263794,0.0,0.0,-9.298324243900424e-08,0.0,-0.01670967973768711,-0.874462366104126,0.48509344458580017,0.0,0.0,6.19888282926695e-08,0.0,-0.013883084990084171,-1.0,-0.0,0.0,0.0
1782948429.6569018,2026-07-01 19:27:09.656,9376.0,9376,right,0,2,thumbs_up,3,0.0,0.003969999961555004,-0.04999999701976776,-1.0,-0.0,0.0,0.0,0.0,0.0,0.0,-1.0,-0.0,0.0,0.0,-0.025476505979895592,-0.012044684961438179,-0.022234933450818062,-0.7901831865310669,-0.029739772900938988,-0.30605340003967285,-0.5301485061645508,0.0,1.19209286886246e-09,-0.02723044343292713,-0.9815618395805359,0.19114495813846588,0.0,0.0,2.38418573772492e-09,-1.19209286886246e-09,-0.031859468668699265,-0.9443383812904358,0.3289757966995239,0.0,0.0,0.0,-3.5762786065873797e-09,-0.023122519254684448,-1.0,-0.0,0.0,0.0,-0.012360505759716034,0.0032300001475960016,-0.016998957842588425,-0.9990482330322266,-0.0,-0.04361938685178757,0.0,-0.002149570034816861,-3.8927792047616094e-06,-0.06502974033355713,-0.7385693192481995,0.6741772890090942,-0.0005011981702409685,-0.0004575012717396021,0.0,0.0,-0.03691747412085533,-0.7071068286895752,0.7071068286895752,0.0,0.0,-2.38418573772492e-09,-2.98023217215615e-10,-0.02163529396057129,-0.9304175972938538,0.36650118231773376,0.0,0.0,0.0,2.98023217215615e-10,-0.01868978515267372,-1.0,-0.0,0.0,0.0,0.0,0.003969999961555004,-0.017509059980511665,-1.0,-0.0,0.0,0.0,0.0,4.611611075233668e-06,-0.0637909397482872,-0.8905245065689087,0.45493531227111816,0.0,0.0,0.0,2.98023217215615e-10,-0.04460655897855759,-0.6943461894989014,0.7196412086486816,0.0,0.0,0.0,-2.98023217215615e-10,-0.02347646653652191,-0.9426999092102051,0.3336418569087982,0.0,0.0,0.0,0.0,-0.019652195274829865,-1.0,-0.0,0.0,0.0,0.00711638480424881,0.0018999999156221747,-0.016959700733423233,-0.9961947202682495,-0.0,0.08715574443340302,0.0,-0.0005882382392883301,0.0,-0.060253534466028214,-0.7914058566093445,0.6106104850769043,-0.022831395268440247,-0.017615599557757378,1.19209286886246e-09,-1.490116086078075e-10,-0.04255415499210358,-0.6447821259498596,0.7643664479255676,0.0,0.0,-2.38418573772492e-09,0.0,-0.02208789810538292,-0.9066526293754578,0.42187803983688354,0.0,0.0,0.0,0.0,-0.017740869894623756,-1.0,-0.0,0.0,0.0,0.013503451831638813,-0.0037700000684708357,-0.014087309129536152,-0.9914448857307434,-0.0,0.13052619993686676,0.0,0.0048975334502756596,-3.847479547403054e-06,-0.05743739381432533,-0.8285558223724365,0.5591914057731628,0.003840475343167782,-0.028028136119246483,4.76837147544984e-09,-2.98023217215615e-10,-0.03276757150888443,-0.7227439880371094,0.6911159157752991,0.0,0.0,2.38418573772492e-09,0.0,-0.016709718853235245,-0.8516139388084412,0.5241695642471313,0.0,0.0,0.0,0.0,-0.01388302817940712,-1.0,-0.0,0.0,0.0
1782948429.8311455,2026-07-01 19:27:09.831,17279.0,17279,left,0,1,thumbs_up,3,0.0,0.003969999961555004,-0.04999999701976776,-1.0,-0.0,0.0,0.0,0.0,0.0,0.0,-1.0,-0.0,0.0,0.0,0.025476500391960144,-0.012044699862599373,-0.022234899923205376,-0.7985819578170776,-0.1038966253399849,0.29367801547050476,0.5150006413459778,-5.7220457705398076e-08,-4.3511388270189855e-08,-0.027230437844991684,-0.9955935478210449,0.09377358853816986,0.0,0.0,3.5762786065873797e-09,6.318092005130893e-08,-0.031859491020441055,-0.9864662885665894,0.16396430134773254,0.0,0.0,2.384185648907078e-08,0.0,-0.023122519254684448,-1.0,-0.0,0.0,0.0,0.012359999120235443,0.0032300001475960016,-0.017000000923871994,-0.9990482330322266,-0.0,0.04361938685178757,0.0,0.0021501504816114902,-3.890097104886081e-06,-0.06502876430749893,-0.7173539996147156,0.6967089772224426,9.470057557336986e-05,9.197514737024903e-05,-9.53674295089968e-09,-9.53674295089968e-09,-0.036917347460985184,-0.7071068286895752,0.7071068286895752,0.0,0.0,-2.8610228852699038e-08,-2.98023217215615e-10,-0.0216355137526989,-0.9304175972938538,0.36650118231773376,0.0,0.0,1.2636184010261786e-07,2.98023217215615e-10,-0.018689393997192383,-1.0,-0.0,0.0,0.0,0.0,0.003969999961555004,-0.01750910095870495,-1.0,-0.0,0.0,0.0,0.0,4.610121322912164e-06,-0.06379090249538422,-0.8905245065689087,0.45493531227111816,0.0,0.0,0.0,2.98023217215615e-10,-0.044606998562812805,-0.6943461894989014,0.7196412086486816,0.0,0.0,0.0,0.0,-0.023475991562008858,-0.9426999092102051,0.3336418569087982,0.0,0.0,0.0,0.0,-0.019651994109153748,-1.0,-0.0,0.0,0.0,-0.00711638992652297,0.0018999999156221747,-0.016959700733423233,-0.9961947202682495,-0.0,-0.08715574443340302,0.0,0.0005882433033548295,0.0,-0.060253534466028214,-0.8721261024475098,0.4887188673019409,0.020457999780774117,0.011464179493486881,-1.1086464013487785e-07,-1.490116086078075e-10,-0.04255366697907448,-0.6803537607192993,0.7328839302062988,0.0,0.0,4.5299529460862686e-08,0.0,-0.022088106721639633,-0.9129090905189514,0.40816301107406616,0.0,0.0,-1.4305114426349519e-08,0.0,-0.017740696668624878,-1.0,-0.0,0.0,0.0,-0.013503500260412693,-0.0037700000684708357,-0.014087299816310406,-0.9914448857307434,-0.0,-0.13052619993686676,0.0,-0.004897483624517918,-3.8501621020259336e-06,-0.05743739381432533,-0.9040777683258057,0.42545321583747864,-0.017398124560713768,0.03647270426154137,5.4836270635405526e-08,-2.98023217215615e-10,-0.03276759013533592,-0.7623261213302612,0.6471930742263794,0.0,0.0,-9.298324243900424e-08,0.0,-0.01670967973768711,-0.874462366104126,0.48509344458580017,0.0,0.0,6.19888282926695e-08,0.0,-0.013883084990084171,-1.0,-0.0,0.0,0.0
1782948429.8634908,2026-07-01 19:27:09.863,9388.0,9388,right,0,2,thumbs_up,3,0.0,0.003969999961555004,-0.04999999701976776,-1.0,-0.0,0.0,0.0,0.0,0.0,0.0,-1.0,-0.0,0.0,0.0,-0.025476505979895592,-0.012044684961438179,-0.022234933450818062,-0.7901831865310669,-0.029739772900938988,-0.30605340003967285,-0.5301485061645508,0.0,1.19209286886246e-09,-0.02723044343292713,-0.9815618395805359,0.19114495813846588,0.0,0.0,2.38418573772492e-09,-1.19209286886246e-09,-0.031859468668699265,-0.9443383812904358,0.3289757966995239,0.0,0.0,0.0,-3.5762786065873797e-09,-0.023122519254684448,-1.0,-0.0,0.0,0.0,-0.012360505759716034,0.0032300001475960016,-0.016998957842588425,-0.9990482330322266,-0.0,-0.04361938685178757,0.0,-0.002149570034816861,-3.8927792047616094e-06,-0.06502974033355713,-0.7385693192481995,0.6741772890090942,-0.0005011981702409685,-0.0004575012717396021,0.0,0.0,-0.03691747412085533,-0.7071068286895752,0.7071068286895752,0.0,0.0,-2.38418573772492e-09,-2.98023217215615e-10,-0.02163529396057129,-0.9304175972938538,0.36650118231773376,0.0,0.0,0.0,2.98023217215615e-10,-0.01868978515267372,-1.0,-0.0,0.0,0.0,0.0,0.003969999961555004,-0.017509059980511665,-1.0,-0.0,0.0,0.0,0.0,4.611611075233668e-06,-0.0637909397482872,-0.8905245065689087,0.45493531227111816,0.0,0.0,0.0,2.98023217215615e-10,-0.04460655897855759,-0.6943461894989014,0.7196412086486816,0.0,0.0,0.0,-2.98023217215615e-10,-0.02347646653652191,-0.9426999092102051,0.3336418569087982,0.0,0.0,0.0,0.0,-0.019652195274829865,-1.0,-0.0,0.0,0.0,0.00711638480424881,0.0018999999156221747,-0.016959700733423233,-0.9961947202682495,-0.0,0.08715574443340302,0.0,-0.0005882382392883301,0.0,-0.060253534466028214,-0.7914058566093445,0.6106104850769043,-0.022831395268440247,-0.017615599557757378,1.19209286886246e-09,-1.490116086078075e-10,-0.04255415499210358,-0.6447821259498596,0.7643664479255676,0.0,0.0,-2.38418573772492e-09,0.0,-0.02208789810538292,-0.9066526293754578,0.42187803983688354,0.0,0.0,0.0,0.0,-0.017740869894623756,-1.0,-0.0,0.0,0.0,0.013503451831638813,-0.0037700000684708357,-0.014087309129536152,-0.9914448857307434,-0.0,0.13052619993686676,0.0,0.0048975334502756596,-3.847479547403054e-06,-0.05743739381432533,-0.8285558223724365,0.5591914057731628,0.003840475343167782,-0.028028136119246483,4.76837147544984e-09,-2.98023217215615e-10,-0.03276757150888443,-0.7227439880371094,0.6911159157752991,0.0,0.0,2.38418573772492e-09,0.0,-0.016709718853235245,-0.8516139388084412,0.5241695642471313,0.0,0.0,0.0,0.0,-0.01388302817940712,-1.0,-0.0,0.0,0.0
1782948430.039986,2026-07-01 19:27:10.039,17281.0,17281,left,0,1,thumbs_up,3,0.0,0.003969999961555004,-0.04999999701976776,-1.0,-0.0,0.0,0.0,0.0,0.0,0.0,-1.0,-0.0,0.0,0.0,0.025476500391960144,-0.012044699862599373,-0.022234899923205376,-0.7985819578170776,-0.1038966253399849,0.29367801547050476,0.5150006413459778,-5.7220457705398076e-08,-4.3511388270189855e-08,-0.027230437844991684,-0.9955935478210449,0.09377358853816986,0.0,0.0,3.5762786065873797e-09,6.318092005130893e-08,-0.031859491020441055,-0.9864662885665894,0.16396430134773254,0.0,0.0,2.384185648907078e-08,0.0,-0.023122519254684448,-1.0,-0.0,0.0,0.0,0.012359999120235443,0.0032300001475960016,-0.017000000923871994,-0.9990482330322266,-0.0,0.04361938685178757,0.0,0.0021501504816114902,-3.890097104886081e-06,-0.06502876430749893,-0.7173539996147156,0.6967089772224426,9.470057557336986e-05,9.197514737024903e-05,-9.53674295089968e-09,-9.53674295089968e-09,-0.036917347460985184,-0.7071068286895752,0.7071068286895752,0.0,0.0,-2.8610228852699038e-08,-2.98023217215615e-10,-0.0216355137526989,-0.9304175972938538,0.36650118231773376,0.0,0.0,1.2636184010261786e-07,2.98023217215615e-10,-0.018689393997192383,-1.0,-0.0,0.0,0.0,0.0,0.003969999961555004,-0.01750910095870495,-1.0,-0.0,0.0,0.0,0.0,4.610121322912164e-06,-0.06379090249538422,-0.8905245065689087,0.45493531227111816,0.0,0.0,0.0,2.98023217215615e-10,-0.044606998562812805,-0.6943461894989014,0.7196412086486816,0.0,0.0,0.0,0.0,-0.023475991562008858,-0.9426999092102051,0.3336418569087982,0.0,0.0,0.0,0.0,-0.019651994109153748,-1.0,-0.0,0.0,0.0,-0.00711638992652297,0.0018999999156221747,-0.016959700733423233,-0.9961947202682495,-0.0,-0.08715574443340302,0.0,0.0005882433033548295,0.0,-0.060253534466028214,-0.8747904300689697,0.4839532673358917,0.020163940265774727,0.011155134998261929,-1.1086464013487785e-07,-1.490116086078075e-10,-0.04255366697907448,-0.6822461485862732,0.7311225533485413,0.0,0.0,4.5299529460862686e-08,0.0,-0.022088106721639633,-0.9132464528083801,0.40740758180618286,0.0,0.0,-1.4305114426349519e-08,0.0,-0.017740696668624878,-1.0,-0.0,0.0,0.0,-0.013503500260412693,-0.0037700000684708357,-0.014087299816310406,-0.9914448857307434,-0.0,-0.13052619993686676,0.0,-0.004897483624517918,-3.8501621020259336e-06,-0.05743739381432533,-0.9040777683258057,0.42545321583747864,-0.017398124560713768,0.03647270426154137,5.4836270635405526e-08,-2.98023217215615e-10,-0.03276759013533592,-0.7623261213302612,0.6471930742263794,0.0,0.0,-9.298324243900424e-08,0.0,-0.01670967973768711,-0.874462366104126,0.48509344458580017,0.0,0.0,6.19888282926695e-08,0.0,-0.013883084990084171,-1.0,-0.0,0.0,0.0
1782948430.0719156,2026-07-01 19:27:10.071,9401.0,9401,right,0,2,thumbs_up,3,0.0,0.003969999961555004,-0.04999999701976776,-1.0,-0.0,0.0,0.0,0.0,0.0,0.0,-1.0,-0.0,0.0,0.0,-0.025476505979895592,-0.012044684961438179,-0.022234933450818062,-0.7901831865310669,-0.029739772900938988,-0.30605340003967285,-0.5301485061645508,0.0,1.19209286886246e-09,-0.02723044343292713,-0.9815618395805359,0.19114495813846588,0.0,0.0,2.38418573772492e-09,-1.19209286886246e-09,-0.031859468668699265,-0.9443383812904358,0.3289757966995239,0.0,0.0,0.0,-3.5762786065873797e-09,-0.023122519254684448,-1.0,-0.0,0.0,0.0,-0.012360505759716034,0.0032300001475960016,-0.016998957842588425,-0.9990482330322266,-0.0,-0.04361938685178757,0.0,-0.002149570034816861,-3.8927792047616094e-06,-0.06502974033355713,-0.7385693192481995,0.6741772890090942,-0.0005011981702409685,-0.0004575012717396021,0.0,0.0,-0.03691747412085533,-0.7071068286895752,0.7071068286895752,0.0,0.0,-2.38418573772492e-09,-2.98023217215615e-10,-0.02163529396057129,-0.9304175972938538,0.36650118231773376,0.0,0.0,0.0,2.98023217215615e-10,-0.01868978515267372,-1.0,-0.0,0.0,0.0,0.0,0.003969999961555004,-0.017509059980511665,-1.0,-0.0,0.0,0.0,0.0,4.611611075233668e-06,-0.0637909397482872,-0.8905245065689087,0.45493531227111816,0.0,0.0,0.0,2.98023217215615e-10,-0.04460655897855759,-0.6943461894989014,0.7196412086486816,0.0,0.0,0.0,-2.98023217215615e-10,-0.02347646653652191,-0.9426999092102051,0.3336418569087982,0.0,0.0,0.0,0.0,-0.019652195274829865,-1.0,-0.0,0.0,0.0,0.00711638480424881,0.0018999999156221747,-0.016959700733423233,-0.9961947202682495,-0.0,0.08715574443340302,0.0,-0.0005882382392883301,0.0,-0.060253534466028214,-0.7914058566093445,0.6106104850769043,-0.022831395268440247,-0.017615599557757378,1.19209286886246e-09,-1.490116086078075e-10,-0.04255415499210358,-0.6447821259498596,0.7643664479255676,0.0,0.0,-2.38418573772492e-09,0.0,-0.02208789810538292,-0.9066526293754578,0.42187803983688354,0.0,0.0,0.0,0.0,-0.017740869894623756,-1.0,-0.0,0.0,0.0,0.013503451831638813,-0.0037700000684708357,-0.014087309129536152,-0.9914448857307434,-0.0,0.13052619993686676,0.0,0.0048975334502756596,-3.847479547403054e-06,-0.05743739381432533,-0.8285558223724365,0.5591914057731628,0.003840475343167782,-0.028028136119246483,4.76837147544984e-09,-2.98023217215615e-10,-0.03276757150888443,-0.7227439880371094,0.6911159157752991,0.0,0.0,2.38418573772492e-09,0.0,-0.016709718853235245,-0.8516139388084412,0.5241695642471313,0.0,0.0,0.0,0.0,-0.01388302817940712,-1.0,-0.0,0.0,0.0
1782948430.2447383,2026-07-01 19:27:10.244,17282.0,17282,left,0,1,thumbs_up,3,0.0,0.003969999961555004,-0.04999999701976776,-1.0,-0.0,0.0,0.0,0.0,0.0,0.0,-1.0,-0.0,0.0,0.0,0.025476500391960144,-0.012044699862599373,-0.022234899923205376,-0.7990889549255371,-0.10561048239469528,0.2924790382385254,0.5145477652549744,-5.7220457705398076e-08,-4.3511388270189855e-08,-0.027230437844991684,-0.9958676099777222,0.0908171758055687,0.0,0.0,3.5762786065873797e-09,6.318092005130893e-08,-0.031859491020441055,-0.9874802827835083,0.15774251520633698,0.0,0.0,2.384185648907078e-08,0.0,-0.023122519254684448,-1.0,-0.0,0.0,0.0,0.012359999120235443,0.0032300001475960016,-0.017000000923871994,-0.9990482330322266,-0.0,0.04361938685178757,0.0,0.0021501504816114902,-3.890097104886081e-06,-0.06502876430749893,-0.7173539996147156,0.6967089772224426,9.470057557336986e-05,9.197514737024903e-05,-9.53674295089968e-09,-9.53674295089968e-09,-0.036917347460985184,-0.7071068286895752,0.7071068286895752,0.0,0.0,-2.8610228852699038e-08,-2.98023217215615e-10,-0.0216355137526989,-0.9304175972938538,0.36650118231773376,0.0,0.0,1.2636184010261786e-07,2.98023217215615e-10,-0.018689393997192383,-1.0,-0.0,0.0,0.0,0.0,0.003969999961555004,-0.01750910095870495,-1.0,-0.0,0.0,0.0,0.0,4.610121322912164e-06,-0.06379090249538422,-0.8905245065689087,0.45493531227111816,0.0,0.0,0.0,2.98023217215615e-10,-0.044606998562812805,-0.6943461894989014,0.7196412086486816,0.0,0.0,0.0,0.0,-0.023475991562008858,-0.9426999092102051,0.3336418569087982,0.0,0.0,0.0,0.0,-0.019651994109153748,-1.0,-0.0,0.0,0.0,-0.00711638992652297,0.0018999999156221747,-0.016959700733423233,-0.9961947202682495,-0.0,-0.08715574443340302,0.0,0.0005882433033548295,0.0,-0.060253534466028214,-0.8747904300689697,0.4839532673358917,0.020163940265774727,0.011155134998261929,-1.1086464013487785e-07,-1.490116086078075e-10,-0.04255366697907448,-0.6822461485862732,0.7311225533485413,0.0,0.0,4.5299529460862686e-08,0.0,-0.022088106721639633,-0.9132464528083801,0.40740758180618286,0.0,0.0,-1.4305114426349519e-08,0.0,-0.017740696668624878,-1.0,-0.0,0.0,0.0,-0.013503500260412693,-0.0037700000684708357,-0.014087299816310406,-0.9914448857307434,-0.0,-0.13052619993686676,0.0,-0.004897483624517918,-3.8501621020259336e-06,-0.05743739381432533,-0.9065096974372864,0.42023229598999023,-0.01808049902319908,0.036306750029325485,5.4836270635405526e-08,-2.98023217215615e-10,-0.03276759013533592,-0.764145016670227,0.6450445652008057,0.0,0.0,-9.298324243900424e-08,0.0,-0.01670967973768711,-0.8754711151123047,0.4832705557346344,0.0,0.0,6.19888282926695e-08,0.0,-0.013883084990084171,-1.0,-0.0,0.0,0.0
1782948430.2898562,2026-07-01 19:27:10.289,9413.0,9413,right,0,2,thumbs_up,3,0.0,0.003969999961555004,-0.04999999701976776,-1.0,-0.0,0.0,0.0,0.0,0.0,0.0,-1.0,-0.0,0.0,0.0,-0.025476505979895592,-0.012044684961438179,-0.022234933450818062,-0.7901831865310669,-0.029739772900938988,-0.30605340003967285,-0.5301485061645508,0.0,1.19209286886246e-09,-0.02723044343292713,-0.9815618395805359,0.19114495813846588,0.0,0.0,2.38418573772492e-09,-1.19209286886246e-09,-0.031859468668699265,-0.9443383812904358,0.3289757966995239,0.0,0.0,0.0,-3.5762786065873797e-09,-0.023122519254684448,-1.0,-0.0,0.0,0.0,-0.012360505759716034,0.0032300001475960016,-0.016998957842588425,-0.9990482330322266,-0.0,-0.04361938685178757,0.0,-0.002149570034816861,-3.8927792047616094e-06,-0.06502974033355713,-0.7385693192481995,0.6741772890090942,-0.0005011981702409685,-0.0004575012717396021,0.0,0.0,-0.03691747412085533,-0.7071068286895752,0.7071068286895752,0.0,0.0,-2.38418573772492e-09,-2.98023217215615e-10,-0.02163529396057129,-0.9304175972938538,0.36650118231773376,0.0,0.0,0.0,2.98023217215615e-10,-0.01868978515267372,-1.0,-0.0,0.0,0.0,0.0,0.003969999961555004,-0.017509059980511665,-1.0,-0.0,0.0,0.0,0.0,4.611611075233668e-06,-0.0637909397482872,-0.8905245065689087,0.45493531227111816,0.0,0.0,0.0,2.98023217215615e-10,-0.04460655897855759,-0.6943461894989014,0.7196412086486816,0.0,0.0,0.0,-2.98023217215615e-10,-0.02347646653652191,-0.9426999092102051,0.3336418569087982,0.0,0.0,0.0,0.0,-0.019652195274829865,-1.0,-0.0,0.0,0.0,0.00711638480424881,0.0018999999156221747,-0.016959700733423233,-0.9961947202682495,-0.0,0.08715574443340302,0.0,-0.0005882382392883301,0.0,-0.060253534466028214,-0.7914058566093445,0.6106104850769043,-0.022831395268440247,-0.017615599557757378,1.19209286886246e-09,-1.490116086078075e-10,-0.04255415499210358,-0.6447821259498596,0.7643664479255676,0.0,0.0,-2.38418573772492e-09,0.0,-0.02208789810538292,-0.9066526293754578,0.42187803983688354,0.0,0.0,0.0,0.0,-0.017740869894623756,-1.0,-0.0,0.0,0.0,0.013503451831638813,-0.0037700000684708357,-0.014087309129536152,-0.9914448857307434,-0.0,0.13052619993686676,0.0,0.0048975334502756596,-3.847479547403054e-06,-0.05743739381432533,-0.8377233147621155,0.545371949672699,0.006471771281212568,-0.02733534574508667,4.76837147544984e-09,-2.98023217215615e-10,-0.03276757150888443,-0.7260994911193848,0.6875896453857422,0.0,0.0,2.38418573772492e-09,0.0,-0.016709718853235245,-0.8536251783370972,0.5208878517150879,0.0,0.0,0.0,0.0,-0.01388302817940712,-1.0,-0.0,0.0,0.0
1782948430.446673,2026-07-01 19:27:10.446,17284.0,17284,left,0,1,thumbs_up,3,0.0,0.003969999961555004,-0.04999999701976776,-1.0,-0.0,0.0,0.0,0.0,0.0,0.0,-1.0,-0.0,0.0,0.0,0.025476500391960144,-0.012044699862599373,-0.022234899923205376,-0.7990889549255371,-0.10561048239469528,0.2924790382385254,0.5145477652549744,-5.7220457705398076e-08,-4.3511388270189855e-08,-0.027230437844991684,-0.9958676099777222,0.0908171758055687,0.0,0.0,3.5762786065873797e-09,6.318092005130893e-08,-0.031859491020441055,-0.9874802827835083,0.15774251520633698,0.0,0.0,2.384185648907078e-08,0.0,-0.023122519254684448,-1.0,-0.0,0.0,0.0,0.012359999120235443,0.0032300001475960016,-0.017000000923871994,-0.9990482330322266,-0.0,0.04361938685178757,0.0,0.0021501504816114902,-3.890097104886081e-06,-0.06502876430749893,-0.7173539996147156,0.6967089772224426,9.470057557336986e-05,9.197514737024903e-05,-9.53674295089968e-09,-9.53674295089968e-09,-0.036917347460985184,-0.7071068286895752,0.7071068286895752,0.0,0.0,-2.8610228852699038e-08,-2.98023217215615e-10,-0.0216355137526989,-0.9304175972938538,0.36650118231773376,0.0,0.0,1.2636184010261786e-07,2.98023217215615e-10,-0.018689393997192383,-1.0,-0.0,0.0,0.0,0.0,0.003969999961555004,-0.01750910095870495,-1.0,-0.0,0.0,0.0,0.0,4.610121322912164e-06,-0.06379090249538422,-0.8905245065689087,0.45493531227111816,0.0,0.0,0.0,2.98023217215615e-10,-0.044606998562812805,-0.6943461894989014,0.7196412086486816,0.0,0.0,0.0,0.0,-0.023475991562008858,-0.9426999092102051,0.3336418569087982,0.0,0.0,0.0,0.0,-0.019651994109153748,-1.0,-0.0,0.0,0.0,-0.00711638992652297,0.0018999999156221747,-0.016959700733423233,-0.9961947202682495,-0.0,-0.08715574443340302,0.0,0.0005882433033548295,0.0,-0.060253534466028214,-0.8747904300689697,0.4839532673358917,0.020163940265774727,0.011155134998261929,-1.1086464013487785e-07,-1.490116086078075e-10,-0.04255366697907448,-0.6822461485862732,0.7311225533485413,0.0,0.0,4.5299529460862686e-08,0.0,-0.022088106721639633,-0.9132464528083801,0.40740758180618286,0.0,0.0,-1.4305114426349519e-08,0.0,-0.017740696668624878,-1.0,-0.0,0.0,0.0,-0.013503500260412693,-0.0037700000684708357,-0.014087299816310406,-0.9914448857307434,-0.0,-0.13052619993686676,0.0,-0.004897483624517918,-3.8501621020259336e-06,-0.05743739381432533,-0.9065096974372864,0.42023229598999023,-0.01808049902319908,0.036306750029325485,5.4836270635405526e-08,-2.98023217215615e-10,-0.03276759013533592,-0.764145016670227,0.6450445652008057,0.0,0.0,-9.298324243900424e-08,0.0,-0.01670967973768711,-0.8754711151123047,0.4832705557346344,0.0,0.0,6.19888282926695e-08,0.0,-0.013883084990084171,-1.0,-0.0,0.0,0.0
1782948430.5014002,2026-07-01 19:27:10.501,9427.0,9427,right,0,2,thumbs_up,3,0.0,0.003969999961555004,-0.04999999701976776,-1.0,-0.0,0.0,0.0,0.0,0.0,0.0,-1.0,-0.0,0.0,0.0,-0.025476505979895592,-0.012044684961438179,-0.022234933450818062,-0.7901831865310669,-0.029739772900938988,-0.30605340003967285,-0.5301485061645508,0.0,1.19209286886246e-09,-0.02723044343292713,-0.9815618395805359,0.19114495813846588,0.0,0.0,2.38418573772492e-09,-1.19209286886246e-09,-0.031859468668699265,-0.9443383812904358,0.3289757966995239,0.0,0.0,0.0,-3.5762786065873797e-09,-0.023122519254684448,-1.0,-0.0,0.0,0.0,-0.012360505759716034,0.0032300001475960016,-0.016998957842588425,-0.9990482330322266,-0.0,-0.04361938685178757,0.0,-0.002149570034816861,-3.8927792047616094e-06,-0.06502974033355713,-0.744762659072876,0.667328953742981,-0.0006053934339433908,-0.0005424501141533256,0.0,0.0,-0.03691747412085533,-0.7071068286895752,0.7071068286895752,0.0,0.0,-2.38418573772492e-09,-2.98023217215615e-10,-0.02163529396057129,-0.9304175972938538,0.36650118231773376,0.0,0.0,0.0,2.98023217215615e-10,-0.01868978515267372,-1.0,-0.0,0.0,0.0,0.0,0.003969999961555004,-0.017509059980511665,-1.0,-0.0,0.0,0.0,0.0,4.611611075233668e-06,-0.0637909397482872,-0.8905245065689087,0.45493531227111816,0.0,0.0,0.0,2.98023217215615e-10,-0.04460655897855759,-0.6943461894989014,0.7196412086486816,0.0,0.0,0.0,-2.98023217215615e-10,-0.02347646653652191,-0.9426999092102051,0.3336418569087982,0.0,0.0,0.0,0.0,-0.019652195274829865,-1.0,-0.0,0.0,0.0,0.00711638480424881,0.0018999999156221747,-0.016959700733423233,-0.9961947202682495,-0.0,0.08715574443340302,0.0,-0.0005882382392883301,0.0,-0.060253534466028214,-0.7914058566093445,0.6106104850769043,-0.022831395268440247,-0.017615599557757378,1.19209286886246e-09,-1.490116086078075e-10,-0.04255415499210358,-0.6447821259498596,0.7643664479255676,0.0,0.0,-2.38418573772492e-09,0.0,-0.02208789810538292,-0.9066526293754578,0.42187803983688354,0.0,0.0,0.0,0.0,-0.017740869894623756,-1.0,-0.0,0.0,0.0,0.013503451831638813,-0.0037700000684708357,-0.014087309129536152,-0.9914448857307434,-0.0,0.13052619993686676,0.0,0.0048975334502756596,-3.847479547403054e-06,-0.05743739381432533,-0.8377233147621155,0.545371949672699,0.006471771281212568,-0.02733534574508667,4.76837147544984e-09,-2.98023217215615e-10,-0.03276757150888443,-0.7260994911193848,0.6875896453857422,0.0,0.0,2.38418573772492e-09,0.0,-0.016709718853235245,-0.8536251783370972,0.5208878517150879,0.0,0.0,0.0,0.0,-0.01388302817940712,-1.0,-0.0,0.0,0.0
1782948430.653583,2026-07-01 19:27:10.653,17286.0,17286,left,0,1,thumbs_up,3,0.0,0.003969999961555004,-0.04999999701976776,-1.0,-0.0,0.0,0.0,0.0,0.0,0.0,-1.0,-0.0,0.0,0.0,0.025476500391960144,-0.012044699862599373,-0.022234899923205376,-0.7997098565101624,-0.10772895812988281,0.29099395871162415,0.5139855742454529,-5.7220457705398076e-08,-4.3511388270189855e-08,-0.027230437844991684,-0.9961942434310913,0.08716093748807907,0.0,0.0,3.5762786065873797e-09,6.318092005130893e-08,-0.031859491020441055,-0.9886862635612488,0.14999833703041077,0.0,0.0,2.384185648907078e-08,0.0,-0.023122519254684448,-1.0,-0.0,0.0,0.0,0.012359999120235443,0.0032300001475960016,-0.017000000923871994,-0.9990482330322266,-0.0,0.04361938685178757,0.0,0.0021501504816114902,-3.890097104886081e-06,-0.06502876430749893,-0.7173539996147156,0.6967089772224426,9.470057557336986e-05,9.197514737024903e-05,-9.53674295089968e-09,-9.53674295089968e-09,-0.036917347460985184,-0.7071068286895752,0.7071068286895752,0.0,0.0,-2.8610228852699038e-08,-2.98023217215615e-10,-0.0216355137526989,-0.9304175972938538,0.36650118231773376,0.0,0.0,1.2636184010261786e-07,2.98023217215615e-10,-0.018689393997192383,-1.0,-0.0,0.0,0.0,0.0,0.003969999961555004,-0.01750910095870495,-1.0,-0.0,0.0,0.0,0.0,4.610121322912164e-06,-0.06379090249538422,-0.8905245065689087,0.45493531227111816,0.0,0.0,0.0,2.98023217215615e-10,-0.044606998562812805,-0.6943461894989014,0.7196412086486816,0.0,0.0,0.0,0.0,-0.023475991562008858,-0.9426999092102051,0.3336418569087982,0.0,0.0,0.0,0.0,-0.019651994109153748,-1.0,-0.0,0.0,0.0,-0.00711638992652297,0.0018999999156221747,-0.016959700733423233,-0.9961947202682495,-0.0,-0.08715574443340302,0.0,0.0005882433033548295,0.0,-0.060253534466028214,-0.8747904300689697,0.4839532673358917,0.020163940265774727,0.011155134998261929,-1.1086464013487785e-07,-1.490116086078075e-10,-0.04255366697907448,-0.6822461485862732,0.7311225533485413,0.0,0.0,4.5299529460862686e-08,0.0,-0.022088106721639633,-0.9132464528083801,0.40740758180618286,0.0,0.0,-1.4305114426349519e-08,0.0,-0.017740696668624878,-1.0,-0.0,0.0,0.0,-0.013503500260412693,-0.0037700000684708357,-0.014087299816310406,-0.9914448857307434,-0.0,-0.13052619993686676,0.0,-0.004897483624517918,-3.8501621020259336e-06,-0.05743739381432533,-0.9065096974372864,0.42023229598999023,-0.01808049902319908,0.036306750029325485,5.4836270635405526e-08,-2.98023217215615e-10,-0.03276759013533592,-0.764145016670227,0.6450445652008057,0.0,0.0,-9.298324243900424e-08,0.0,-0.01670967973768711,-0.8754711151123047,0.4832705557346344,0.0,0.0,6.19888282926695e-08,0.0,-0.013883084990084171,-1.0,-0.0,0.0,0.0
1782948430.7078097,2026-07-01 19:27:10.707,9438.0,9438,right,0,2,thumbs_up,3,0.0,0.003969999961555004,-0.04999999701976776,-1.0,-0.0,0.0,0.0,0.0,0.0,0.0,-1.0,-0.0,0.0,0.0,-0.025476505979895592,-0.012044684961438179,-0.022234933450818062,-0.7901831865310669,-0.029739772900938988,-0.30605340003967285,-0.5301485061645508,0.0,1.19209286886246e-09,-0.02723044343292713,-0.9815618395805359,0.19114495813846588,0.0,0.0,2.38418573772492e-09,-1.19209286886246e-09,-0.031859468668699265,-0.9443383812904358,0.3289757966995239,0.0,0.0,0.0,-3.5762786065873797e-09,-0.023122519254684448,-1.0,-0.0,0.0,0.0,-0.012360505759716034,0.0032300001475960016,-0.016998957842588425,-0.9990482330322266,-0.0,-0.04361938685178757,0.0,-0.002149570034816861,-3.8927792047616094e-06,-0.06502974033355713,-0.744762659072876,0.667328953742981,-0.0006053934339433908,-0.0005424501141533256,0.0,0.0,-0.03691747412085533,-0.7071068286895752,0.7071068286895752,0.0,0.0,-2.38418573772492e-09,-2.98023217215615e-10,-0.02163529396057129,-0.9304175972938538,0.36650118231773376,0.0,0.0,0.0,2.98023217215615e-10,-0.01868978515267372,-1.0,-0.0,0.0,0.0,0.0,0.003969999961555004,-0.017509059980511665,-1.0,-0.0,0.0,0.0,0.0,4.611611075233668e-06,-0.0637909397482872,-0.8905245065689087,0.45493531227111816,0.0,0.0,0.0,2.98023217215615e-10,-0.04460655897855759,-0.6943461894989014,0.7196412086486816,0.0,0.0,0.0,-2.98023217215615e-10,-0.02347646653652191,-0.9426999092102051,0.3336418569087982,0.0,0.0,0.0,0.0,-0.019652195274829865,-1.0,-0.0,0.0,0.0,0.00711638480424881,0.0018999999156221747,-0.016959700733423233,-0.9961947202682495,-0.0,0.08715574443340302,0.0,-0.0005882382392883301,0.0,-0.060253534466028214,-0.7914058566093445,0.6106104850769043,-0.022831395268440247,-0.017615599557757378,1.19209286886246e-09,-1.490116086078075e-10,-0.04255415499210358,-0.6447821259498596,0.7643664479255676,0.0,0.0,-2.38418573772492e-09,0.0,-0.02208789810538292,-0.9066526293754578,0.42187803983688354,0.0,0.0,0.0,0.0,-0.017740869894623756,-1.0,-0.0,0.0,0.0,0.013503451831638813,-0.0037700000684708357,-0.014087309129536152,-0.9914448857307434,-0.0,0.13052619993686676,0.0,0.0048975334502756596,-3.847479547403054e-06,-0.05743739381432533,-0.8377233147621155,0.545371949672699,0.006471771281212568,-0.02733534574508667,4.76837147544984e-09,-2.98023217215615e-10,-0.03276757150888443,-0.7260994911193848,0.6875896453857422,0.0,0.0,2.38418573772492e-09,0.0,-0.016709718853235245,-0.8536251783370972,0.5208878517150879,0.0,0.0,0.0,0.0,-0.01388302817940712,-1.0,-0.0,0.0,0.0
1782948430.865393,2026-07-01 19:27:10.865,17288.0,17288,left,0,1,thumbs_up,3,0.0,0.003969999961555004,-0.04999999701976776,-1.0,-0.0,0.0,0.0,0.0,0.0,0.0,-1.0,-0.0,0.0,0.0,0.025476500391960144,-0.012044699862599373,-0.022234899923205376,-0.799833357334137,-0.10815256088972092,0.2906966805458069,0.5138726830482483,-5.7220457705398076e-08,-4.3511388270189855e-08,-0.027230437844991684,-0.9962579607963562,0.08642955124378204,0.0,0.0,3.5762786065873797e-09,6.318092005130893e-08,-0.031859491020441055,-0.9889201521873474,0.1484484076499939,0.0,0.0,2.384185648907078e-08,0.0,-0.023122519254684448,-1.0,-0.0,0.0,0.0,0.012359999120235443,0.0032300001475960016,-0.017000000923871994,-0.9990482330322266,-0.0,0.04361938685178757,0.0,0.0021501504816114902,-3.890097104886081e-06,-0.06502876430749893,-0.7173539996147156,0.6967089772224426,9.470057557336986e-05,9.197514737024903e-05,-9.53674295089968e-09,-9.53674295089968e-09,-0.036917347460985184,-0.7071068286895752,0.7071068286895752,0.0,0.0,-2.8610228852699038e-08,-2.98023217215615e-10,-0.0216355137526989,-0.9304175972938538,0.36650118231773376,0.0,0.0,1.2636184010261786e-07,2.98023217215615e-10,-0.018689393997192383,-1.0,-0.0,0.0,0.0,0.0,0.003969999961555004,-0.01750910095870495,-1.0,-0.0,0.0,0.0,0.0,4.610121322912164e-06,-0.06379090249538422,-0.8905245065689087,0.45493531227111816,0.0,0.0,0.0,2.98023217215615e-10,-0.044606998562812805,-0.6943461894989014,0.7196412086486816,0.0,0.0,0.0,0.0,-0.023475991562008858,-0.9426999092102051,0.3336418569087982,0.0,0.0,0.0,0.0,-0.019651994109153748,-1.0,-0.0,0.0,0.0,-0.00711638992652297,0.0018999999156221747,-0.016959700733423233,-0.9961947202682495,-0.0,-0.08715574443340302,0.0,0.0005882433033548295,0.0,-0.060253534466028214,-0.8747904300689697,0.4839532673358917,0.020163940265774727,0.011155134998261929,-1.1086464013487785e-07,-1.490116086078075e-10,-0.04255366697907448,-0.6822461485862732,0.7311225533485413,0.0,0.0,4.5299529460862686e-08,0.0,-0.022088106721639633,-0.9132464528083801,0.40740758180618286,0.0,0.0,-1.4305114426349519e-08,0.0,-0.017740696668624878,-1.0,-0.0,0.0,0.0,-0.013503500260412693,-0.0037700000684708357,-0.014087299816310406,-0.9914448857307434,-0.0,-0.13052619993686676,0.0,-0.004897483624517918,-3.8501621020259336e-06,-0.05743739381432533,-0.9065096974372864,0.42023229598999023,-0.01808049902319908,0.036306750029325485,5.4836270635405526e-08,-2.98023217215615e-10,-0.03276759013533592,-0.764145016670227,0.6450445652008057,0.0,0.0,-9.298324243900424e-08,0.0,-0.01670967973768711,-0.8754711151123047,0.4832705557346344,0.0,0.0,6.19888282926695e-08,0.0,-0.013883084990084171,-1.0,-0.0,0.0,0.0
1782948430.9181445,2026-07-01 19:27:10.918,9451.0,9451,right,0,2,thumbs_up,3,0.0,0.003969999961555004,-0.04999999701976776,-1.0,-0.0,0.0,0.0,0.0,0.0,0.0,-1.0,-0.0,0.0,0.0,-0.025476505979895592,-0.012044684961438179,-0.022234933450818062,-0.7901831865310669,-0.029739772900938988,-0.30605340003967285,-0.5301485061645508,0.0,1.19209286886246e-09,-0.02723044343292713,-0.9815618395805359,0.19114495813846588,0.0,0.0,2.38418573772492e-09,-1.19209286886246e-09,-0.031859468668699265,-0.9443383812904358,0.3289757966995239,0.0,0.0,0.0,-3.5762786065873797e-09,-0.023122519254684448,-1.0,-0.0,0.0,0.0,-0.012360505759716034,0.0032300001475960016,-0.016998957842588425,-0.9990482330322266,-0.0,-0.04361938685178757,0.0,-0.002149570034816861,-3.8927792047616094e-06,-0.06502974033355713,-0.744762659072876,0.667328953742981,-0.0006053934339433908,-0.0005424501141533256,0.0,0.0,-0.03691747412085533,-0.7071068286895752,0.7071068286895752,0.0,0.0,-2.38418573772492e-09,-2.98023217215615e-10,-0.02163529396057129,-0.9304175972938538,0.36650118231773376,0.0,0.0,0.0,2.98023217215615e-10,-0.01868978515267372,-1.0,-0.0,0.0,0.0,0.0,0.003969999961555004,-0.017509059980511665,-1.0,-0.0,0.0,0.0,0.0,4.611611075233668e-06,-0.0637909397482872,-0.8905245065689087,0.45493531227111816,0.0,0.0,0.0,2.98023217215615e-10,-0.04460655897855759,-0.6943461894989014,0.7196412086486816,0.0,0.0,0.0,-2.98023217215615e-10,-0.02347646653652191,-0.9426999092102051,0.3336418569087982,0.0,0.0,0.0,0.0,-0.019652195274829865,-1.0,-0.0,0.0,0.0,0.00711638480424881,0.0018999999156221747,-0.016959700733423233,-0.9961947202682495,-0.0,0.08715574443340302,0.0,-0.0005882382392883301,0.0,-0.060253534466028214,-0.7914058566093445,0.6106104850769043,-0.022831395268440247,-0.017615599557757378,1.19209286886246e-09,-1.490116086078075e-10,-0.04255415499210358,-0.6447821259498596,0.7643664479255676,0.0,0.0,-2.38418573772492e-09,0.0,-0.02208789810538292,-0.9066526293754578,0.42187803983688354,0.0,0.0,0.0,0.0,-0.017740869894623756,-1.0,-0.0,0.0,0.0,0.013503451831638813,-0.0037700000684708357,-0.014087309129536152,-0.9914448857307434,-0.0,0.13052619993686676,0.0,0.0048975334502756596,-3.847479547403054e-06,-0.05743739381432533,-0.8377233147621155,0.545371949672699,0.006471771281212568,-0.02733534574508667,4.76837147544984e-09,-2.98023217215615e-10,-0.03276757150888443,-0.7260994911193848,0.6875896453857422,0.0,0.0,2.38418573772492e-09,0.0,-0.016709718853235245,-0.8536251783370972,0.5208878517150879,0.0,0.0,0.0,0.0,-0.01388302817940712,-1.0,-0.0,0.0,0.0
1782948431.070632,2026-07-01 19:27:11.070,17289.0,17289,left,0,1,thumbs_up,3,0.0,0.003969999961555004,-0.04999999701976776,-1.0,-0.0,0.0,0.0,0.0,0.0,0.0,-1.0,-0.0,0.0,0.0,0.025476500391960144,-0.012044699862599373,-0.022234899923205376,-0.799833357334137,-0.10815256088972092,0.2906966805458069,0.5138726830482483,-5.7220457705398076e-08,-4.3511388270189855e-08,-0.027230437844991684,-0.9962579607963562,0.08642955124378204,0.0,0.0,3.5762786065873797e-09,6.318092005130893e-08,-0.031859491020441055,-0.9889201521873474,0.1484484076499939,0.0,0.0,2.384185648907078e-08,0.0,-0.023122519254684448,-1.0,-0.0,0.0,0.0,0.012359999120235443,0.0032300001475960016,-0.017000000923871994,-0.9990482330322266,-0.0,0.04361938685178757,0.0,0.0021501504816114902,-3.890097104886081e-06,-0.06502876430749893,-0.7173539996147156,0.6967089772224426,9.470057557336986e-05,9.197514737024903e-05,-9.53674295089968e-09,-9.53674295089968e-09,-0.036917347460985184,-0.7071068286895752,0.7071068286895752,0.0,0.0,-2.8610228852699038e-08,-2.98023217215615e-10,-0.0216355137526989,-0.9304175972938538,0.36650118231773376,0.0,0.0,1.2636184010261786e-07,2.98023217215615e-10,-0.018689393997192383,-1.0,-0.0,0.0,0.0,0.0,0.003969999961555004,-0.01750910095870495,-1.0,-0.0,0.0,0.0,0.0,4.610121322912164e-06,-0.06379090249538422,-0.8905245065689087,0.45493531227111816,0.0,0.0,0.0,2.98023217215615e-10,-0.044606998562812805,-0.6943461894989014,0.7196412086486816,0.0,0.0,0.0,0.0,-0.023475991562008858,-0.9426999092102051,0.3336418569087982,0.0,0.0,0.0,0.0,-0.019651994109153748,-1.0,-0.0,0.0,0.0,-0.00711638992652297,0.0018999999156221747,-0.016959700733423233,-0.9961947202682495,-0.0,-0.08715574443340302,0.0,0.0005882433033548295,0.0,-0.060253534466028214,-0.8747904300689697,0.4839532673358917,0.020163940265774727,0.011155134998261929,-1.1086464013487785e-07,-1.490116086078075e-10,-0.04255366697907448,-0.6822461485862732,0.7311225533485413,0.0,0.0,4.5299529460862686e-08,0.0,-0.022088106721639633,-0.9132464528083801,0.40740758180618286,0.0,0.0,-1.4305114426349519e-08,0.0,-0.017740696668624878,-1.0,-0.0,0.0,0.0,-0.013503500260412693,-0.0037700000684708357,-0.014087299816310406,-0.9914448857307434,-0.0,-0.13052619993686676,0.0,-0.004897483624517918,-3.8501621020259336e-06,-0.05743739381432533,-0.9065096974372864,0.42023229598999023,-0.01808049902319908,0.036306750029325485,5.4836270635405526e-08,-2.98023217215615e-10,-0.03276759013533592,-0.764145016670227,0.6450445652008057,0.0,0.0,-9.298324243900424e-08,0.0,-0.01670967973768711,-0.8754711151123047,0.4832705557346344,0.0,0.0,6.19888282926695e-08,0.0,-0.013883084990084171,-1.0,-0.0,0.0,0.0
1782948431.1338546,2026-07-01 19:27:11.133,9465.0,9465,right,0,2,thumbs_up,3,0.0,0.003969999961555004,-0.04999999701976776,-1.0,-0.0,0.0,0.0,0.0,0.0,0.0,-1.0,-0.0,0.0,0.0,-0.025476505979895592,-0.012044684961438179,-0.022234933450818062,-0.7901831865310669,-0.029739772900938988,-0.30605340003967285,-0.5301485061645508,0.0,1.19209286886246e-09,-0.02723044343292713,-0.9815618395805359,0.19114495813846588,0.0,0.0,2.38418573772492e-09,-1.19209286886246e-09,-0.031859468668699265,-0.9443383812904358,0.3289757966995239,0.0,0.0,0.0,-3.5762786065873797e-09,-0.023122519254684448,-1.0,-0.0,0.0,0.0,-0.012360505759716034,0.0032300001475960016,-0.016998957842588425,-0.9990482330322266,-0.0,-0.04361938685178757,0.0,-0.002149570034816861,-3.8927792047616094e-06,-0.06502974033355713,-0.744762659072876,0.667328953742981,-0.0006053934339433908,-0.0005424501141533256,0.0,0.0,-0.03691747412085533,-0.7071068286895752,0.7071068286895752,0.0,0.0,-2.38418573772492e-09,-2.98023217215615e-10,-0.02163529396057129,-0.9304175972938538,0.36650118231773376,0.0,0.0,0.0,2.98023217215615e-10,-0.01868978515267372,-1.0,-0.0,0.0,0.0,0.0,0.003969999961555004,-0.017509059980511665,-1.0,-0.0,0.0,0.0,0.0,4.611611075233668e-06,-0.0637909397482872,-0.8905245065689087,0.45493531227111816,0.0,0.0,0.0,2.98023217215615e-10,-0.04460655897855759,-0.6943461894989014,0.7196412086486816,0.0,0.0,0.0,-2.98023217215615e-10,-0.02347646653652191,-0.9426999092102051,0.3336418569087982,0.0,0.0,0.0,0.0,-0.019652195274829865,-1.0,-0.0,0.0,0.0,0.00711638480424881,0.0018999999156221747,-0.016959700733423233,-0.9961947202682495,-0.0,0.08715574443340302,0.0,-0.0005882382392883301,0.0,-0.060253534466028214,-0.7914058566093445,0.6106104850769043,-0.022831395268440247,-0.017615599557757378,1.19209286886246e-09,-1.490116086078075e-10,-0.04255415499210358,-0.6447821259498596,0.7643664479255676,0.0,0.0,-2.38418573772492e-09,0.0,-0.02208789810538292,-0.9066526293754578,0.42187803983688354,0.0,0.0,0.0,0.0,-0.017740869894623756,-1.0,-0.0,0.0,0.0,0.013503451831638813,-0.0037700000684708357,-0.014087309129536152,-0.9914448857307434,-0.0,0.13052619993686676,0.0,0.0048975334502756596,-3.847479547403054e-06,-0.05743739381432533,-0.8377233147621155,0.545371949672699,0.006471771281212568,-0.02733534574508667,4.76837147544984e-09,-2.98023217215615e-10,-0.03276757150888443,-0.7260994911193848,0.6875896453857422,0.0,0.0,2.38418573772492e-09,0.0,-0.016709718853235245,-0.8536251783370972,0.5208878517150879,0.0,0.0,0.0,0.0,-0.01388302817940712,-1.0,-0.0,0.0,0.0
1782948431.2774758,2026-07-01 19:27:11.277,17291.0,17291,left,0,1,thumbs_up,3,0.0,0.003969999961555004,-0.04999999701976776,-1.0,-0.0,0.0,0.0,0.0,0.0,0.0,-1.0,-0.0,0.0,0.0,0.025476500391960144,-0.012044699862599373,-0.022234899923205376,-0.799833357334137,-0.10815256088972092,0.2906966805458069,0.5138726830482483,-5.7220457705398076e-08,-4.3511388270189855e-08,-0.027230437844991684,-0.9962579607963562,0.08642955124378204,0.0,0.0,3.5762786065873797e-09,6.318092005130893e-08,-0.031859491020441055,-0.9889201521873474,0.1484484076499939,0.0,0.0,2.384185648907078e-08,0.0,-0.023122519254684448,-1.0,-0.0,0.0,0.0,0.012359999120235443,0.0032300001475960016,-0.017000000923871994,-0.9990482330322266,-0.0,0.04361938685178757,0.0,0.0021501504816114902,-3.890097104886081e-06,-0.06502876430749893,-0.7173539996147156,0.6967089772224426,9.470057557336986e-05,9.197514737024903e-05,-9.53674295089968e-09,-9.53674295089968e-09,-0.036917347460985184,-0.7071068286895752,0.7071068286895752,0.0,0.0,-2.8610228852699038e-08,-2.98023217215615e-10,-0.0216355137526989,-0.9304175972938538,0.36650118231773376,0.0,0.0,1.2636184010261786e-07,2.98023217215615e-10,-0.018689393997192383,-1.0,-0.0,0.0,0.0,0.0,0.003969999961555004,-0.01750910095870495,-1.0,-0.0,0.0,0.0,0.0,4.610121322912164e-06,-0.06379090249538422,-0.8905245065689087,0.45493531227111816,0.0,0.0,0.0,2.98023217215615e-10,-0.044606998562812805,-0.6943461894989014,0.7196412086486816,0.0,0.0,0.0,0.0,-0.023475991562008858,-0.9426999092102051,0.3336418569087982,0.0,0.0,0.0,0.0,-0.019651994109153748,-1.0,-0.0,0.0,0.0,-0.00711638992652297,0.0018999999156221747,-0.016959700733423233,-0.9961947202682495,-0.0,-0.08715574443340302,0.0,0.0005882433033548295,0.0,-0.060253534466028214,-0.8747904300689697,0.4839532673358917,0.020163940265774727,0.011155134998261929,-1.1086464013487785e-07,-1.490116086078075e-10,-0.04255366697907448,-0.6822461485862732,0.7311225533485413,0.0,0.0,4.5299529460862686e-08,0.0,-0.022088106721639633,-0.9132464528083801,0.40740758180618286,0.0,0.0,-1.4305114426349519e-08,0.0,-0.017740696668624878,-1.0,-0.0,0.0,0.0,-0.013503500260412693,-0.0037700000684708357,-0.014087299816310406,-0.9914448857307434,-0.0,-0.13052619993686676,0.0,-0.004897483624517918,-3.8501621020259336e-06,-0.05743739381432533,-0.9065096974372864,0.42023229598999023,-0.01808049902319908,0.036306750029325485,5.4836270635405526e-08,-2.98023217215615e-10,-0.03276759013533592,-0.764145016670227,0.6450445652008057,0.0,0.0,-9.298324243900424e-08,0.0,-0.01670967973768711,-0.8754711151123047,0.4832705557346344,0.0,0.0,6.19888282926695e-08,0.0,-0.013883084990084171,-1.0,-0.0,0.0,0.0
1782948431.340993,2026-07-01 19:27:11.340,9477.0,9477,right,0,2,thumbs_up,3,0.0,0.003969999961555004,-0.04999999701976776,-1.0,-0.0,0.0,0.0,0.0,0.0,0.0,-1.0,-0.0,0.0,0.0,-0.025476505979895592,-0.012044684961438179,-0.022234933450818062,-0.7901831865310669,-0.029739772900938988,-0.30605340003967285,-0.5301485061645508,0.0,1.19209286886246e-09,-0.02723044343292713,-0.9815618395805359,0.19114495813846588,0.0,0.0,2.38418573772492e-09,-1.19209286886246e-09,-0.031859468668699265,-0.9443383812904358,0.3289757966995239,0.0,0.0,0.0,-3.5762786065873797e-09,-0.023122519254684448,-1.0,-0.0,0.0,0.0,-0.012360505759716034,0.0032300001475960016,-0.016998957842588425,-0.9990482330322266,-0.0,-0.04361938685178757,0.0,-0.002149570034816861,-3.8927792047616094e-06,-0.06502974033355713,-0.744762659072876,0.667328953742981,-0.0006053934339433908,-0.0005424501141533256,0.0,0.0,-0.03691747412085533,-0.7071068286895752,0.7071068286895752,0.0,0.0,-2.38418573772492e-09,-2.98023217215615e-10,-0.02163529396057129,-0.9304175972938538,0.36650118231773376,0.0,0.0,0.0,2.98023217215615e-10,-0.01868978515267372,-1.0,-0.0,0.0,0.0,0.0,0.003969999961555004,-0.017509059980511665,-1.0,-0.0,0.0,0.0,0.0,4.611611075233668e-06,-0.0637909397482872,-0.8905245065689087,0.45493531227111816,0.0,0.0,0.0,2.98023217215615e-10,-0.04460655897855759,-0.6943461894989014,0.7196412086486816,0.0,0.0,0.0,-2.98023217215615e-10,-0.02347646653652191,-0.9426999092102051,0.3336418569087982,0.0,0.0,0.0,0.0,-0.019652195274829865,-1.0,-0.0,0.0,0.0,0.00711638480424881,0.0018999999156221747,-0.016959700733423233,-0.9961947202682495,-0.0,0.08715574443340302,0.0,-0.0005882382392883301,0.0,-0.060253534466028214,-0.7914058566093445,0.6106104850769043,-0.022831395268440247,-0.017615599557757378,1.19209286886246e-09,-1.490116086078075e-10,-0.04255415499210358,-0.6447821259498596,0.7643664479255676,0.0,0.0,-2.38418573772492e-09,0.0,-0.02208789810538292,-0.9066526293754578,0.42187803983688354,0.0,0.0,0.0,0.0,-0.017740869894623756,-1.0,-0.0,0.0,0.0,0.013503451831638813,-0.0037700000684708357,-0.014087309129536152,-0.9914448857307434,-0.0,0.13052619993686676,0.0,0.0048975334502756596,-3.847479547403054e-06,-0.05743739381432533,-0.8377233147621155,0.545371949672699,0.006471771281212568,-0.02733534574508667,4.76837147544984e-09,-2.98023217215615e-10,-0.03276757150888443,-0.7260994911193848,0.6875896453857422,0.0,0.0,2.38418573772492e-09,0.0,-0.016709718853235245,-0.8536251783370972,0.5208878517150879,0.0,0.0,0.0,0.0,-0.01388302817940712,-1.0,-0.0,0.0,0.0
1782948431.4774938,2026-07-01 19:27:11.477,17293.0,17293,left,0,1,thumbs_up,3,0.0,0.003969999961555004,-0.04999999701976776,-1.0,-0.0,0.0,0.0,0.0,0.0,0.0,-1.0,-0.0,0.0,0.0,0.025476500391960144,-0.012044699862599373,-0.022234899923205376,-0.8003190755844116,-0.10982765257358551,0.28951969742774963,0.5134254097938538,-5.7220457705398076e-08,-4.3511388270189855e-08,-0.027230437844991684,-0.9965047240257263,0.08353632688522339,0.0,0.0,3.5762786065873797e-09,6.318092005130893e-08,-0.031859491020441055,-0.9898253083229065,0.1422882080078125,0.0,0.0,2.384185648907078e-08,0.0,-0.023122519254684448,-1.0,-0.0,0.0,0.0,0.012359999120235443,0.0032300001475960016,-0.017000000923871994,-0.9990482330322266,-0.0,0.04361938685178757,0.0,0.0021501504816114902,-3.890097104886081e-06,-0.06502876430749893,-0.7173539996147156,0.6967089772224426,9.470057557336986e-05,9.197514737024903e-05,-9.53674295089968e-09,-9.53674295089968e-09,-0.036917347460985184,-0.7071068286895752,0.7071068286895752,0.0,0.0,-2.8610228852699038e-08,-2.98023217215615e-10,-0.0216355137526989,-0.9304175972938538,0.36650118231773376,0.0,0.0,1.2636184010261786e-07,2.98023217215615e-10,-0.018689393997192383,-1.0,-0.0,0.0,0.0,0.0,0.003969999961555004,-0.01750910095870495,-1.0,-0.0,0.0,0.0,0.0,4.610121322912164e-06,-0.06379090249538422,-0.8905245065689087,0.45493531227111816,0.0,0.0,0.0,2.98023217215615e-10,-0.044606998562812805,-0.6943461894989014,0.7196412086486816,0.0,0.0,0.0,0.0,-0.023475991562008858,-0.9426999092102051,0.3336418569087982,0.0,0.0,0.0,0.0,-0.019651994109153748,-1.0,-0.0,0.0,0.0,-0.00711638992652297,0.0018999999156221747,-0.016959700733423233,-0.9961947202682495,-0.0,-0.08715574443340302,0.0,0.0005882433033548295,0.0,-0.060253534466028214,-0.8747904300689697,0.4839532673358917,0.020163940265774727,0.011155134998261929,-1.1086464013487785e-07,-1.490116086078075e-10,-0.04255366697907448,-0.6822461485862732,0.7311225533485413,0.0,0.0,4.5299529460862686e-08,0.0,-0.022088106721639633,-0.9132464528083801,0.40740758180618286,0.0,0.0,-1.4305114426349519e-08,0.0,-0.017740696668624878,-1.0,-0.0,0.0,0.0,-0.013503500260412693,-0.0037700000684708357,-0.014087299816310406,-0.9914448857307434,-0.0,-0.13052619993686676,0.0,-0.004897483624517918,-3.8501621020259336e-06,-0.05743739381432533,-0.9065096974372864,0.42023229598999023,-0.01808049902319908,0.036306750029325485,5.4836270635405526e-08,-2.98023217215615e-10,-0.03276759013533592,-0.764145016670227,0.6450445652008057,0.0,0.0,-9.298324243900424e-08,0.0,-0.01670967973768711,-0.8754711151123047,0.4832705557346344,0.0,0.0,6.19888282926695e-08,0.0,-0.013883084990084171,-1.0,-0.0,0.0,0.0
1782948431.5729053,2026-07-01 19:27:11.572,9491.0,9491,right,0,2,thumbs_up,3,0.0,0.003969999961555004,-0.04999999701976776,-1.0,-0.0,0.0,0.0,0.0,0.0,0.0,-1.0,-0.0,0.0,0.0,-0.025476505979895592,-0.012044684961438179,-0.022234933450818062,-0.7901831865310669,-0.029739772900938988,-0.30605340003967285,-0.5301485061645508,0.0,1.19209286886246e-09,-0.02723044343292713,-0.9815618395805359,0.19114495813846588,0.0,0.0,2.38418573772492e-09,-1.19209286886246e-09,-0.031859468668699265,-0.9443383812904358,0.3289757966995239,0.0,0.0,0.0,-3.5762786065873797e-09,-0.023122519254684448,-1.0,-0.0,0.0,0.0,-0.012360505759716034,0.0032300001475960016,-0.016998957842588425,-0.9990482330322266,-0.0,-0.04361938685178757,0.0,-0.002149570034816861,-3.8927792047616094e-06,-0.06502974033355713,-0.744762659072876,0.667328953742981,-0.0006053934339433908,-0.0005424501141533256,0.0,0.0,-0.03691747412085533,-0.7071068286895752,0.7071068286895752,0.0,0.0,-2.38418573772492e-09,-2.98023217215615e-10,-0.02163529396057129,-0.9304175972938538,0.36650118231773376,0.0,0.0,0.0,2.98023217215615e-10,-0.01868978515267372,-1.0,-0.0,0.0,0.0,0.0,0.003969999961555004,-0.017509059980511665,-1.0,-0.0,0.0,0.0,0.0,4.611611075233668e-06,-0.0637909397482872,-0.8905245065689087,0.45493531227111816,0.0,0.0,0.0,2.98023217215615e-10,-0.04460655897855759,-0.6943461894989014,0.7196412086486816,0.0,0.0,0.0,-2.98023217215615e-10,-0.02347646653652191,-0.9426999092102051,0.3336418569087982,0.0,0.0,0.0,0.0,-0.019652195274829865,-1.0,-0.0,0.0,0.0,0.00711638480424881,0.0018999999156221747,-0.016959700733423233,-0.9961947202682495,-0.0,0.08715574443340302,0.0,-0.0005882382392883301,0.0,-0.060253534466028214,-0.7914058566093445,0.6106104850769043,-0.022831395268440247,-0.017615599557757378,1.19209286886246e-09,-1.490116086078075e-10,-0.04255415499210358,-0.6447821259498596,0.7643664479255676,0.0,0.0,-2.38418573772492e-09,0.0,-0.02208789810538292,-0.9066526293754578,0.42187803983688354,0.0,0.0,0.0,0.0,-0.017740869894623756,-1.0,-0.0,0.0,0.0,0.013503451831638813,-0.0037700000684708357,-0.014087309129536152,-0.9914448857307434,-0.0,0.13052619993686676,0.0,0.0048975334502756596,-3.847479547403054e-06,-0.05743739381432533,-0.8377233147621155,0.545371949672699,0.006471771281212568,-0.02733534574508667,4.76837147544984e-09,-2.98023217215615e-10,-0.03276757150888443,-0.7260994911193848,0.6875896453857422,0.0,0.0,2.38418573772492e-09,0.0,-0.016709718853235245,-0.8536251783370972,0.5208878517150879,0.0,0.0,0.0,0.0,-0.01388302817940712,-1.0,-0.0,0.0,0.0
1782948431.6828816,2026-07-01 19:27:11.682,17294.0,17294,left,0,1,thumbs_up,3,0.0,0.003969999961555004,-0.04999999701976776,-1.0,-0.0,0.0,0.0,0.0,0.0,0.0,-1.0,-0.0,0.0,0.0,0.025476500391960144,-0.012044699862599373,-0.022234899923205376,-0.8003190755844116,-0.10982765257358551,0.28951969742774963,0.5134254097938538,-5.7220457705398076e-08,-4.3511388270189855e-08,-0.027230437844991684,-0.9965047240257263,0.08353632688522339,0.0,0.0,3.5762786065873797e-09,6.318092005130893e-08,-0.031859491020441055,-0.9898253083229065,0.1422882080078125,0.0,0.0,2.384185648907078e-08,0.0,-0.023122519254684448,-1.0,-0.0,0.0,0.0,0.012359999120235443,0.0032300001475960016,-0.017000000923871994,-0.9990482330322266,-0.0,0.04361938685178757,0.0,0.0021501504816114902,-3.890097104886081e-06,-0.06502876430749893,-0.7173539996147156,0.6967089772224426,9.470057557336986e-05,9.197514737024903e-05,-9.53674295089968e-09,-9.53674295089968e-09,-0.036917347460985184,-0.7071068286895752,0.7071068286895752,0.0,0.0,-2.8610228852699038e-08,-2.98023217215615e-10,-0.0216355137526989,-0.9304175972938538,0.36650118231773376,0.0,0.0,1.2636184010261786e-07,2.98023217215615e-10,-0.018689393997192383,-1.0,-0.0,0.0,0.0,0.0,0.003969999961555004,-0.01750910095870495,-1.0,-0.0,0.0,0.0,0.0,4.610121322912164e-06,-0.06379090249538422,-0.8905245065689087,0.45493531227111816,0.0,0.0,0.0,2.98023217215615e-10,-0.044606998562812805,-0.6943461894989014,0.7196412086486816,0.0,0.0,0.0,0.0,-0.023475991562008858,-0.9426999092102051,0.3336418569087982,0.0,0.0,0.0,0.0,-0.019651994109153748,-1.0,-0.0,0.0,0.0,-0.00711638992652297,0.0018999999156221747,-0.016959700733423233,-0.9961947202682495,-0.0,-0.08715574443340302,0.0,0.0005882433033548295,0.0,-0.060253534466028214,-0.8747904300689697,0.4839532673358917,0.020163940265774727,0.011155134998261929,-1.1086464013487785e-07,-1.490116086078075e-10,-0.04255366697907448,-0.6822461485862732,0.7311225533485413,0.0,0.0,4.5299529460862686e-08,0.0,-0.022088106721639633,-0.9132464528083801,0.40740758180618286,0.0,0.0,-1.4305114426349519e-08,0.0,-0.017740696668624878,-1.0,-0.0,0.0,0.0,-0.013503500260412693,-0.0037700000684708357,-0.014087299816310406,-0.9914448857307434,-0.0,-0.13052619993686676,0.0,-0.004897483624517918,-3.8501621020259336e-06,-0.05743739381432533,-0.9057024121284485,0.42197415232658386,-0.017853107303380966,0.03636220097541809,5.4836270635405526e-08,-2.98023217215615e-10,-0.03276759013533592,-0.7635394334793091,0.645761251449585,0.0,0.0,-9.298324243900424e-08,0.0,-0.01670967973768711,-0.8751352429389954,0.48387837409973145,0.0,0.0,6.19888282926695e-08,0.0,-0.013883084990084171,-1.0,-0.0,0.0,0.0
