wall_time,iso_time,timestamp,packet_counter,hand_side,frame_id,status,pose,take,PALM_x,PALM_y,PALM_z,PALM_qw,PALM_qx,PALM_qy,PALM_qz,WRIST_x,WRIST_y,WRIST_z,WRIST_qw,WRIST_qx,WRIST_qy,WRIST_qz,THUMB_METACARPAL_x,THUMB_METACARPAL_y,THUMB_METACARPAL_z,THUMB_METACARPAL_qw,THUMB_METACARPAL_qx,THUMB_METACARPAL_qy,THUMB_METACARPAL_qz,THUMB_PROXIMAL_x,THUMB_PROXIMAL_y,THUMB_PROXIMAL_z,THUMB_PROXIMAL_qw,THUMB_PROXIMAL_qx,THUMB_PROXIMAL_qy,THUMB_PROXIMAL_qz,THUMB_DISTAL_x,THUMB_DISTAL_y,THUMB_DISTAL_z,THUMB_DISTAL_qw,THUMB_DISTAL_qx,THUMB_DISTAL_qy,THUMB_DISTAL_qz,THUMB_TIP_x,THUMB_TIP_y,THUMB_TIP_z,THUMB_TIP_qw,THUMB_TIP_qx,THUMB_TIP_qy,THUMB_TIP_qz,INDEX_METACARPAL_x,INDEX_METACARPAL_y,INDEX_METACARPAL_z,INDEX_METACARPAL_qw,INDEX_METACARPAL_qx,INDEX_METACARPAL_qy,INDEX_METACARPAL_qz,INDEX_PROXIMAL_x,INDEX_PROXIMAL_y,INDEX_PROXIMAL_z,INDEX_PROXIMAL_qw,INDEX_PROXIMAL_qx,INDEX_PROXIMAL_qy,INDEX_PROXIMAL_qz,INDEX_INTERMEDIATE_x,INDEX_INTERMEDIATE_y,INDEX_INTERMEDIATE_z,INDEX_INTERMEDIATE_qw,INDEX_INTERMEDIATE_qx,INDEX_INTERMEDIATE_qy,INDEX_INTERMEDIATE_qz,INDEX_DISTAL_x,INDEX_DISTAL_y,INDEX_DISTAL_z,INDEX_DISTAL_qw,INDEX_DISTAL_qx,INDEX_DISTAL_qy,INDEX_DISTAL_qz,INDEX_TIP_x,INDEX_TIP_y,INDEX_TIP_z,INDEX_TIP_qw,INDEX_TIP_qx,INDEX_TIP_qy,INDEX_TIP_qz,MIDDLE_METACARPAL_x,MIDDLE_METACARPAL_y,MIDDLE_METACARPAL_z,MIDDLE_METACARPAL_qw,MIDDLE_METACARPAL_qx,MIDDLE_METACARPAL_qy,MIDDLE_METACARPAL_qz,MIDDLE_PROXIMAL_x,MIDDLE_PROXIMAL_y,MIDDLE_PROXIMAL_z,MIDDLE_PROXIMAL_qw,MIDDLE_PROXIMAL_qx,MIDDLE_PROXIMAL_qy,MIDDLE_PROXIMAL_qz,MIDDLE_INTERMEDIATE_x,MIDDLE_INTERMEDIATE_y,MIDDLE_INTERMEDIATE_z,MIDDLE_INTERMEDIATE_qw,MIDDLE_INTERMEDIATE_qx,MIDDLE_INTERMEDIATE_qy,MIDDLE_INTERMEDIATE_qz,MIDDLE_DISTAL_x,MIDDLE_DISTAL_y,MIDDLE_DISTAL_z,MIDDLE_DISTAL_qw,MIDDLE_DISTAL_qx,MIDDLE_DISTAL_qy,MIDDLE_DISTAL_qz,MIDDLE_TIP_x,MIDDLE_TIP_y,MIDDLE_TIP_z,MIDDLE_TIP_qw,MIDDLE_TIP_qx,MIDDLE_TIP_qy,MIDDLE_TIP_qz,RING_METACARPAL_x,RING_METACARPAL_y,RING_METACARPAL_z,RING_METACARPAL_qw,RING_METACARPAL_qx,RING_METACARPAL_qy,RING_METACARPAL_qz,RING_PROXIMAL_x,RING_PROXIMAL_y,RING_PROXIMAL_z,RING_PROXIMAL_qw,RING_PROXIMAL_qx,RING_PROXIMAL_qy,RING_PROXIMAL_qz,RING_INTERMEDIATE_x,RING_INTERMEDIATE_y,RING_INTERMEDIATE_z,RING_INTERMEDIATE_qw,RING_INTERMEDIATE_qx,RING_INTERMEDIATE_qy,RING_INTERMEDIATE_qz,RING_DISTAL_x,RING_DISTAL_y,RING_DISTAL_z,RING_DISTAL_qw,RING_DISTAL_qx,RING_DISTAL_qy,RING_DISTAL_qz,RING_TIP_x,RING_TIP_y,RING_TIP_z,RING_TIP_qw,RING_TIP_qx,RING_TIP_qy,RING_TIP_qz,LITTLE_METACARPAL_x,LITTLE_METACARPAL_y,LITTLE_METACARPAL_z,LITTLE_METACARPAL_qw,LITTLE_METACARPAL_qx,LITTLE_METACARPAL_qy,LITTLE_METACARPAL_qz,LITTLE_PROXIMAL_x,LITTLE_PROXIMAL_y,LITTLE_PROXIMAL_z,LITTLE_PROXIMAL_qw,LITTLE_PROXIMAL_qx,LITTLE_PROXIMAL_qy,LITTLE_PROXIMAL_qz,LITTLE_INTERMEDIATE_x,LITTLE_INTERMEDIATE_y,LITTLE_INTERMEDIATE_z,LITTLE_INTERMEDIATE_qw,LITTLE_INTERMEDIATE_qx,LITTLE_INTERMEDIATE_qy,LITTLE_INTERMEDIATE_qz,LITTLE_DISTAL_x,LITTLE_DISTAL_y,LITTLE_DISTAL_z,LITTLE_DISTAL_qw,LITTLE_DISTAL_qx,LITTLE_DISTAL_qy,LITTLE_DISTAL_qz,LITTLE_TIP_x,LITTLE_TIP_y,LITTLE_TIP_z,LITTLE_TIP_qw,LITTLE_TIP_qx,LITTLE_TIP_qy,LITTLE_TIP_qz
1782948415.7526965,2026-07-01 19:26:55.752,17160.0,17160,left,0,1,thumbs_up,2,0.0,0.003969999961555004,-0.04999999701976776,-1.0,-0.0,0.0,0.0,0.0,0.0,0.0,-1.0,-0.0,0.0,0.0,0.025476500391960144,-0.012044699862599373,-0.022234899923205376,-0.8028355240821838,-0.11874639242887497,0.2832304835319519,0.5110136866569519,-5.7220457705398076e-08,-4.3511388270189855e-08,-0.027230437844991684,-0.9976778626441956,0.06811068207025528,0.0,0.0,3.5762786065873797e-09,6.318092005130893e-08,-0.031859491020441055,-0.9940133690834045,0.10925883799791336,0.0,0.0,2.384185648907078e-08,0.0,-0.023122519254684448,-1.0,-0.0,0.0,0.0,0.012359999120235443,0.0032300001475960016,-0.017000000923871994,-0.9990482330322266,-0.0,0.04361938685178757,0.0,0.0021501504816114902,-3.890097104886081e-06,-0.06502876430749893,-0.7104535698890686,0.7037441730499268,3.04649965983117e-05,3.017729068233166e-05,-9.53674295089968e-09,-9.53674295089968e-09,-0.036917347460985184,-0.7071068286895752,0.7071068286895752,0.0,0.0,-2.8610228852699038e-08,-2.98023217215615e-10,-0.0216355137526989,-0.9304175972938538,0.36650118231773376,0.0,0.0,1.2636184010261786e-07,2.98023217215615e-10,-0.018689393997192383,-1.0,-0.0,0.0,0.0,0.0,0.003969999961555004,-0.01750910095870495,-1.0,-0.0,0.0,0.0,0.0,4.610121322912164e-06,-0.06379090249538422,-0.8588241338729858,0.5122706294059753,0.0,0.0,0.0,2.98023217215615e-10,-0.044606998562812805,-0.6714715361595154,0.7410303950309753,0.0,0.0,0.0,0.0,-0.023475991562008858,-0.9412815570831299,0.33762282133102417,0.0,0.0,0.0,0.0,-0.019651994109153748,-1.0,-0.0,0.0,0.0,-0.00711638992652297,0.0018999999156221747,-0.016959700733423233,-0.9961947202682495,-0.0,-0.08715574443340302,0.0,0.0005882433033548295,0.0,-0.060253534466028214,-0.8903360366821289,0.4548390209674835,0.018322952091693878,0.00936050433665514,-1.1086464013487785e-07,-1.490116086078075e-10,-0.04255366697907448,-0.6943461894989014,0.7196412086486816,0.0,0.0,4.5299529460862686e-08,0.0,-0.022088106721639633,-0.9154140949249268,0.4025135040283203,0.0,0.0,-1.4305114426349519e-08,0.0,-0.017740696668624878,-1.0,-0.0,0.0,0.0,-0.013503500260412693,-0.0037700000684708357,-0.014087299816310406,-0.9914448857307434,-0.0,-0.13052619993686676,0.0,-0.004897483624517918,-3.8501621020259336e-06,-0.05743739381432533,-0.9040777683258057,0.42545321583747864,-0.017398124560713768,0.03647270426154137,5.4836270635405526e-08,-2.98023217215615e-10,-0.03276759013533592,-0.7623261213302612,0.6471930742263794,0.0,0.0,-9.298324243900424e-08,0.0,-0.01670967973768711,-0.874462366104126,0.48509344458580017,0.0,0.0,6.19888282926695e-08,0.0,-0.013883084990084171,-1.0,-0.0,0.0,0.0
1782948415.7534087,2026-07-01 19:26:55.753,8527.0,8527,right,0,2,thumbs_up,2,0.0,0.003969999961555004,-0.04999999701976776,-1.0,-0.0,0.0,0.0,0.0,0.0,0.0,-1.0,-0.0,0.0,0.0,-0.025476505979895592,-0.012044684961438179,-0.022234933450818062,-0.8008812665939331,-0.08402294665575027,-0.2860712707042694,-0.5193193554878235,0.0,1.19209286886246e-09,-0.02723044343292713,-0.993765115737915,0.11149422824382782,0.0,0.0,2.38418573772492e-09,-1.19209286886246e-09,-0.031859468668699265,-0.9797403812408447,0.20027180016040802,0.0,0.0,0.0,-3.5762786065873797e-09,-0.023122519254684448,-1.0,-0.0,0.0,0.0,-0.012360505759716034,0.0032300001475960016,-0.016998957842588425,-0.9990482330322266,-0.0,-0.04361938685178757,0.0,-0.002149570034816861,-3.8927792047616094e-06,-0.06502974033355713,-0.7086129784584045,0.7055973410606384,-2.3088105081114918e-05,-2.2989850549492985e-05,0.0,0.0,-0.03691747412085533,-0.7071068286895752,0.7071068286895752,0.0,0.0,-2.38418573772492e-09,-2.98023217215615e-10,-0.02163529396057129,-0.9304175972938538,0.36650118231773376,0.0,0.0,0.0,2.98023217215615e-10,-0.01868978515267372,-1.0,-0.0,0.0,0.0,0.0,0.003969999961555004,-0.017509059980511665,-1.0,-0.0,0.0,0.0,0.0,4.611611075233668e-06,-0.0637909397482872,-0.8642885088920593,0.5029965043067932,0.0,0.0,0.0,2.98023217215615e-10,-0.04460655897855759,-0.67490553855896,0.7379041314125061,0.0,0.0,0.0,-2.98023217215615e-10,-0.02347646653652191,-0.941486656665802,0.33705025911331177,0.0,0.0,0.0,0.0,-0.019652195274829865,-1.0,-0.0,0.0,0.0,0.00711638480424881,0.0018999999156221747,-0.016959700733423233,-0.9961947202682495,-0.0,0.08715574443340302,0.0,-0.0005882382392883301,0.0,-0.060253534466028214,-0.8297367095947266,0.5577272772789001,-0.018131565302610397,-0.01218933705240488,1.19209286886246e-09,-1.490116086078075e-10,-0.04255415499210358,-0.6565070152282715,0.754319965839386,0.0,0.0,-2.38418573772492e-09,0.0,-0.02208789810538292,-0.9086958169937134,0.4174589216709137,0.0,0.0,0.0,0.0,-0.017740869894623756,-1.0,-0.0,0.0,0.0,0.013503451831638813,-0.0037700000684708357,-0.014087309129536152,-0.9914448857307434,-0.0,0.13052619993686676,0.0,0.0048975334502756596,-3.847479547403054e-06,-0.05743739381432533,-0.7976070046424866,0.602405846118927,-0.00522896321490407,-0.03005072847008705,4.76837147544984e-09,-2.98023217215615e-10,-0.03276757150888443,-0.713771641254425,0.7003785371780396,0.0,0.0,2.38418573772492e-09,0.0,-0.016709718853235245,-0.8461501598358154,0.5329446792602539,0.0,0.0,0.0,0.0,-0.01388302817940712,-1.0,-0.0,0.0,0.0
1782948415.959418,2026-07-01 19:26:55.959,17164.0,17164,left,0,1,thumbs_up,2,0.0,0.003969999961555004,-0.04999999701976776,-1.0,-0.0,0.0,0.0,0.0,0.0,0.0,-1.0,-0.0,0.0,0.0,0.025476500391960144,-0.012044699862599373,-0.022234899923205376,-0.8045294880867004,-0.12502102553844452,0.27880027890205383,0.5092862844467163,-5.7220457705398076e-08,-4.3511388270189855e-08,-0.027230437844991684,-0.9983604550361633,0.0572398342192173,0.0,0.0,3.5762786065873797e-09,6.318092005130893e-08,-0.031859491020441055,-0.9962784051895142,0.08619390428066254,0.0,0.0,2.384185648907078e-08,0.0,-0.023122519254684448,-1.0,-0.0,0.0,0.0,0.012359999120235443,0.0032300001475960016,-0.017000000923871994,-0.9990482330322266,-0.0,0.04361938685178757,0.0,0.0021501504816114902,-3.890097104886081e-06,-0.06502876430749893,-0.7196869850158691,0.6942986249923706,0.00011702653864631429,0.00011261480540269986,-9.53674295089968e-09,-9.53674295089968e-09,-0.036917347460985184,-0.7071068286895752,0.7071068286895752,0.0,0.0,-2.8610228852699038e-08,-2.98023217215615e-10,-0.0216355137526989,-0.9304175972938538,0.36650118231773376,0.0,0.0,1.2636184010261786e-07,2.98023217215615e-10,-0.018689393997192383,-1.0,-0.0,0.0,0.0,0.0,0.003969999961555004,-0.01750910095870495,-1.0,-0.0,0.0,0.0,0.0,4.610121322912164e-06,-0.06379090249538422,-0.8679013252258301,0.49673664569854736,0.0,0.0,0.0,2.98023217215615e-10,-0.044606998562812805,-0.6773030757904053,0.7357041239738464,0.0,0.0,0.0,0.0,-0.023475991562008858,-0.9416318535804749,0.33664441108703613,0.0,0.0,0.0,0.0,-0.019651994109153748,-1.0,-0.0,0.0,0.0,-0.00711638992652297,0.0018999999156221747,-0.016959700733423233,-0.9961947202682495,-0.0,-0.08715574443340302,0.0,0.0005882433033548295,0.0,-0.060253534466028214,-0.8953298330307007,0.4449658989906311,0.01768212951719761,0.008787761442363262,-1.1086464013487785e-07,-1.490116086078075e-10,-0.04255366697907448,-0.6986450552940369,0.7154684662818909,0.0,0.0,4.5299529460862686e-08,0.0,-0.022088106721639633,-0.9161885976791382,0.40074750781059265,0.0,0.0,-1.4305114426349519e-08,0.0,-0.017740696668624878,-1.0,-0.0,0.0,0.0,-0.013503500260412693,-0.0037700000684708357,-0.014087299816310406,-0.9914448857307434,-0.0,-0.13052619993686676,0.0,-0.004897483624517918,-3.8501621020259336e-06,-0.05743739381432533,-0.9040777683258057,0.42545321583747864,-0.017398124560713768,0.03647270426154137,5.4836270635405526e-08,-2.98023217215615e-10,-0.03276759013533592,-0.7623261213302612,0.6471930742263794,0.0,0.0,-9.298324243900424e-08,0.0,-0.01670967973768711,-0.874462366104126,0.48509344458580017,0.0,0.0,6.19888282926695e-08,0.0,-0.013883084990084171,-1.0,-0.0,0.0,0.0
1782948415.9717376,2026-07-01 19:26:55.971,8555.0,8555,right,0,2,thumbs_up,2,0.0,0.003969999961555004,-0.04999999701976776,-1.0,-0.0,0.0,0.0,0.0,0.0,0.0,-1.0,-0.0,0.0,0.0,-0.025476505979895592,-0.012044684961438179,-0.022234933450818062,-0.8029921054840088,-0.09685947746038437,-0.28146031498908997,-0.5163351893424988,0.0,1.19209286886246e-09,-0.02723044343292713,-0.995685875415802,0.0927882045507431,0.0,0.0,2.38418573772492e-09,-1.19209286886246e-09,-0.031859468668699265,-0.9868086576461792,0.16189108788967133,0.0,0.0,0.0,-3.5762786065873797e-09,-0.023122519254684448,-1.0,-0.0,0.0,0.0,-0.012360505759716034,0.0032300001475960016,-0.016998957842588425,-0.9990482330322266,-0.0,-0.04361938685178757,0.0,-0.002149570034816861,-3.8927792047616094e-06,-0.06502974033355713,-0.7086129784584045,0.7055973410606384,-2.3088105081114918e-05,-2.2989850549492985e-05,0.0,0.0,-0.03691747412085533,-0.7071068286895752,0.7071068286895752,0.0,0.0,-2.38418573772492e-09,-2.98023217215615e-10,-0.02163529396057129,-0.9304175972938538,0.36650118231773376,0.0,0.0,0.0,2.98023217215615e-10,-0.01868978515267372,-1.0,-0.0,0.0,0.0,0.0,0.003969999961555004,-0.017509059980511665,-1.0,-0.0,0.0,0.0,0.0,4.611611075233668e-06,-0.0637909397482872,-0.8696907758712769,0.49359697103500366,0.0,0.0,0.0,2.98023217215615e-10,-0.04460655897855759,-0.678499162197113,0.7346011996269226,0.0,0.0,0.0,-2.98023217215615e-10,-0.02347646653652191,-0.9417043924331665,0.3364414572715759,0.0,0.0,0.0,0.0,-0.019652195274829865,-1.0,-0.0,0.0,0.0,0.00711638480424881,0.0018999999156221747,-0.016959700733423233,-0.9961947202682495,-0.0,0.08715574443340302,0.0,-0.0005882382392883301,0.0,-0.060253534466028214,-0.8306757807731628,0.5563345551490784,-0.01800706796348095,-0.012060003355145454,1.19209286886246e-09,-1.490116086078075e-10,-0.04255415499210358,-0.6568990349769592,0.7539785504341125,0.0,0.0,-2.38418573772492e-09,0.0,-0.02208789810538292,-0.9087644815444946,0.4173094928264618,0.0,0.0,0.0,0.0,-0.017740869894623756,-1.0,-0.0,0.0,0.0,0.013503451831638813,-0.0037700000684708357,-0.014087309129536152,-0.9914448857307434,-0.0,0.13052619993686676,0.0,0.0048975334502756596,-3.847479547403054e-06,-0.05743739381432533,-0.7976070046424866,0.602405846118927,-0.00522896321490407,-0.03005072847008705,4.76837147544984e-09,-2.98023217215615e-10,-0.03276757150888443,-0.713771641254425,0.7003785371780396,0.0,0.0,2.38418573772492e-09,0.0,-0.016709718853235245,-0.8461501598358154,0.5329446792602539,0.0,0.0,0.0,0.0,-0.01388302817940712,-1.0,-0.0,0.0,0.0
1782948416.1618588,2026-07-01 19:26:56.161,17166.0,17166,left,0,1,thumbs_up,2,0.0,0.003969999961555004,-0.04999999701976776,-1.0,-0.0,0.0,0.0,0.0,0.0,0.0,-1.0,-0.0,0.0,0.0,0.025476500391960144,-0.012044699862599373,-0.022234899923205376,-0.8052759170532227,-0.12786811590194702,0.27679315209388733,0.5084938406944275,-5.7220457705398076e-08,-4.3511388270189855e-08,-0.027230437844991684,-0.9986312985420227,0.05230318009853363,0.0,0.0,3.5762786065873797e-09,6.318092005130893e-08,-0.031859491020441055,-0.9971159100532532,0.07589401304721832,0.0,0.0,2.384185648907078e-08,0.0,-0.023122519254684448,-1.0,-0.0,0.0,0.0,0.012359999120235443,0.0032300001475960016,-0.017000000923871994,-0.9990482330322266,-0.0,0.04361938685178757,0.0,0.0021501504816114902,-3.890097104886081e-06,-0.06502876430749893,-0.7243289351463318,0.6894546151161194,0.00016167470312211663,0.00015389053442049772,-9.53674295089968e-09,-9.53674295089968e-09,-0.036917347460985184,-0.7071068286895752,0.7071068286895752,0.0,0.0,-2.8610228852699038e-08,-2.98023217215615e-10,-0.0216355137526989,-0.9304175972938538,0.36650118231773376,0.0,0.0,1.2636184010261786e-07,2.98023217215615e-10,-0.018689393997192383,-1.0,-0.0,0.0,0.0,0.0,0.003969999961555004,-0.01750910095870495,-1.0,-0.0,0.0,0.0,0.0,4.610121322912164e-06,-0.06379090249538422,-0.8750227689743042,0.48408180475234985,0.0,0.0,0.0,2.98023217215615e-10,-0.044606998562812805,-0.6822461485862732,0.7311225533485413,0.0,0.0,0.0,0.0,-0.023475991562008858,-0.9419345855712891,0.3357965350151062,0.0,0.0,0.0,0.0,-0.019651994109153748,-1.0,-0.0,0.0,0.0,-0.00711638992652297,0.0018999999156221747,-0.016959700733423233,-0.9961947202682495,-0.0,-0.08715574443340302,0.0,0.0005882433033548295,0.0,-0.060253534466028214,-0.8986018300056458,0.43834519386291504,0.01724686473608017,0.00841543823480606,-1.1086464013487785e-07,-1.490116086078075e-10,-0.04255366697907448,-0.7015956044197083,0.7125753164291382,0.0,0.0,4.5299529460862686e-08,0.0,-0.022088106721639633,-0.9167216420173645,0.39952656626701355,0.0,0.0,-1.4305114426349519e-08,0.0,-0.017740696668624878,-1.0,-0.0,0.0,0.0,-0.013503500260412693,-0.0037700000684708357,-0.014087299816310406,-0.9914448857307434,-0.0,-0.13052619993686676,0.0,-0.004897483624517918,-3.8501621020259336e-06,-0.05743739381432533,-0.9040777683258057,0.42545321583747864,-0.017398124560713768,0.03647270426154137,5.4836270635405526e-08,-2.98023217215615e-10,-0.03276759013533592,-0.7623261213302612,0.6471930742263794,0.0,0.0,-9.298324243900424e-08,0.0,-0.01670967973768711,-0.874462366104126,0.48509344458580017,0.0,0.0,6.19888282926695e-08,0.0,-0.013883084990084171,-1.0,-0.0,0.0,0.0
1782948416.1830199,2026-07-01 19:26:56.183,8568.0,8568,right,0,2,thumbs_up,2,0.0,0.003969999961555004,-0.04999999701976776,-1.0,-0.0,0.0,0.0,0.0,0.0,0.0,-1.0,-0.0,0.0,0.0,-0.025476505979895592,-0.012044684961438179,-0.022234933450818062,-0.8002639412879944,-0.08041567355394363,-0.28737297654151917,-0.5201228260993958,0.0,1.19209286886246e-09,-0.02723044343292713,-0.9931607842445374,0.11675507575273514,0.0,0.0,2.38418573772492e-09,-1.19209286886246e-09,-0.031859468668699265,-0.9776074886322021,0.2104366421699524,0.0,0.0,0.0,-3.5762786065873797e-09,-0.023122519254684448,-1.0,-0.0,0.0,0.0,-0.012360505759716034,0.0032300001475960016,-0.016998957842588425,-0.9990482330322266,-0.0,-0.04361938685178757,0.0,-0.002149570034816861,-3.8927792047616094e-06,-0.06502974033355713,-0.7086129784584045,0.7055973410606384,-2.3088105081114918e-05,-2.2989850549492985e-05,0.0,0.0,-0.03691747412085533,-0.7071068286895752,0.7071068286895752,0.0,0.0,-2.38418573772492e-09,-2.98023217215615e-10,-0.02163529396057129,-0.9304175972938538,0.36650118231773376,0.0,0.0,0.0,2.98023217215615e-10,-0.01868978515267372,-1.0,-0.0,0.0,0.0,0.0,0.003969999961555004,-0.017509059980511665,-1.0,-0.0,0.0,0.0,0.0,4.611611075233668e-06,-0.0637909397482872,-0.859741747379303,0.5107290148735046,0.0,0.0,0.0,2.98023217215615e-10,-0.04460655897855759,-0.6720449328422546,0.7405104637145996,0.0,0.0,0.0,-2.98023217215615e-10,-0.02347646653652191,-0.9413157105445862,0.33752739429473877,0.0,0.0,0.0,0.0,-0.019652195274829865,-1.0,-0.0,0.0,0.0,0.00711638480424881,0.0018999999156221747,-0.016959700733423233,-0.9961947202682495,-0.0,0.08715574443340302,0.0,-0.0005882382392883301,0.0,-0.060253534466028214,-0.7859955430030823,0.6175133585929871,-0.023434825241565704,-0.018414130434393883,1.19209286886246e-09,-1.490116086078075e-10,-0.04255415499210358,-0.643958330154419,0.7650606036186218,0.0,0.0,-2.38418573772492e-09,0.0,-0.02208789810538292,-0.906510055065155,0.4221843183040619,0.0,0.0,0.0,0.0,-0.017740869894623756,-1.0,-0.0,0.0,0.0,0.013503451831638813,-0.0037700000684708357,-0.014087309129536152,-0.9914448857307434,-0.0,0.13052619993686676,0.0,0.0048975334502756596,-3.847479547403054e-06,-0.05743739381432533,-0.8131125569343567,0.5813784599304199,-0.0006511174724437296,-0.02909821830689907,4.76837147544984e-09,-2.98023217215615e-10,-0.03276757150888443,-0.7178195714950562,0.6962292790412903,0.0,0.0,2.38418573772492e-09,0.0,-0.016709718853235245,-0.8486319780349731,0.5289837718009949,0.0,0.0,0.0,0.0,-0.01388302817940712,-1.0,-0.0,0.0,0.0
1782948416.3646476,2026-07-01 19:26:56.364,17167.0,17167,left,0,1,thumbs_up,2,0.0,0.003969999961555004,-0.04999999701976776,-1.0,-0.0,0.0,0.0,0.0,0.0,0.0,-1.0,-0.0,0.0,0.0,0.025476500391960144,-0.012044699862599373,-0.022234899923205376,-0.8060144186019897,-0.1307479441165924,0.27477121353149414,0.5076874494552612,-5.7220457705398076e-08,-4.3511388270189855e-08,-0.027230437844991684,-0.9988803267478943,0.04730822518467903,0.0,0.0,3.5762786065873797e-09,6.318092005130893e-08,-0.031859491020441055,-0.9978384971618652,0.0657142847776413,0.0,0.0,2.384185648907078e-08,0.0,-0.023122519254684448,-1.0,-0.0,0.0,0.0,0.012359999120235443,0.0032300001475960016,-0.017000000923871994,-0.9990482330322266,-0.0,0.04361938685178757,0.0,0.0021501504816114902,-3.890097104886081e-06,-0.06502876430749893,-0.7243289351463318,0.6894546151161194,0.00016167470312211663,0.00015389053442049772,-9.53674295089968e-09,-9.53674295089968e-09,-0.036917347460985184,-0.7071068286895752,0.7071068286895752,0.0,0.0,-2.8610228852699038e-08,-2.98023217215615e-10,-0.0216355137526989,-0.9304175972938538,0.36650118231773376,0.0,0.0,1.2636184010261786e-07,2.98023217215615e-10,-0.018689393997192383,-1.0,-0.0,0.0,0.0,0.0,0.003969999961555004,-0.01750910095870495,-1.0,-0.0,0.0,0.0,0.0,4.610121322912164e-06,-0.06379090249538422,-0.8750227689743042,0.48408180475234985,0.0,0.0,0.0,2.98023217215615e-10,-0.044606998562812805,-0.6822461485862732,0.7311225533485413,0.0,0.0,0.0,0.0,-0.023475991562008858,-0.9419345855712891,0.3357965350151062,0.0,0.0,0.0,0.0,-0.019651994109153748,-1.0,-0.0,0.0,0.0,-0.00711638992652297,0.0018999999156221747,-0.016959700733423233,-0.9961947202682495,-0.0,-0.08715574443340302,0.0,0.0005882433033548295,0.0,-0.060253534466028214,-0.9002193808555603,0.43502578139305115,0.017028871923685074,0.008229102939367294,-1.1086464013487785e-07,-1.490116086078075e-10,-0.04255366697907448,-0.7030664682388306,0.7111241817474365,0.0,0.0,4.5299529460862686e-08,0.0,-0.022088106721639633,-0.9169875979423523,0.3989158272743225,0.0,0.0,-1.4305114426349519e-08,0.0,-0.017740696668624878,-1.0,-0.0,0.0,0.0,-0.013503500260412693,-0.0037700000684708357,-0.014087299816310406,-0.9914448857307434,-0.0,-0.13052619993686676,0.0,-0.004897483624517918,-3.8501621020259336e-06,-0.05743739381432533,-0.9061064720153809,0.42110347747802734,-0.01796680875122547,0.03633449226617813,5.4836270635405526e-08,-2.98023217215615e-10,-0.03276759013533592,-0.7638422250747681,0.6454029679298401,0.0,0.0,-9.298324243900424e-08,0.0,-0.01670967973768711,-0.8753032088279724,0.4835744798183441,0.0,0.0,6.19888282926695e-08,0.0,-0.013883084990084171,-1.0,-0.0,0.0,0.0
1782948416.3879805,2026-07-01 19:26:56.387,8581.0,8581,right,0,2,thumbs_up,2,0.0,0.003969999961555004,-0.04999999701976776,-1.0,-0.0,0.0,0.0,0.0,0.0,0.0,-1.0,-0.0,0.0,0.0,-0.025476505979895592,-0.012044684961438179,-0.022234933450818062,-0.7969761490821838,-0.06230275705456734,-0.2939046323299408,-0.5239919424057007,0.0,1.19209286886246e-09,-0.02723044343292713,-0.9896982312202454,0.14316922426223755,0.0,0.0,2.38418573772492e-09,-1.19209286886246e-09,-0.031859468668699265,-0.9658518433570862,0.2590950131416321,0.0,0.0,0.0,-3.5762786065873797e-09,-0.023122519254684448,-1.0,-0.0,0.0,0.0,-0.012360505759716034,0.0032300001475960016,-0.016998957842588425,-0.9990482330322266,-0.0,-0.04361938685178757,0.0,-0.002149570034816861,-3.8927792047616094e-06,-0.06502974033355713,-0.7138537168502808,0.7002948522567749,-0.00010462317004567012,-9.961884643416852e-05,0.0,0.0,-0.03691747412085533,-0.7071068286895752,0.7071068286895752,0.0,0.0,-2.38418573772492e-09,-2.98023217215615e-10,-0.02163529396057129,-0.9304175972938538,0.36650118231773376,0.0,0.0,0.0,2.98023217215615e-10,-0.01868978515267372,-1.0,-0.0,0.0,0.0,0.0,0.003969999961555004,-0.017509059980511665,-1.0,-0.0,0.0,0.0,0.0,4.611611075233668e-06,-0.0637909397482872,-0.8652502298355103,0.5013401508331299,0.0,0.0,0.0,2.98023217215615e-10,-0.04460655897855759,-0.6757904291152954,0.7370938062667847,0.0,0.0,0.0,-2.98023217215615e-10,-0.02347646653652191,-0.9415445327758789,0.33688855171203613,0.0,0.0,0.0,0.0,-0.019652195274829865,-1.0,-0.0,0.0,0.0,0.00711638480424881,0.0018999999156221747,-0.016959700733423233,-0.9961947202682495,-0.0,0.08715574443340302,0.0,-0.0005882382392883301,0.0,-0.060253534466028214,-0.7886497974395752,0.6141402125358582,-0.023103147745132446,-0.01815325766801834,1.19209286886246e-09,-1.490116086078075e-10,-0.04255415499210358,-0.6457605361938477,0.7635400295257568,0.0,0.0,-2.38418573772492e-09,0.0,-0.02208789810538292,-0.9068241715431213,0.4215092062950134,0.0,0.0,0.0,0.0,-0.017740869894623756,-1.0,-0.0,0.0,0.0,0.013503451831638813,-0.0037700000684708357,-0.014087309129536152,-0.9914448857307434,-0.0,0.13052619993686676,0.0,0.0048975334502756596,-3.847479547403054e-06,-0.05743739381432533,-0.8215153813362122,0.5694704651832581,0.0017134180525317788,-0.028512705117464066,4.76837147544984e-09,-2.98023217215615e-10,-0.03276757150888443,-0.7206425070762634,0.6933068633079529,0.0,0.0,2.38418573772492e-09,0.0,-0.016709718853235245,-0.8503332734107971,0.526244580745697,0.0,0.0,0.0,0.0,-0.01388302817940712,-1.0,-0.0,0.0,0.0
1782948416.5711918,2026-07-01 19:26:56.571,17169.0,17169,left,0,1,thumbs_up,2,0.0,0.003969999961555004,-0.04999999701976776,-1.0,-0.0,0.0,0.0,0.0,0.0,0.0,-1.0,-0.0,0.0,0.0,0.025476500391960144,-0.012044699862599373,-0.022234899923205376,-0.8058274388313293,-0.13001787662506104,0.2752860188484192,0.5078928470611572,-5.7220457705398076e-08,-4.3511388270189855e-08,-0.027230437844991684,-0.9988195300102234,0.04857533425092697,0.0,0.0,3.5762786065873797e-09,6.318092005130893e-08,-0.031859491020441055,-0.9976628422737122,0.06832873076200485,0.0,0.0,2.384185648907078e-08,0.0,-0.023122519254684448,-1.0,-0.0,0.0,0.0,0.012359999120235443,0.0032300001475960016,-0.017000000923871994,-0.9990482330322266,-0.0,0.04361938685178757,0.0,0.0021501504816114902,-3.890097104886081e-06,-0.06502876430749893,-0.7243289351463318,0.6894546151161194,0.00016167470312211663,0.00015389053442049772,-9.53674295089968e-09,-9.53674295089968e-09,-0.036917347460985184,-0.7071068286895752,0.7071068286895752,0.0,0.0,-2.8610228852699038e-08,-2.98023217215615e-10,-0.0216355137526989,-0.9304175972938538,0.36650118231773376,0.0,0.0,1.2636184010261786e-07,2.98023217215615e-10,-0.018689393997192383,-1.0,-0.0,0.0,0.0,0.0,0.003969999961555004,-0.01750910095870495,-1.0,-0.0,0.0,0.0,0.0,4.610121322912164e-06,-0.06379090249538422,-0.8750227689743042,0.48408180475234985,0.0,0.0,0.0,2.98023217215615e-10,-0.044606998562812805,-0.6822461485862732,0.7311225533485413,0.0,0.0,0.0,0.0,-0.023475991562008858,-0.9419345855712891,0.3357965350151062,0.0,0.0,0.0,0.0,-0.019651994109153748,-1.0,-0.0,0.0,0.0,-0.00711638992652297,0.0018999999156221747,-0.016959700733423233,-0.9961947202682495,-0.0,-0.08715574443340302,0.0,0.0005882433033548295,0.0,-0.060253534466028214,-0.8945052027702332,0.4466152489185333,0.01778908632695675,0.008883294649422169,-1.1086464013487785e-07,-1.490116086078075e-10,-0.04255366697907448,-0.6979302763938904,0.7161657214164734,0.0,0.0,4.5299529460862686e-08,0.0,-0.022088106721639633,-0.9160597324371338,0.4010419249534607,0.0,0.0,-1.4305114426349519e-08,0.0,-0.017740696668624878,-1.0,-0.0,0.0,0.0,-0.013503500260412693,-0.0037700000684708357,-0.014087299816310406,-0.9914448857307434,-0.0,-0.13052619993686676,0.0,-0.004897483624517918,-3.8501621020259336e-06,-0.05743739381432533,-0.9061064720153809,0.42110344767570496,-0.01796681061387062,0.03633449599146843,5.4836270635405526e-08,-2.98023217215615e-10,-0.03276759013533592,-0.7638422846794128,0.6454030275344849,0.0,0.0,-9.298324243900424e-08,0.0,-0.01670967973768711,-0.8753032088279724,0.4835745096206665,0.0,0.0,6.19888282926695e-08,0.0,-0.013883084990084171,-1.0,-0.0,0.0,0.0
1782948416.6029103,2026-07-01 19:26:56.602,8593.0,8593,right,0,2,thumbs_up,2,0.0,0.003969999961555004,-0.04999999701976776,-1.0,-0.0,0.0,0.0,0.0,0.0,0.0,-1.0,-0.0,0.0,0.0,-0.025476505979895592,-0.012044684961438179,-0.022234933450818062,-0.8030681014060974,-0.09711255878210068,-0.28138279914855957,-0.5162116885185242,0.0,1.19209286886246e-09,-0.02723044343292713,-0.9957212209701538,0.0924081951379776,0.0,0.0,2.38418573772492e-09,-1.19209286886246e-09,-0.031859468668699265,-0.9871088266372681,0.16005057096481323,0.0,0.0,0.0,-3.5762786065873797e-09,-0.023122519254684448,-1.0,-0.0,0.0,0.0,-0.012360505759716034,0.0032300001475960016,-0.016998957842588425,-0.9990482330322266,-0.0,-0.04361938685178757,0.0,-0.002149570034816861,-3.8927792047616094e-06,-0.06502974033355713,-0.923056423664093,0.38463225960731506,-0.0046141743659973145,-0.0018929877551272511,0.0,0.0,-0.03691747412085533,-0.7694263458251953,0.6387355923652649,0.0,0.0,-2.38418573772492e-09,-2.98023217215615e-10,-0.02163529396057129,-0.9444586038589478,0.32863056659698486,0.0,0.0,0.0,2.98023217215615e-10,-0.01868978515267372,-1.0,-0.0,0.0,0.0,0.0,0.003969999961555004,-0.017509059980511665,-1.0,-0.0,0.0,0.0,0.0,4.611611075233668e-06,-0.0637909397482872,-0.9997708797454834,0.02140561118721962,0.0,0.0,0.0,2.98023217215615e-10,-0.04460655897855759,-0.980896532535553,0.19453004002571106,0.0,0.0,0.0,-2.98023217215615e-10,-0.02347646653652191,-0.9808930158615112,0.19454796612262726,0.0,0.0,0.0,0.0,-0.019652195274829865,-1.0,-0.0,0.0,0.0,0.00711638480424881,0.0018999999156221747,-0.016959700733423233,-0.9961947202682495,-0.0,0.08715574443340302,0.0,-0.0005882382392883301,0.0,-0.060253534466028214,-0.9945598840713501,0.10400470346212387,0.005775670055299997,0.0005737425526604056,1.19209286886246e-09,-1.490116086078075e-10,-0.04255415499210358,-0.9151758551597595,0.4030548334121704,0.0,0.0,-2.38418573772492e-09,0.0,-0.02208789810538292,-0.959398090839386,0.28205567598342896,0.0,0.0,0.0,0.0,-0.017740869894623756,-1.0,-0.0,0.0,0.0,0.013503451831638813,-0.0037700000684708357,-0.014087309129536152,-0.9914448857307434,-0.0,0.13052619993686676,0.0,0.0048975334502756596,-3.847479547403054e-06,-0.05743739381432533,-0.9941990971565247,0.09497728198766708,0.04575619474053383,-0.021303871646523476,4.76837147544984e-09,-2.98023217215615e-10,-0.03276757150888443,-0.9371252655982971,0.34899312257766724,0.0,0.0,2.38418573772492e-09,0.0,-0.016709718853235245,-0.9563843607902527,0.2921113073825836,0.0,0.0,0.0,0.0,-0.01388302817940712,-1.0,-0.0,0.0,0.0
1782948416.7807872,2026-07-01 19:26:56.780,17171.0,17171,left,0,1,thumbs_up,2,0.0,0.003969999961555004,-0.04999999701976776,-1.0,-0.0,0.0,0.0,0.0,0.0,0.0,-1.0,-0.0,0.0,0.0,0.025476500391960144,-0.012044699862599373,-0.022234899923205376,-0.7996254563331604,-0.10744021087884903,0.29119640588760376,0.5140627026557922,-5.7220457705398076e-08,-4.3511388270189855e-08,-0.027230437844991684,-0.9961504936218262,0.08765942603349686,0.0,0.0,3.5762786065873797e-09,6.318092005130893e-08,-0.031859491020441055,-0.9885267615318298,0.1510457992553711,0.0,0.0,2.384185648907078e-08,0.0,-0.023122519254684448,-1.0,-0.0,0.0,0.0,0.012359999120235443,0.0032300001475960016,-0.017000000923871994,-0.9990482330322266,-0.0,0.04361938685178757,0.0,0.0021501504816114902,-3.890097104886081e-06,-0.06502876430749893,-0.7801182270050049,0.6256312727928162,0.0008629144867882133,0.0005202683387324214,-9.53674295089968e-09,-9.53674295089968e-09,-0.036917347460985184,-0.7165650725364685,0.6975202560424805,0.0,0.0,-2.8610228852699038e-08,-2.98023217215615e-10,-0.0216355137526989,-0.9326345920562744,0.3608223795890808,0.0,0.0,1.2636184010261786e-07,2.98023217215615e-10,-0.018689393997192383,-1.0,-0.0,0.0,0.0,0.0,0.003969999961555004,-0.01750910095870495,-1.0,-0.0,0.0,0.0,0.0,4.610121322912164e-06,-0.06379090249538422,-0.9193950891494751,0.39333534240722656,0.0,0.0,0.0,2.98023217215615e-10,-0.044606998562812805,-0.7376002669334412,0.6752376556396484,0.0,0.0,0.0,0.0,-0.023475991562008858,-0.9462553858757019,0.3234204649925232,0.0,0.0,0.0,0.0,-0.019651994109153748,-1.0,-0.0,0.0,0.0,-0.00711638992652297,0.0018999999156221747,-0.016959700733423233,-0.9961947202682495,-0.0,-0.08715574443340302,0.0,0.0005882433033548295,0.0,-0.060253534466028214,-0.9113941192626953,0.4111874997615814,0.015189461410045624,0.007406105753034353,-1.1086464013487785e-07,-1.490116086078075e-10,-0.04255366697907448,-0.7181499004364014,0.695888340473175,0.0,0.0,4.5299529460862686e-08,0.0,-0.022088106721639633,-0.9197837114334106,0.3924257457256317,0.0,0.0,-1.4305114426349519e-08,0.0,-0.017740696668624878,-1.0,-0.0,0.0,0.0,-0.013503500260412693,-0.0037700000684708357,-0.014087299816310406,-0.9914448857307434,-0.0,-0.13052619993686676,0.0,-0.004897483624517918,-3.8501621020259336e-06,-0.05743739381432533,-0.8988826870918274,0.4363808333873749,-0.015591949224472046,0.036586809903383255,5.4836270635405526e-08,-2.98023217215615e-10,-0.03276759013533592,-0.7601828575134277,0.6497092247009277,0.0,0.0,-9.298324243900424e-08,0.0,-0.01670967973768711,-0.8731078505516052,0.48752713203430176,0.0,0.0,6.19888282926695e-08,0.0,-0.013883084990084171,-1.0,-0.0,0.0,0.0
1782948416.8039854,2026-07-01 19:26:56.803,8605.0,8605,right,0,2,thumbs_up,2,0.0,0.003969999961555004,-0.04999999701976776,-1.0,-0.0,0.0,0.0,0.0,0.0,0.0,-1.0,-0.0,0.0,0.0,-0.025476505979895592,-0.012044684961438179,-0.022234933450818062,-0.8093655109405518,-0.14027658104896545,-0.26506558060646057,-0.5049654841423035,0.0,1.19209286886246e-09,-0.02723044343292713,-0.9995962381362915,0.028414038941264153,0.0,0.0,2.38418573772492e-09,-1.19209286886246e-09,-0.031859468668699265,-0.9995333552360535,0.03054576925933361,0.0,0.0,0.0,-3.5762786065873797e-09,-0.023122519254684448,-1.0,-0.0,0.0,0.0,-0.012360505759716034,0.0032300001475960016,-0.016998957842588425,-0.9990482330322266,-0.0,-0.04361938685178757,0.0,-0.002149570034816861,-3.8927792047616094e-06,-0.06502974033355713,-0.9589005708694458,0.2836918532848358,-0.005254766903817654,-0.0009251510491594672,0.0,0.0,-0.03691747412085533,-0.8757839202880859,0.48270338773727417,0.0,0.0,-2.38418573772492e-09,-2.98023217215615e-10,-0.02163529396057129,-0.9621244072914124,0.272610604763031,0.0,0.0,0.0,2.98023217215615e-10,-0.01868978515267372,-1.0,-0.0,0.0,0.0,0.0,0.003969999961555004,-0.017509059980511665,-1.0,-0.0,0.0,0.0,0.0,4.611611075233668e-06,-0.0637909397482872,-0.9999774694442749,0.0067144837230443954,0.0,0.0,0.0,2.98023217215615e-10,-0.04460655897855759,-0.9941002726554871,0.10846512019634247,0.0,0.0,0.0,-2.98023217215615e-10,-0.02347646653652191,-0.9918616414070129,0.12732049822807312,0.0,0.0,0.0,0.0,-0.019652195274829865,-1.0,-0.0,0.0,0.0,0.00711638480424881,0.0018999999156221747,-0.016959700733423233,-0.9961947202682495,-0.0,0.08715574443340302,0.0,-0.0005882382392883301,0.0,-0.060253534466028214,-0.9991412162780762,0.03739287331700325,0.017844850197434425,0.0003958498127758503,1.19209286886246e-09,-1.490116086078075e-10,-0.04255415499210358,-0.9694108366966248,0.24544364213943481,0.0,0.0,-2.38418573772492e-09,0.0,-0.02208789810538292,-0.9737723469734192,0.22752459347248077,0.0,0.0,0.0,0.0,-0.017740869894623756,-1.0,-0.0,0.0,0.0,0.013503451831638813,-0.0037700000684708357,-0.014087309129536152,-0.9914448857307434,-0.0,0.13052619993686676,0.0,0.0048975334502756596,-3.847479547403054e-06,-0.05743739381432533,-0.9983344674110413,0.026407038792967796,0.05067520961165428,-0.007941876538097858,4.76837147544984e-09,-2.98023217215615e-10,-0.03276757150888443,-0.9784508943557739,0.20647963881492615,0.0,0.0,2.38418573772492e-09,0.0,-0.016709718853235245,-0.9746122360229492,0.22389960289001465,0.0,0.0,0.0,0.0,-0.01388302817940712,-1.0,-0.0,0.0,0.0
1782948416.997495,2026-07-01 19:26:56.997,17172.0,17172,left,0,1,thumbs_up,2,0.0,0.003969999961555004,-0.04999999701976776,-1.0,-0.0,0.0,0.0,0.0,0.0,0.0,-1.0,-0.0,0.0,0.0,0.025476500391960144,-0.012044699862599373,-0.022234899923205376,-0.8079559206962585,-0.13872888684272766,0.26926660537719727,0.5054275989532471,-5.7220457705398076e-08,-4.3511388270189855e-08,-0.027230437844991684,-0.9994397759437561,0.03346853330731392,0.0,0.0,3.5762786065873797e-09,6.318092005130893e-08,-0.031859491020441055,-0.9991992115974426,0.040011558681726456,0.0,0.0,2.384185648907078e-08,0.0,-0.023122519254684448,-1.0,-0.0,0.0,0.0,0.012359999120235443,0.0032300001475960016,-0.017000000923871994,-0.9990482330322266,-0.0,0.04361938685178757,0.0,0.0021501504816114902,-3.890097104886081e-06,-0.06502876430749893,-0.9972161054611206,0.07421685755252838,0.007180126383900642,0.0005315327434800565,-9.53674295089968e-09,-9.53674295089968e-09,-0.036917347460985184,-0.9446613788604736,0.32804715633392334,0.0,0.0,-2.8610228852699038e-08,-2.98023217215615e-10,-0.0216355137526989,-0.9772403836250305,0.21213503181934357,0.0,0.0,1.2636184010261786e-07,2.98023217215615e-10,-0.018689393997192383,-1.0,-0.0,0.0,0.0,0.0,0.003969999961555004,-0.01750910095870495,-1.0,-0.0,0.0,0.0,0.0,4.610121322912164e-06,-0.06379090249538422,-1.0,0.00024118251167237759,0.0,0.0,0.0,2.98023217215615e-10,-0.044606998562812805,-0.9965910315513611,0.08250056952238083,0.0,0.0,0.0,0.0,-0.023475991562008858,-0.9935357570648193,0.11351953446865082,0.0,0.0,0.0,0.0,-0.019651994109153748,-1.0,-0.0,0.0,0.0,-0.00711638992652297,0.0018999999156221747,-0.016959700733423233,-0.9961947202682495,-0.0,-0.08715574443340302,0.0,0.0005882433033548295,0.0,-0.060253534466028214,-0.9993574619293213,0.02897634729743004,-0.02108900435268879,-0.0006078757578507066,-1.1086464013487785e-07,-1.490116086078075e-10,-0.04255366697907448,-0.9729220271110535,0.23113366961479187,0.0,0.0,4.5299529460862686e-08,0.0,-0.022088106721639633,-0.9738596677780151,0.227150559425354,0.0,0.0,-1.4305114426349519e-08,0.0,-0.017740696668624878,-1.0,-0.0,0.0,0.0,-0.013503500260412693,-0.0037700000684708357,-0.014087299816310406,-0.9914448857307434,-0.0,-0.13052619993686676,0.0,-0.004897483624517918,-3.8501621020259336e-06,-0.05743739381432533,-0.9946492314338684,0.09108863770961761,-0.04654691368341446,0.014462543651461601,5.4836270635405526e-08,-2.98023217215615e-10,-0.03276759013533592,-0.9392236471176147,0.3433059751987457,0.0,0.0,-9.298324243900424e-08,0.0,-0.01670967973768711,-0.9573392868041992,0.2889662981033325,0.0,0.0,6.19888282926695e-08,0.0,-0.013883084990084171,-1.0,-0.0,0.0,0.0
1782948417.009526,2026-07-01 19:26:57.009,8618.0,8618,right,0,2,thumbs_up,2,0.0,0.003969999961555004,-0.04999999701976776,-1.0,-0.0,0.0,0.0,0.0,0.0,0.0,-1.0,-0.0,0.0,0.0,-0.025476505979895592,-0.012044684961438179,-0.022234933450818062,-0.7894534468650818,-0.027019301429390907,-0.307481050491333,-0.530555009841919,0.0,1.19209286886246e-09,-0.02723044343292713,-0.980669379234314,0.19567179679870605,0.0,0.0,2.38418573772492e-09,-1.19209286886246e-09,-0.031859468668699265,-0.9427451491355896,0.3335140645503998,0.0,0.0,0.0,-3.5762786065873797e-09,-0.023122519254684448,-1.0,-0.0,0.0,0.0,-0.012360505759716034,0.0032300001475960016,-0.016998957842588425,-0.9990482330322266,-0.0,-0.04361938685178757,0.0,-0.002149570034816861,-3.8927792047616094e-06,-0.06502974033355713,-0.7086129784584045,0.7055973410606384,-2.3088105081114918e-05,-2.2989850549492985e-05,0.0,0.0,-0.03691747412085533,-0.7071068286895752,0.7071068286895752,0.0,0.0,-2.38418573772492e-09,-2.98023217215615e-10,-0.02163529396057129,-0.9304175972938538,0.36650118231773376,0.0,0.0,0.0,2.98023217215615e-10,-0.01868978515267372,-1.0,-0.0,0.0,0.0,0.0,0.003969999961555004,-0.017509059980511665,-1.0,-0.0,0.0,0.0,0.0,4.611611075233668e-06,-0.0637909397482872,-0.8803143501281738,0.47439080476760864,0.0,0.0,0.0,2.98023217215615e-10,-0.04460655897855759,-0.686434805393219,0.7271913886070251,0.0,0.0,0.0,-2.98023217215615e-10,-0.02347646653652191,-0.9422010779380798,0.33504801988601685,0.0,0.0,0.0,0.0,-0.019652195274829865,-1.0,-0.0,0.0,0.0,0.00711638480424881,0.0018999999156221747,-0.016959700733423233,-0.9961947202682495,-0.0,0.08715574443340302,0.0,-0.0005882382392883301,0.0,-0.060253534466028214,-0.7496510744094849,0.6608361601829529,-0.027023354545235634,-0.024261821061372757,1.19209286886246e-09,-1.490116086078075e-10,-0.04255415499210358,-0.6437764167785645,0.7652136087417603,0.0,0.0,-2.38418573772492e-09,0.0,-0.02208789810538292,-0.906479001045227,0.4222509562969208,0.0,0.0,0.0,0.0,-0.017740869894623756,-1.0,-0.0,0.0,0.0,0.013503451831638813,-0.0037700000684708357,-0.014087309129536152,-0.9914448857307434,-0.0,0.13052619993686676,0.0,0.0048975334502756596,-3.847479547403054e-06,-0.05743739381432533,-0.7947188019752502,0.6061968207359314,-0.006473068613559008,-0.03009365126490593,4.76837147544984e-09,-2.98023217215615e-10,-0.03276757150888443,-0.7145273685455322,0.6996074914932251,0.0,0.0,2.38418573772492e-09,0.0,-0.016709718853235245,-0.8465821743011475,0.5322580933570862,0.0,0.0,0.0,0.0,-0.01388302817940712,-1.0,-0.0,0.0,0.0
1782948417.2163143,2026-07-01 19:26:57.216,17174.0,17174,left,0,1,thumbs_up,2,0.0,0.003969999961555004,-0.04999999701976776,-1.0,-0.0,0.0,0.0,0.0,0.0,0.0,-1.0,-0.0,0.0,0.0,0.025476500391960144,-0.012044699862599373,-0.022234899923205376,-0.809577465057373,-0.14576728641986847,0.2644490599632263,0.503391444683075,-5.7220457705398076e-08,-4.3511388270189855e-08,-0.027230437844991684,-0.9997742176055908,0.021249612793326378,0.0,0.0,3.5762786065873797e-09,6.318092005130893e-08,-0.031859491020441055,-0.9998239874839783,0.018763011321425438,0.0,0.0,2.384185648907078e-08,0.0,-0.023122519254684448,-1.0,-0.0,0.0,0.0,0.012359999120235443,0.0032300001475960016,-0.017000000923871994,-0.9990482330322266,-0.0,0.04361938685178757,0.0,0.0021501504816114902,-3.890097104886081e-06,-0.06502876430749893,-0.9808220267295837,0.19482651352882385,0.005448215175420046,0.0010814778506755829,-9.53674295089968e-09,-9.53674295089968e-09,-0.036917347460985184,-0.8551908135414124,0.5183133482933044,0.0,0.0,-2.8610228852699038e-08,-2.98023217215615e-10,-0.0216355137526989,-0.9617932438850403,0.2737768292427063,0.0,0.0,1.2636184010261786e-07,2.98023217215615e-10,-0.018689393997192383,-1.0,-0.0,0.0,0.0,0.0,0.003969999961555004,-0.01750910095870495,-1.0,-0.0,0.0,0.0,0.0,4.610121322912164e-06,-0.06379090249538422,-0.999995231628418,0.0030861510895192623,0.0,0.0,0.0,2.98023217215615e-10,-0.044606998562812805,-0.989844560623169,0.1421537846326828,0.0,0.0,0.0,0.0,-0.023475991562008858,-0.9848535656929016,0.17338824272155762,0.0,0.0,0.0,0.0,-0.019651994109153748,-1.0,-0.0,0.0,0.0,-0.00711638992652297,0.0018999999156221747,-0.016959700733423233,-0.9961947202682495,-0.0,-0.08715574443340302,0.0,0.0005882433033548295,0.0,-0.060253534466028214,-0.9983510375022888,0.054854437708854675,-0.01689566858112812,-0.0009021635632961988,-1.1086464013487785e-07,-1.490116086078075e-10,-0.04255366697907448,-0.9552684426307678,0.29574015736579895,0.0,0.0,4.5299529460862686e-08,0.0,-0.022088106721639633,-0.9686698913574219,0.24835191667079926,0.0,0.0,-1.4305114426349519e-08,0.0,-0.017740696668624878,-1.0,-0.0,0.0,0.0,-0.013503500260412693,-0.0037700000684708357,-0.014087299816310406,-0.9914448857307434,-0.0,-0.13052619993686676,0.0,-0.004897483624517918,-3.8501621020259336e-06,-0.05743739381432533,-0.9840142130851746,0.17171123623847961,-0.041092533618211746,0.023297306150197983,5.4836270635405526e-08,-2.98023217215615e-10,-0.03276759013533592,-0.8806491494178772,0.47376900911331177,0.0,0.0,-9.298324243900424e-08,0.0,-0.01670967973768711,-0.9337469339370728,0.35793381929397583,0.0,0.0,6.19888282926695e-08,0.0,-0.013883084990084171,-1.0,-0.0,0.0,0.0
1782948417.2290747,2026-07-01 19:26:57.229,8629.0,8629,right,0,2,thumbs_up,2,0.0,0.003969999961555004,-0.04999999701976776,-1.0,-0.0,0.0,0.0,0.0,0.0,0.0,-1.0,-0.0,0.0,0.0,-0.025476505979895592,-0.012044684961438179,-0.022234933450818062,-0.7777718305587769,0.01711825095117092,-0.32550957798957825,-0.5374211668968201,0.0,1.19209286886246e-09,-0.02723044343292713,-0.9648751616477966,0.2627086937427521,0.0,0.0,2.38418573772492e-09,-1.19209286886246e-09,-0.031859468668699265,-0.9065699577331543,0.4220556616783142,0.0,0.0,0.0,-3.5762786065873797e-09,-0.023122519254684448,-1.0,-0.0,0.0,0.0,-0.012360505759716034,0.0032300001475960016,-0.016998957842588425,-0.9990482330322266,-0.0,-0.04361938685178757,0.0,-0.002149570034816861,-3.8927792047616094e-06,-0.06502974033355713,-0.7086129784584045,0.7055973410606384,-2.3088105081114918e-05,-2.2989850549492985e-05,0.0,0.0,-0.03691747412085533,-0.7071068286895752,0.7071068286895752,0.0,0.0,-2.38418573772492e-09,-2.98023217215615e-10,-0.02163529396057129,-0.9304175972938538,0.36650118231773376,0.0,0.0,0.0,2.98023217215615e-10,-0.01868978515267372,-1.0,-0.0,0.0,0.0,0.0,0.003969999961555004,-0.017509059980511665,-1.0,-0.0,0.0,0.0,0.0,4.611611075233668e-06,-0.0637909397482872,-0.8560771346092224,0.516848087310791,0.0,0.0,0.0,2.98023217215615e-10,-0.04460655897855759,-0.6698387861251831,0.7425065636634827,0.0,0.0,0.0,-2.98023217215615e-10,-0.02347646653652191,-0.9411852359771729,0.337891161441803,0.0,0.0,0.0,0.0,-0.019652195274829865,-1.0,-0.0,0.0,0.0,0.00711638480424881,0.0018999999156221747,-0.016959700733423233,-0.9961947202682495,-0.0,0.08715574443340302,0.0,-0.0005882382392883301,0.0,-0.060253534466028214,-0.7133238315582275,0.6995487809181213,-0.03029705584049225,-0.02971198782324791,1.19209286886246e-09,-1.490116086078075e-10,-0.04255415499210358,-0.6427876353263855,0.7660444974899292,0.0,0.0,-2.38418573772492e-09,0.0,-0.02208789810538292,-0.9063078761100769,0.4226182699203491,0.0,0.0,0.0,0.0,-0.017740869894623756,-1.0,-0.0,0.0,0.0,0.013503451831638813,-0.0037700000684708357,-0.014087309129536152,-0.9914448857307434,-0.0,0.13052619993686676,0.0,0.0048975334502756596,-3.847479547403054e-06,-0.05743739381432533,-0.7104243040084839,0.7022605538368225,-0.032002028077840805,-0.03321634978055954,4.76837147544984e-09,-2.98023217215615e-10,-0.03276757150888443,-0.7071068286895752,0.7071068286895752,0.0,0.0,2.38418573772492e-09,0.0,-0.016709718853235245,-0.8419820070266724,0.5395057201385498,0.0,0.0,0.0,0.0,-0.01388302817940712,-1.0,-0.0,0.0,0.0
1782948417.4246793,2026-07-01 19:26:57.424,17176.0,17176,left,0,1,thumbs_up,2,0.0,0.003969999961555004,-0.04999999701976776,-1.0,-0.0,0.0,0.0,0.0,0.0,0.0,-1.0,-0.0,0.0,0.0,0.025476500391960144,-0.012044699862599373,-0.022234899923205376,-0.7867429256439209,-0.06645035743713379,0.3187669813632965,0.5244116187095642,-5.7220457705398076e-08,-4.3511388270189855e-08,-0.027230437844991684,-0.9874619245529175,0.15785744786262512,0.0,0.0,3.5762786065873797e-09,6.318092005130893e-08,-0.031859491020441055,-0.9604976773262024,0.2782879173755646,0.0,0.0,2.384185648907078e-08,0.0,-0.023122519254684448,-1.0,-0.0,0.0,0.0,0.012359999120235443,0.0032300001475960016,-0.017000000923871994,-0.9990482330322266,-0.0,0.04361938685178757,0.0,0.0021501504816114902,-3.890097104886081e-06,-0.06502876430749893,-0.7180745601654053,0.6959661841392517,0.00010401484178146347,9.62103804340586e-05,-9.53674295089968e-09,-9.53674295089968e-09,-0.036917347460985184,-0.7071068286895752,0.7071068286895752,0.0,0.0,-2.8610228852699038e-08,-2.98023217215615e-10,-0.0216355137526989,-0.9304175972938538,0.36650118231773376,0.0,0.0,1.2636184010261786e-07,2.98023217215615e-10,-0.018689393997192383,-1.0,-0.0,0.0,0.0,0.0,0.003969999961555004,-0.01750910095870495,-1.0,-0.0,0.0,0.0,0.0,4.610121322912164e-06,-0.06379090249538422,-0.8393733501434326,0.5435553193092346,0.0,0.0,0.0,2.98023217215615e-10,-0.044606998562812805,-0.6609145998954773,0.7504611611366272,0.0,0.0,0.0,0.0,-0.023475991562008858,-0.9406698346138,0.3393231928348541,0.0,0.0,0.0,0.0,-0.019651994109153748,-1.0,-0.0,0.0,0.0,-0.00711638992652297,0.0018999999156221747,-0.016959700733423233,-0.9961947202682495,-0.0,-0.08715574443340302,0.0,0.0005882433033548295,0.0,-0.060253534466028214,-0.8231134414672852,0.5670676231384277,0.024942737072706223,0.017215386033058167,-1.1086464013487785e-07,-1.490116086078075e-10,-0.04255366697907448,-0.6541703939437866,0.7563472390174866,0.0,0.0,4.5299529460862686e-08,0.0,-0.022088106721639633,-0.908287763595581,0.41834601759910583,0.0,0.0,-1.4305114426349519e-08,0.0,-0.017740696668624878,-1.0,-0.0,0.0,0.0,-0.013503500260412693,-0.0037700000684708357,-0.014087299816310406,-0.9914448857307434,-0.0,-0.13052619993686676,0.0,-0.004897483624517918,-3.8501621020259336e-06,-0.05743739381432533,-0.7728211879730225,0.633220911026001,0.018130820244550705,0.038079578429460526,5.4836270635405526e-08,-2.98023217215615e-10,-0.03276759013533592,-0.7092474102973938,0.7049596905708313,0.0,0.0,-9.298324243900424e-08,0.0,-0.01670967973768711,-0.8433354496955872,0.5373875498771667,0.0,0.0,6.19888282926695e-08,0.0,-0.013883084990084171,-1.0,-0.0,0.0,0.0
1782948417.436779,2026-07-01 19:26:57.436,8643.0,8643,right,0,2,thumbs_up,2,0.0,0.003969999961555004,-0.04999999701976776,-1.0,-0.0,0.0,0.0,0.0,0.0,0.0,-1.0,-0.0,0.0,0.0,-0.025476505979895592,-0.012044684961438179,-0.022234933450818062,-0.7757247090339661,0.023618604987859726,-0.3285118341445923,-0.5383060574531555,0.0,1.19209286886246e-09,-0.02723044343292713,-0.9620044231414795,0.273034006357193,0.0,0.0,2.38418573772492e-09,-1.19209286886246e-09,-0.031859468668699265,-0.9004954099655151,0.4348656237125397,0.0,0.0,0.0,-3.5762786065873797e-09,-0.023122519254684448,-1.0,-0.0,0.0,0.0,-0.012360505759716034,0.0032300001475960016,-0.016998957842588425,-0.9990482330322266,-0.0,-0.04361938685178757,0.0,-0.002149570034816861,-3.8927792047616094e-06,-0.06502974033355713,-0.7086129784584045,0.7055973410606384,-2.3088105081114918e-05,-2.2989850549492985e-05,0.0,0.0,-0.03691747412085533,-0.7071068286895752,0.7071068286895752,0.0,0.0,-2.38418573772492e-09,-2.98023217215615e-10,-0.02163529396057129,-0.9304175972938538,0.36650118231773376,0.0,0.0,0.0,2.98023217215615e-10,-0.01868978515267372,-1.0,-0.0,0.0,0.0,0.0,0.003969999961555004,-0.017509059980511665,-1.0,-0.0,0.0,0.0,0.0,4.611611075233668e-06,-0.0637909397482872,-0.8477421402931213,0.5304085612297058,0.0,0.0,0.0,2.98023217215615e-10,-0.04460655897855759,-0.6651054620742798,0.7467495203018188,0.0,0.0,0.0,-2.98023217215615e-10,-0.02347646653652191,-0.940908670425415,0.33866044878959656,0.0,0.0,0.0,0.0,-0.019652195274829865,-1.0,-0.0,0.0,0.0,0.00711638480424881,0.0018999999156221747,-0.016959700733423233,-0.9961947202682495,-0.0,0.08715574443340302,0.0,-0.0005882382392883301,0.0,-0.060253534466028214,-0.7133238315582275,0.6995487809181213,-0.03029705584049225,-0.02971198782324791,1.19209286886246e-09,-1.490116086078075e-10,-0.04255415499210358,-0.6427876353263855,0.7660444974899292,0.0,0.0,-2.38418573772492e-09,0.0,-0.02208789810538292,-0.9063078761100769,0.4226182699203491,0.0,0.0,0.0,0.0,-0.017740869894623756,-1.0,-0.0,0.0,0.0,0.013503451831638813,-0.0037700000684708357,-0.014087309129536152,-0.9914448857307434,-0.0,0.13052619993686676,0.0,0.0048975334502756596,-3.847479547403054e-06,-0.05743739381432533,-0.6971338987350464,0.7152469158172607,-0.036200955510139465,-0.033401064574718475,4.76837147544984e-09,-2.98023217215615e-10,-0.03276757150888443,-0.7071068286895752,0.7071068286895752,0.0,0.0,2.38418573772492e-09,0.0,-0.016709718853235245,-0.8419820070266724,0.5395057201385498,0.0,0.0,0.0,0.0,-0.01388302817940712,-1.0,-0.0,0.0,0.0
1782948417.6451504,2026-07-01 19:26:57.645,17178.0,17178,left,0,1,thumbs_up,2,0.0,0.003969999961555004,-0.04999999701976776,-1.0,-0.0,0.0,0.0,0.0,0.0,0.0,-1.0,-0.0,0.0,0.0,0.025476500391960144,-0.012044699862599373,-0.022234899923205376,-0.7775446772575378,-0.0399145744740963,0.335388720035553,0.5304200649261475,-5.7220457705398076e-08,-4.3511388270189855e-08,-0.027230437844991684,-0.9792555570602417,0.20262935757637024,0.0,0.0,3.5762786065873797e-09,6.318092005130893e-08,-0.031859491020441055,-0.9388478994369507,0.3443320393562317,0.0,0.0,2.384185648907078e-08,0.0,-0.023122519254684448,-1.0,-0.0,0.0,0.0,0.012359999120235443,0.0032300001475960016,-0.017000000923871994,-0.9990482330322266,-0.0,0.04361938685178757,0.0,0.0021501504816114902,-3.890097104886081e-06,-0.06502876430749893,-0.7086129784584045,0.7055973410606384,1.3667096936842427e-05,1.3608933841169346e-05,-9.53674295089968e-09,-9.53674295089968e-09,-0.036917347460985184,-0.7071068286895752,0.7071068286895752,0.0,0.0,-2.8610228852699038e-08,-2.98023217215615e-10,-0.0216355137526989,-0.9304175972938538,0.36650118231773376,0.0,0.0,1.2636184010261786e-07,2.98023217215615e-10,-0.018689393997192383,-1.0,-0.0,0.0,0.0,0.0,0.003969999961555004,-0.01750910095870495,-1.0,-0.0,0.0,0.0,0.0,4.610121322912164e-06,-0.06379090249538422,-0.8280453085899353,0.5606613159179688,0.0,0.0,0.0,2.98023217215615e-10,-0.044606998562812805,-0.6556970477104187,0.7550241351127625,0.0,0.0,0.0,0.0,-0.023475991562008858,-0.9403766989707947,0.340134859085083,0.0,0.0,0.0,0.0,-0.019651994109153748,-1.0,-0.0,0.0,0.0,-0.00711638992652297,0.0018999999156221747,-0.016959700733423233,-0.9961947202682495,-0.0,-0.08715574443340302,0.0,0.0005882433033548295,0.0,-0.060253534466028214,-0.7981615662574768,0.6015145778656006,0.02670484595000744,0.020127803087234497,-1.1086464013487785e-07,-1.490116086078075e-10,-0.04255366697907448,-0.6462052464485168,0.7631637454032898,0.0,0.0,4.5299529460862686e-08,0.0,-0.022088106721639633,-0.9068993330001831,0.42134740948677063,0.0,0.0,-1.4305114426349519e-08,0.0,-0.017740696668624878,-1.0,-0.0,0.0,0.0,-0.013503500260412693,-0.0037700000684708357,-0.014087299816310406,-0.9914448857307434,-0.0,-0.13052619993686676,0.0,-0.004897483624517918,-3.8501621020259336e-06,-0.05743739381432533,-0.7580373287200928,0.6507525444030762,0.022002074867486954,0.037636712193489075,5.4836270635405526e-08,-2.98023217215615e-10,-0.03276759013533592,-0.7076780200004578,0.7065351009368896,0.0,0.0,-9.298324243900424e-08,0.0,-0.01670967973768711,-0.8423453569412231,0.538938045501709,0.0,0.0,6.19888282926695e-08,0.0,-0.013883084990084171,-1.0,-0.0,0.0,0.0
1782948417.6453838,2026-07-01 19:26:57.645,8656.0,8656,right,0,2,thumbs_up,2,0.0,0.003969999961555004,-0.04999999701976776,-1.0,-0.0,0.0,0.0,0.0,0.0,0.0,-1.0,-0.0,0.0,0.0,-0.025476505979895592,-0.012044684961438179,-0.022234933450818062,-0.7754936814308167,0.024334626272320747,-0.3288477063179016,-0.5384019613265991,0.0,1.19209286886246e-09,-0.02723044343292713,-0.9616789817810059,0.2741781175136566,0.0,0.0,2.38418573772492e-09,-1.19209286886246e-09,-0.031859468668699265,-0.8998135924339294,0.4362746775150299,0.0,0.0,0.0,-3.5762786065873797e-09,-0.023122519254684448,-1.0,-0.0,0.0,0.0,-0.012360505759716034,0.0032300001475960016,-0.016998957842588425,-0.9990482330322266,-0.0,-0.04361938685178757,0.0,-0.002149570034816861,-3.8927792047616094e-06,-0.06502974033355713,-0.7086129784584045,0.7055973410606384,-2.3088105081114918e-05,-2.2989850549492985e-05,0.0,0.0,-0.03691747412085533,-0.7071068286895752,0.7071068286895752,0.0,0.0,-2.38418573772492e-09,-2.98023217215615e-10,-0.02163529396057129,-0.9304175972938538,0.36650118231773376,0.0,0.0,0.0,2.98023217215615e-10,-0.01868978515267372,-1.0,-0.0,0.0,0.0,0.0,0.003969999961555004,-0.017509059980511665,-1.0,-0.0,0.0,0.0,0.0,4.611611075233668e-06,-0.0637909397482872,-0.8449461460113525,0.5348513722419739,0.0,0.0,0.0,2.98023217215615e-10,-0.04460655897855759,-0.6636229753494263,0.7480672597885132,0.0,0.0,0.0,-2.98023217215615e-10,-0.02347646653652191,-0.9408233165740967,0.33889758586883545,0.0,0.0,0.0,0.0,-0.019652195274829865,-1.0,-0.0,0.0,0.0,0.00711638480424881,0.0018999999156221747,-0.016959700733423233,-0.9961947202682495,-0.0,0.08715574443340302,0.0,-0.0005882382392883301,0.0,-0.060253534466028214,-0.7133238315582275,0.6995487809181213,-0.03029705584049225,-0.02971198782324791,1.19209286886246e-09,-1.490116086078075e-10,-0.04255415499210358,-0.6427876353263855,0.7660444974899292,0.0,0.0,-2.38418573772492e-09,0.0,-0.02208789810538292,-0.9063078761100769,0.4226182699203491,0.0,0.0,0.0,0.0,-0.017740869894623756,-1.0,-0.0,0.0,0.0,0.013503451831638813,-0.0037700000684708357,-0.014087309129536152,-0.9914448857307434,-0.0,0.13052619993686676,0.0,0.0048975334502756596,-3.847479547403054e-06,-0.05743739381432533,-0.6971338987350464,0.7152469158172607,-0.036200955510139465,-0.033401064574718475,4.76837147544984e-09,-2.98023217215615e-10,-0.03276757150888443,-0.7071068286895752,0.7071068286895752,0.0,0.0,2.38418573772492e-09,0.0,-0.016709718853235245,-0.8419820070266724,0.5395057201385498,0.0,0.0,0.0,0.0,-0.01388302817940712,-1.0,-0.0,0.0,0.0
1782948417.8531408,2026-07-01 19:26:57.853,8667.0,8667,right,0,2,thumbs_up,2,0.0,0.003969999961555004,-0.04999999701976776,-1.0,-0.0,0.0,0.0,0.0,0.0,0.0,-1.0,-0.0,0.0,0.0,-0.025476505979895592,-0.012044684961438179,-0.022234933450818062,-0.7754936814308167,0.024334626272320747,-0.3288477063179016,-0.5384019613265991,0.0,1.19209286886246e-09,-0.02723044343292713,-0.9616789817810059,0.2741781175136566,0.0,0.0,2.38418573772492e-09,-1.19209286886246e-09,-0.031859468668699265,-0.8998135924339294,0.4362746775150299,0.0,0.0,0.0,-3.5762786065873797e-09,-0.023122519254684448,-1.0,-0.0,0.0,0.0,-0.012360505759716034,0.0032300001475960016,-0.016998957842588425,-0.9990482330322266,-0.0,-0.04361938685178757,0.0,-0.002149570034816861,-3.8927792047616094e-06,-0.06502974033355713,-0.7086129784584045,0.7055973410606384,-2.3088105081114918e-05,-2.2989850549492985e-05,0.0,0.0,-0.03691747412085533,-0.7071068286895752,0.7071068286895752,0.0,0.0,-2.38418573772492e-09,-2.98023217215615e-10,-0.02163529396057129,-0.9304175972938538,0.36650118231773376,0.0,0.0,0.0,2.98023217215615e-10,-0.01868978515267372,-1.0,-0.0,0.0,0.0,0.0,0.003969999961555004,-0.017509059980511665,-1.0,-0.0,0.0,0.0,0.0,4.611611075233668e-06,-0.0637909397482872,-0.8449461460113525,0.5348513722419739,0.0,0.0,0.0,2.98023217215615e-10,-0.04460655897855759,-0.6636229753494263,0.7480672597885132,0.0,0.0,0.0,-2.98023217215615e-10,-0.02347646653652191,-0.9408233165740967,0.33889758586883545,0.0,0.0,0.0,0.0,-0.019652195274829865,-1.0,-0.0,0.0,0.0,0.00711638480424881,0.0018999999156221747,-0.016959700733423233,-0.9961947202682495,-0.0,0.08715574443340302,0.0,-0.0005882382392883301,0.0,-0.060253534466028214,-0.7133238315582275,0.6995487809181213,-0.03029705584049225,-0.02971198782324791,1.19209286886246e-09,-1.490116086078075e-10,-0.04255415499210358,-0.6427876353263855,0.7660444974899292,0.0,0.0,-2.38418573772492e-09,0.0,-0.02208789810538292,-0.9063078761100769,0.4226182699203491,0.0,0.0,0.0,0.0,-0.017740869894623756,-1.0,-0.0,0.0,0.0,0.013503451831638813,-0.0037700000684708357,-0.014087309129536152,-0.9914448857307434,-0.0,0.13052619993686676,0.0,0.0048975334502756596,-3.847479547403054e-06,-0.05743739381432533,-0.6971338987350464,0.7152469158172607,-0.036200955510139465,-0.033401064574718475,4.76837147544984e-09,-2.98023217215615e-10,-0.03276757150888443,-0.7071068286895752,0.7071068286895752,0.0,0.0,2.38418573772492e-09,0.0,-0.016709718853235245,-0.8419820070266724,0.5395057201385498,0.0,0.0,0.0,0.0,-0.01388302817940712,-1.0,-0.0,0.0,0.0
1782948417.8664932,2026-07-01 19:26:57.866,17180.0,17180,left,0,1,thumbs_up,2,0.0,0.003969999961555004,-0.04999999701976776,-1.0,-0.0,0.0,0.0,0.0,0.0,0.0,-1.0,-0.0,0.0,0.0,0.025476500391960144,-0.012044699862599373,-0.022234899923205376,-0.7759671807289124,-0.03543100133538246,0.3380140960216522,0.531381368637085,-5.7220457705398076e-08,-4.3511388270189855e-08,-0.027230437844991684,-0.9776754379272461,0.2101207971572876,0.0,0.0,3.5762786065873797e-09,6.318092005130893e-08,-0.031859491020441055,-0.935139536857605,0.35427963733673096,0.0,0.0,2.384185648907078e-08,0.0,-0.023122519254684448,-1.0,-0.0,0.0,0.0,0.012359999120235443,0.0032300001475960016,-0.017000000923871994,-0.9990482330322266,-0.0,0.04361938685178757,0.0,0.0021501504816114902,-3.890097104886081e-06,-0.06502876430749893,-0.7086129784584045,0.7055973410606384,1.3667096936842427e-05,1.3608933841169346e-05,-9.53674295089968e-09,-9.53674295089968e-09,-0.036917347460985184,-0.7071068286895752,0.7071068286895752,0.0,0.0,-2.8610228852699038e-08,-2.98023217215615e-10,-0.0216355137526989,-0.9304175972938538,0.36650118231773376,0.0,0.0,1.2636184010261786e-07,2.98023217215615e-10,-0.018689393997192383,-1.0,-0.0,0.0,0.0,0.0,0.003969999961555004,-0.01750910095870495,-1.0,-0.0,0.0,0.0,0.0,4.610121322912164e-06,-0.06379090249538422,-0.8336947560310364,0.552225649356842,0.0,0.0,0.0,2.98023217215615e-10,-0.044606998562812805,-0.6581496596336365,0.7528871893882751,0.0,0.0,0.0,0.0,-0.023475991562008858,-0.940513014793396,0.33975762128829956,0.0,0.0,0.0,0.0,-0.019651994109153748,-1.0,-0.0,0.0,0.0,-0.00711638992652297,0.0018999999156221747,-0.016959700733423233,-0.9961947202682495,-0.0,-0.08715574443340302,0.0,0.0005882433033548295,0.0,-0.060253534466028214,-0.7858481407165527,0.6174329519271851,0.02745715156197548,0.021572807803750038,-1.1086464013487785e-07,-1.490116086078075e-10,-0.04255366697907448,-0.643929123878479,0.7650851607322693,0.0,0.0,4.5299529460862686e-08,0.0,-0.022088106721639633,-0.9065049886703491,0.422195166349411,0.0,0.0,-1.4305114426349519e-08,0.0,-0.017740696668624878,-1.0,-0.0,0.0,0.0,-0.013503500260412693,-0.0037700000684708357,-0.014087299816310406,-0.9914448857307434,-0.0,-0.13052619993686676,0.0,-0.004897483624517918,-3.8501621020259336e-06,-0.05743739381432533,-0.7438346147537231,0.6668369174003601,0.025697387754917145,0.03712524473667145,5.4836270635405526e-08,-2.98023217215615e-10,-0.03276759013533592,-0.7071073055267334,0.7071062922477722,0.0,0.0,-9.298324243900424e-08,0.0,-0.01670967973768711,-0.8419821858406067,0.5395053625106812,0.0,0.0,6.19888282926695e-08,0.0,-0.013883084990084171,-1.0,-0.0,0.0,0.0
1782948418.0645564,2026-07-01 19:26:58.064,8681.0,8681,right,0,2,thumbs_up,2,0.0,0.003969999961555004,-0.04999999701976776,-1.0,-0.0,0.0,0.0,0.0,0.0,0.0,-1.0,-0.0,0.0,0.0,-0.025476505979895592,-0.012044684961438179,-0.022234933450818062,-0.7754936814308167,0.024334626272320747,-0.3288477063179016,-0.5384019613265991,0.0,1.19209286886246e-09,-0.02723044343292713,-0.9616789817810059,0.2741781175136566,0.0,0.0,2.38418573772492e-09,-1.19209286886246e-09,-0.031859468668699265,-0.8998135924339294,0.4362746775150299,0.0,0.0,0.0,-3.5762786065873797e-09,-0.023122519254684448,-1.0,-0.0,0.0,0.0,-0.012360505759716034,0.0032300001475960016,-0.016998957842588425,-0.9990482330322266,-0.0,-0.04361938685178757,0.0,-0.002149570034816861,-3.8927792047616094e-06,-0.06502974033355713,-0.7086129784584045,0.7055973410606384,-2.3088105081114918e-05,-2.2989850549492985e-05,0.0,0.0,-0.03691747412085533,-0.7071068286895752,0.7071068286895752,0.0,0.0,-2.38418573772492e-09,-2.98023217215615e-10,-0.02163529396057129,-0.9304175972938538,0.36650118231773376,0.0,0.0,0.0,2.98023217215615e-10,-0.01868978515267372,-1.0,-0.0,0.0,0.0,0.0,0.003969999961555004,-0.017509059980511665,-1.0,-0.0,0.0,0.0,0.0,4.611611075233668e-06,-0.0637909397482872,-0.8449461460113525,0.5348513722419739,0.0,0.0,0.0,2.98023217215615e-10,-0.04460655897855759,-0.6636229753494263,0.7480672597885132,0.0,0.0,0.0,-2.98023217215615e-10,-0.02347646653652191,-0.9408233165740967,0.33889758586883545,0.0,0.0,0.0,0.0,-0.019652195274829865,-1.0,-0.0,0.0,0.0,0.00711638480424881,0.0018999999156221747,-0.016959700733423233,-0.9961947202682495,-0.0,0.08715574443340302,0.0,-0.0005882382392883301,0.0,-0.060253534466028214,-0.7133238315582275,0.6995487809181213,-0.03029705584049225,-0.02971198782324791,1.19209286886246e-09,-1.490116086078075e-10,-0.04255415499210358,-0.6427876353263855,0.7660444974899292,0.0,0.0,-2.38418573772492e-09,0.0,-0.02208789810538292,-0.9063078761100769,0.4226182699203491,0.0,0.0,0.0,0.0,-0.017740869894623756,-1.0,-0.0,0.0,0.0,0.013503451831638813,-0.0037700000684708357,-0.014087309129536152,-0.9914448857307434,-0.0,0.13052619993686676,0.0,0.0048975334502756596,-3.847479547403054e-06,-0.05743739381432533,-0.6971338987350464,0.7152469158172607,-0.036200955510139465,-0.033401064574718475,4.76837147544984e-09,-2.98023217215615e-10,-0.03276757150888443,-0.7071068286895752,0.7071068286895752,0.0,0.0,2.38418573772492e-09,0.0,-0.016709718853235245,-0.8419820070266724,0.5395057201385498,0.0,0.0,0.0,0.0,-0.01388302817940712,-1.0,-0.0,0.0,0.0
1782948418.075851,2026-07-01 19:26:58.075,17181.0,17181,left,0,1,thumbs_up,2,0.0,0.003969999961555004,-0.04999999701976776,-1.0,-0.0,0.0,0.0,0.0,0.0,0.0,-1.0,-0.0,0.0,0.0,0.025476500391960144,-0.012044699862599373,-0.022234899923205376,-0.7759671807289124,-0.03543100133538246,0.3380140960216522,0.531381368637085,-5.7220457705398076e-08,-4.3511388270189855e-08,-0.027230437844991684,-0.9776754379272461,0.2101207971572876,0.0,0.0,3.5762786065873797e-09,6.318092005130893e-08,-0.031859491020441055,-0.935139536857605,0.35427963733673096,0.0,0.0,2.384185648907078e-08,0.0,-0.023122519254684448,-1.0,-0.0,0.0,0.0,0.012359999120235443,0.0032300001475960016,-0.017000000923871994,-0.9990482330322266,-0.0,0.04361938685178757,0.0,0.0021501504816114902,-3.890097104886081e-06,-0.06502876430749893,-0.7086129784584045,0.7055973410606384,1.3667096936842427e-05,1.3608933841169346e-05,-9.53674295089968e-09,-9.53674295089968e-09,-0.036917347460985184,-0.7071068286895752,0.7071068286895752,0.0,0.0,-2.8610228852699038e-08,-2.98023217215615e-10,-0.0216355137526989,-0.9304175972938538,0.36650118231773376,0.0,0.0,1.2636184010261786e-07,2.98023217215615e-10,-0.018689393997192383,-1.0,-0.0,0.0,0.0,0.0,0.003969999961555004,-0.01750910095870495,-1.0,-0.0,0.0,0.0,0.0,4.610121322912164e-06,-0.06379090249538422,-0.8336947560310364,0.552225649356842,0.0,0.0,0.0,2.98023217215615e-10,-0.044606998562812805,-0.6581496596336365,0.7528871893882751,0.0,0.0,0.0,0.0,-0.023475991562008858,-0.940513014793396,0.33975762128829956,0.0,0.0,0.0,0.0,-0.019651994109153748,-1.0,-0.0,0.0,0.0,-0.00711638992652297,0.0018999999156221747,-0.016959700733423233,-0.9961947202682495,-0.0,-0.08715574443340302,0.0,0.0005882433033548295,0.0,-0.060253534466028214,-0.7858481407165527,0.6174329519271851,0.02745715156197548,0.021572807803750038,-1.1086464013487785e-07,-1.490116086078075e-10,-0.04255366697907448,-0.643929123878479,0.7650851607322693,0.0,0.0,4.5299529460862686e-08,0.0,-0.022088106721639633,-0.9065049886703491,0.422195166349411,0.0,0.0,-1.4305114426349519e-08,0.0,-0.017740696668624878,-1.0,-0.0,0.0,0.0,-0.013503500260412693,-0.0037700000684708357,-0.014087299816310406,-0.9914448857307434,-0.0,-0.13052619993686676,0.0,-0.004897483624517918,-3.8501621020259336e-06,-0.05743739381432533,-0.7438346147537231,0.6668369174003601,0.025697387754917145,0.03712524473667145,5.4836270635405526e-08,-2.98023217215615e-10,-0.03276759013533592,-0.7071073055267334,0.7071062922477722,0.0,0.0,-9.298324243900424e-08,0.0,-0.01670967973768711,-0.8419821858406067,0.5395053625106812,0.0,0.0,6.19888282926695e-08,0.0,-0.013883084990084171,-1.0,-0.0,0.0,0.0
1782948418.2696915,2026-07-01 19:26:58.269,8692.0,8692,right,0,2,thumbs_up,2,0.0,0.003969999961555004,-0.04999999701976776,-1.0,-0.0,0.0,0.0,0.0,0.0,0.0,-1.0,-0.0,0.0,0.0,-0.025476505979895592,-0.012044684961438179,-0.022234933450818062,-0.7754936814308167,0.024334626272320747,-0.3288477063179016,-0.5384019613265991,0.0,1.19209286886246e-09,-0.02723044343292713,-0.9616789817810059,0.2741781175136566,0.0,0.0,2.38418573772492e-09,-1.19209286886246e-09,-0.031859468668699265,-0.8998135924339294,0.4362746775150299,0.0,0.0,0.0,-3.5762786065873797e-09,-0.023122519254684448,-1.0,-0.0,0.0,0.0,-0.012360505759716034,0.0032300001475960016,-0.016998957842588425,-0.9990482330322266,-0.0,-0.04361938685178757,0.0,-0.002149570034816861,-3.8927792047616094e-06,-0.06502974033355713,-0.7086129784584045,0.7055973410606384,-2.3088105081114918e-05,-2.2989850549492985e-05,0.0,0.0,-0.03691747412085533,-0.7071068286895752,0.7071068286895752,0.0,0.0,-2.38418573772492e-09,-2.98023217215615e-10,-0.02163529396057129,-0.9304175972938538,0.36650118231773376,0.0,0.0,0.0,2.98023217215615e-10,-0.01868978515267372,-1.0,-0.0,0.0,0.0,0.0,0.003969999961555004,-0.017509059980511665,-1.0,-0.0,0.0,0.0,0.0,4.611611075233668e-06,-0.0637909397482872,-0.8449461460113525,0.5348513722419739,0.0,0.0,0.0,2.98023217215615e-10,-0.04460655897855759,-0.6636229753494263,0.7480672597885132,0.0,0.0,0.0,-2.98023217215615e-10,-0.02347646653652191,-0.9408233165740967,0.33889758586883545,0.0,0.0,0.0,0.0,-0.019652195274829865,-1.0,-0.0,0.0,0.0,0.00711638480424881,0.0018999999156221747,-0.016959700733423233,-0.9961947202682495,-0.0,0.08715574443340302,0.0,-0.0005882382392883301,0.0,-0.060253534466028214,-0.7133238315582275,0.6995487809181213,-0.03029705584049225,-0.02971198782324791,1.19209286886246e-09,-1.490116086078075e-10,-0.04255415499210358,-0.6427876353263855,0.7660444974899292,0.0,0.0,-2.38418573772492e-09,0.0,-0.02208789810538292,-0.9063078761100769,0.4226182699203491,0.0,0.0,0.0,0.0,-0.017740869894623756,-1.0,-0.0,0.0,0.0,0.013503451831638813,-0.0037700000684708357,-0.014087309129536152,-0.9914448857307434,-0.0,0.13052619993686676,0.0,0.0048975334502756596,-3.847479547403054e-06,-0.05743739381432533,-0.7008906006813049,0.7116277813911438,-0.035006891936063766,-0.03335791826248169,4.76837147544984e-09,-2.98023217215615e-10,-0.03276757150888443,-0.7071068286895752,0.7071068286895752,0.0,0.0,2.38418573772492e-09,0.0,-0.016709718853235245,-0.8419820070266724,0.5395057201385498,0.0,0.0,0.0,0.0,-0.01388302817940712,-1.0,-0.0,0.0,0.0
1782948418.2925828,2026-07-01 19:26:58.292,17183.0,17183,left,0,1,thumbs_up,2,0.0,0.003969999961555004,-0.04999999701976776,-1.0,-0.0,0.0,0.0,0.0,0.0,0.0,-1.0,-0.0,0.0,0.0,0.025476500391960144,-0.012044699862599373,-0.022234899923205376,-0.7773033380508423,-0.03922531381249428,0.33579376339912415,0.5305689573287964,-5.7220457705398076e-08,-4.3511388270189855e-08,-0.027230437844991684,-0.9790163040161133,0.20378203690052032,0.0,0.0,3.5762786065873797e-09,6.318092005130893e-08,-0.031859491020441055,-0.9382843375205994,0.3458649218082428,0.0,0.0,2.384185648907078e-08,0.0,-0.023122519254684448,-1.0,-0.0,0.0,0.0,0.012359999120235443,0.0032300001475960016,-0.017000000923871994,-0.9990482330322266,-0.0,0.04361938685178757,0.0,0.0021501504816114902,-3.890097104886081e-06,-0.06502876430749893,-0.7086129784584045,0.7055973410606384,1.3667096936842427e-05,1.3608933841169346e-05,-9.53674295089968e-09,-9.53674295089968e-09,-0.036917347460985184,-0.7071068286895752,0.7071068286895752,0.0,0.0,-2.8610228852699038e-08,-2.98023217215615e-10,-0.0216355137526989,-0.9304175972938538,0.36650118231773376,0.0,0.0,1.2636184010261786e-07,2.98023217215615e-10,-0.018689393997192383,-1.0,-0.0,0.0,0.0,0.0,0.003969999961555004,-0.01750910095870495,-1.0,-0.0,0.0,0.0,0.0,4.610121322912164e-06,-0.06379090249538422,-0.8365241885185242,0.5479300022125244,0.0,0.0,0.0,2.98023217215615e-10,-0.044606998562812805,-0.6594725847244263,0.7517286539077759,0.0,0.0,0.0,0.0,-0.023475991562008858,-0.9405875205993652,0.33955150842666626,0.0,0.0,0.0,0.0,-0.019651994109153748,-1.0,-0.0,0.0,0.0,-0.00711638992652297,0.0018999999156221747,-0.016959700733423233,-0.9961947202682495,-0.0,-0.08715574443340302,0.0,0.0005882433033548295,0.0,-0.060253534466028214,-0.7836142778396606,0.6202506422996521,0.027586013078689575,0.021835271269083023,-1.1086464013487785e-07,-1.490116086078075e-10,-0.04255366697907448,-0.6436465382575989,0.7653229236602783,0.0,0.0,4.5299529460862686e-08,0.0,-0.022088106721639633,-0.9064561128616333,0.4223001003265381,0.0,0.0,-1.4305114426349519e-08,0.0,-0.017740696668624878,-1.0,-0.0,0.0,0.0,-0.013503500260412693,-0.0037700000684708357,-0.014087299816310406,-0.9914448857307434,-0.0,-0.13052619993686676,0.0,-0.004897483624517918,-3.8501621020259336e-06,-0.05743739381432533,-0.7442986965179443,0.6663224697113037,0.025577140972018242,0.03714311867952347,5.4836270635405526e-08,-2.98023217215615e-10,-0.03276759013533592,-0.7071117758750916,0.7071018218994141,0.0,0.0,-9.298324243900424e-08,0.0,-0.01670967973768711,-0.8419850468635559,0.539500892162323,0.0,0.0,6.19888282926695e-08,0.0,-0.013883084990084171,-1.0,-0.0,0.0,0.0
1782948418.4749193,2026-07-01 19:26:58.474,8707.0,8707,right,0,2,thumbs_up,2,0.0,0.003969999961555004,-0.04999999701976776,-1.0,-0.0,0.0,0.0,0.0,0.0,0.0,-1.0,-0.0,0.0,0.0,-0.025476505979895592,-0.012044684961438179,-0.022234933450818062,-0.7754936814308167,0.024334626272320747,-0.3288477063179016,-0.5384019613265991,0.0,1.19209286886246e-09,-0.02723044343292713,-0.9616789817810059,0.2741781175136566,0.0,0.0,2.38418573772492e-09,-1.19209286886246e-09,-0.031859468668699265,-0.8998135924339294,0.4362746775150299,0.0,0.0,0.0,-3.5762786065873797e-09,-0.023122519254684448,-1.0,-0.0,0.0,0.0,-0.012360505759716034,0.0032300001475960016,-0.016998957842588425,-0.9990482330322266,-0.0,-0.04361938685178757,0.0,-0.002149570034816861,-3.8927792047616094e-06,-0.06502974033355713,-0.7086129784584045,0.7055973410606384,-2.3088105081114918e-05,-2.2989850549492985e-05,0.0,0.0,-0.03691747412085533,-0.7071068286895752,0.7071068286895752,0.0,0.0,-2.38418573772492e-09,-2.98023217215615e-10,-0.02163529396057129,-0.9304175972938538,0.36650118231773376,0.0,0.0,0.0,2.98023217215615e-10,-0.01868978515267372,-1.0,-0.0,0.0,0.0,0.0,0.003969999961555004,-0.017509059980511665,-1.0,-0.0,0.0,0.0,0.0,4.611611075233668e-06,-0.0637909397482872,-0.8449461460113525,0.5348513722419739,0.0,0.0,0.0,2.98023217215615e-10,-0.04460655897855759,-0.6636229753494263,0.7480672597885132,0.0,0.0,0.0,-2.98023217215615e-10,-0.02347646653652191,-0.9408233165740967,0.33889758586883545,0.0,0.0,0.0,0.0,-0.019652195274829865,-1.0,-0.0,0.0,0.0,0.00711638480424881,0.0018999999156221747,-0.016959700733423233,-0.9961947202682495,-0.0,0.08715574443340302,0.0,-0.0005882382392883301,0.0,-0.060253534466028214,-0.7133238315582275,0.6995487809181213,-0.03029705584049225,-0.02971198782324791,1.19209286886246e-09,-1.490116086078075e-10,-0.04255415499210358,-0.6427876353263855,0.7660444974899292,0.0,0.0,-2.38418573772492e-09,0.0,-0.02208789810538292,-0.9063078761100769,0.4226182699203491,0.0,0.0,0.0,0.0,-0.017740869894623756,-1.0,-0.0,0.0,0.0,0.013503451831638813,-0.0037700000684708357,-0.014087309129536152,-0.9914448857307434,-0.0,0.13052619993686676,0.0,0.0048975334502756596,-3.847479547403054e-06,-0.05743739381432533,-0.7091143131256104,0.7035637497901917,-0.032402947545051575,-0.033243175595998764,4.76837147544984e-09,-2.98023217215615e-10,-0.03276757150888443,-0.7071068286895752,0.7071068286895752,0.0,0.0,2.38418573772492e-09,0.0,-0.016709718853235245,-0.8419820070266724,0.5395057201385498,0.0,0.0,0.0,0.0,-0.01388302817940712,-1.0,-0.0,0.0,0.0
1782948418.4971771,2026-07-01 19:26:58.497,17185.0,17185,left,0,1,thumbs_up,2,0.0,0.003969999961555004,-0.04999999701976776,-1.0,-0.0,0.0,0.0,0.0,0.0,0.0,-1.0,-0.0,0.0,0.0,0.025476500391960144,-0.012044699862599373,-0.022234899923205376,-0.7783868908882141,-0.04232005774974823,0.3339636027812958,0.5298972725868225,-5.7220457705398076e-08,-4.3511388270189855e-08,-0.027230437844991684,-0.980080246925354,0.19860191643238068,0.0,0.0,3.5762786065873797e-09,6.318092005130893e-08,-0.031859491020441055,-0.9407998919487,0.33896252512931824,0.0,0.0,2.384185648907078e-08,0.0,-0.023122519254684448,-1.0,-0.0,0.0,0.0,0.012359999120235443,0.0032300001475960016,-0.017000000923871994,-0.9990482330322266,-0.0,0.04361938685178757,0.0,0.0021501504816114902,-3.890097104886081e-06,-0.06502876430749893,-0.7086129784584045,0.7055973410606384,1.3667096936842427e-05,1.3608933841169346e-05,-9.53674295089968e-09,-9.53674295089968e-09,-0.036917347460985184,-0.7071068286895752,0.7071068286895752,0.0,0.0,-2.8610228852699038e-08,-2.98023217215615e-10,-0.0216355137526989,-0.9304175972938538,0.36650118231773376,0.0,0.0,1.2636184010261786e-07,2.98023217215615e-10,-0.018689393997192383,-1.0,-0.0,0.0,0.0,0.0,0.003969999961555004,-0.01750910095870495,-1.0,-0.0,0.0,0.0,0.0,4.610121322912164e-06,-0.06379090249538422,-0.8393315672874451,0.5436199307441711,0.0,0.0,0.0,2.98023217215615e-10,-0.044606998562812805,-0.6607934832572937,0.7505677938461304,0.0,0.0,0.0,0.0,-0.023475991562008858,-0.9406619071960449,0.3393453359603882,0.0,0.0,0.0,0.0,-0.019651994109153748,-1.0,-0.0,0.0,0.0,-0.00711638992652297,0.0018999999156221747,-0.016959700733423233,-0.9961947202682495,-0.0,-0.08715574443340302,0.0,0.0005882433033548295,0.0,-0.060253534466028214,-0.7858481407165527,0.6174329519271851,0.02745715156197548,0.021572807803750038,-1.1086464013487785e-07,-1.490116086078075e-10,-0.04255366697907448,-0.643929123878479,0.7650851607322693,0.0,0.0,4.5299529460862686e-08,0.0,-0.022088106721639633,-0.9065049886703491,0.422195166349411,0.0,0.0,-1.4305114426349519e-08,0.0,-0.017740696668624878,-1.0,-0.0,0.0,0.0,-0.013503500260412693,-0.0037700000684708357,-0.014087299816310406,-0.9914448857307434,-0.0,-0.13052619993686676,0.0,-0.004897483624517918,-3.8501621020259336e-06,-0.05743739381432533,-0.7599756717681885,0.6485010385513306,0.021495651453733444,0.03770039603114128,5.4836270635405526e-08,-2.98023217215615e-10,-0.03276759013533592,-0.7078268527984619,0.7063860297203064,0.0,0.0,-9.298324243900424e-08,0.0,-0.01670967973768711,-0.8424397706985474,0.5387905836105347,0.0,0.0,6.19888282926695e-08,0.0,-0.013883084990084171,-1.0,-0.0,0.0,0.0
1782948418.6804798,2026-07-01 19:26:58.680,8717.0,8717,right,0,2,thumbs_up,2,0.0,0.003969999961555004,-0.04999999701976776,-1.0,-0.0,0.0,0.0,0.0,0.0,0.0,-1.0,-0.0,0.0,0.0,-0.025476505979895592,-0.012044684961438179,-0.022234933450818062,-0.7754936814308167,0.024334626272320747,-0.3288477063179016,-0.5384019613265991,0.0,1.19209286886246e-09,-0.02723044343292713,-0.9616789817810059,0.2741781175136566,0.0,0.0,2.38418573772492e-09,-1.19209286886246e-09,-0.031859468668699265,-0.8998135924339294,0.4362746775150299,0.0,0.0,0.0,-3.5762786065873797e-09,-0.023122519254684448,-1.0,-0.0,0.0,0.0,-0.012360505759716034,0.0032300001475960016,-0.016998957842588425,-0.9990482330322266,-0.0,-0.04361938685178757,0.0,-0.002149570034816861,-3.8927792047616094e-06,-0.06502974033355713,-0.7086129784584045,0.7055973410606384,-2.3088105081114918e-05,-2.2989850549492985e-05,0.0,0.0,-0.03691747412085533,-0.7071068286895752,0.7071068286895752,0.0,0.0,-2.38418573772492e-09,-2.98023217215615e-10,-0.02163529396057129,-0.9304175972938538,0.36650118231773376,0.0,0.0,0.0,2.98023217215615e-10,-0.01868978515267372,-1.0,-0.0,0.0,0.0,0.0,0.003969999961555004,-0.017509059980511665,-1.0,-0.0,0.0,0.0,0.0,4.611611075233668e-06,-0.0637909397482872,-0.8449461460113525,0.5348513722419739,0.0,0.0,0.0,2.98023217215615e-10,-0.04460655897855759,-0.6636229753494263,0.7480672597885132,0.0,0.0,0.0,-2.98023217215615e-10,-0.02347646653652191,-0.9408233165740967,0.33889758586883545,0.0,0.0,0.0,0.0,-0.019652195274829865,-1.0,-0.0,0.0,0.0,0.00711638480424881,0.0018999999156221747,-0.016959700733423233,-0.9961947202682495,-0.0,0.08715574443340302,0.0,-0.0005882382392883301,0.0,-0.060253534466028214,-0.7133238315582275,0.6995487809181213,-0.03029705584049225,-0.02971198782324791,1.19209286886246e-09,-1.490116086078075e-10,-0.04255415499210358,-0.6427876353263855,0.7660444974899292,0.0,0.0,-2.38418573772492e-09,0.0,-0.02208789810538292,-0.9063078761100769,0.4226182699203491,0.0,0.0,0.0,0.0,-0.017740869894623756,-1.0,-0.0,0.0,0.0,0.013503451831638813,-0.0037700000684708357,-0.014087309129536152,-0.9914448857307434,-0.0,0.13052619993686676,0.0,0.0048975334502756596,-3.847479547403054e-06,-0.05743739381432533,-0.7135569453239441,0.6991246342658997,-0.03100157342851162,-0.03316912427544594,4.76837147544984e-09,-2.98023217215615e-10,-0.03276757150888443,-0.7071068286895752,0.7071068286895752,0.0,0.0,2.38418573772492e-09,0.0,-0.016709718853235245,-0.8419820070266724,0.5395057201385498,0.0,0.0,0.0,0.0,-0.01388302817940712,-1.0,-0.0,0.0,0.0
1782948418.7053003,2026-07-01 19:26:58.705,17187.0,17187,left,0,1,thumbs_up,2,0.0,0.003969999961555004,-0.04999999701976776,-1.0,-0.0,0.0,0.0,0.0,0.0,0.0,-1.0,-0.0,0.0,0.0,0.025476500391960144,-0.012044699862599373,-0.022234899923205376,-0.7792242169380188,-0.04471706598997116,0.3325293958187103,0.5293715596199036,-5.7220457705398076e-08,-4.3511388270189855e-08,-0.027230437844991684,-0.9808861613273621,0.19458267092704773,0.0,0.0,3.5762786065873797e-09,6.318092005130893e-08,-0.031859491020441055,-0.9427193999290466,0.33358675241470337,0.0,0.0,2.384185648907078e-08,0.0,-0.023122519254684448,-1.0,-0.0,0.0,0.0,0.012359999120235443,0.0032300001475960016,-0.017000000923871994,-0.9990482330322266,-0.0,0.04361938685178757,0.0,0.0021501504816114902,-3.890097104886081e-06,-0.06502876430749893,-0.7086129784584045,0.7055973410606384,1.3667096936842427e-05,1.3608933841169346e-05,-9.53674295089968e-09,-9.53674295089968e-09,-0.036917347460985184,-0.7071068286895752,0.7071068286895752,0.0,0.0,-2.8610228852699038e-08,-2.98023217215615e-10,-0.0216355137526989,-0.9304175972938538,0.36650118231773376,0.0,0.0,1.2636184010261786e-07,2.98023217215615e-10,-0.018689393997192383,-1.0,-0.0,0.0,0.0,0.0,0.003969999961555004,-0.01750910095870495,-1.0,-0.0,0.0,0.0,0.0,4.610121322912164e-06,-0.06379090249538422,-0.8393315672874451,0.5436199307441711,0.0,0.0,0.0,2.98023217215615e-10,-0.044606998562812805,-0.6607934832572937,0.7505677938461304,0.0,0.0,0.0,0.0,-0.023475991562008858,-0.9406619071960449,0.3393453359603882,0.0,0.0,0.0,0.0,-0.019651994109153748,-1.0,-0.0,0.0,0.0,-0.00711638992652297,0.0018999999156221747,-0.016959700733423233,-0.9961947202682495,-0.0,-0.08715574443340302,0.0,0.0005882433033548295,0.0,-0.060253534466028214,-0.7858481407165527,0.6174329519271851,0.02745715156197548,0.021572807803750038,-1.1086464013487785e-07,-1.490116086078075e-10,-0.04255366697907448,-0.643929123878479,0.7650851607322693,0.0,0.0,4.5299529460862686e-08,0.0,-0.022088106721639633,-0.9065049886703491,0.422195166349411,0.0,0.0,-1.4305114426349519e-08,0.0,-0.017740696668624878,-1.0,-0.0,0.0,0.0,-0.013503500260412693,-0.0037700000684708357,-0.014087299816310406,-0.9914448857307434,-0.0,-0.13052619993686676,0.0,-0.004897483624517918,-3.8501621020259336e-06,-0.05743739381432533,-0.7638707160949707,0.6439345479011536,0.020475463941693306,0.03782457858324051,5.4836270635405526e-08,-2.98023217215615e-10,-0.03276759013533592,-0.7081651091575623,0.7060469388961792,0.0,0.0,-9.298324243900424e-08,0.0,-0.01670967973768711,-0.8426539301872253,0.5384554862976074,0.0,0.0,6.19888282926695e-08,0.0,-0.013883084990084171,-1.0,-0.0,0.0,0.0
1782948418.8888383,2026-07-01 19:26:58.888,8730.0,8730,right,0,2,thumbs_up,2,0.0,0.003969999961555004,-0.04999999701976776,-1.0,-0.0,0.0,0.0,0.0,0.0,0.0,-1.0,-0.0,0.0,0.0,-0.025476505979895592,-0.012044684961438179,-0.022234933450818062,-0.7754936814308167,0.024334626272320747,-0.3288477063179016,-0.5384019613265991,0.0,1.19209286886246e-09,-0.02723044343292713,-0.9616789817810059,0.2741781175136566,0.0,0.0,2.38418573772492e-09,-1.19209286886246e-09,-0.031859468668699265,-0.8998135924339294,0.4362746775150299,0.0,0.0,0.0,-3.5762786065873797e-09,-0.023122519254684448,-1.0,-0.0,0.0,0.0,-0.012360505759716034,0.0032300001475960016,-0.016998957842588425,-0.9990482330322266,-0.0,-0.04361938685178757,0.0,-0.002149570034816861,-3.8927792047616094e-06,-0.06502974033355713,-0.7086129784584045,0.7055973410606384,-2.3088105081114918e-05,-2.2989850549492985e-05,0.0,0.0,-0.03691747412085533,-0.7071068286895752,0.7071068286895752,0.0,0.0,-2.38418573772492e-09,-2.98023217215615e-10,-0.02163529396057129,-0.9304175972938538,0.36650118231773376,0.0,0.0,0.0,2.98023217215615e-10,-0.01868978515267372,-1.0,-0.0,0.0,0.0,0.0,0.003969999961555004,-0.017509059980511665,-1.0,-0.0,0.0,0.0,0.0,4.611611075233668e-06,-0.0637909397482872,-0.8477421402931213,0.5304085612297058,0.0,0.0,0.0,2.98023217215615e-10,-0.04460655897855759,-0.6651054620742798,0.7467495203018188,0.0,0.0,0.0,-2.98023217215615e-10,-0.02347646653652191,-0.940908670425415,0.33866044878959656,0.0,0.0,0.0,0.0,-0.019652195274829865,-1.0,-0.0,0.0,0.0,0.00711638480424881,0.0018999999156221747,-0.016959700733423233,-0.9961947202682495,-0.0,0.08715574443340302,0.0,-0.0005882382392883301,0.0,-0.060253534466028214,-0.7155221700668335,0.6973228454589844,-0.030119962990283966,-0.029353858903050423,1.19209286886246e-09,-1.490116086078075e-10,-0.04255415499210358,-0.6427876353263855,0.7660444974899292,0.0,0.0,-2.38418573772492e-09,0.0,-0.02208789810538292,-0.9063078761100769,0.4226182699203491,0.0,0.0,0.0,0.0,-0.017740869894623756,-1.0,-0.0,0.0,0.0,0.013503451831638813,-0.0037700000684708357,-0.014087309129536152,-0.9914448857307434,-0.0,0.13052619993686676,0.0,0.0048975334502756596,-3.847479547403054e-06,-0.05743739381432533,-0.7205991744995117,0.6919659376144409,-0.028787964954972267,-0.03303426131606102,4.76837147544984e-09,-2.98023217215615e-10,-0.03276757150888443,-0.7071068286895752,0.7071068286895752,0.0,0.0,2.38418573772492e-09,0.0,-0.016709718853235245,-0.8419820070266724,0.5395057201385498,0.0,0.0,0.0,0.0,-0.01388302817940712,-1.0,-0.0,0.0,0.0
1782948418.9221961,2026-07-01 19:26:58.922,17188.0,17188,left,0,1,thumbs_up,2,0.0,0.003969999961555004,-0.04999999701976776,-1.0,-0.0,0.0,0.0,0.0,0.0,0.0,-1.0,-0.0,0.0,0.0,0.025476500391960144,-0.012044699862599373,-0.022234899923205376,-0.7799376845359802,-0.04676460102200508,0.3312935531139374,0.5289186239242554,-5.7220457705398076e-08,-4.3511388270189855e-08,-0.027230437844991684,-0.9815618395805359,0.19114495813846588,0.0,0.0,3.5762786065873797e-09,6.318092005130893e-08,-0.031859491020441055,-0.9443383812904358,0.3289757966995239,0.0,0.0,2.384185648907078e-08,0.0,-0.023122519254684448,-1.0,-0.0,0.0,0.0,0.012359999120235443,0.0032300001475960016,-0.017000000923871994,-0.9990482330322266,-0.0,0.04361938685178757,0.0,0.0021501504816114902,-3.890097104886081e-06,-0.06502876430749893,-0.7086129784584045,0.7055973410606384,1.3667096936842427e-05,1.3608933841169346e-05,-9.53674295089968e-09,-9.53674295089968e-09,-0.036917347460985184,-0.7071068286895752,0.7071068286895752,0.0,0.0,-2.8610228852699038e-08,-2.98023217215615e-10,-0.0216355137526989,-0.9304175972938538,0.36650118231773376,0.0,0.0,1.2636184010261786e-07,2.98023217215615e-10,-0.018689393997192383,-1.0,-0.0,0.0,0.0,0.0,0.003969999961555004,-0.01750910095870495,-1.0,-0.0,0.0,0.0,0.0,4.610121322912164e-06,-0.06379090249538422,-0.8449461460113525,0.5348513722419739,0.0,0.0,0.0,2.98023217215615e-10,-0.044606998562812805,-0.6636229753494263,0.7480672597885132,0.0,0.0,0.0,0.0,-0.023475991562008858,-0.9408233165740967,0.33889758586883545,0.0,0.0,0.0,0.0,-0.019651994109153748,-1.0,-0.0,0.0,0.0,-0.00711638992652297,0.0018999999156221747,-0.016959700733423233,-0.9961947202682495,-0.0,-0.08715574443340302,0.0,0.0005882433033548295,0.0,-0.060253534466028214,-0.7894695401191711,0.6128201484680176,0.02724258415400982,0.021148458123207092,-1.1086464013487785e-07,-1.490116086078075e-10,-0.04255366697907448,-0.6444978713989258,0.7646061778068542,0.0,0.0,4.5299529460862686e-08,0.0,-0.022088106721639633,-0.9066034555435181,0.4219837486743927,0.0,0.0,-1.4305114426349519e-08,0.0,-0.017740696668624878,-1.0,-0.0,0.0,0.0,-0.013503500260412693,-0.0037700000684708357,-0.014087299816310406,-0.9914448857307434,-0.0,-0.13052619993686676,0.0,-0.004897483624517918,-3.8501621020259336e-06,-0.05743739381432533,-0.7708142399787903,0.6356503367424011,0.01865687593817711,0.03802593797445297,5.4836270635405526e-08,-2.98023217215615e-10,-0.03276759013533592,-0.7089716196060181,0.705237090587616,0.0,0.0,-9.298324243900424e-08,0.0,-0.01670967973768711,-0.8431621789932251,0.5376593470573425,0.0,0.0,6.19888282926695e-08,0.0,-0.013883084990084171,-1.0,-0.0,0.0,0.0
1782948419.105649,2026-07-01 19:26:59.105,8743.0,8743,right,0,2,thumbs_up,2,0.0,0.003969999961555004,-0.04999999701976776,-1.0,-0.0,0.0,0.0,0.0,0.0,0.0,-1.0,-0.0,0.0,0.0,-0.025476505979895592,-0.012044684961438179,-0.022234933450818062,-0.7754936814308167,0.024334626272320747,-0.3288477063179016,-0.5384019613265991,0.0,1.19209286886246e-09,-0.02723044343292713,-0.9616789817810059,0.2741781175136566,0.0,0.0,2.38418573772492e-09,-1.19209286886246e-09,-0.031859468668699265,-0.8998135924339294,0.4362746775150299,0.0,0.0,0.0,-3.5762786065873797e-09,-0.023122519254684448,-1.0,-0.0,0.0,0.0,-0.012360505759716034,0.0032300001475960016,-0.016998957842588425,-0.9990482330322266,-0.0,-0.04361938685178757,0.0,-0.002149570034816861,-3.8927792047616094e-06,-0.06502974033355713,-0.7086129784584045,0.7055973410606384,-2.3088105081114918e-05,-2.2989850549492985e-05,0.0,0.0,-0.03691747412085533,-0.7071068286895752,0.7071068286895752,0.0,0.0,-2.38418573772492e-09,-2.98023217215615e-10,-0.02163529396057129,-0.9304175972938538,0.36650118231773376,0.0,0.0,0.0,2.98023217215615e-10,-0.01868978515267372,-1.0,-0.0,0.0,0.0,0.0,0.003969999961555004,-0.017509059980511665,-1.0,-0.0,0.0,0.0,0.0,4.611611075233668e-06,-0.0637909397482872,-0.8477421402931213,0.5304085612297058,0.0,0.0,0.0,2.98023217215615e-10,-0.04460655897855759,-0.6651054620742798,0.7467495203018188,0.0,0.0,0.0,-2.98023217215615e-10,-0.02347646653652191,-0.940908670425415,0.33866044878959656,0.0,0.0,0.0,0.0,-0.019652195274829865,-1.0,-0.0,0.0,0.0,0.00711638480424881,0.0018999999156221747,-0.016959700733423233,-0.9961947202682495,-0.0,0.08715574443340302,0.0,-0.0005882382392883301,0.0,-0.060253534466028214,-0.7155221700668335,0.6973228454589844,-0.030119962990283966,-0.029353858903050423,1.19209286886246e-09,-1.490116086078075e-10,-0.04255415499210358,-0.6427876353263855,0.7660444974899292,0.0,0.0,-2.38418573772492e-09,0.0,-0.02208789810538292,-0.9063078761100769,0.4226182699203491,0.0,0.0,0.0,0.0,-0.017740869894623756,-1.0,-0.0,0.0,0.0,0.013503451831638813,-0.0037700000684708357,-0.014087309129536152,-0.9914448857307434,-0.0,0.13052619993686676,0.0,0.0048975334502756596,-3.847479547403054e-06,-0.05743739381432533,-0.730629563331604,0.6815030574798584,-0.025651108473539352,-0.03280390053987503,4.76837147544984e-09,-2.98023217215615e-10,-0.03276757150888443,-0.7071068286895752,0.7071068286895752,0.0,0.0,2.38418573772492e-09,0.0,-0.016709718853235245,-0.8419820070266724,0.5395057201385498,0.0,0.0,0.0,0.0,-0.01388302817940712,-1.0,-0.0,0.0,0.0
1782948419.1281567,2026-07-01 19:26:59.128,17190.0,17190,left,0,1,thumbs_up,2,0.0,0.003969999961555004,-0.04999999701976776,-1.0,-0.0,0.0,0.0,0.0,0.0,0.0,-1.0,-0.0,0.0,0.0,0.025476500391960144,-0.012044699862599373,-0.022234899923205376,-0.7811758518218994,-0.05033029243350029,0.3291178345680237,0.5281217694282532,-5.7220457705398076e-08,-4.3511388270189855e-08,-0.027230437844991684,-0.9827107191085815,0.18514786660671234,0.0,0.0,3.5762786065873797e-09,6.318092005130893e-08,-0.031859491020441055,-0.9471113681793213,0.3209051489830017,0.0,0.0,2.384185648907078e-08,0.0,-0.023122519254684448,-1.0,-0.0,0.0,0.0,0.012359999120235443,0.0032300001475960016,-0.017000000923871994,-0.9990482330322266,-0.0,0.04361938685178757,0.0,0.0021501504816114902,-3.890097104886081e-06,-0.06502876430749893,-0.7086129784584045,0.7055973410606384,1.3667096936842427e-05,1.3608933841169346e-05,-9.53674295089968e-09,-9.53674295089968e-09,-0.036917347460985184,-0.7071068286895752,0.7071068286895752,0.0,0.0,-2.8610228852699038e-08,-2.98023217215615e-10,-0.0216355137526989,-0.9304175972938538,0.36650118231773376,0.0,0.0,1.2636184010261786e-07,2.98023217215615e-10,-0.018689393997192383,-1.0,-0.0,0.0,0.0,0.0,0.003969999961555004,-0.01750910095870495,-1.0,-0.0,0.0,0.0,0.0,4.610121322912164e-06,-0.06379090249538422,-0.8449461460113525,0.5348513722419739,0.0,0.0,0.0,2.98023217215615e-10,-0.044606998562812805,-0.6636229753494263,0.7480672597885132,0.0,0.0,0.0,0.0,-0.023475991562008858,-0.9408233165740967,0.33889758586883545,0.0,0.0,0.0,0.0,-0.019651994109153748,-1.0,-0.0,0.0,0.0,-0.00711638992652297,0.0018999999156221747,-0.016959700733423233,-0.9961947202682495,-0.0,-0.08715574443340302,0.0,0.0005882433033548295,0.0,-0.060253534466028214,-0.7912700176239014,0.6105057001113892,0.02713494375348091,0.020936010405421257,-1.1086464013487785e-07,-1.490116086078075e-10,-0.04255366697907448,-0.6447821259498596,0.7643664479255676,0.0,0.0,4.5299529460862686e-08,0.0,-0.022088106721639633,-0.9066526293754578,0.42187803983688354,0.0,0.0,-1.4305114426349519e-08,0.0,-0.017740696668624878,-1.0,-0.0,0.0,0.0,-0.013503500260412693,-0.0037700000684708357,-0.014087299816310406,-0.9914448857307434,-0.0,-0.13052619993686676,0.0,-0.004897483624517918,-3.8501621020259336e-06,-0.05743739381432533,-0.7778371572494507,0.6270779967308044,0.016810202971100807,0.03820907324552536,5.4836270635405526e-08,-2.98023217215615e-10,-0.03276759013533592,-0.7099759578704834,0.704226016998291,0.0,0.0,-9.298324243900424e-08,0.0,-0.01670967973768711,-0.8437923789024353,0.5366697907447815,0.0,0.0,6.19888282926695e-08,0.0,-0.013883084990084171,-1.0,-0.0,0.0,0.0
1782948419.3307776,2026-07-01 19:26:59.330,8756.0,8756,right,0,2,thumbs_up,2,0.0,0.003969999961555004,-0.04999999701976776,-1.0,-0.0,0.0,0.0,0.0,0.0,0.0,-1.0,-0.0,0.0,0.0,-0.025476505979895592,-0.012044684961438179,-0.022234933450818062,-0.7754936814308167,0.024334626272320747,-0.3288477063179016,-0.5384019613265991,0.0,1.19209286886246e-09,-0.02723044343292713,-0.9616789817810059,0.2741781175136566,0.0,0.0,2.38418573772492e-09,-1.19209286886246e-09,-0.031859468668699265,-0.8998135924339294,0.4362746775150299,0.0,0.0,0.0,-3.5762786065873797e-09,-0.023122519254684448,-1.0,-0.0,0.0,0.0,-0.012360505759716034,0.0032300001475960016,-0.016998957842588425,-0.9990482330322266,-0.0,-0.04361938685178757,0.0,-0.002149570034816861,-3.8927792047616094e-06,-0.06502974033355713,-0.7086129784584045,0.7055973410606384,-2.3088105081114918e-05,-2.2989850549492985e-05,0.0,0.0,-0.03691747412085533,-0.7071068286895752,0.7071068286895752,0.0,0.0,-2.38418573772492e-09,-2.98023217215615e-10,-0.02163529396057129,-0.9304175972938538,0.36650118231773376,0.0,0.0,0.0,2.98023217215615e-10,-0.01868978515267372,-1.0,-0.0,0.0,0.0,0.0,0.003969999961555004,-0.017509059980511665,-1.0,-0.0,0.0,0.0,0.0,4.611611075233668e-06,-0.0637909397482872,-0.8477421402931213,0.5304085612297058,0.0,0.0,0.0,2.98023217215615e-10,-0.04460655897855759,-0.6651054620742798,0.7467495203018188,0.0,0.0,0.0,-2.98023217215615e-10,-0.02347646653652191,-0.940908670425415,0.33866044878959656,0.0,0.0,0.0,0.0,-0.019652195274829865,-1.0,-0.0,0.0,0.0,0.00711638480424881,0.0018999999156221747,-0.016959700733423233,-0.9961947202682495,-0.0,0.08715574443340302,0.0,-0.0005882382392883301,0.0,-0.060253534466028214,-0.720736026763916,0.6919863820075989,-0.02969389036297798,-0.028509419411420822,1.19209286886246e-09,-1.490116086078075e-10,-0.04255415499210358,-0.6427876353263855,0.7660444974899292,0.0,0.0,-2.38418573772492e-09,0.0,-0.02208789810538292,-0.9063078761100769,0.4226182699203491,0.0,0.0,0.0,0.0,-0.017740869894623756,-1.0,-0.0,0.0,0.0,0.013503451831638813,-0.0037700000684708357,-0.014087309129536152,-0.9914448857307434,-0.0,0.13052619993686676,0.0,0.0048975334502756596,-3.847479547403054e-06,-0.05743739381432533,-0.730629563331604,0.6815030574798584,-0.025651108473539352,-0.03280390053987503,4.76837147544984e-09,-2.98023217215615e-10,-0.03276757150888443,-0.7071068286895752,0.7071068286895752,0.0,0.0,2.38418573772492e-09,0.0,-0.016709718853235245,-0.8419820070266724,0.5395057201385498,0.0,0.0,0.0,0.0,-0.01388302817940712,-1.0,-0.0,0.0,0.0
1782948419.3322518,2026-07-01 19:26:59.332,17192.0,17192,left,0,1,thumbs_up,2,0.0,0.003969999961555004,-0.04999999701976776,-1.0,-0.0,0.0,0.0,0.0,0.0,0.0,-1.0,-0.0,0.0,0.0,0.025476500391960144,-0.012044699862599373,-0.022234899923205376,-0.7822837829589844,-0.05354069918394089,0.3271383047103882,0.527395486831665,-5.7220457705398076e-08,-4.3511388270189855e-08,-0.027230437844991684,-0.9837145209312439,0.17973816394805908,0.0,0.0,3.5762786065873797e-09,6.318092005130893e-08,-0.031859491020441055,-0.9495548605918884,0.31360098719596863,0.0,0.0,2.384185648907078e-08,0.0,-0.023122519254684448,-1.0,-0.0,0.0,0.0,0.012359999120235443,0.0032300001475960016,-0.017000000923871994,-0.9990482330322266,-0.0,0.04361938685178757,0.0,0.0021501504816114902,-3.890097104886081e-06,-0.06502876430749893,-0.7086129784584045,0.7055973410606384,1.3667096936842427e-05,1.3608933841169346e-05,-9.53674295089968e-09,-9.53674295089968e-09,-0.036917347460985184,-0.7071068286895752,0.7071068286895752,0.0,0.0,-2.8610228852699038e-08,-2.98023217215615e-10,-0.0216355137526989,-0.9304175972938538,0.36650118231773376,0.0,0.0,1.2636184010261786e-07,2.98023217215615e-10,-0.018689393997192383,-1.0,-0.0,0.0,0.0,0.0,0.003969999961555004,-0.01750910095870495,-1.0,-0.0,0.0,0.0,0.0,4.610121322912164e-06,-0.06379090249538422,-0.8463470935821533,0.5326317548751831,0.0,0.0,0.0,2.98023217215615e-10,-0.044606998562812805,-0.6643645167350769,0.7474086880683899,0.0,0.0,0.0,0.0,-0.023475991562008858,-0.9408659934997559,0.3387790024280548,0.0,0.0,0.0,0.0,-0.019651994109153748,-1.0,-0.0,0.0,0.0,-0.00711638992652297,0.0018999999156221747,-0.016959700733423233,-0.9961947202682495,-0.0,-0.08715574443340302,0.0,0.0005882433033548295,0.0,-0.060253534466028214,-0.7912700176239014,0.6105057001113892,0.02713494375348091,0.020936010405421257,-1.1086464013487785e-07,-1.490116086078075e-10,-0.04255366697907448,-0.6447821259498596,0.7643664479255676,0.0,0.0,4.5299529460862686e-08,0.0,-0.022088106721639633,-0.9066526293754578,0.42187803983688354,0.0,0.0,-1.4305114426349519e-08,0.0,-0.017740696668624878,-1.0,-0.0,0.0,0.0,-0.013503500260412693,-0.0037700000684708357,-0.014087299816310406,-0.9914448857307434,-0.0,-0.13052619993686676,0.0,-0.004897483624517918,-3.8501621020259336e-06,-0.05743739381432533,-0.7849382162094116,0.6182042956352234,0.014937721192836761,0.03837093710899353,5.4836270635405526e-08,-2.98023217215615e-10,-0.03276759013533592,-0.7111942172050476,0.7029955983161926,0.0,0.0,-9.298324243900424e-08,0.0,-0.01670967973768711,-0.8445530533790588,0.5354719758033752,0.0,0.0,6.19888282926695e-08,0.0,-0.013883084990084171,-1.0,-0.0,0.0,0.0
1782948419.5323913,2026-07-01 19:26:59.532,17193.0,17193,left,0,1,thumbs_up,2,0.0,0.003969999961555004,-0.04999999701976776,-1.0,-0.0,0.0,0.0,0.0,0.0,0.0,-1.0,-0.0,0.0,0.0,0.025476500391960144,-0.012044699862599373,-0.022234899923205376,-0.7837799787521362,-0.05790306627750397,0.3244134485721588,0.5263954401016235,-5.7220457705398076e-08,-4.3511388270189855e-08,-0.027230437844991684,-0.9850319027900696,0.17237219214439392,0.0,0.0,3.5762786065873797e-09,6.318092005130893e-08,-0.031859491020441055,-0.9527938961982727,0.30361777544021606,0.0,0.0,2.384185648907078e-08,0.0,-0.023122519254684448,-1.0,-0.0,0.0,0.0,0.012359999120235443,0.0032300001475960016,-0.017000000923871994,-0.9990482330322266,-0.0,0.04361938685178757,0.0,0.0021501504816114902,-3.890097104886081e-06,-0.06502876430749893,-0.7086129784584045,0.7055973410606384,1.3667096936842427e-05,1.3608933841169346e-05,-9.53674295089968e-09,-9.53674295089968e-09,-0.036917347460985184,-0.7071068286895752,0.7071068286895752,0.0,0.0,-2.8610228852699038e-08,-2.98023217215615e-10,-0.0216355137526989,-0.9304175972938538,0.36650118231773376,0.0,0.0,1.2636184010261786e-07,2.98023217215615e-10,-0.018689393997192383,-1.0,-0.0,0.0,0.0,0.0,0.003969999961555004,-0.01750910095870495,-1.0,-0.0,0.0,0.0,0.0,4.610121322912164e-06,-0.06379090249538422,-0.8477421402931213,0.5304085612297058,0.0,0.0,0.0,2.98023217215615e-10,-0.044606998562812805,-0.6651054620742798,0.7467495203018188,0.0,0.0,0.0,0.0,-0.023475991562008858,-0.940908670425415,0.33866044878959656,0.0,0.0,0.0,0.0,-0.019651994109153748,-1.0,-0.0,0.0,0.0,-0.00711638992652297,0.0018999999156221747,-0.016959700733423233,-0.9961947202682495,-0.0,-0.08715574443340302,0.0,0.0005882433033548295,0.0,-0.060253534466028214,-0.7981615662574768,0.6015146374702454,0.02670484595000744,0.020127804949879646,-1.1086464013487785e-07,-1.490116086078075e-10,-0.04255366697907448,-0.6462051868438721,0.7631637454032898,0.0,0.0,4.5299529460862686e-08,0.0,-0.022088106721639633,-0.9068993330001831,0.421347439289093,0.0,0.0,-1.4305114426349519e-08,0.0,-0.017740696668624878,-1.0,-0.0,0.0,0.0,-0.013503500260412693,-0.0037700000684708357,-0.014087299816310406,-0.9914448857307434,-0.0,-0.13052619993686676,0.0,-0.004897483624517918,-3.8501621020259336e-06,-0.05743739381432533,-0.7849382162094116,0.6182042956352234,0.014937721192836761,0.03837093710899353,5.4836270635405526e-08,-2.98023217215615e-10,-0.03276759013533592,-0.7111942172050476,0.7029955983161926,0.0,0.0,-9.298324243900424e-08,0.0,-0.01670967973768711,-0.8445530533790588,0.5354719758033752,0.0,0.0,6.19888282926695e-08,0.0,-0.013883084990084171,-1.0,-0.0,0.0,0.0
1782948419.5454621,2026-07-01 19:26:59.545,8770.0,8770,right,0,2,thumbs_up,2,0.0,0.003969999961555004,-0.04999999701976776,-1.0,-0.0,0.0,0.0,0.0,0.0,0.0,-1.0,-0.0,0.0,0.0,-0.025476505979895592,-0.012044684961438179,-0.022234933450818062,-0.7754936814308167,0.024334626272320747,-0.3288477063179016,-0.5384019613265991,0.0,1.19209286886246e-09,-0.02723044343292713,-0.9616789817810059,0.2741781175136566,0.0,0.0,2.38418573772492e-09,-1.19209286886246e-09,-0.031859468668699265,-0.8998135924339294,0.4362746775150299,0.0,0.0,0.0,-3.5762786065873797e-09,-0.023122519254684448,-1.0,-0.0,0.0,0.0,-0.012360505759716034,0.0032300001475960016,-0.016998957842588425,-0.9990482330322266,-0.0,-0.04361938685178757,0.0,-0.002149570034816861,-3.8927792047616094e-06,-0.06502974033355713,-0.7086129784584045,0.7055973410606384,-2.3088105081114918e-05,-2.2989850549492985e-05,0.0,0.0,-0.03691747412085533,-0.7071068286895752,0.7071068286895752,0.0,0.0,-2.38418573772492e-09,-2.98023217215615e-10,-0.02163529396057129,-0.9304175972938538,0.36650118231773376,0.0,0.0,0.0,2.98023217215615e-10,-0.01868978515267372,-1.0,-0.0,0.0,0.0,0.0,0.003969999961555004,-0.017509059980511665,-1.0,-0.0,0.0,0.0,0.0,4.611611075233668e-06,-0.0637909397482872,-0.8477421402931213,0.5304085612297058,0.0,0.0,0.0,2.98023217215615e-10,-0.04460655897855759,-0.6651054620742798,0.7467495203018188,0.0,0.0,0.0,-2.98023217215615e-10,-0.02347646653652191,-0.940908670425415,0.33866044878959656,0.0,0.0,0.0,0.0,-0.019652195274829865,-1.0,-0.0,0.0,0.0,0.00711638480424881,0.0018999999156221747,-0.016959700733423233,-0.9961947202682495,-0.0,0.08715574443340302,0.0,-0.0005882382392883301,0.0,-0.060253534466028214,-0.720736026763916,0.6919863820075989,-0.02969389036297798,-0.028509419411420822,1.19209286886246e-09,-1.490116086078075e-10,-0.04255415499210358,-0.6427876353263855,0.7660444974899292,0.0,0.0,-2.38418573772492e-09,0.0,-0.02208789810538292,-0.9063078761100769,0.4226182699203491,0.0,0.0,0.0,0.0,-0.017740869894623756,-1.0,-0.0,0.0,0.0,0.013503451831638813,-0.0037700000684708357,-0.014087309129536152,-0.9914448857307434,-0.0,0.13052619993686676,0.0,0.0048975334502756596,-3.847479547403054e-06,-0.05743739381432533,-0.730629563331604,0.6815030574798584,-0.025651108473539352,-0.03280390053987503,4.76837147544984e-09,-2.98023217215615e-10,-0.03276757150888443,-0.7071068286895752,0.7071068286895752,0.0,0.0,2.38418573772492e-09,0.0,-0.016709718853235245,-0.8419820070266724,0.5395057201385498,0.0,0.0,0.0,0.0,-0.01388302817940712,-1.0,-0.0,0.0,0.0
1782948419.7410407,2026-07-01 19:26:59.741,17195.0,17195,left,0,1,thumbs_up,2,0.0,0.003969999961555004,-0.04999999701976776,-1.0,-0.0,0.0,0.0,0.0,0.0,0.0,-1.0,-0.0,0.0,0.0,0.025476500391960144,-0.012044699862599373,-0.022234899923205376,-0.7838939428329468,-0.05823647230863571,0.32420313358306885,0.5263184309005737,-5.7220457705398076e-08,-4.3511388270189855e-08,-0.027230437844991684,-0.9851304292678833,0.1718084067106247,0.0,0.0,3.5762786065873797e-09,6.318092005130893e-08,-0.031859491020441055,-0.9530384540557861,0.3028493821620941,0.0,0.0,2.384185648907078e-08,0.0,-0.023122519254684448,-1.0,-0.0,0.0,0.0,0.012359999120235443,0.0032300001475960016,-0.017000000923871994,-0.9990482330322266,-0.0,0.04361938685178757,0.0,0.0021501504816114902,-3.890097104886081e-06,-0.06502876430749893,-0.7086129784584045,0.7055973410606384,1.3667096936842427e-05,1.3608933841169346e-05,-9.53674295089968e-09,-9.53674295089968e-09,-0.036917347460985184,-0.7071068286895752,0.7071068286895752,0.0,0.0,-2.8610228852699038e-08,-2.98023217215615e-10,-0.0216355137526989,-0.9304175972938538,0.36650118231773376,0.0,0.0,1.2636184010261786e-07,2.98023217215615e-10,-0.018689393997192383,-1.0,-0.0,0.0,0.0,0.0,0.003969999961555004,-0.01750910095870495,-1.0,-0.0,0.0,0.0,0.0,4.610121322912164e-06,-0.06379090249538422,-0.8477421402931213,0.5304085612297058,0.0,0.0,0.0,2.98023217215615e-10,-0.044606998562812805,-0.6651054620742798,0.7467495203018188,0.0,0.0,0.0,0.0,-0.023475991562008858,-0.940908670425415,0.33866044878959656,0.0,0.0,0.0,0.0,-0.019651994109153748,-1.0,-0.0,0.0,0.0,-0.00711638992652297,0.0018999999156221747,-0.016959700733423233,-0.9961947202682495,-0.0,-0.08715574443340302,0.0,0.0005882433033548295,0.0,-0.060253534466028214,-0.7995275855064392,0.5997070670127869,0.026618411764502525,0.019965851679444313,-1.1086464013487785e-07,-1.490116086078075e-10,-0.04255366697907448,-0.6464895606040955,0.7629228830337524,0.0,0.0,4.5299529460862686e-08,0.0,-0.022088106721639633,-0.9069486260414124,0.42124125361442566,0.0,0.0,-1.4305114426349519e-08,0.0,-0.017740696668624878,-1.0,-0.0,0.0,0.0,-0.013503500260412693,-0.0037700000684708357,-0.014087299816310406,-0.9914448857307434,-0.0,-0.13052619993686676,0.0,-0.004897483624517918,-3.8501621020259336e-06,-0.05743739381432533,-0.7849382162094116,0.6182042956352234,0.014937721192836761,0.03837093710899353,5.4836270635405526e-08,-2.98023217215615e-10,-0.03276759013533592,-0.7111942172050476,0.7029955983161926,0.0,0.0,-9.298324243900424e-08,0.0,-0.01670967973768711,-0.8445530533790588,0.5354719758033752,0.0,0.0,6.19888282926695e-08,0.0,-0.013883084990084171,-1.0,-0.0,0.0,0.0
1782948419.7538521,2026-07-01 19:26:59.753,8782.0,8782,right,0,2,thumbs_up,2,0.0,0.003969999961555004,-0.04999999701976776,-1.0,-0.0,0.0,0.0,0.0,0.0,0.0,-1.0,-0.0,0.0,0.0,-0.025476505979895592,-0.012044684961438179,-0.022234933450818062,-0.7754936814308167,0.024334626272320747,-0.3288477063179016,-0.5384019613265991,0.0,1.19209286886246e-09,-0.02723044343292713,-0.9616789817810059,0.2741781175136566,0.0,0.0,2.38418573772492e-09,-1.19209286886246e-09,-0.031859468668699265,-0.8998135924339294,0.4362746775150299,0.0,0.0,0.0,-3.5762786065873797e-09,-0.023122519254684448,-1.0,-0.0,0.0,0.0,-0.012360505759716034,0.0032300001475960016,-0.016998957842588425,-0.9990482330322266,-0.0,-0.04361938685178757,0.0,-0.002149570034816861,-3.8927792047616094e-06,-0.06502974033355713,-0.7086129784584045,0.7055973410606384,-2.3088105081114918e-05,-2.2989850549492985e-05,0.0,0.0,-0.03691747412085533,-0.7071068286895752,0.7071068286895752,0.0,0.0,-2.38418573772492e-09,-2.98023217215615e-10,-0.02163529396057129,-0.9304175972938538,0.36650118231773376,0.0,0.0,0.0,2.98023217215615e-10,-0.01868978515267372,-1.0,-0.0,0.0,0.0,0.0,0.003969999961555004,-0.017509059980511665,-1.0,-0.0,0.0,0.0,0.0,4.611611075233668e-06,-0.0637909397482872,-0.8477421402931213,0.5304085612297058,0.0,0.0,0.0,2.98023217215615e-10,-0.04460655897855759,-0.6651054620742798,0.7467495203018188,0.0,0.0,0.0,-2.98023217215615e-10,-0.02347646653652191,-0.940908670425415,0.33866044878959656,0.0,0.0,0.0,0.0,-0.019652195274829865,-1.0,-0.0,0.0,0.0,0.00711638480424881,0.0018999999156221747,-0.016959700733423233,-0.9961947202682495,-0.0,0.08715574443340302,0.0,-0.0005882382392883301,0.0,-0.060253534466028214,-0.720736026763916,0.6919863820075989,-0.02969389036297798,-0.028509419411420822,1.19209286886246e-09,-1.490116086078075e-10,-0.04255415499210358,-0.6427876353263855,0.7660444974899292,0.0,0.0,-2.38418573772492e-09,0.0,-0.02208789810538292,-0.9063078761100769,0.4226182699203491,0.0,0.0,0.0,0.0,-0.017740869894623756,-1.0,-0.0,0.0,0.0,0.013503451831638813,-0.0037700000684708357,-0.014087309129536152,-0.9914448857307434,-0.0,0.13052619993686676,0.0,0.0048975334502756596,-3.847479547403054e-06,-0.05743739381432533,-0.730629563331604,0.6815030574798584,-0.025651108473539352,-0.03280390053987503,4.76837147544984e-09,-2.98023217215615e-10,-0.03276757150888443,-0.7071068286895752,0.7071068286895752,0.0,0.0,2.38418573772492e-09,0.0,-0.016709718853235245,-0.8419820070266724,0.5395057201385498,0.0,0.0,0.0,0.0,-0.01388302817940712,-1.0,-0.0,0.0,0.0
1782948419.95203,2026-07-01 19:26:59.952,17197.0,17197,left,0,1,thumbs_up,2,0.0,0.003969999961555004,-0.04999999701976776,-1.0,-0.0,0.0,0.0,0.0,0.0,0.0,-1.0,-0.0,0.0,0.0,0.025476500391960144,-0.012044699862599373,-0.022234899923205376,-0.7848011255264282,-0.06090063974261284,0.32251831889152527,0.52569979429245,-5.7220457705398076e-08,-4.3511388270189855e-08,-0.027230437844991684,-0.9859059453010559,0.16730047762393951,0.0,0.0,3.5762786065873797e-09,6.318092005130893e-08,-0.031859491020441055,-0.9549841284751892,0.2966570258140564,0.0,0.0,2.384185648907078e-08,0.0,-0.023122519254684448,-1.0,-0.0,0.0,0.0,0.012359999120235443,0.0032300001475960016,-0.017000000923871994,-0.9990482330322266,-0.0,0.04361938685178757,0.0,0.0021501504816114902,-3.890097104886081e-06,-0.06502876430749893,-0.7086129784584045,0.7055973410606384,1.3667096936842427e-05,1.3608933841169346e-05,-9.53674295089968e-09,-9.53674295089968e-09,-0.036917347460985184,-0.7071068286895752,0.7071068286895752,0.0,0.0,-2.8610228852699038e-08,-2.98023217215615e-10,-0.0216355137526989,-0.9304175972938538,0.36650118231773376,0.0,0.0,1.2636184010261786e-07,2.98023217215615e-10,-0.018689393997192383,-1.0,-0.0,0.0,0.0,0.0,0.003969999961555004,-0.01750910095870495,-1.0,-0.0,0.0,0.0,0.0,4.610121322912164e-06,-0.06379090249538422,-0.8477421402931213,0.5304085612297058,0.0,0.0,0.0,2.98023217215615e-10,-0.044606998562812805,-0.6651054620742798,0.7467495203018188,0.0,0.0,0.0,0.0,-0.023475991562008858,-0.940908670425415,0.33866044878959656,0.0,0.0,0.0,0.0,-0.019651994109153748,-1.0,-0.0,0.0,0.0,-0.00711638992652297,0.0018999999156221747,-0.016959700733423233,-0.9961947202682495,-0.0,-0.08715574443340302,0.0,0.0005882433033548295,0.0,-0.060253534466028214,-0.7995275855064392,0.5997070670127869,0.026618411764502525,0.019965851679444313,-1.1086464013487785e-07,-1.490116086078075e-10,-0.04255366697907448,-0.6464895606040955,0.7629228830337524,0.0,0.0,4.5299529460862686e-08,0.0,-0.022088106721639633,-0.9069486260414124,0.42124125361442566,0.0,0.0,-1.4305114426349519e-08,0.0,-0.017740696668624878,-1.0,-0.0,0.0,0.0,-0.013503500260412693,-0.0037700000684708357,-0.014087299816310406,-0.9914448857307434,-0.0,-0.13052619993686676,0.0,-0.004897483624517918,-3.8501621020259336e-06,-0.05743739381432533,-0.7849382162094116,0.6182042956352234,0.014937721192836761,0.03837093710899353,5.4836270635405526e-08,-2.98023217215615e-10,-0.03276759013533592,-0.7111942172050476,0.7029955983161926,0.0,0.0,-9.298324243900424e-08,0.0,-0.01670967973768711,-0.8445530533790588,0.5354719758033752,0.0,0.0,6.19888282926695e-08,0.0,-0.013883084990084171,-1.0,-0.0,0.0,0.0
1782948419.963586,2026-07-01 19:26:59.963,8795.0,8795,right,0,2,thumbs_up,2,0.0,0.003969999961555004,-0.04999999701976776,-1.0,-0.0,0.0,0.0,0.0,0.0,0.0,-1.0,-0.0,0.0,0.0,-0.025476505979895592,-0.012044684961438179,-0.022234933450818062,-0.7754936814308167,0.024334626272320747,-0.3288477063179016,-0.5384019613265991,0.0,1.19209286886246e-09,-0.02723044343292713,-0.9616789817810059,0.2741781175136566,0.0,0.0,2.38418573772492e-09,-1.19209286886246e-09,-0.031859468668699265,-0.8998135924339294,0.4362746775150299,0.0,0.0,0.0,-3.5762786065873797e-09,-0.023122519254684448,-1.0,-0.0,0.0,0.0,-0.012360505759716034,0.0032300001475960016,-0.016998957842588425,-0.9990482330322266,-0.0,-0.04361938685178757,0.0,-0.002149570034816861,-3.8927792047616094e-06,-0.06502974033355713,-0.7086129784584045,0.7055973410606384,-2.3088105081114918e-05,-2.2989850549492985e-05,0.0,0.0,-0.03691747412085533,-0.7071068286895752,0.7071068286895752,0.0,0.0,-2.38418573772492e-09,-2.98023217215615e-10,-0.02163529396057129,-0.9304175972938538,0.36650118231773376,0.0,0.0,0.0,2.98023217215615e-10,-0.01868978515267372,-1.0,-0.0,0.0,0.0,0.0,0.003969999961555004,-0.017509059980511665,-1.0,-0.0,0.0,0.0,0.0,4.611611075233668e-06,-0.0637909397482872,-0.8477421402931213,0.5304085612297058,0.0,0.0,0.0,2.98023217215615e-10,-0.04460655897855759,-0.6651054620742798,0.7467495203018188,0.0,0.0,0.0,-2.98023217215615e-10,-0.02347646653652191,-0.940908670425415,0.33866044878959656,0.0,0.0,0.0,0.0,-0.019652195274829865,-1.0,-0.0,0.0,0.0,0.00711638480424881,0.0018999999156221747,-0.016959700733423233,-0.9961947202682495,-0.0,0.08715574443340302,0.0,-0.0005882382392883301,0.0,-0.060253534466028214,-0.720736026763916,0.6919863820075989,-0.02969389036297798,-0.028509419411420822,1.19209286886246e-09,-1.490116086078075e-10,-0.04255415499210358,-0.6427876353263855,0.7660444974899292,0.0,0.0,-2.38418573772492e-09,0.0,-0.02208789810538292,-0.9063078761100769,0.4226182699203491,0.0,0.0,0.0,0.0,-0.017740869894623756,-1.0,-0.0,0.0,0.0,0.013503451831638813,-0.0037700000684708357,-0.014087309129536152,-0.9914448857307434,-0.0,0.13052619993686676,0.0,0.0048975334502756596,-3.847479547403054e-06,-0.05743739381432533,-0.7385773658752441,0.6729816198348999,-0.02317911386489868,-0.0325888991355896,4.76837147544984e-09,-2.98023217215615e-10,-0.03276757150888443,-0.7071068286895752,0.7071068286895752,0.0,0.0,2.38418573772492e-09,0.0,-0.016709718853235245,-0.8419820070266724,0.5395057201385498,0.0,0.0,0.0,0.0,-0.01388302817940712,-1.0,-0.0,0.0,0.0
1782948420.1674092,2026-07-01 19:27:00.167,17199.0,17199,left,0,1,thumbs_up,2,0.0,0.003969999961555004,-0.04999999701976776,-1.0,-0.0,0.0,0.0,0.0,0.0,0.0,-1.0,-0.0,0.0,0.0,0.025476500391960144,-0.012044699862599373,-0.022234899923205376,-0.7854750156402588,-0.06288835406303406,0.32125186920166016,0.5252345204353333,-5.7220457705398076e-08,-4.3511388270189855e-08,-0.027230437844991684,-0.9864715933799744,0.1639327108860016,0.0,0.0,3.5762786065873797e-09,6.318092005130893e-08,-0.031859491020441055,-0.9564616084098816,0.2918582856655121,0.0,0.0,2.384185648907078e-08,0.0,-0.023122519254684448,-1.0,-0.0,0.0,0.0,0.012359999120235443,0.0032300001475960016,-0.017000000923871994,-0.9990482330322266,-0.0,0.04361938685178757,0.0,0.0021501504816114902,-3.890097104886081e-06,-0.06502876430749893,-0.7086129784584045,0.7055973410606384,1.3667096936842427e-05,1.3608933841169346e-05,-9.53674295089968e-09,-9.53674295089968e-09,-0.036917347460985184,-0.7071068286895752,0.7071068286895752,0.0,0.0,-2.8610228852699038e-08,-2.98023217215615e-10,-0.0216355137526989,-0.9304175972938538,0.36650118231773376,0.0,0.0,1.2636184010261786e-07,2.98023217215615e-10,-0.018689393997192383,-1.0,-0.0,0.0,0.0,0.0,0.003969999961555004,-0.01750910095870495,-1.0,-0.0,0.0,0.0,0.0,4.610121322912164e-06,-0.06379090249538422,-0.8533058166503906,0.5214108824729919,0.0,0.0,0.0,2.98023217215615e-10,-0.044606998562812805,-0.668202817440033,0.7439792156219482,0.0,0.0,0.0,0.0,-0.023475991562008858,-0.941088855266571,0.338159441947937,0.0,0.0,0.0,0.0,-0.019651994109153748,-1.0,-0.0,0.0,0.0,-0.00711638992652297,0.0018999999156221747,-0.016959700733423233,-0.9961947202682495,-0.0,-0.08715574443340302,0.0,0.0005882433033548295,0.0,-0.060253534466028214,-0.7995275855064392,0.5997070670127869,0.026618411764502525,0.019965851679444313,-1.1086464013487785e-07,-1.490116086078075e-10,-0.04255366697907448,-0.6464895606040955,0.7629228830337524,0.0,0.0,4.5299529460862686e-08,0.0,-0.022088106721639633,-0.9069486260414124,0.42124125361442566,0.0,0.0,-1.4305114426349519e-08,0.0,-0.017740696668624878,-1.0,-0.0,0.0,0.0,-0.013503500260412693,-0.0037700000684708357,-0.014087299816310406,-0.9914448857307434,-0.0,-0.13052619993686676,0.0,-0.004897483624517918,-3.8501621020259336e-06,-0.05743739381432533,-0.7849382162094116,0.6182042956352234,0.014937721192836761,0.03837093710899353,5.4836270635405526e-08,-2.98023217215615e-10,-0.03276759013533592,-0.7111942172050476,0.7029955983161926,0.0,0.0,-9.298324243900424e-08,0.0,-0.01670967973768711,-0.8445530533790588,0.5354719758033752,0.0,0.0,6.19888282926695e-08,0.0,-0.013883084990084171,-1.0,-0.0,0.0,0.0
1782948420.1676738,2026-07-01 19:27:00.167,8807.0,8807,right,0,2,thumbs_up,2,0.0,0.003969999961555004,-0.04999999701976776,-1.0,-0.0,0.0,0.0,0.0,0.0,0.0,-1.0,-0.0,0.0,0.0,-0.025476505979895592,-0.012044684961438179,-0.022234933450818062,-0.7754936814308167,0.024334626272320747,-0.3288477063179016,-0.5384019613265991,0.0,1.19209286886246e-09,-0.02723044343292713,-0.9616789817810059,0.2741781175136566,0.0,0.0,2.38418573772492e-09,-1.19209286886246e-09,-0.031859468668699265,-0.8998135924339294,0.4362746775150299,0.0,0.0,0.0,-3.5762786065873797e-09,-0.023122519254684448,-1.0,-0.0,0.0,0.0,-0.012360505759716034,0.0032300001475960016,-0.016998957842588425,-0.9990482330322266,-0.0,-0.04361938685178757,0.0,-0.002149570034816861,-3.8927792047616094e-06,-0.06502974033355713,-0.7086129784584045,0.7055973410606384,-2.3088105081114918e-05,-2.2989850549492985e-05,0.0,0.0,-0.03691747412085533,-0.7071068286895752,0.7071068286895752,0.0,0.0,-2.38418573772492e-09,-2.98023217215615e-10,-0.02163529396057129,-0.9304175972938538,0.36650118231773376,0.0,0.0,0.0,2.98023217215615e-10,-0.01868978515267372,-1.0,-0.0,0.0,0.0,0.0,0.003969999961555004,-0.017509059980511665,-1.0,-0.0,0.0,0.0,0.0,4.611611075233668e-06,-0.0637909397482872,-0.8533058166503906,0.5214108824729919,0.0,0.0,0.0,2.98023217215615e-10,-0.04460655897855759,-0.668202817440033,0.7439792156219482,0.0,0.0,0.0,-2.98023217215615e-10,-0.02347646653652191,-0.941088855266571,0.338159441947937,0.0,0.0,0.0,0.0,-0.019652195274829865,-1.0,-0.0,0.0,0.0,0.00711638480424881,0.0018999999156221747,-0.016959700733423233,-0.9961947202682495,-0.0,0.08715574443340302,0.0,-0.0005882382392883301,0.0,-0.060253534466028214,-0.7253192067146301,0.6872274875640869,-0.029311325401067734,-0.027771977707743645,1.19209286886246e-09,-1.490116086078075e-10,-0.04255415499210358,-0.6427876353263855,0.7660444974899292,0.0,0.0,-2.38418573772492e-09,0.0,-0.02208789810538292,-0.9063078761100769,0.4226182699203491,0.0,0.0,0.0,0.0,-0.017740869894623756,-1.0,-0.0,0.0,0.0,0.013503451831638813,-0.0037700000684708357,-0.014087309129536152,-0.9914448857307434,-0.0,0.13052619993686676,0.0,0.0048975334502756596,-3.847479547403054e-06,-0.05743739381432533,-0.7511271238327026,0.6590896844863892,-0.01930808089673519,-0.03218669444322586,4.76837147544984e-09,-2.98023217215615e-10,-0.03276757150888443,-0.7072996497154236,0.706913948059082,0.0,0.0,2.38418573772492e-09,0.0,-0.016709718853235245,-0.8421049118041992,0.5393139123916626,0.0,0.0,0.0,0.0,-0.01388302817940712,-1.0,-0.0,0.0,0.0
1782948420.3755808,2026-07-01 19:27:00.375,17200.0,17200,left,0,1,thumbs_up,2,0.0,0.003969999961555004,-0.04999999701976776,-1.0,-0.0,0.0,0.0,0.0,0.0,0.0,-1.0,-0.0,0.0,0.0,0.025476500391960144,-0.012044699862599373,-0.022234899923205376,-0.7861430644989014,-0.06486745923757553,0.31998348236083984,0.5247684121131897,-5.7220457705398076e-08,-4.3511388270189855e-08,-0.027230437844991684,-0.9870234131813049,0.16057650744915009,0.0,0.0,3.5762786065873797e-09,6.318092005130893e-08,-0.031859491020441055,-0.9579523801803589,0.28692737221717834,0.0,0.0,2.384185648907078e-08,0.0,-0.023122519254684448,-1.0,-0.0,0.0,0.0,0.012359999120235443,0.0032300001475960016,-0.017000000923871994,-0.9990482330322266,-0.0,0.04361938685178757,0.0,0.0021501504816114902,-3.890097104886081e-06,-0.06502876430749893,-0.7086129784584045,0.7055973410606384,1.3667096936842427e-05,1.3608933841169346e-05,-9.53674295089968e-09,-9.53674295089968e-09,-0.036917347460985184,-0.7071068286895752,0.7071068286895752,0.0,0.0,-2.8610228852699038e-08,-2.98023217215615e-10,-0.0216355137526989,-0.9304175972938538,0.36650118231773376,0.0,0.0,1.2636184010261786e-07,2.98023217215615e-10,-0.018689393997192383,-1.0,-0.0,0.0,0.0,0.0,0.003969999961555004,-0.01750910095870495,-1.0,-0.0,0.0,0.0,0.0,4.610121322912164e-06,-0.06379090249538422,-0.8533058166503906,0.5214108824729919,0.0,0.0,0.0,2.98023217215615e-10,-0.044606998562812805,-0.668202817440033,0.7439792156219482,0.0,0.0,0.0,0.0,-0.023475991562008858,-0.941088855266571,0.338159441947937,0.0,0.0,0.0,0.0,-0.019651994109153748,-1.0,-0.0,0.0,0.0,-0.00711638992652297,0.0018999999156221747,-0.016959700733423233,-0.9961947202682495,-0.0,-0.08715574443340302,0.0,0.0005882433033548295,0.0,-0.060253534466028214,-0.7995275855064392,0.5997070670127869,0.026618411764502525,0.019965851679444313,-1.1086464013487785e-07,-1.490116086078075e-10,-0.04255366697907448,-0.6464895606040955,0.7629228830337524,0.0,0.0,4.5299529460862686e-08,0.0,-0.022088106721639633,-0.9069486260414124,0.42124125361442566,0.0,0.0,-1.4305114426349519e-08,0.0,-0.017740696668624878,-1.0,-0.0,0.0,0.0,-0.013503500260412693,-0.0037700000684708357,-0.014087299816310406,-0.9914448857307434,-0.0,-0.13052619993686676,0.0,-0.004897483624517918,-3.8501621020259336e-06,-0.05743739381432533,-0.7941535711288452,0.6063648462295532,0.012500160373747349,0.038544464856386185,5.4836270635405526e-08,-2.98023217215615e-10,-0.03276759013533592,-0.7130712270736694,0.7010916471481323,0.0,0.0,-9.298324243900424e-08,0.0,-0.01670967973768711,-0.8457174897193909,0.5336308479309082,0.0,0.0,6.19888282926695e-08,0.0,-0.013883084990084171,-1.0,-0.0,0.0,0.0
1782948420.375867,2026-07-01 19:27:00.375,8820.0,8820,right,0,2,thumbs_up,2,0.0,0.003969999961555004,-0.04999999701976776,-1.0,-0.0,0.0,0.0,0.0,0.0,0.0,-1.0,-0.0,0.0,0.0,-0.025476505979895592,-0.012044684961438179,-0.022234933450818062,-0.7754936814308167,0.024334626272320747,-0.3288477063179016,-0.5384019613265991,0.0,1.19209286886246e-09,-0.02723044343292713,-0.9616789817810059,0.2741781175136566,0.0,0.0,2.38418573772492e-09,-1.19209286886246e-09,-0.031859468668699265,-0.8998135924339294,0.4362746775150299,0.0,0.0,0.0,-3.5762786065873797e-09,-0.023122519254684448,-1.0,-0.0,0.0,0.0,-0.012360505759716034,0.0032300001475960016,-0.016998957842588425,-0.9990482330322266,-0.0,-0.04361938685178757,0.0,-0.002149570034816861,-3.8927792047616094e-06,-0.06502974033355713,-0.7086129784584045,0.7055973410606384,-2.3088105081114918e-05,-2.2989850549492985e-05,0.0,0.0,-0.03691747412085533,-0.7071068286895752,0.7071068286895752,0.0,0.0,-2.38418573772492e-09,-2.98023217215615e-10,-0.02163529396057129,-0.9304175972938538,0.36650118231773376,0.0,0.0,0.0,2.98023217215615e-10,-0.01868978515267372,-1.0,-0.0,0.0,0.0,0.0,0.003969999961555004,-0.017509059980511665,-1.0,-0.0,0.0,0.0,0.0,4.611611075233668e-06,-0.0637909397482872,-0.8533058166503906,0.5214108824729919,0.0,0.0,0.0,2.98023217215615e-10,-0.04460655897855759,-0.668202817440033,0.7439792156219482,0.0,0.0,0.0,-2.98023217215615e-10,-0.02347646653652191,-0.941088855266571,0.338159441947937,0.0,0.0,0.0,0.0,-0.019652195274829865,-1.0,-0.0,0.0,0.0,0.00711638480424881,0.0018999999156221747,-0.016959700733423233,-0.9961947202682495,-0.0,0.08715574443340302,0.0,-0.0005882382392883301,0.0,-0.060253534466028214,-0.7253192067146301,0.6872274875640869,-0.029311325401067734,-0.027771977707743645,1.19209286886246e-09,-1.490116086078075e-10,-0.04255415499210358,-0.6427876353263855,0.7660444974899292,0.0,0.0,-2.38418573772492e-09,0.0,-0.02208789810538292,-0.9063078761100769,0.4226182699203491,0.0,0.0,0.0,0.0,-0.017740869894623756,-1.0,-0.0,0.0,0.0,0.013503451831638813,-0.0037700000684708357,-0.014087309129536152,-0.9914448857307434,-0.0,0.13052619993686676,0.0,0.0048975334502756596,-3.847479547403054e-06,-0.05743739381432533,-0.7553800940513611,0.6542558670043945,-0.017993684858083725,-0.032037679105997086,4.76837147544984e-09,-2.98023217215615e-10,-0.03276757150888443,-0.7074650526046753,0.7067484259605408,0.0,0.0,2.38418573772492e-09,0.0,-0.016709718853235245,-0.8422102928161621,0.539149284362793,0.0,0.0,0.0,0.0,-0.01388302817940712,-1.0,-0.0,0.0,0.0
1782948420.5858698,2026-07-01 19:27:00.585,17202.0,17202,left,0,1,thumbs_up,2,0.0,0.003969999961555004,-0.04999999701976776,-1.0,-0.0,0.0,0.0,0.0,0.0,0.0,-1.0,-0.0,0.0,0.0,0.025476500391960144,-0.012044699862599373,-0.022234899923205376,-0.7871336936950684,-0.06781783699989319,0.3180783689022064,0.5240681767463684,-5.7220457705398076e-08,-4.3511388270189855e-08,-0.027230437844991684,-0.9878254532814026,0.1555664837360382,0.0,0.0,3.5762786065873797e-09,6.318092005130893e-08,-0.031859491020441055,-0.9602091312408447,0.27928197383880615,0.0,0.0,2.384185648907078e-08,0.0,-0.023122519254684448,-1.0,-0.0,0.0,0.0,0.012359999120235443,0.0032300001475960016,-0.017000000923871994,-0.9990482330322266,-0.0,0.04361938685178757,0.0,0.0021501504816114902,-3.890097104886081e-06,-0.06502876430749893,-0.7086129784584045,0.7055973410606384,1.3667096936842427e-05,1.3608933841169346e-05,-9.53674295089968e-09,-9.53674295089968e-09,-0.036917347460985184,-0.7071068286895752,0.7071068286895752,0.0,0.0,-2.8610228852699038e-08,-2.98023217215615e-10,-0.0216355137526989,-0.9304175972938538,0.36650118231773376,0.0,0.0,1.2636184010261786e-07,2.98023217215615e-10,-0.018689393997192383,-1.0,-0.0,0.0,0.0,0.0,0.003969999961555004,-0.01750910095870495,-1.0,-0.0,0.0,0.0,0.0,4.610121322912164e-06,-0.06379090249538422,-0.8533058166503906,0.5214108824729919,0.0,0.0,0.0,2.98023217215615e-10,-0.044606998562812805,-0.668202817440033,0.7439792156219482,0.0,0.0,0.0,0.0,-0.023475991562008858,-0.941088855266571,0.338159441947937,0.0,0.0,0.0,0.0,-0.019651994109153748,-1.0,-0.0,0.0,0.0,-0.00711638992652297,0.0018999999156221747,-0.016959700733423233,-0.9961947202682495,-0.0,-0.08715574443340302,0.0,0.0005882433033548295,0.0,-0.060253534466028214,-0.8050992488861084,0.5922441482543945,0.02625160664319992,0.01931110955774784,-1.1086464013487785e-07,-1.490116086078075e-10,-0.04255366697907448,-0.647906482219696,0.7617198824882507,0.0,0.0,4.5299529460862686e-08,0.0,-0.022088106721639633,-0.9071947932243347,0.42071086168289185,0.0,0.0,-1.4305114426349519e-08,0.0,-0.017740696668624878,-1.0,-0.0,0.0,0.0,-0.013503500260412693,-0.0037700000684708357,-0.014087299816310406,-0.9914448857307434,-0.0,-0.13052619993686676,0.0,-0.004897483624517918,-3.8501621020259336e-06,-0.05743739381432533,-0.8034233450889587,0.5940660238265991,0.010038421489298344,0.03867600858211517,5.4836270635405526e-08,-2.98023217215615e-10,-0.03276759013533592,-0.715282678604126,0.6988352537155151,0.0,0.0,-9.298324243900424e-08,0.0,-0.01670967973768711,-0.8470801115036011,0.5314651727676392,0.0,0.0,6.19888282926695e-08,0.0,-0.013883084990084171,-1.0,-0.0,0.0,0.0
1782948420.597863,2026-07-01 19:27:00.597,8833.0,8833,right,0,2,thumbs_up,2,0.0,0.003969999961555004,-0.04999999701976776,-1.0,-0.0,0.0,0.0,0.0,0.0,0.0,-1.0,-0.0,0.0,0.0,-0.025476505979895592,-0.012044684961438179,-0.022234933450818062,-0.7761850953102112,0.0221865177154541,-0.3278394341468811,-0.5381131768226624,0.0,1.19209286886246e-09,-0.02723044343292713,-0.962651252746582,0.270744651556015,0.0,0.0,2.38418573772492e-09,-1.19209286886246e-09,-0.031859468668699265,-0.9018523693084717,0.4320443868637085,0.0,0.0,0.0,-3.5762786065873797e-09,-0.023122519254684448,-1.0,-0.0,0.0,0.0,-0.012360505759716034,0.0032300001475960016,-0.016998957842588425,-0.9990482330322266,-0.0,-0.04361938685178757,0.0,-0.002149570034816861,-3.8927792047616094e-06,-0.06502974033355713,-0.7086129784584045,0.7055973410606384,-2.3088105081114918e-05,-2.2989850549492985e-05,0.0,0.0,-0.03691747412085533,-0.7071068286895752,0.7071068286895752,0.0,0.0,-2.38418573772492e-09,-2.98023217215615e-10,-0.02163529396057129,-0.9304175972938538,0.36650118231773376,0.0,0.0,0.0,2.98023217215615e-10,-0.01868978515267372,-1.0,-0.0,0.0,0.0,0.0,0.003969999961555004,-0.017509059980511665,-1.0,-0.0,0.0,0.0,0.0,4.611611075233668e-06,-0.0637909397482872,-0.8533058166503906,0.5214108824729919,0.0,0.0,0.0,2.98023217215615e-10,-0.04460655897855759,-0.668202817440033,0.7439792156219482,0.0,0.0,0.0,-2.98023217215615e-10,-0.02347646653652191,-0.941088855266571,0.338159441947937,0.0,0.0,0.0,0.0,-0.019652195274829865,-1.0,-0.0,0.0,0.0,0.00711638480424881,0.0018999999156221747,-0.016959700733423233,-0.9961947202682495,-0.0,0.08715574443340302,0.0,-0.0005882382392883301,0.0,-0.060253534466028214,-0.7286747097969055,0.6837023496627808,-0.029026400297880173,-0.02723494917154312,1.19209286886246e-09,-1.490116086078075e-10,-0.04255415499210358,-0.6427876353263855,0.7660444974899292,0.0,0.0,-2.38418573772492e-09,0.0,-0.02208789810538292,-0.9063078761100769,0.4226182699203491,0.0,0.0,0.0,0.0,-0.017740869894623756,-1.0,-0.0,0.0,0.0,0.013503451831638813,-0.0037700000684708357,-0.014087309129536152,-0.9914448857307434,-0.0,0.13052619993686676,0.0,0.0048975334502756596,-3.847479547403054e-06,-0.05743739381432533,-0.7558643817901611,0.6537012457847595,-0.0178455151617527,-0.03201959282159805,4.76837147544984e-09,-2.98023217215615e-10,-0.03276757150888443,-0.7074971199035645,0.7067162990570068,0.0,0.0,2.38418573772492e-09,0.0,-0.016709718853235245,-0.8422306776046753,0.5391173958778381,0.0,0.0,0.0,0.0,-0.01388302817940712,-1.0,-0.0,0.0,0.0
