wall_time,iso_time,timestamp,packet_counter,hand_side,frame_id,status,pose,take,PALM_x,PALM_y,PALM_z,PALM_qw,PALM_qx,PALM_qy,PALM_qz,WRIST_x,WRIST_y,WRIST_z,WRIST_qw,WRIST_qx,WRIST_qy,WRIST_qz,THUMB_METACARPAL_x,THUMB_METACARPAL_y,THUMB_METACARPAL_z,THUMB_METACARPAL_qw,THUMB_METACARPAL_qx,THUMB_METACARPAL_qy,THUMB_METACARPAL_qz,THUMB_PROXIMAL_x,THUMB_PROXIMAL_y,THUMB_PROXIMAL_z,THUMB_PROXIMAL_qw,THUMB_PROXIMAL_qx,THUMB_PROXIMAL_qy,THUMB_PROXIMAL_qz,THUMB_DISTAL_x,THUMB_DISTAL_y,THUMB_DISTAL_z,THUMB_DISTAL_qw,THUMB_DISTAL_qx,THUMB_DISTAL_qy,THUMB_DISTAL_qz,THUMB_TIP_x,THUMB_TIP_y,THUMB_TIP_z,THUMB_TIP_qw,THUMB_TIP_qx,THUMB_TIP_qy,THUMB_TIP_qz,INDEX_METACARPAL_x,INDEX_METACARPAL_y,INDEX_METACARPAL_z,INDEX_METACARPAL_qw,INDEX_METACARPAL_qx,INDEX_METACARPAL_qy,INDEX_METACARPAL_qz,INDEX_PROXIMAL_x,INDEX_PROXIMAL_y,INDEX_PROXIMAL_z,INDEX_PROXIMAL_qw,INDEX_PROXIMAL_qx,INDEX_PROXIMAL_qy,INDEX_PROXIMAL_qz,INDEX_INTERMEDIATE_x,INDEX_INTERMEDIATE_y,INDEX_INTERMEDIATE_z,INDEX_INTERMEDIATE_qw,INDEX_INTERMEDIATE_qx,INDEX_INTERMEDIATE_qy,INDEX_INTERMEDIATE_qz,INDEX_DISTAL_x,INDEX_DISTAL_y,INDEX_DISTAL_z,INDEX_DISTAL_qw,INDEX_DISTAL_qx,INDEX_DISTAL_qy,INDEX_DISTAL_qz,INDEX_TIP_x,INDEX_TIP_y,INDEX_TIP_z,INDEX_TIP_qw,INDEX_TIP_qx,INDEX_TIP_qy,INDEX_TIP_qz,MIDDLE_METACARPAL_x,MIDDLE_METACARPAL_y,MIDDLE_METACARPAL_z,MIDDLE_METACARPAL_qw,MIDDLE_METACARPAL_qx,MIDDLE_METACARPAL_qy,MIDDLE_METACARPAL_qz,MIDDLE_PROXIMAL_x,MIDDLE_PROXIMAL_y,MIDDLE_PROXIMAL_z,MIDDLE_PROXIMAL_qw,MIDDLE_PROXIMAL_qx,MIDDLE_PROXIMAL_qy,MIDDLE_PROXIMAL_qz,MIDDLE_INTERMEDIATE_x,MIDDLE_INTERMEDIATE_y,MIDDLE_INTERMEDIATE_z,MIDDLE_INTERMEDIATE_qw,MIDDLE_INTERMEDIATE_qx,MIDDLE_INTERMEDIATE_qy,MIDDLE_INTERMEDIATE_qz,MIDDLE_DISTAL_x,MIDDLE_DISTAL_y,MIDDLE_DISTAL_z,MIDDLE_DISTAL_qw,MIDDLE_DISTAL_qx,MIDDLE_DISTAL_qy,MIDDLE_DISTAL_qz,MIDDLE_TIP_x,MIDDLE_TIP_y,MIDDLE_TIP_z,MIDDLE_TIP_qw,MIDDLE_TIP_qx,MIDDLE_TIP_qy,MIDDLE_TIP_qz,RING_METACARPAL_x,RING_METACARPAL_y,RING_METACARPAL_z,RING_METACARPAL_qw,RING_METACARPAL_qx,RING_METACARPAL_qy,RING_METACARPAL_qz,RING_PROXIMAL_x,RING_PROXIMAL_y,RING_PROXIMAL_z,RING_PROXIMAL_qw,RING_PROXIMAL_qx,RING_PROXIMAL_qy,RING_PROXIMAL_qz,RING_INTERMEDIATE_x,RING_INTERMEDIATE_y,RING_INTERMEDIATE_z,RING_INTERMEDIATE_qw,RING_INTERMEDIATE_qx,RING_INTERMEDIATE_qy,RING_INTERMEDIATE_qz,RING_DISTAL_x,RING_DISTAL_y,RING_DISTAL_z,RING_DISTAL_qw,RING_DISTAL_qx,RING_DISTAL_qy,RING_DISTAL_qz,RING_TIP_x,RING_TIP_y,RING_TIP_z,RING_TIP_qw,RING_TIP_qx,RING_TIP_qy,RING_TIP_qz,LITTLE_METACARPAL_x,LITTLE_METACARPAL_y,LITTLE_METACARPAL_z,LITTLE_METACARPAL_qw,LITTLE_METACARPAL_qx,LITTLE_METACARPAL_qy,LITTLE_METACARPAL_qz,LITTLE_PROXIMAL_x,LITTLE_PROXIMAL_y,LITTLE_PROXIMAL_z,LITTLE_PROXIMAL_qw,LITTLE_PROXIMAL_qx,LITTLE_PROXIMAL_qy,LITTLE_PROXIMAL_qz,LITTLE_INTERMEDIATE_x,LITTLE_INTERMEDIATE_y,LITTLE_INTERMEDIATE_z,LITTLE_INTERMEDIATE_qw,LITTLE_INTERMEDIATE_qx,LITTLE_INTERMEDIATE_qy,LITTLE_INTERMEDIATE_qz,LITTLE_DISTAL_x,LITTLE_DISTAL_y,LITTLE_DISTAL_z,LITTLE_DISTAL_qw,LITTLE_DISTAL_qx,LITTLE_DISTAL_qy,LITTLE_DISTAL_qz,LITTLE_TIP_x,LITTLE_TIP_y,LITTLE_TIP_z,LITTLE_TIP_qw,LITTLE_TIP_qx,LITTLE_TIP_qy,LITTLE_TIP_qz
1782948404.7297482,2026-07-01 19:26:44.729,17069.0,17069,left,0,1,thumbs_up,1,0.0,0.003969999961555004,-0.04999999701976776,-1.0,-0.0,0.0,0.0,0.0,0.0,0.0,-1.0,-0.0,0.0,0.0,0.025476500391960144,-0.012044699862599373,-0.022234899923205376,-0.7990889549255371,-0.10561048239469528,0.2924790382385254,0.5145477652549744,-5.7220457705398076e-08,-4.3511388270189855e-08,-0.027230437844991684,-0.9958676099777222,0.0908171758055687,0.0,0.0,3.5762786065873797e-09,6.318092005130893e-08,-0.031859491020441055,-0.9874802827835083,0.15774251520633698,0.0,0.0,2.384185648907078e-08,0.0,-0.023122519254684448,-1.0,-0.0,0.0,0.0,0.012359999120235443,0.0032300001475960016,-0.017000000923871994,-0.9990482330322266,-0.0,0.04361938685178757,0.0,0.0021501504816114902,-3.890097104886081e-06,-0.06502876430749893,-0.7086129784584045,0.7055973410606384,1.3667096936842427e-05,1.3608933841169346e-05,-9.53674295089968e-09,-9.53674295089968e-09,-0.036917347460985184,-0.7071068286895752,0.7071068286895752,0.0,0.0,-2.8610228852699038e-08,-2.98023217215615e-10,-0.0216355137526989,-0.9304175972938538,0.36650118231773376,0.0,0.0,1.2636184010261786e-07,2.98023217215615e-10,-0.018689393997192383,-1.0,-0.0,0.0,0.0,0.0,0.003969999961555004,-0.01750910095870495,-1.0,-0.0,0.0,0.0,0.0,4.610121322912164e-06,-0.06379090249538422,-0.8074008226394653,0.5900033712387085,0.0,0.0,0.0,2.98023217215615e-10,-0.044606998562812805,-0.648451566696167,0.7612559795379639,0.0,0.0,0.0,0.0,-0.023475991562008858,-0.9399846196174622,0.34121695160865784,0.0,0.0,0.0,0.0,-0.019651994109153748,-1.0,-0.0,0.0,0.0,-0.00711638992652297,0.0018999999156221747,-0.016959700733423233,-0.9961947202682495,-0.0,-0.08715574443340302,0.0,0.0005882433033548295,0.0,-0.060253534466028214,-0.8305132985115051,0.5562256574630737,0.024376748129725456,0.016326015815138817,-1.1086464013487785e-07,-1.490116086078075e-10,-0.04255366697907448,-0.6568990349769592,0.7539785504341125,0.0,0.0,4.5299529460862686e-08,0.0,-0.022088106721639633,-0.9087644815444946,0.4173094928264618,0.0,0.0,-1.4305114426349519e-08,0.0,-0.017740696668624878,-1.0,-0.0,0.0,0.0,-0.013503500260412693,-0.0037700000684708357,-0.014087299816310406,-0.9914448857307434,-0.0,-0.13052619993686676,0.0,-0.004897483624517918,-3.8501621020259336e-06,-0.05743739381432533,-0.8034233450889587,0.5940660238265991,0.010038421489298344,0.03867600858211517,5.4836270635405526e-08,-2.98023217215615e-10,-0.03276759013533592,-0.715282678604126,0.6988352537155151,0.0,0.0,-9.298324243900424e-08,0.0,-0.01670967973768711,-0.8470801115036011,0.5314651727676392,0.0,0.0,6.19888282926695e-08,0.0,-0.013883084990084171,-1.0,-0.0,0.0,0.0
1782948404.7300763,2026-07-01 19:26:44.730,7868.0,7868,right,0,2,thumbs_up,1,0.0,0.003969999961555004,-0.04999999701976776,-1.0,-0.0,0.0,0.0,0.0,0.0,0.0,-1.0,-0.0,0.0,0.0,-0.025476505979895592,-0.012044684961438179,-0.022234933450818062,-0.7947157025337219,-0.05079897865653038,-0.29812192916870117,-0.526279091835022,0.0,1.19209286886246e-09,-0.02723044343292713,-0.9871128797531128,0.16002558171749115,0.0,0.0,2.38418573772492e-09,-1.19209286886246e-09,-0.031859468668699265,-0.9582203030586243,0.28603121638298035,0.0,0.0,0.0,-3.5762786065873797e-09,-0.023122519254684448,-1.0,-0.0,0.0,0.0,-0.012360505759716034,0.0032300001475960016,-0.016998957842588425,-0.9990482330322266,-0.0,-0.04361938685178757,0.0,-0.002149570034816861,-3.8927792047616094e-06,-0.06502974033355713,-0.7086129784584045,0.7055973410606384,-2.3088105081114918e-05,-2.2989850549492985e-05,0.0,0.0,-0.03691747412085533,-0.7071068286895752,0.7071068286895752,0.0,0.0,-2.38418573772492e-09,-2.98023217215615e-10,-0.02163529396057129,-0.9304175972938538,0.36650118231773376,0.0,0.0,0.0,2.98023217215615e-10,-0.01868978515267372,-1.0,-0.0,0.0,0.0,0.0,0.003969999961555004,-0.017509059980511665,-1.0,-0.0,0.0,0.0,0.0,4.611611075233668e-06,-0.0637909397482872,-0.8195698857307434,0.5729792714118958,0.0,0.0,0.0,2.98023217215615e-10,-0.04460655897855759,-0.6523886919021606,0.7578845620155334,0.0,0.0,0.0,-2.98023217215615e-10,-0.02347646653652191,-0.9401955008506775,0.3406354486942291,0.0,0.0,0.0,0.0,-0.019652195274829865,-1.0,-0.0,0.0,0.0,0.00711638480424881,0.0018999999156221747,-0.016959700733423233,-0.9961947202682495,-0.0,0.08715574443340302,0.0,-0.0005882382392883301,0.0,-0.060253534466028214,-0.7698189616203308,0.6374258995056152,-0.025158988311886787,-0.02083483524620533,1.19209286886246e-09,-1.490116086078075e-10,-0.04255415499210358,-0.6428112983703613,0.766024649143219,0.0,0.0,-2.38418573772492e-09,0.0,-0.02208789810538292,-0.9063119292259216,0.42260947823524475,0.0,0.0,0.0,0.0,-0.017740869894623756,-1.0,-0.0,0.0,0.0,0.013503451831638813,-0.0037700000684708357,-0.014087309129536152,-0.9914448857307434,-0.0,0.13052619993686676,0.0,0.0048975334502756596,-3.847479547403054e-06,-0.05743739381432533,-0.8467764258384705,0.5312061905860901,0.009042209014296532,-0.026609597727656364,4.76837147544984e-09,-2.98023217215615e-10,-0.03276757150888443,-0.7297428846359253,0.6837217211723328,0.0,0.0,2.38418573772492e-09,0.0,-0.016709718853235245,-0.8557910323143005,0.5173216462135315,0.0,0.0,0.0,0.0,-0.01388302817940712,-1.0,-0.0,0.0,0.0
1782948404.931055,2026-07-01 19:26:44.931,17073.0,17073,left,0,1,thumbs_up,1,0.0,0.003969999961555004,-0.04999999701976776,-1.0,-0.0,0.0,0.0,0.0,0.0,0.0,-1.0,-0.0,0.0,0.0,0.025476500391960144,-0.012044699862599373,-0.022234899923205376,-0.7970991134643555,-0.09895480424165726,0.2971193194389343,0.5162955522537231,-5.7220457705398076e-08,-4.3511388270189855e-08,-0.027230437844991684,-0.9947547912597656,0.10228876769542694,0.0,0.0,3.5762786065873797e-09,6.318092005130893e-08,-0.031859491020441055,-0.9833658337593079,0.18163587152957916,0.0,0.0,2.384185648907078e-08,0.0,-0.023122519254684448,-1.0,-0.0,0.0,0.0,0.012359999120235443,0.0032300001475960016,-0.017000000923871994,-0.9990482330322266,-0.0,0.04361938685178757,0.0,0.0021501504816114902,-3.890097104886081e-06,-0.06502876430749893,-0.7086129784584045,0.7055973410606384,1.3667096936842427e-05,1.3608933841169346e-05,-9.53674295089968e-09,-9.53674295089968e-09,-0.036917347460985184,-0.7071068286895752,0.7071068286895752,0.0,0.0,-2.8610228852699038e-08,-2.98023217215615e-10,-0.0216355137526989,-0.9304175972938538,0.36650118231773376,0.0,0.0,1.2636184010261786e-07,2.98023217215615e-10,-0.018689393997192383,-1.0,-0.0,0.0,0.0,0.0,0.003969999961555004,-0.01750910095870495,-1.0,-0.0,0.0,0.0,0.0,4.610121322912164e-06,-0.06379090249538422,-0.7999705076217651,0.6000393033027649,0.0,0.0,0.0,2.98023217215615e-10,-0.044606998562812805,-0.6464895606040955,0.7629228830337524,0.0,0.0,0.0,0.0,-0.023475991562008858,-0.9398815035820007,0.34150078892707825,0.0,0.0,0.0,0.0,-0.019651994109153748,-1.0,-0.0,0.0,0.0,-0.00711638992652297,0.0018999999156221747,-0.016959700733423233,-0.9961947202682495,-0.0,-0.08715574443340302,0.0,0.0005882433033548295,0.0,-0.060253534466028214,-0.8107242584228516,0.5845591425895691,0.025864752009510994,0.018651438876986504,-1.1086464013487785e-07,-1.490116086078075e-10,-0.04255366697907448,-0.6495676040649414,0.7603038549423218,0.0,0.0,4.5299529460862686e-08,0.0,-0.022088106721639633,-0.9074838757514954,0.42008695006370544,0.0,0.0,-1.4305114426349519e-08,0.0,-0.017740696668624878,-1.0,-0.0,0.0,0.0,-0.013503500260412693,-0.0037700000684708357,-0.014087299816310406,-0.9914448857307434,-0.0,-0.13052619993686676,0.0,-0.004897483624517918,-3.8501621020259336e-06,-0.05743739381432533,-0.7849382162094116,0.6182042956352234,0.014937721192836761,0.03837093710899353,5.4836270635405526e-08,-2.98023217215615e-10,-0.03276759013533592,-0.7111942172050476,0.7029955983161926,0.0,0.0,-9.298324243900424e-08,0.0,-0.01670967973768711,-0.8445530533790588,0.5354719758033752,0.0,0.0,6.19888282926695e-08,0.0,-0.013883084990084171,-1.0,-0.0,0.0,0.0
1782948404.9312663,2026-07-01 19:26:44.931,7895.0,7895,right,0,2,thumbs_up,1,0.0,0.003969999961555004,-0.04999999701976776,-1.0,-0.0,0.0,0.0,0.0,0.0,0.0,-1.0,-0.0,0.0,0.0,-0.025476505979895592,-0.012044684961438179,-0.022234933450818062,-0.793936550617218,-0.04699479043483734,-0.29952913522720337,-0.5270090103149414,0.0,1.19209286886246e-09,-0.02723044343292713,-0.9861904978752136,0.1656152606010437,0.0,0.0,2.38418573772492e-09,-1.19209286886246e-09,-0.031859468668699265,-0.9557209610939026,0.2942746579647064,0.0,0.0,0.0,-3.5762786065873797e-09,-0.023122519254684448,-1.0,-0.0,0.0,0.0,-0.012360505759716034,0.0032300001475960016,-0.016998957842588425,-0.9990482330322266,-0.0,-0.04361938685178757,0.0,-0.002149570034816861,-3.8927792047616094e-06,-0.06502974033355713,-0.7086129784584045,0.7055973410606384,-2.3088105081114918e-05,-2.2989850549492985e-05,0.0,0.0,-0.03691747412085533,-0.7071068286895752,0.7071068286895752,0.0,0.0,-2.38418573772492e-09,-2.98023217215615e-10,-0.02163529396057129,-0.9304175972938538,0.36650118231773376,0.0,0.0,0.0,2.98023217215615e-10,-0.01868978515267372,-1.0,-0.0,0.0,0.0,0.0,0.003969999961555004,-0.017509059980511665,-1.0,-0.0,0.0,0.0,0.0,4.611611075233668e-06,-0.0637909397482872,-0.8195698857307434,0.5729792714118958,0.0,0.0,0.0,2.98023217215615e-10,-0.04460655897855759,-0.6523886919021606,0.7578845620155334,0.0,0.0,0.0,-2.98023217215615e-10,-0.02347646653652191,-0.9401955008506775,0.3406354486942291,0.0,0.0,0.0,0.0,-0.019652195274829865,-1.0,-0.0,0.0,0.0,0.00711638480424881,0.0018999999156221747,-0.016959700733423233,-0.9961947202682495,-0.0,0.08715574443340302,0.0,-0.0005882382392883301,0.0,-0.060253534466028214,-0.7602697014808655,0.6486994028091431,-0.026121526956558228,-0.022288169711828232,1.19209286886246e-09,-1.490116086078075e-10,-0.04255415499210358,-0.6427876353263855,0.7660444974899292,0.0,0.0,-2.38418573772492e-09,0.0,-0.02208789810538292,-0.9063078761100769,0.4226182699203491,0.0,0.0,0.0,0.0,-0.017740869894623756,-1.0,-0.0,0.0,0.0,0.013503451831638813,-0.0037700000684708357,-0.014087309129536152,-0.9914448857307434,-0.0,0.13052619993686676,0.0,0.0048975334502756596,-3.847479547403054e-06,-0.05743739381432533,-0.8377233147621155,0.545371949672699,0.006471771281212568,-0.02733534574508667,4.76837147544984e-09,-2.98023217215615e-10,-0.03276757150888443,-0.7260994911193848,0.6875896453857422,0.0,0.0,2.38418573772492e-09,0.0,-0.016709718853235245,-0.8536251783370972,0.5208878517150879,0.0,0.0,0.0,0.0,-0.01388302817940712,-1.0,-0.0,0.0,0.0
1782948405.1516654,2026-07-01 19:26:45.151,17075.0,17075,left,0,1,thumbs_up,1,0.0,0.003969999961555004,-0.04999999701976776,-1.0,-0.0,0.0,0.0,0.0,0.0,0.0,-1.0,-0.0,0.0,0.0,0.025476500391960144,-0.012044699862599373,-0.022234899923205376,-0.7948507070541382,-0.09164521843194962,0.30216288566589355,0.5181805491447449,-5.7220457705398076e-08,-4.3511388270189855e-08,-0.027230437844991684,-0.9933820962905884,0.11485681682825089,0.0,0.0,3.5762786065873797e-09,6.318092005130893e-08,-0.031859491020441055,-0.9783498048782349,0.20695826411247253,0.0,0.0,2.384185648907078e-08,0.0,-0.023122519254684448,-1.0,-0.0,0.0,0.0,0.012359999120235443,0.0032300001475960016,-0.017000000923871994,-0.9990482330322266,-0.0,0.04361938685178757,0.0,0.0021501504816114902,-3.890097104886081e-06,-0.06502876430749893,-0.7086129784584045,0.7055973410606384,1.3667096936842427e-05,1.3608933841169346e-05,-9.53674295089968e-09,-9.53674295089968e-09,-0.036917347460985184,-0.7071068286895752,0.7071068286895752,0.0,0.0,-2.8610228852699038e-08,-2.98023217215615e-10,-0.0216355137526989,-0.9304175972938538,0.36650118231773376,0.0,0.0,1.2636184010261786e-07,2.98023217215615e-10,-0.018689393997192383,-1.0,-0.0,0.0,0.0,0.0,0.003969999961555004,-0.01750910095870495,-1.0,-0.0,0.0,0.0,0.0,4.610121322912164e-06,-0.06379090249538422,-0.8018304705619812,0.5975516438484192,0.0,0.0,0.0,2.98023217215615e-10,-0.044606998562812805,-0.6469621062278748,0.7625221610069275,0.0,0.0,0.0,0.0,-0.023475991562008858,-0.9399062395095825,0.34143269062042236,0.0,0.0,0.0,0.0,-0.019651994109153748,-1.0,-0.0,0.0,0.0,-0.00711638992652297,0.0018999999156221747,-0.016959700733423233,-0.9961947202682495,-0.0,-0.08715574443340302,0.0,0.0005882433033548295,0.0,-0.060253534466028214,-0.8050992488861084,0.5922441482543945,0.02625160664319992,0.01931110955774784,-1.1086464013487785e-07,-1.490116086078075e-10,-0.04255366697907448,-0.647906482219696,0.7617198824882507,0.0,0.0,4.5299529460862686e-08,0.0,-0.022088106721639633,-0.9071947932243347,0.42071086168289185,0.0,0.0,-1.4305114426349519e-08,0.0,-0.017740696668624878,-1.0,-0.0,0.0,0.0,-0.013503500260412693,-0.0037700000684708357,-0.014087299816310406,-0.9914448857307434,-0.0,-0.13052619993686676,0.0,-0.004897483624517918,-3.8501621020259336e-06,-0.05743739381432533,-0.7788442969322205,0.6258322596549988,0.016544535756111145,0.03823380544781685,5.4836270635405526e-08,-2.98023217215615e-10,-0.03276759013533592,-0.7101333737373352,0.7040672302246094,0.0,0.0,-9.298324243900424e-08,0.0,-0.01670967973768711,-0.843890905380249,0.5365148782730103,0.0,0.0,6.19888282926695e-08,0.0,-0.013883084990084171,-1.0,-0.0,0.0,0.0
1782948405.1520338,2026-07-01 19:26:45.152,7908.0,7908,right,0,2,thumbs_up,1,0.0,0.003969999961555004,-0.04999999701976776,-1.0,-0.0,0.0,0.0,0.0,0.0,0.0,-1.0,-0.0,0.0,0.0,-0.025476505979895592,-0.012044684961438179,-0.022234933450818062,-0.8072869777679443,-0.12501059472560883,-0.2709994614124298,-0.5091358423233032,0.0,1.19209286886246e-09,-0.02723044343292713,-0.9986857771873474,0.05125197395682335,0.0,0.0,2.38418573772492e-09,-1.19209286886246e-09,-0.031859468668699265,-0.9971307516098022,0.07569856196641922,0.0,0.0,0.0,-3.5762786065873797e-09,-0.023122519254684448,-1.0,-0.0,0.0,0.0,-0.012360505759716034,0.0032300001475960016,-0.016998957842588425,-0.9990482330322266,-0.0,-0.04361938685178757,0.0,-0.002149570034816861,-3.8927792047616094e-06,-0.06502974033355713,-0.7086129784584045,0.7055973410606384,-2.3088105081114918e-05,-2.2989850549492985e-05,0.0,0.0,-0.03691747412085533,-0.7071068286895752,0.7071068286895752,0.0,0.0,-2.38418573772492e-09,-2.98023217215615e-10,-0.02163529396057129,-0.9304175972938538,0.36650118231773376,0.0,0.0,0.0,2.98023217215615e-10,-0.01868978515267372,-1.0,-0.0,0.0,0.0,0.0,0.003969999961555004,-0.017509059980511665,-1.0,-0.0,0.0,0.0,0.0,4.611611075233668e-06,-0.0637909397482872,-0.8266454935073853,0.5627230405807495,0.0,0.0,0.0,2.98023217215615e-10,-0.04460655897855759,-0.6551464796066284,0.7555018663406372,0.0,0.0,0.0,-2.98023217215615e-10,-0.02347646653652191,-0.9403465390205383,0.34021830558776855,0.0,0.0,0.0,0.0,-0.019652195274829865,-1.0,-0.0,0.0,0.0,0.00711638480424881,0.0018999999156221747,-0.016959700733423233,-0.9961947202682495,-0.0,0.08715574443340302,0.0,-0.0005882382392883301,0.0,-0.060253534466028214,-0.7685317993164062,0.6389656066894531,-0.02529160864651203,-0.021028222516179085,1.19209286886246e-09,-1.490116086078075e-10,-0.04255415499210358,-0.6427878141403198,0.7660443186759949,0.0,0.0,-2.38418573772492e-09,0.0,-0.02208789810538292,-0.9063078761100769,0.42261815071105957,0.0,0.0,0.0,0.0,-0.017740869894623756,-1.0,-0.0,0.0,0.0,0.013503451831638813,-0.0037700000684708357,-0.014087309129536152,-0.9914448857307434,-0.0,0.13052619993686676,0.0,0.0048975334502756596,-3.847479547403054e-06,-0.05743739381432533,-0.8377233147621155,0.545371949672699,0.006471771281212568,-0.02733534574508667,4.76837147544984e-09,-2.98023217215615e-10,-0.03276757150888443,-0.7260994911193848,0.6875896453857422,0.0,0.0,2.38418573772492e-09,0.0,-0.016709718853235245,-0.8536251783370972,0.5208878517150879,0.0,0.0,0.0,0.0,-0.01388302817940712,-1.0,-0.0,0.0,0.0
1782948405.37151,2026-07-01 19:26:45.371,17077.0,17077,left,0,1,thumbs_up,1,0.0,0.003969999961555004,-0.04999999701976776,-1.0,-0.0,0.0,0.0,0.0,0.0,0.0,-1.0,-0.0,0.0,0.0,0.025476500391960144,-0.012044699862599373,-0.022234899923205376,-0.7942319512367249,-0.08966758102178574,0.3035161793231964,0.5186842679977417,-5.7220457705398076e-08,-4.3511388270189855e-08,-0.027230437844991684,-0.9929836988449097,0.1182515025138855,0.0,0.0,3.5762786065873797e-09,6.318092005130893e-08,-0.031859491020441055,-0.9769219756126404,0.21359658241271973,0.0,0.0,2.384185648907078e-08,0.0,-0.023122519254684448,-1.0,-0.0,0.0,0.0,0.012359999120235443,0.0032300001475960016,-0.017000000923871994,-0.9990482330322266,-0.0,0.04361938685178757,0.0,0.0021501504816114902,-3.890097104886081e-06,-0.06502876430749893,-0.7086129784584045,0.7055973410606384,1.3667096936842427e-05,1.3608933841169346e-05,-9.53674295089968e-09,-9.53674295089968e-09,-0.036917347460985184,-0.7071068286895752,0.7071068286895752,0.0,0.0,-2.8610228852699038e-08,-2.98023217215615e-10,-0.0216355137526989,-0.9304175972938538,0.36650118231773376,0.0,0.0,1.2636184010261786e-07,2.98023217215615e-10,-0.018689393997192383,-1.0,-0.0,0.0,0.0,0.0,0.003969999961555004,-0.01750910095870495,-1.0,-0.0,0.0,0.0,0.0,4.610121322912164e-06,-0.06379090249538422,-0.811123788356781,0.5848745107650757,0.0,0.0,0.0,2.98023217215615e-10,-0.044606998562812805,-0.6495407223701477,0.7603268623352051,0.0,0.0,0.0,0.0,-0.023475991562008858,-0.9400423169136047,0.34105798602104187,0.0,0.0,0.0,0.0,-0.019651994109153748,-1.0,-0.0,0.0,0.0,-0.00711638992652297,0.0018999999156221747,-0.016959700733423233,-0.9961947202682495,-0.0,-0.08715574443340302,0.0,0.0005882433033548295,0.0,-0.060253534466028214,-0.8079008460044861,0.5884358882904053,0.02606142871081829,0.01898188516497612,-1.1086464013487785e-07,-1.490116086078075e-10,-0.04255366697907448,-0.6486966609954834,0.7610470652580261,0.0,0.0,4.5299529460862686e-08,0.0,-0.022088106721639633,-0.9073323011398315,0.42041438817977905,0.0,0.0,-1.4305114426349519e-08,0.0,-0.017740696668624878,-1.0,-0.0,0.0,0.0,-0.013503500260412693,-0.0037700000684708357,-0.014087299816310406,-0.9914448857307434,-0.0,-0.13052619993686676,0.0,-0.004897483624517918,-3.8501621020259336e-06,-0.05743739381432533,-0.7788442969322205,0.6258322596549988,0.016544535756111145,0.03823380544781685,5.4836270635405526e-08,-2.98023217215615e-10,-0.03276759013533592,-0.7101333737373352,0.7040672302246094,0.0,0.0,-9.298324243900424e-08,0.0,-0.01670967973768711,-0.843890905380249,0.5365148782730103,0.0,0.0,6.19888282926695e-08,0.0,-0.013883084990084171,-1.0,-0.0,0.0,0.0
1782948405.3725538,2026-07-01 19:26:45.372,7922.0,7922,right,0,2,thumbs_up,1,0.0,0.003969999961555004,-0.04999999701976776,-1.0,-0.0,0.0,0.0,0.0,0.0,0.0,-1.0,-0.0,0.0,0.0,-0.025476505979895592,-0.012044684961438179,-0.022234933450818062,-0.8102253675460815,-0.14641828835010529,-0.2624594569206238,-0.5032013058662415,0.0,1.19209286886246e-09,-0.02723044343292713,-0.99982088804245,0.018927227705717087,0.0,0.0,2.38418573772492e-09,-1.19209286886246e-09,-0.031859468668699265,-0.999878466129303,0.015591050498187542,0.0,0.0,0.0,-3.5762786065873797e-09,-0.023122519254684448,-1.0,-0.0,0.0,0.0,-0.012360505759716034,0.0032300001475960016,-0.016998957842588425,-0.9990482330322266,-0.0,-0.04361938685178757,0.0,-0.002149570034816861,-3.8927792047616094e-06,-0.06502974033355713,-0.7086129784584045,0.7055973410606384,-2.3088105081114918e-05,-2.2989850549492985e-05,0.0,0.0,-0.03691747412085533,-0.7071068286895752,0.7071068286895752,0.0,0.0,-2.38418573772492e-09,-2.98023217215615e-10,-0.02163529396057129,-0.9304175972938538,0.36650118231773376,0.0,0.0,0.0,2.98023217215615e-10,-0.01868978515267372,-1.0,-0.0,0.0,0.0,0.0,0.003969999961555004,-0.017509059980511665,-1.0,-0.0,0.0,0.0,0.0,4.611611075233668e-06,-0.0637909397482872,-0.8336947560310364,0.552225649356842,0.0,0.0,0.0,2.98023217215615e-10,-0.04460655897855759,-0.6581496596336365,0.7528871893882751,0.0,0.0,0.0,-2.98023217215615e-10,-0.02347646653652191,-0.940513014793396,0.33975762128829956,0.0,0.0,0.0,0.0,-0.019652195274829865,-1.0,-0.0,0.0,0.0,0.00711638480424881,0.0018999999156221747,-0.016959700733423233,-0.9961947202682495,-0.0,0.08715574443340302,0.0,-0.0005882382392883301,0.0,-0.060253534466028214,-0.775373637676239,0.630707323551178,-0.024581296369433403,-0.019995011389255524,1.19209286886246e-09,-1.490116086078075e-10,-0.04255415499210358,-0.6429281234741211,0.7659265398979187,0.0,0.0,-2.38418573772492e-09,0.0,-0.02208789810538292,-0.9063320159912109,0.42256635427474976,0.0,0.0,0.0,0.0,-0.017740869894623756,-1.0,-0.0,0.0,0.0,0.013503451831638813,-0.0037700000684708357,-0.014087309129536152,-0.9914448857307434,-0.0,0.13052619993686676,0.0,0.0048975334502756596,-3.847479547403054e-06,-0.05743739381432533,-0.8377233147621155,0.545371949672699,0.006471771281212568,-0.02733534574508667,4.76837147544984e-09,-2.98023217215615e-10,-0.03276757150888443,-0.7260994911193848,0.6875896453857422,0.0,0.0,2.38418573772492e-09,0.0,-0.016709718853235245,-0.8536251783370972,0.5208878517150879,0.0,0.0,0.0,0.0,-0.01388302817940712,-1.0,-0.0,0.0,0.0
1782948405.5728512,2026-07-01 19:26:45.572,17078.0,17078,left,0,1,thumbs_up,1,0.0,0.003969999961555004,-0.04999999701976776,-1.0,-0.0,0.0,0.0,0.0,0.0,0.0,-1.0,-0.0,0.0,0.0,0.025476500391960144,-0.012044699862599373,-0.022234899923205376,-0.794518232345581,-0.0905807614326477,0.30289164185523987,0.5184521079063416,-5.7220457705398076e-08,-4.3511388270189855e-08,-0.027230437844991684,-0.9931690692901611,0.11668425798416138,0.0,0.0,3.5762786065873797e-09,6.318092005130893e-08,-0.031859491020441055,-0.9775863885879517,0.21053479611873627,0.0,0.0,2.384185648907078e-08,0.0,-0.023122519254684448,-1.0,-0.0,0.0,0.0,0.012359999120235443,0.0032300001475960016,-0.017000000923871994,-0.9990482330322266,-0.0,0.04361938685178757,0.0,0.0021501504816114902,-3.890097104886081e-06,-0.06502876430749893,-0.7086129784584045,0.7055973410606384,1.3667096936842427e-05,1.3608933841169346e-05,-9.53674295089968e-09,-9.53674295089968e-09,-0.036917347460985184,-0.7071068286895752,0.7071068286895752,0.0,0.0,-2.8610228852699038e-08,-2.98023217215615e-10,-0.0216355137526989,-0.9304175972938538,0.36650118231773376,0.0,0.0,1.2636184010261786e-07,2.98023217215615e-10,-0.018689393997192383,-1.0,-0.0,0.0,0.0,0.0,0.003969999961555004,-0.01750910095870495,-1.0,-0.0,0.0,0.0,0.0,4.610121322912164e-06,-0.06379090249538422,-0.811123788356781,0.5848745107650757,0.0,0.0,0.0,2.98023217215615e-10,-0.044606998562812805,-0.6495407223701477,0.7603268623352051,0.0,0.0,0.0,0.0,-0.023475991562008858,-0.9400423169136047,0.34105798602104187,0.0,0.0,0.0,0.0,-0.019651994109153748,-1.0,-0.0,0.0,0.0,-0.00711638992652297,0.0018999999156221747,-0.016959700733423233,-0.9961947202682495,-0.0,-0.08715574443340302,0.0,0.0005882433033548295,0.0,-0.060253534466028214,-0.8079008460044861,0.5884358882904053,0.02606142871081829,0.01898188516497612,-1.1086464013487785e-07,-1.490116086078075e-10,-0.04255366697907448,-0.6486966609954834,0.7610470652580261,0.0,0.0,4.5299529460862686e-08,0.0,-0.022088106721639633,-0.9073323011398315,0.42041438817977905,0.0,0.0,-1.4305114426349519e-08,0.0,-0.017740696668624878,-1.0,-0.0,0.0,0.0,-0.013503500260412693,-0.0037700000684708357,-0.014087299816310406,-0.9914448857307434,-0.0,-0.13052619993686676,0.0,-0.004897483624517918,-3.8501621020259336e-06,-0.05743739381432533,-0.7849382162094116,0.6182042956352234,0.014937721192836761,0.03837093710899353,5.4836270635405526e-08,-2.98023217215615e-10,-0.03276759013533592,-0.7111942172050476,0.7029955983161926,0.0,0.0,-9.298324243900424e-08,0.0,-0.01670967973768711,-0.8445530533790588,0.5354719758033752,0.0,0.0,6.19888282926695e-08,0.0,-0.013883084990084171,-1.0,-0.0,0.0,0.0
1782948405.5731938,2026-07-01 19:26:45.573,7932.0,7932,right,0,2,thumbs_up,1,0.0,0.003969999961555004,-0.04999999701976776,-1.0,-0.0,0.0,0.0,0.0,0.0,0.0,-1.0,-0.0,0.0,0.0,-0.025476505979895592,-0.012044684961438179,-0.022234933450818062,-0.8070300221443176,-0.12360531836748123,-0.2716204524040222,-0.5095553398132324,0.0,1.19209286886246e-09,-0.02723044343292713,-0.9985690712928772,0.053476933389902115,0.0,0.0,2.38418573772492e-09,-1.19209286886246e-09,-0.031859468668699265,-0.9968903064727783,0.07880192995071411,0.0,0.0,0.0,-3.5762786065873797e-09,-0.023122519254684448,-1.0,-0.0,0.0,0.0,-0.012360505759716034,0.0032300001475960016,-0.016998957842588425,-0.9990482330322266,-0.0,-0.04361938685178757,0.0,-0.002149570034816861,-3.8927792047616094e-06,-0.06502974033355713,-0.7086129784584045,0.7055973410606384,-2.3088105081114918e-05,-2.2989850549492985e-05,0.0,0.0,-0.03691747412085533,-0.7071068286895752,0.7071068286895752,0.0,0.0,-2.38418573772492e-09,-2.98023217215615e-10,-0.02163529396057129,-0.9304175972938538,0.36650118231773376,0.0,0.0,0.0,2.98023217215615e-10,-0.01868978515267372,-1.0,-0.0,0.0,0.0,0.0,0.003969999961555004,-0.017509059980511665,-1.0,-0.0,0.0,0.0,0.0,4.611611075233668e-06,-0.0637909397482872,-0.8336947560310364,0.552225649356842,0.0,0.0,0.0,2.98023217215615e-10,-0.04460655897855759,-0.6581496596336365,0.7528871893882751,0.0,0.0,0.0,-2.98023217215615e-10,-0.02347646653652191,-0.940513014793396,0.33975762128829956,0.0,0.0,0.0,0.0,-0.019652195274829865,-1.0,-0.0,0.0,0.0,0.00711638480424881,0.0018999999156221747,-0.016959700733423233,-0.9961947202682495,-0.0,0.08715574443340302,0.0,-0.0005882382392883301,0.0,-0.060253534466028214,-0.775373637676239,0.630707323551178,-0.024581296369433403,-0.019995011389255524,1.19209286886246e-09,-1.490116086078075e-10,-0.04255415499210358,-0.6429281234741211,0.7659265398979187,0.0,0.0,-2.38418573772492e-09,0.0,-0.02208789810538292,-0.9063320159912109,0.42256635427474976,0.0,0.0,0.0,0.0,-0.017740869894623756,-1.0,-0.0,0.0,0.0,0.013503451831638813,-0.0037700000684708357,-0.014087309129536152,-0.9914448857307434,-0.0,0.13052619993686676,0.0,0.0048975334502756596,-3.847479547403054e-06,-0.05743739381432533,-0.8377233147621155,0.545371949672699,0.006471771281212568,-0.02733534574508667,4.76837147544984e-09,-2.98023217215615e-10,-0.03276757150888443,-0.7260994911193848,0.6875896453857422,0.0,0.0,2.38418573772492e-09,0.0,-0.016709718853235245,-0.8536251783370972,0.5208878517150879,0.0,0.0,0.0,0.0,-0.01388302817940712,-1.0,-0.0,0.0,0.0
1782948405.7842495,2026-07-01 19:26:45.784,17080.0,17080,left,0,1,thumbs_up,1,0.0,0.003969999961555004,-0.04999999701976776,-1.0,-0.0,0.0,0.0,0.0,0.0,0.0,-1.0,-0.0,0.0,0.0,0.025476500391960144,-0.012044699862599373,-0.022234899923205376,-0.7948035001754761,-0.09149380773305893,0.3022666871547699,0.5182191729545593,-5.7220457705398076e-08,-4.3511388270189855e-08,-0.027230437844991684,-0.9933519959449768,0.11511673033237457,0.0,0.0,3.5762786065873797e-09,6.318092005130893e-08,-0.031859491020441055,-0.9782412052154541,0.20747095346450806,0.0,0.0,2.384185648907078e-08,0.0,-0.023122519254684448,-1.0,-0.0,0.0,0.0,0.012359999120235443,0.0032300001475960016,-0.017000000923871994,-0.9990482330322266,-0.0,0.04361938685178757,0.0,0.0021501504816114902,-3.890097104886081e-06,-0.06502876430749893,-0.7086129784584045,0.7055973410606384,1.3667096936842427e-05,1.3608933841169346e-05,-9.53674295089968e-09,-9.53674295089968e-09,-0.036917347460985184,-0.7071068286895752,0.7071068286895752,0.0,0.0,-2.8610228852699038e-08,-2.98023217215615e-10,-0.0216355137526989,-0.9304175972938538,0.36650118231773376,0.0,0.0,1.2636184010261786e-07,2.98023217215615e-10,-0.018689393997192383,-1.0,-0.0,0.0,0.0,0.0,0.003969999961555004,-0.01750910095870495,-1.0,-0.0,0.0,0.0,0.0,4.610121322912164e-06,-0.06379090249538422,-0.811123788356781,0.5848745107650757,0.0,0.0,0.0,2.98023217215615e-10,-0.044606998562812805,-0.6495407223701477,0.7603268623352051,0.0,0.0,0.0,0.0,-0.023475991562008858,-0.9400423169136047,0.34105798602104187,0.0,0.0,0.0,0.0,-0.019651994109153748,-1.0,-0.0,0.0,0.0,-0.00711638992652297,0.0018999999156221747,-0.016959700733423233,-0.9961947202682495,-0.0,-0.08715574443340302,0.0,0.0005882433033548295,0.0,-0.060253534466028214,-0.8135288953781128,0.5806689262390137,0.025667479261755943,0.018320562317967415,-1.1086464013487785e-07,-1.490116086078075e-10,-0.04255366697907448,-0.6504377126693726,0.7595595717430115,0.0,0.0,4.5299529460862686e-08,0.0,-0.022088106721639633,-0.9076353907585144,0.41975948214530945,0.0,0.0,-1.4305114426349519e-08,0.0,-0.017740696668624878,-1.0,-0.0,0.0,0.0,-0.013503500260412693,-0.0037700000684708357,-0.014087299816310406,-0.9914448857307434,-0.0,-0.13052619993686676,0.0,-0.004897483624517918,-3.8501621020259336e-06,-0.05743739381432533,-0.7941535711288452,0.6063648462295532,0.012500160373747349,0.038544464856386185,5.4836270635405526e-08,-2.98023217215615e-10,-0.03276759013533592,-0.7130712270736694,0.7010916471481323,0.0,0.0,-9.298324243900424e-08,0.0,-0.01670967973768711,-0.8457174897193909,0.5336308479309082,0.0,0.0,6.19888282926695e-08,0.0,-0.013883084990084171,-1.0,-0.0,0.0,0.0
1782948405.784462,2026-07-01 19:26:45.784,7946.0,7946,right,0,2,thumbs_up,1,0.0,0.003969999961555004,-0.04999999701976776,-1.0,-0.0,0.0,0.0,0.0,0.0,0.0,-1.0,-0.0,0.0,0.0,-0.025476505979895592,-0.012044684961438179,-0.022234933450818062,-0.8007568120956421,-0.08328738063573837,-0.28633883595466614,-0.5194821953773499,0.0,1.19209286886246e-09,-0.02723044343292713,-0.9936439394950867,0.11256895959377289,0.0,0.0,2.38418573772492e-09,-1.19209286886246e-09,-0.031859468668699265,-0.9793256521224976,0.20229020714759827,0.0,0.0,0.0,-3.5762786065873797e-09,-0.023122519254684448,-1.0,-0.0,0.0,0.0,-0.012360505759716034,0.0032300001475960016,-0.016998957842588425,-0.9990482330322266,-0.0,-0.04361938685178757,0.0,-0.002149570034816861,-3.8927792047616094e-06,-0.06502974033355713,-0.7086129784584045,0.7055973410606384,-2.3088105081114918e-05,-2.2989850549492985e-05,0.0,0.0,-0.03691747412085533,-0.7071068286895752,0.7071068286895752,0.0,0.0,-2.38418573772492e-09,-2.98023217215615e-10,-0.02163529396057129,-0.9304175972938538,0.36650118231773376,0.0,0.0,0.0,2.98023217215615e-10,-0.01868978515267372,-1.0,-0.0,0.0,0.0,0.0,0.003969999961555004,-0.017509059980511665,-1.0,-0.0,0.0,0.0,0.0,4.611611075233668e-06,-0.0637909397482872,-0.8336947560310364,0.552225649356842,0.0,0.0,0.0,2.98023217215615e-10,-0.04460655897855759,-0.6581496596336365,0.7528871893882751,0.0,0.0,0.0,-2.98023217215615e-10,-0.02347646653652191,-0.940513014793396,0.33975762128829956,0.0,0.0,0.0,0.0,-0.019652195274829865,-1.0,-0.0,0.0,0.0,0.00711638480424881,0.0018999999156221747,-0.016959700733423233,-0.9961947202682495,-0.0,0.08715574443340302,0.0,-0.0005882382392883301,0.0,-0.060253534466028214,-0.775373637676239,0.630707323551178,-0.024581296369433403,-0.019995011389255524,1.19209286886246e-09,-1.490116086078075e-10,-0.04255415499210358,-0.6429281234741211,0.7659265398979187,0.0,0.0,-2.38418573772492e-09,0.0,-0.02208789810538292,-0.9063320159912109,0.42256635427474976,0.0,0.0,0.0,0.0,-0.017740869894623756,-1.0,-0.0,0.0,0.0,0.013503451831638813,-0.0037700000684708357,-0.014087309129536152,-0.9914448857307434,-0.0,0.13052619993686676,0.0,0.0048975334502756596,-3.847479547403054e-06,-0.05743739381432533,-0.8377233147621155,0.545371949672699,0.006471771281212568,-0.02733534574508667,4.76837147544984e-09,-2.98023217215615e-10,-0.03276757150888443,-0.7260994911193848,0.6875896453857422,0.0,0.0,2.38418573772492e-09,0.0,-0.016709718853235245,-0.8536251783370972,0.5208878517150879,0.0,0.0,0.0,0.0,-0.01388302817940712,-1.0,-0.0,0.0,0.0
1782948405.9943955,2026-07-01 19:26:45.994,17082.0,17082,left,0,1,thumbs_up,1,0.0,0.003969999961555004,-0.04999999701976776,-1.0,-0.0,0.0,0.0,0.0,0.0,0.0,-1.0,-0.0,0.0,0.0,0.025476500391960144,-0.012044699862599373,-0.022234899923205376,-0.7960150241851807,-0.09540482610464096,0.2995767891407013,0.5172154307365417,-5.7220457705398076e-08,-4.3511388270189855e-08,-0.027230437844991684,-0.994107723236084,0.10839678347110748,0.0,0.0,3.5762786065873797e-09,6.318092005130893e-08,-0.031859491020441055,-0.9809851050376892,0.19408300518989563,0.0,0.0,2.384185648907078e-08,0.0,-0.023122519254684448,-1.0,-0.0,0.0,0.0,0.012359999120235443,0.0032300001475960016,-0.017000000923871994,-0.9990482330322266,-0.0,0.04361938685178757,0.0,0.0021501504816114902,-3.890097104886081e-06,-0.06502876430749893,-0.7086129784584045,0.7055973410606384,1.3667096936842427e-05,1.3608933841169346e-05,-9.53674295089968e-09,-9.53674295089968e-09,-0.036917347460985184,-0.7071068286895752,0.7071068286895752,0.0,0.0,-2.8610228852699038e-08,-2.98023217215615e-10,-0.0216355137526989,-0.9304175972938538,0.36650118231773376,0.0,0.0,1.2636184010261786e-07,2.98023217215615e-10,-0.018689393997192383,-1.0,-0.0,0.0,0.0,0.0,0.003969999961555004,-0.01750910095870495,-1.0,-0.0,0.0,0.0,0.0,4.610121322912164e-06,-0.06379090249538422,-0.811123788356781,0.5848745107650757,0.0,0.0,0.0,2.98023217215615e-10,-0.044606998562812805,-0.6495407223701477,0.7603268623352051,0.0,0.0,0.0,0.0,-0.023475991562008858,-0.9400423169136047,0.34105798602104187,0.0,0.0,0.0,0.0,-0.019651994109153748,-1.0,-0.0,0.0,0.0,-0.00711638992652297,0.0018999999156221747,-0.016959700733423233,-0.9961947202682495,-0.0,-0.08715574443340302,0.0,0.0005882433033548295,0.0,-0.060253534466028214,-0.8135288953781128,0.5806689262390137,0.025667479261755943,0.018320562317967415,-1.1086464013487785e-07,-1.490116086078075e-10,-0.04255366697907448,-0.6504377126693726,0.7595595717430115,0.0,0.0,4.5299529460862686e-08,0.0,-0.022088106721639633,-0.9076353907585144,0.41975948214530945,0.0,0.0,-1.4305114426349519e-08,0.0,-0.017740696668624878,-1.0,-0.0,0.0,0.0,-0.013503500260412693,-0.0037700000684708357,-0.014087299816310406,-0.9914448857307434,-0.0,-0.13052619993686676,0.0,-0.004897483624517918,-3.8501621020259336e-06,-0.05743739381432533,-0.7941535711288452,0.6063648462295532,0.012500160373747349,0.038544464856386185,5.4836270635405526e-08,-2.98023217215615e-10,-0.03276759013533592,-0.7130712270736694,0.7010916471481323,0.0,0.0,-9.298324243900424e-08,0.0,-0.01670967973768711,-0.8457174897193909,0.5336308479309082,0.0,0.0,6.19888282926695e-08,0.0,-0.013883084990084171,-1.0,-0.0,0.0,0.0
1782948406.0049849,2026-07-01 19:26:46.004,7960.0,7960,right,0,2,thumbs_up,1,0.0,0.003969999961555004,-0.04999999701976776,-1.0,-0.0,0.0,0.0,0.0,0.0,0.0,-1.0,-0.0,0.0,0.0,-0.025476505979895592,-0.012044684961438179,-0.022234933450818062,-0.7979884743690491,-0.06769812107086182,-0.2919468581676483,-0.5228751301765442,0.0,1.19209286886246e-09,-0.02723044343292713,-0.9908064007759094,0.13528764247894287,0.0,0.0,2.38418573772492e-09,-1.19209286886246e-09,-0.031859468668699265,-0.9694277048110962,0.24537715315818787,0.0,0.0,0.0,-3.5762786065873797e-09,-0.023122519254684448,-1.0,-0.0,0.0,0.0,-0.012360505759716034,0.0032300001475960016,-0.016998957842588425,-0.9990482330322266,-0.0,-0.04361938685178757,0.0,-0.002149570034816861,-3.8927792047616094e-06,-0.06502974033355713,-0.7086129784584045,0.7055973410606384,-2.3088105081114918e-05,-2.2989850549492985e-05,0.0,0.0,-0.03691747412085533,-0.7071068286895752,0.7071068286895752,0.0,0.0,-2.38418573772492e-09,-2.98023217215615e-10,-0.02163529396057129,-0.9304175972938538,0.36650118231773376,0.0,0.0,0.0,2.98023217215615e-10,-0.01868978515267372,-1.0,-0.0,0.0,0.0,0.0,0.003969999961555004,-0.017509059980511665,-1.0,-0.0,0.0,0.0,0.0,4.611611075233668e-06,-0.0637909397482872,-0.8336947560310364,0.552225649356842,0.0,0.0,0.0,2.98023217215615e-10,-0.04460655897855759,-0.6581496596336365,0.7528871893882751,0.0,0.0,0.0,-2.98023217215615e-10,-0.02347646653652191,-0.940513014793396,0.33975762128829956,0.0,0.0,0.0,0.0,-0.019652195274829865,-1.0,-0.0,0.0,0.0,0.00711638480424881,0.0018999999156221747,-0.016959700733423233,-0.9961947202682495,-0.0,0.08715574443340302,0.0,-0.0005882382392883301,0.0,-0.060253534466028214,-0.775373637676239,0.630707323551178,-0.024581296369433403,-0.019995011389255524,1.19209286886246e-09,-1.490116086078075e-10,-0.04255415499210358,-0.6429281234741211,0.7659265398979187,0.0,0.0,-2.38418573772492e-09,0.0,-0.02208789810538292,-0.9063320159912109,0.42256635427474976,0.0,0.0,0.0,0.0,-0.017740869894623756,-1.0,-0.0,0.0,0.0,0.013503451831638813,-0.0037700000684708357,-0.014087309129536152,-0.9914448857307434,-0.0,0.13052619993686676,0.0,0.0048975334502756596,-3.847479547403054e-06,-0.05743739381432533,-0.840768039226532,0.5406674742698669,0.0073288134299218655,-0.02709430269896984,4.76837147544984e-09,-2.98023217215615e-10,-0.03276757150888443,-0.7273162603378296,0.6863024830818176,0.0,0.0,2.38418573772492e-09,0.0,-0.016709718853235245,-0.8543487787246704,0.5197001099586487,0.0,0.0,0.0,0.0,-0.01388302817940712,-1.0,-0.0,0.0,0.0
1782948406.2040215,2026-07-01 19:26:46.204,17083.0,17083,left,0,1,thumbs_up,1,0.0,0.003969999961555004,-0.04999999701976776,-1.0,-0.0,0.0,0.0,0.0,0.0,0.0,-1.0,-0.0,0.0,0.0,0.025476500391960144,-0.012044699862599373,-0.022234899923205376,-0.7971444129943848,-0.09910448640584946,0.2970157563686371,0.5162565112113953,-5.7220457705398076e-08,-4.3511388270189855e-08,-0.027230437844991684,-0.9947812557220459,0.10203106701374054,0.0,0.0,3.5762786065873797e-09,6.318092005130893e-08,-0.031859491020441055,-0.9834616780281067,0.18111629784107208,0.0,0.0,2.384185648907078e-08,0.0,-0.023122519254684448,-1.0,-0.0,0.0,0.0,0.012359999120235443,0.0032300001475960016,-0.017000000923871994,-0.9990482330322266,-0.0,0.04361938685178757,0.0,0.0021501504816114902,-3.890097104886081e-06,-0.06502876430749893,-0.7086129784584045,0.7055973410606384,1.3667096936842427e-05,1.3608933841169346e-05,-9.53674295089968e-09,-9.53674295089968e-09,-0.036917347460985184,-0.7071068286895752,0.7071068286895752,0.0,0.0,-2.8610228852699038e-08,-2.98023217215615e-10,-0.0216355137526989,-0.9304175972938538,0.36650118231773376,0.0,0.0,1.2636184010261786e-07,2.98023217215615e-10,-0.018689393997192383,-1.0,-0.0,0.0,0.0,0.0,0.003969999961555004,-0.01750910095870495,-1.0,-0.0,0.0,0.0,0.0,4.610121322912164e-06,-0.06379090249538422,-0.811123788356781,0.5848745107650757,0.0,0.0,0.0,2.98023217215615e-10,-0.044606998562812805,-0.6495407223701477,0.7603268623352051,0.0,0.0,0.0,0.0,-0.023475991562008858,-0.9400423169136047,0.34105798602104187,0.0,0.0,0.0,0.0,-0.019651994109153748,-1.0,-0.0,0.0,0.0,-0.00711638992652297,0.0018999999156221747,-0.016959700733423233,-0.9961947202682495,-0.0,-0.08715574443340302,0.0,0.0005882433033548295,0.0,-0.060253534466028214,-0.8135288953781128,0.5806689262390137,0.025667479261755943,0.018320562317967415,-1.1086464013487785e-07,-1.490116086078075e-10,-0.04255366697907448,-0.6504377126693726,0.7595595717430115,0.0,0.0,4.5299529460862686e-08,0.0,-0.022088106721639633,-0.9076353907585144,0.41975948214530945,0.0,0.0,-1.4305114426349519e-08,0.0,-0.017740696668624878,-1.0,-0.0,0.0,0.0,-0.013503500260412693,-0.0037700000684708357,-0.014087299816310406,-0.9914448857307434,-0.0,-0.13052619993686676,0.0,-0.004897483624517918,-3.8501621020259336e-06,-0.05743739381432533,-0.7972393035888672,0.6023152470588684,0.011681746691465378,0.038593120872974396,5.4836270635405526e-08,-2.98023217215615e-10,-0.03276759013533592,-0.713771641254425,0.7003785371780396,0.0,0.0,-9.298324243900424e-08,0.0,-0.01670967973768711,-0.8461501598358154,0.5329446792602539,0.0,0.0,6.19888282926695e-08,0.0,-0.013883084990084171,-1.0,-0.0,0.0,0.0
1782948406.2149458,2026-07-01 19:26:46.214,7970.0,7970,right,0,2,thumbs_up,1,0.0,0.003969999961555004,-0.04999999701976776,-1.0,-0.0,0.0,0.0,0.0,0.0,0.0,-1.0,-0.0,0.0,0.0,-0.025476505979895592,-0.012044684961438179,-0.022234933450818062,-0.7968694567680359,-0.06174302101135254,-0.29410767555236816,-0.5241064429283142,0.0,1.19209286886246e-09,-0.02723044343292713,-0.9895796179771423,0.14398689568042755,0.0,0.0,2.38418573772492e-09,-1.19209286886246e-09,-0.031859468668699265,-0.9654743075370789,0.2604985237121582,0.0,0.0,0.0,-3.5762786065873797e-09,-0.023122519254684448,-1.0,-0.0,0.0,0.0,-0.012360505759716034,0.0032300001475960016,-0.016998957842588425,-0.9990482330322266,-0.0,-0.04361938685178757,0.0,-0.002149570034816861,-3.8927792047616094e-06,-0.06502974033355713,-0.7086129784584045,0.7055973410606384,-2.3088105081114918e-05,-2.2989850549492985e-05,0.0,0.0,-0.03691747412085533,-0.7071068286895752,0.7071068286895752,0.0,0.0,-2.38418573772492e-09,-2.98023217215615e-10,-0.02163529396057129,-0.9304175972938538,0.36650118231773376,0.0,0.0,0.0,2.98023217215615e-10,-0.01868978515267372,-1.0,-0.0,0.0,0.0,0.0,0.003969999961555004,-0.017509059980511665,-1.0,-0.0,0.0,0.0,0.0,4.611611075233668e-06,-0.0637909397482872,-0.8336947560310364,0.552225649356842,0.0,0.0,0.0,2.98023217215615e-10,-0.04460655897855759,-0.6581496596336365,0.7528871893882751,0.0,0.0,0.0,-2.98023217215615e-10,-0.02347646653652191,-0.940513014793396,0.33975762128829956,0.0,0.0,0.0,0.0,-0.019652195274829865,-1.0,-0.0,0.0,0.0,0.00711638480424881,0.0018999999156221747,-0.016959700733423233,-0.9961947202682495,-0.0,0.08715574443340302,0.0,-0.0005882382392883301,0.0,-0.060253534466028214,-0.7819822430610657,0.6225531101226807,-0.023873815312981606,-0.019009606912732124,1.19209286886246e-09,-1.490116086078075e-10,-0.04255415499210358,-0.6434797048568726,0.7654631733894348,0.0,0.0,-2.38418573772492e-09,0.0,-0.02208789810538292,-0.9064273238182068,0.42236199975013733,0.0,0.0,0.0,0.0,-0.017740869894623756,-1.0,-0.0,0.0,0.0,0.013503451831638813,-0.0037700000684708357,-0.014087309129536152,-0.9914448857307434,-0.0,0.13052619993686676,0.0,0.0048975334502756596,-3.847479547403054e-06,-0.05743739381432533,-0.8467764258384705,0.5312061905860901,0.009042209014296532,-0.026609597727656364,4.76837147544984e-09,-2.98023217215615e-10,-0.03276757150888443,-0.7297428846359253,0.6837217211723328,0.0,0.0,2.38418573772492e-09,0.0,-0.016709718853235245,-0.8557910323143005,0.5173216462135315,0.0,0.0,0.0,0.0,-0.01388302817940712,-1.0,-0.0,0.0,0.0
1782948406.4139466,2026-07-01 19:26:46.413,17085.0,17085,left,0,1,thumbs_up,1,0.0,0.003969999961555004,-0.04999999701976776,-1.0,-0.0,0.0,0.0,0.0,0.0,0.0,-1.0,-0.0,0.0,0.0,0.025476500391960144,-0.012044699862599373,-0.022234899923205376,-0.7974990606307983,-0.10027770698070526,0.2962007224559784,0.5159503817558289,-5.7220457705398076e-08,-4.3511388270189855e-08,-0.027230437844991684,-0.994986355304718,0.10001066327095032,0.0,0.0,3.5762786065873797e-09,6.318092005130893e-08,-0.031859491020441055,-0.984218418598175,0.1769578903913498,0.0,0.0,2.384185648907078e-08,0.0,-0.023122519254684448,-1.0,-0.0,0.0,0.0,0.012359999120235443,0.0032300001475960016,-0.017000000923871994,-0.9990482330322266,-0.0,0.04361938685178757,0.0,0.0021501504816114902,-3.890097104886081e-06,-0.06502876430749893,-0.7086129784584045,0.7055973410606384,1.3667096936842427e-05,1.3608933841169346e-05,-9.53674295089968e-09,-9.53674295089968e-09,-0.036917347460985184,-0.7071068286895752,0.7071068286895752,0.0,0.0,-2.8610228852699038e-08,-2.98023217215615e-10,-0.0216355137526989,-0.9304175972938538,0.36650118231773376,0.0,0.0,1.2636184010261786e-07,2.98023217215615e-10,-0.018689393997192383,-1.0,-0.0,0.0,0.0,0.0,0.003969999961555004,-0.01750910095870495,-1.0,-0.0,0.0,0.0,0.0,4.610121322912164e-06,-0.06379090249538422,-0.8055271506309509,0.5925589203834534,0.0,0.0,0.0,2.98023217215615e-10,-0.044606998562812805,-0.647906482219696,0.7617198824882507,0.0,0.0,0.0,0.0,-0.023475991562008858,-0.9399557113647461,0.3412964344024658,0.0,0.0,0.0,0.0,-0.019651994109153748,-1.0,-0.0,0.0,0.0,-0.00711638992652297,0.0018999999156221747,-0.016959700733423233,-0.9961947202682495,-0.0,-0.08715574443340302,0.0,0.0005882433033548295,0.0,-0.060253534466028214,-0.8135288953781128,0.5806689262390137,0.025667479261755943,0.018320562317967415,-1.1086464013487785e-07,-1.490116086078075e-10,-0.04255366697907448,-0.6504377126693726,0.7595595717430115,0.0,0.0,4.5299529460862686e-08,0.0,-0.022088106721639633,-0.9076353907585144,0.41975948214530945,0.0,0.0,-1.4305114426349519e-08,0.0,-0.017740696668624878,-1.0,-0.0,0.0,0.0,-0.013503500260412693,-0.0037700000684708357,-0.014087299816310406,-0.9914448857307434,-0.0,-0.13052619993686676,0.0,-0.004897483624517918,-3.8501621020259336e-06,-0.05743739381432533,-0.7972393035888672,0.6023152470588684,0.011681746691465378,0.038593120872974396,5.4836270635405526e-08,-2.98023217215615e-10,-0.03276759013533592,-0.713771641254425,0.7003785371780396,0.0,0.0,-9.298324243900424e-08,0.0,-0.01670967973768711,-0.8461501598358154,0.5329446792602539,0.0,0.0,6.19888282926695e-08,0.0,-0.013883084990084171,-1.0,-0.0,0.0,0.0
1782948406.4351273,2026-07-01 19:26:46.435,7986.0,7986,right,0,2,thumbs_up,1,0.0,0.003969999961555004,-0.04999999701976776,-1.0,-0.0,0.0,0.0,0.0,0.0,0.0,-1.0,-0.0,0.0,0.0,-0.025476505979895592,-0.012044684961438179,-0.022234933450818062,-0.7961083650588989,-0.05779998004436493,-0.29554685950279236,-0.5249025821685791,0.0,1.19209286886246e-09,-0.02723044343292713,-0.9887228608131409,0.14975684881210327,0.0,0.0,2.38418573772492e-09,-1.19209286886246e-09,-0.031859468668699265,-0.9628477096557617,0.27004489302635193,0.0,0.0,0.0,-3.5762786065873797e-09,-0.023122519254684448,-1.0,-0.0,0.0,0.0,-0.012360505759716034,0.0032300001475960016,-0.016998957842588425,-0.9990482330322266,-0.0,-0.04361938685178757,0.0,-0.002149570034816861,-3.8927792047616094e-06,-0.06502974033355713,-0.7086129784584045,0.7055973410606384,-2.3088105081114918e-05,-2.2989850549492985e-05,0.0,0.0,-0.03691747412085533,-0.7071068286895752,0.7071068286895752,0.0,0.0,-2.38418573772492e-09,-2.98023217215615e-10,-0.02163529396057129,-0.9304175972938538,0.36650118231773376,0.0,0.0,0.0,2.98023217215615e-10,-0.01868978515267372,-1.0,-0.0,0.0,0.0,0.0,0.003969999961555004,-0.017509059980511665,-1.0,-0.0,0.0,0.0,0.0,4.611611075233668e-06,-0.0637909397482872,-0.8336947560310364,0.552225649356842,0.0,0.0,0.0,2.98023217215615e-10,-0.04460655897855759,-0.6581496596336365,0.7528871893882751,0.0,0.0,0.0,-2.98023217215615e-10,-0.02347646653652191,-0.940513014793396,0.33975762128829956,0.0,0.0,0.0,0.0,-0.019652195274829865,-1.0,-0.0,0.0,0.0,0.00711638480424881,0.0018999999156221747,-0.016959700733423233,-0.9961947202682495,-0.0,0.08715574443340302,0.0,-0.0005882382392883301,0.0,-0.060253534466028214,-0.7841901183128357,0.6197890043258667,-0.023633847013115883,-0.018679726868867874,1.19209286886246e-09,-1.490116086078075e-10,-0.04255415499210358,-0.6437031030654907,0.7652754187583923,0.0,0.0,-2.38418573772492e-09,0.0,-0.02208789810538292,-0.9064658880233765,0.42227911949157715,0.0,0.0,0.0,0.0,-0.017740869894623756,-1.0,-0.0,0.0,0.0,0.013503451831638813,-0.0037700000684708357,-0.014087309129536152,-0.9914448857307434,-0.0,0.13052619993686676,0.0,0.0048975334502756596,-3.847479547403054e-06,-0.05743739381432533,-0.8467764258384705,0.5312061905860901,0.009042209014296532,-0.026609597727656364,4.76837147544984e-09,-2.98023217215615e-10,-0.03276757150888443,-0.7297428846359253,0.6837217211723328,0.0,0.0,2.38418573772492e-09,0.0,-0.016709718853235245,-0.8557910323143005,0.5173216462135315,0.0,0.0,0.0,0.0,-0.01388302817940712,-1.0,-0.0,0.0,0.0
1782948406.6140754,2026-07-01 19:26:46.614,17087.0,17087,left,0,1,thumbs_up,1,0.0,0.003969999961555004,-0.04999999701976776,-1.0,-0.0,0.0,0.0,0.0,0.0,0.0,-1.0,-0.0,0.0,0.0,0.025476500391960144,-0.012044699862599373,-0.022234899923205376,-0.7980666756629944,-0.10216771066188812,0.2948848009109497,0.5154554843902588,-5.7220457705398076e-08,-4.3511388270189855e-08,-0.027230437844991684,-0.9953083395957947,0.09675435721874237,0.0,0.0,3.5762786065873797e-09,6.318092005130893e-08,-0.031859491020441055,-0.9854098558425903,0.17019839584827423,0.0,0.0,2.384185648907078e-08,0.0,-0.023122519254684448,-1.0,-0.0,0.0,0.0,0.012359999120235443,0.0032300001475960016,-0.017000000923871994,-0.9990482330322266,-0.0,0.04361938685178757,0.0,0.0021501504816114902,-3.890097104886081e-06,-0.06502876430749893,-0.7086129784584045,0.7055973410606384,1.3667096936842427e-05,1.3608933841169346e-05,-9.53674295089968e-09,-9.53674295089968e-09,-0.036917347460985184,-0.7071068286895752,0.7071068286895752,0.0,0.0,-2.8610228852699038e-08,-2.98023217215615e-10,-0.0216355137526989,-0.9304175972938538,0.36650118231773376,0.0,0.0,1.2636184010261786e-07,2.98023217215615e-10,-0.018689393997192383,-1.0,-0.0,0.0,0.0,0.0,0.003969999961555004,-0.01750910095870495,-1.0,-0.0,0.0,0.0,0.0,4.610121322912164e-06,-0.06379090249538422,-0.8055271506309509,0.5925589203834534,0.0,0.0,0.0,2.98023217215615e-10,-0.044606998562812805,-0.647906482219696,0.7617198824882507,0.0,0.0,0.0,0.0,-0.023475991562008858,-0.9399557113647461,0.3412964344024658,0.0,0.0,0.0,0.0,-0.019651994109153748,-1.0,-0.0,0.0,0.0,-0.00711638992652297,0.0018999999156221747,-0.016959700733423233,-0.9961947202682495,-0.0,-0.08715574443340302,0.0,0.0005882433033548295,0.0,-0.060253534466028214,-0.8135288953781128,0.5806689262390137,0.025667479261755943,0.018320562317967415,-1.1086464013487785e-07,-1.490116086078075e-10,-0.04255366697907448,-0.6504377126693726,0.7595595717430115,0.0,0.0,4.5299529460862686e-08,0.0,-0.022088106721639633,-0.9076353907585144,0.41975948214530945,0.0,0.0,-1.4305114426349519e-08,0.0,-0.017740696668624878,-1.0,-0.0,0.0,0.0,-0.013503500260412693,-0.0037700000684708357,-0.014087299816310406,-0.9914448857307434,-0.0,-0.13052619993686676,0.0,-0.004897483624517918,-3.8501621020259336e-06,-0.05743739381432533,-0.7972393035888672,0.6023152470588684,0.011681746691465378,0.038593120872974396,5.4836270635405526e-08,-2.98023217215615e-10,-0.03276759013533592,-0.713771641254425,0.7003785371780396,0.0,0.0,-9.298324243900424e-08,0.0,-0.01670967973768711,-0.8461501598358154,0.5329446792602539,0.0,0.0,6.19888282926695e-08,0.0,-0.013883084990084171,-1.0,-0.0,0.0,0.0
1782948406.635486,2026-07-01 19:26:46.635,7997.0,7997,right,0,2,thumbs_up,1,0.0,0.003969999961555004,-0.04999999701976776,-1.0,-0.0,0.0,0.0,0.0,0.0,0.0,-1.0,-0.0,0.0,0.0,-0.025476505979895592,-0.012044684961438179,-0.022234933450818062,-0.797362208366394,-0.06434400379657745,-0.293167382478714,-0.5235705971717834,0.0,1.19209286886246e-09,-0.02723044343292713,-0.9901244640350342,0.14019127190113068,0.0,0.0,2.38418573772492e-09,-1.19209286886246e-09,-0.031859468668699265,-0.9672431945800781,0.2538517117500305,0.0,0.0,0.0,-3.5762786065873797e-09,-0.023122519254684448,-1.0,-0.0,0.0,0.0,-0.012360505759716034,0.0032300001475960016,-0.016998957842588425,-0.9990482330322266,-0.0,-0.04361938685178757,0.0,-0.002149570034816861,-3.8927792047616094e-06,-0.06502974033355713,-0.7086129784584045,0.7055973410606384,-2.3088105081114918e-05,-2.2989850549492985e-05,0.0,0.0,-0.03691747412085533,-0.7071068286895752,0.7071068286895752,0.0,0.0,-2.38418573772492e-09,-2.98023217215615e-10,-0.02163529396057129,-0.9304175972938538,0.36650118231773376,0.0,0.0,0.0,2.98023217215615e-10,-0.01868978515267372,-1.0,-0.0,0.0,0.0,0.0,0.003969999961555004,-0.017509059980511665,-1.0,-0.0,0.0,0.0,0.0,4.611611075233668e-06,-0.0637909397482872,-0.8506050705909729,0.5258051156997681,0.0,0.0,0.0,2.98023217215615e-10,-0.04460655897855759,-0.6668951511383057,0.7451515793800354,0.0,0.0,0.0,-2.98023217215615e-10,-0.02347646653652191,-0.9410153031349182,0.3383640944957733,0.0,0.0,0.0,0.0,-0.019652195274829865,-1.0,-0.0,0.0,0.0,0.00711638480424881,0.0018999999156221747,-0.016959700733423233,-0.9961947202682495,-0.0,0.08715574443340302,0.0,-0.0005882382392883301,0.0,-0.060253534466028214,-0.8058741092681885,0.5915050506591797,-0.02113812230527401,-0.015549112111330032,1.19209286886246e-09,-1.490116086078075e-10,-0.04255415499210358,-0.6483496427536011,0.7613427042961121,0.0,0.0,-2.38418573772492e-09,0.0,-0.02208789810538292,-0.9072723388671875,0.4205436408519745,0.0,0.0,0.0,0.0,-0.017740869894623756,-1.0,-0.0,0.0,0.0,0.013503451831638813,-0.0037700000684708357,-0.014087309129536152,-0.9914448857307434,-0.0,0.13052619993686676,0.0,0.0048975334502756596,-3.847479547403054e-06,-0.05743739381432533,-0.8467764258384705,0.5312061905860901,0.009042209014296532,-0.026609597727656364,4.76837147544984e-09,-2.98023217215615e-10,-0.03276757150888443,-0.7297428846359253,0.6837217211723328,0.0,0.0,2.38418573772492e-09,0.0,-0.016709718853235245,-0.8557910323143005,0.5173216462135315,0.0,0.0,0.0,0.0,-0.01388302817940712,-1.0,-0.0,0.0,0.0
1782948406.8144252,2026-07-01 19:26:46.814,17089.0,17089,left,0,1,thumbs_up,1,0.0,0.003969999961555004,-0.04999999701976776,-1.0,-0.0,0.0,0.0,0.0,0.0,0.0,-1.0,-0.0,0.0,0.0,0.025476500391960144,-0.012044699862599373,-0.022234899923205376,-0.7985819578170776,-0.1038966253399849,0.29367801547050476,0.5150006413459778,-5.7220457705398076e-08,-4.3511388270189855e-08,-0.027230437844991684,-0.9955935478210449,0.09377358853816986,0.0,0.0,3.5762786065873797e-09,6.318092005130893e-08,-0.031859491020441055,-0.9864662885665894,0.16396430134773254,0.0,0.0,2.384185648907078e-08,0.0,-0.023122519254684448,-1.0,-0.0,0.0,0.0,0.012359999120235443,0.0032300001475960016,-0.017000000923871994,-0.9990482330322266,-0.0,0.04361938685178757,0.0,0.0021501504816114902,-3.890097104886081e-06,-0.06502876430749893,-0.7086129784584045,0.7055973410606384,1.3667096936842427e-05,1.3608933841169346e-05,-9.53674295089968e-09,-9.53674295089968e-09,-0.036917347460985184,-0.7071068286895752,0.7071068286895752,0.0,0.0,-2.8610228852699038e-08,-2.98023217215615e-10,-0.0216355137526989,-0.9304175972938538,0.36650118231773376,0.0,0.0,1.2636184010261786e-07,2.98023217215615e-10,-0.018689393997192383,-1.0,-0.0,0.0,0.0,0.0,0.003969999961555004,-0.01750910095870495,-1.0,-0.0,0.0,0.0,0.0,4.610121322912164e-06,-0.06379090249538422,-0.8064649701118469,0.5912818908691406,0.0,0.0,0.0,2.98023217215615e-10,-0.044606998562812805,-0.6481790542602539,0.7614880204200745,0.0,0.0,0.0,0.0,-0.023475991562008858,-0.9399701356887817,0.34125667810440063,0.0,0.0,0.0,0.0,-0.019651994109153748,-1.0,-0.0,0.0,0.0,-0.00711638992652297,0.0018999999156221747,-0.016959700733423233,-0.9961947202682495,-0.0,-0.08715574443340302,0.0,0.0005882433033548295,0.0,-0.060253534466028214,-0.8135288953781128,0.5806689262390137,0.025667479261755943,0.018320562317967415,-1.1086464013487785e-07,-1.490116086078075e-10,-0.04255366697907448,-0.6504377126693726,0.7595595717430115,0.0,0.0,4.5299529460862686e-08,0.0,-0.022088106721639633,-0.9076353907585144,0.41975948214530945,0.0,0.0,-1.4305114426349519e-08,0.0,-0.017740696668624878,-1.0,-0.0,0.0,0.0,-0.013503500260412693,-0.0037700000684708357,-0.014087299816310406,-0.9914448857307434,-0.0,-0.13052619993686676,0.0,-0.004897483624517918,-3.8501621020259336e-06,-0.05743739381432533,-0.7972393035888672,0.6023152470588684,0.011681746691465378,0.038593120872974396,5.4836270635405526e-08,-2.98023217215615e-10,-0.03276759013533592,-0.713771641254425,0.7003785371780396,0.0,0.0,-9.298324243900424e-08,0.0,-0.01670967973768711,-0.8461501598358154,0.5329446792602539,0.0,0.0,6.19888282926695e-08,0.0,-0.013883084990084171,-1.0,-0.0,0.0,0.0
1782948406.835539,2026-07-01 19:26:46.835,8009.0,8009,right,0,2,thumbs_up,1,0.0,0.003969999961555004,-0.04999999701976776,-1.0,-0.0,0.0,0.0,0.0,0.0,0.0,-1.0,-0.0,0.0,0.0,-0.025476505979895592,-0.012044684961438179,-0.022234933450818062,-0.8027205467224121,-0.09516187012195587,-0.2820712625980377,-0.5167396068572998,0.0,1.19209286886246e-09,-0.02723044343292713,-0.9954520463943481,0.09526408463716507,0.0,0.0,2.38418573772492e-09,-1.19209286886246e-09,-0.031859468668699265,-0.9859430193901062,0.16708217561244965,0.0,0.0,0.0,-3.5762786065873797e-09,-0.023122519254684448,-1.0,-0.0,0.0,0.0,-0.012360505759716034,0.0032300001475960016,-0.016998957842588425,-0.9990482330322266,-0.0,-0.04361938685178757,0.0,-0.002149570034816861,-3.8927792047616094e-06,-0.06502974033355713,-0.7086129784584045,0.7055973410606384,-2.3088105081114918e-05,-2.2989850549492985e-05,0.0,0.0,-0.03691747412085533,-0.7071068286895752,0.7071068286895752,0.0,0.0,-2.38418573772492e-09,-2.98023217215615e-10,-0.02163529396057129,-0.9304175972938538,0.36650118231773376,0.0,0.0,0.0,2.98023217215615e-10,-0.01868978515267372,-1.0,-0.0,0.0,0.0,0.0,0.003969999961555004,-0.017509059980511665,-1.0,-0.0,0.0,0.0,0.0,4.611611075233668e-06,-0.0637909397482872,-0.9403318166732788,0.34025877714157104,0.0,0.0,0.0,2.98023217215615e-10,-0.04460655897855759,-0.7495564222335815,0.6619405150413513,0.0,0.0,0.0,-2.98023217215615e-10,-0.02347646653652191,-0.9466284513473511,0.3223269283771515,0.0,0.0,0.0,0.0,-0.019652195274829865,-1.0,-0.0,0.0,0.0,0.00711638480424881,0.0018999999156221747,-0.016959700733423233,-0.9961947202682495,-0.0,0.08715574443340302,0.0,-0.0005882382392883301,0.0,-0.060253534466028214,-0.943015992641449,0.3327467143535614,0.0006546391523443162,0.00022713786165695637,1.19209286886246e-09,-1.490116086078075e-10,-0.04255415499210358,-0.7535071969032288,0.6574397087097168,0.0,0.0,-2.38418573772492e-09,0.0,-0.02208789810538292,-0.9262943863868713,0.3768005073070526,0.0,0.0,0.0,0.0,-0.017740869894623756,-1.0,-0.0,0.0,0.0,0.013503451831638813,-0.0037700000684708357,-0.014087309129536152,-0.9914448857307434,-0.0,0.13052619993686676,0.0,0.0048975334502756596,-3.847479547403054e-06,-0.05743739381432533,-0.9456355571746826,0.3229576349258423,0.03442082554101944,-0.016939077526330948,4.76837147544984e-09,-2.98023217215615e-10,-0.03276757150888443,-0.8013727068901062,0.5981653928756714,0.0,0.0,2.38418573772492e-09,0.0,-0.016709718853235245,-0.8954188823699951,0.4452247619628906,0.0,0.0,0.0,0.0,-0.01388302817940712,-1.0,-0.0,0.0,0.0
1782948407.0147748,2026-07-01 19:26:47.014,17090.0,17090,left,0,1,thumbs_up,1,0.0,0.003969999961555004,-0.04999999701976776,-1.0,-0.0,0.0,0.0,0.0,0.0,0.0,-1.0,-0.0,0.0,0.0,0.025476500391960144,-0.012044699862599373,-0.022234899923205376,-0.7999938726425171,-0.10870524495840073,0.29030841588974,0.5137255787849426,-5.7220457705398076e-08,-4.3511388270189855e-08,-0.027230437844991684,-0.9963403344154358,0.08547511696815491,0.0,0.0,3.5762786065873797e-09,6.318092005130893e-08,-0.031859491020441055,-0.9892241358757019,0.1464090496301651,0.0,0.0,2.384185648907078e-08,0.0,-0.023122519254684448,-1.0,-0.0,0.0,0.0,0.012359999120235443,0.0032300001475960016,-0.017000000923871994,-0.9990482330322266,-0.0,0.04361938685178757,0.0,0.0021501504816114902,-3.890097104886081e-06,-0.06502876430749893,-0.7086129784584045,0.7055973410606384,1.3667096936842427e-05,1.3608933841169346e-05,-9.53674295089968e-09,-9.53674295089968e-09,-0.036917347460985184,-0.7071068286895752,0.7071068286895752,0.0,0.0,-2.8610228852699038e-08,-2.98023217215615e-10,-0.0216355137526989,-0.9304175972938538,0.36650118231773376,0.0,0.0,1.2636184010261786e-07,2.98023217215615e-10,-0.018689393997192383,-1.0,-0.0,0.0,0.0,0.0,0.003969999961555004,-0.01750910095870495,-1.0,-0.0,0.0,0.0,0.0,4.610121322912164e-06,-0.06379090249538422,-0.8313892483711243,0.5556905269622803,0.0,0.0,0.0,2.98023217215615e-10,-0.044606998562812805,-0.6572252511978149,0.7536942362785339,0.0,0.0,0.0,0.0,-0.023475991562008858,-0.9404622912406921,0.33989813923835754,0.0,0.0,0.0,0.0,-0.019651994109153748,-1.0,-0.0,0.0,0.0,-0.00711638992652297,0.0018999999156221747,-0.016959700733423233,-0.9961947202682495,-0.0,-0.08715574443340302,0.0,0.0005882433033548295,0.0,-0.060253534466028214,-0.8324227333068848,0.5533772706985474,0.024219008162617683,0.01610538922250271,-1.1086464013487785e-07,-1.490116086078075e-10,-0.04255366697907448,-0.6577829718589783,0.7532075643539429,0.0,0.0,4.5299529460862686e-08,0.0,-0.022088106721639633,-0.9089195728302002,0.4169715642929077,0.0,0.0,-1.4305114426349519e-08,0.0,-0.017740696668624878,-1.0,-0.0,0.0,0.0,-0.013503500260412693,-0.0037700000684708357,-0.014087299816310406,-0.9914448857307434,-0.0,-0.13052619993686676,0.0,-0.004897483624517918,-3.8501621020259336e-06,-0.05743739381432533,-0.8173587322235107,0.5747873187065125,0.006322442553937435,0.038785163313150406,5.4836270635405526e-08,-2.98023217215615e-10,-0.03276759013533592,-0.7192294001579285,0.6947727203369141,0.0,0.0,-9.298324243900424e-08,0.0,-0.01670967973768711,-0.8494887948036194,0.5276066064834595,0.0,0.0,6.19888282926695e-08,0.0,-0.013883084990084171,-1.0,-0.0,0.0,0.0
1782948407.0358267,2026-07-01 19:26:47.035,8022.0,8022,right,0,2,thumbs_up,1,0.0,0.003969999961555004,-0.04999999701976776,-1.0,-0.0,0.0,0.0,0.0,0.0,0.0,-1.0,-0.0,0.0,0.0,-0.025476505979895592,-0.012044684961438179,-0.022234933450818062,-0.7868825197219849,-0.016363784670829773,-0.3116914629936218,-0.5323501229286194,0.0,1.19209286886246e-09,-0.02723044343292713,-0.9773399233818054,0.2116757482290268,0.0,0.0,2.38418573772492e-09,-1.19209286886246e-09,-0.031859468668699265,-0.9347972869873047,0.3551816940307617,0.0,0.0,0.0,-3.5762786065873797e-09,-0.023122519254684448,-1.0,-0.0,0.0,0.0,-0.012360505759716034,0.0032300001475960016,-0.016998957842588425,-0.9990482330322266,-0.0,-0.04361938685178757,0.0,-0.002149570034816861,-3.8927792047616094e-06,-0.06502974033355713,-0.7086129784584045,0.7055973410606384,-2.3088105081114918e-05,-2.2989850549492985e-05,0.0,0.0,-0.03691747412085533,-0.7071068286895752,0.7071068286895752,0.0,0.0,-2.38418573772492e-09,-2.98023217215615e-10,-0.02163529396057129,-0.9304175972938538,0.36650118231773376,0.0,0.0,0.0,2.98023217215615e-10,-0.01868978515267372,-1.0,-0.0,0.0,0.0,0.0,0.003969999961555004,-0.017509059980511665,-1.0,-0.0,0.0,0.0,0.0,4.611611075233668e-06,-0.0637909397482872,-0.8432567119598389,0.5375110507011414,0.0,0.0,0.0,2.98023217215615e-10,-0.04460655897855759,-0.6631804704666138,0.74845951795578,0.0,0.0,0.0,-2.98023217215615e-10,-0.02347646653652191,-0.9408023357391357,0.33895570039749146,0.0,0.0,0.0,0.0,-0.019652195274829865,-1.0,-0.0,0.0,0.0,0.00711638480424881,0.0018999999156221747,-0.016959700733423233,-0.9961947202682495,-0.0,0.08715574443340302,0.0,-0.0005882382392883301,0.0,-0.060253534466028214,-0.7319952845573425,0.680177628993988,-0.0287153497338295,-0.026773549616336823,1.19209286886246e-09,-1.490116086078075e-10,-0.04255415499210358,-0.6427876353263855,0.7660444974899292,0.0,0.0,-2.38418573772492e-09,0.0,-0.02208789810538292,-0.9063078761100769,0.4226182699203491,0.0,0.0,0.0,0.0,-0.017740869894623756,-1.0,-0.0,0.0,0.0,0.013503451831638813,-0.0037700000684708357,-0.014087309129536152,-0.9914448857307434,-0.0,0.13052619993686676,0.0,0.0048975334502756596,-3.847479547403054e-06,-0.05743739381432533,-0.752852737903595,0.6571360230445862,-0.018818756565451622,-0.03210827708244324,4.76837147544984e-09,-2.98023217215615e-10,-0.03276757150888443,-0.7075632810592651,0.7066500186920166,0.0,0.0,2.38418573772492e-09,0.0,-0.016709718853235245,-0.8422722816467285,0.5390523672103882,0.0,0.0,0.0,0.0,-0.01388302817940712,-1.0,-0.0,0.0,0.0
1782948407.219824,2026-07-01 19:26:47.219,17092.0,17092,left,0,1,thumbs_up,1,0.0,0.003969999961555004,-0.04999999701976776,-1.0,-0.0,0.0,0.0,0.0,0.0,0.0,-1.0,-0.0,0.0,0.0,0.025476500391960144,-0.012044699862599373,-0.022234899923205376,-0.8018710613250732,-0.11527962237596512,0.2856791019439697,0.5119578838348389,-5.7220457705398076e-08,-4.3511388270189855e-08,-0.027230437844991684,-0.9972500205039978,0.07411111891269684,0.0,0.0,3.5762786065873797e-09,6.318092005130893e-08,-0.031859491020441055,-0.9925156235694885,0.12211780995130539,0.0,0.0,2.384185648907078e-08,0.0,-0.023122519254684448,-1.0,-0.0,0.0,0.0,0.012359999120235443,0.0032300001475960016,-0.017000000923871994,-0.9990482330322266,-0.0,0.04361938685178757,0.0,0.0021501504816114902,-3.890097104886081e-06,-0.06502876430749893,-0.765653669834137,0.6432524919509888,0.0006030962103977799,0.0005063344724476337,-9.53674295089968e-09,-9.53674295089968e-09,-0.036917347460985184,-0.7071068286895752,0.7071068286895752,0.0,0.0,-2.8610228852699038e-08,-2.98023217215615e-10,-0.0216355137526989,-0.9304175972938538,0.36650118231773376,0.0,0.0,1.2636184010261786e-07,2.98023217215615e-10,-0.018689393997192383,-1.0,-0.0,0.0,0.0,0.0,0.003969999961555004,-0.01750910095870495,-1.0,-0.0,0.0,0.0,0.0,4.610121322912164e-06,-0.06379090249538422,-0.9642245173454285,0.2650870382785797,0.0,0.0,0.0,2.98023217215615e-10,-0.044606998562812805,-0.7931656241416931,0.6090059280395508,0.0,0.0,0.0,0.0,-0.023475991562008858,-0.9503483772277832,0.3111879527568817,0.0,0.0,0.0,0.0,-0.019651994109153748,-1.0,-0.0,0.0,0.0,-0.00711638992652297,0.0018999999156221747,-0.016959700733423233,-0.9961947202682495,-0.0,-0.08715574443340302,0.0,0.0005882433033548295,0.0,-0.060253534466028214,-0.9395539164543152,0.3422160744667053,0.01054723747074604,0.003918185830116272,-1.1086464013487785e-07,-1.490116086078075e-10,-0.04255366697907448,-0.749052882194519,0.6625101566314697,0.0,0.0,4.5299529460862686e-08,0.0,-0.022088106721639633,-0.9254646301269531,0.3788340091705322,0.0,0.0,-1.4305114426349519e-08,0.0,-0.017740696668624878,-1.0,-0.0,0.0,0.0,-0.013503500260412693,-0.0037700000684708357,-0.014087299816310406,-0.9914448857307434,-0.0,-0.13052619993686676,0.0,-0.004897483624517918,-3.8501621020259336e-06,-0.05743739381432533,-0.9256255626678467,0.3761250078678131,-0.023379139602184296,0.034652043133974075,5.4836270635405526e-08,-2.98023217215615e-10,-0.03276759013533592,-0.7808007001876831,0.6247801780700684,0.0,0.0,-9.298324243900424e-08,0.0,-0.01670967973768711,-0.8845009803771973,0.46653836965560913,0.0,0.0,6.19888282926695e-08,0.0,-0.013883084990084171,-1.0,-0.0,0.0,0.0
1782948407.2409294,2026-07-01 19:26:47.240,8033.0,8033,right,0,2,thumbs_up,1,0.0,0.003969999961555004,-0.04999999701976776,-1.0,-0.0,0.0,0.0,0.0,0.0,0.0,-1.0,-0.0,0.0,0.0,-0.025476505979895592,-0.012044684961438179,-0.022234933450818062,-0.7756091952323914,0.02397661656141281,-0.32867980003356934,-0.5383540391921997,0.0,1.19209286886246e-09,-0.02723044343292713,-0.961841881275177,0.2736061215400696,0.0,0.0,2.38418573772492e-09,-1.19209286886246e-09,-0.031859468668699265,-0.900154709815979,0.43557029962539673,0.0,0.0,0.0,-3.5762786065873797e-09,-0.023122519254684448,-1.0,-0.0,0.0,0.0,-0.012360505759716034,0.0032300001475960016,-0.016998957842588425,-0.9990482330322266,-0.0,-0.04361938685178757,0.0,-0.002149570034816861,-3.8927792047616094e-06,-0.06502974033355713,-0.7086129784584045,0.7055973410606384,-2.3088105081114918e-05,-2.2989850549492985e-05,0.0,0.0,-0.03691747412085533,-0.7071068286895752,0.7071068286895752,0.0,0.0,-2.38418573772492e-09,-2.98023217215615e-10,-0.02163529396057129,-0.9304175972938538,0.36650118231773376,0.0,0.0,0.0,2.98023217215615e-10,-0.01868978515267372,-1.0,-0.0,0.0,0.0,0.0,0.003969999961555004,-0.017509059980511665,-1.0,-0.0,0.0,0.0,0.0,4.611611075233668e-06,-0.0637909397482872,-0.7990576028823853,0.6012545228004456,0.0,0.0,0.0,2.98023217215615e-10,-0.04460655897855759,-0.6462905406951904,0.7630914449691772,0.0,0.0,0.0,-2.98023217215615e-10,-0.02347646653652191,-0.9398711919784546,0.34152916073799133,0.0,0.0,0.0,0.0,-0.019652195274829865,-1.0,-0.0,0.0,0.0,0.00711638480424881,0.0018999999156221747,-0.016959700733423233,-0.9961947202682495,-0.0,0.08715574443340302,0.0,-0.0005882382392883301,0.0,-0.060253534466028214,-0.7133238315582275,0.6995487809181213,-0.03029705584049225,-0.02971198782324791,1.19209286886246e-09,-1.490116086078075e-10,-0.04255415499210358,-0.6427876353263855,0.7660444974899292,0.0,0.0,-2.38418573772492e-09,0.0,-0.02208789810538292,-0.9063078761100769,0.4226182699203491,0.0,0.0,0.0,0.0,-0.017740869894623756,-1.0,-0.0,0.0,0.0,0.013503451831638813,-0.0037700000684708357,-0.014087309129536152,-0.9914448857307434,-0.0,0.13052619993686676,0.0,0.0048975334502756596,-3.847479547403054e-06,-0.05743739381432533,-0.6874284744262695,0.7244144678115845,-0.03929932788014412,-0.0334862619638443,4.76837147544984e-09,-2.98023217215615e-10,-0.03276757150888443,-0.7071068286895752,0.7071068286895752,0.0,0.0,2.38418573772492e-09,0.0,-0.016709718853235245,-0.8419820070266724,0.5395057201385498,0.0,0.0,0.0,0.0,-0.01388302817940712,-1.0,-0.0,0.0,0.0
1782948407.4255111,2026-07-01 19:26:47.425,17094.0,17094,left,0,1,thumbs_up,1,0.0,0.003969999961555004,-0.04999999701976776,-1.0,-0.0,0.0,0.0,0.0,0.0,0.0,-1.0,-0.0,0.0,0.0,0.025476500391960144,-0.012044699862599373,-0.022234899923205376,-0.780314564704895,-0.047672733664512634,0.3306002616882324,0.5287154316902161,-5.7220457705398076e-08,-4.3511388270189855e-08,-0.027230437844991684,-0.981863260269165,0.18959054350852966,0.0,0.0,3.5762786065873797e-09,6.318092005130893e-08,-0.031859491020441055,-0.9451104998588562,0.3267509639263153,0.0,0.0,2.384185648907078e-08,0.0,-0.023122519254684448,-1.0,-0.0,0.0,0.0,0.012359999120235443,0.0032300001475960016,-0.017000000923871994,-0.9990482330322266,-0.0,0.04361938685178757,0.0,0.0021501504816114902,-3.890097104886081e-06,-0.06502876430749893,-0.7191308736801147,0.69487464427948,0.00011234584235353395,0.00010713667143136263,-9.53674295089968e-09,-9.53674295089968e-09,-0.036917347460985184,-0.7071068286895752,0.7071068286895752,0.0,0.0,-2.8610228852699038e-08,-2.98023217215615e-10,-0.0216355137526989,-0.9304175972938538,0.36650118231773376,0.0,0.0,1.2636184010261786e-07,2.98023217215615e-10,-0.018689393997192383,-1.0,-0.0,0.0,0.0,0.0,0.003969999961555004,-0.01750910095870495,-1.0,-0.0,0.0,0.0,0.0,4.610121322912164e-06,-0.06379090249538422,-0.8172370791435242,0.5763015747070312,0.0,0.0,0.0,2.98023217215615e-10,-0.044606998562812805,-0.6515896320343018,0.7585716843605042,0.0,0.0,0.0,0.0,-0.023475991562008858,-0.9401524066925049,0.3407542109489441,0.0,0.0,0.0,0.0,-0.019651994109153748,-1.0,-0.0,0.0,0.0,-0.00711638992652297,0.0018999999156221747,-0.016959700733423233,-0.9961947202682495,-0.0,-0.08715574443340302,0.0,0.0005882433033548295,0.0,-0.060253534466028214,-0.8485993146896362,0.5283529758453369,0.022783096879720688,0.01425524428486824,-1.1086464013487785e-07,-1.490116086078075e-10,-0.04255366697907448,-0.6663215756416321,0.7456645369529724,0.0,0.0,4.5299529460862686e-08,0.0,-0.022088106721639633,-0.9104235768318176,0.4136773347854614,0.0,0.0,-1.4305114426349519e-08,0.0,-0.017740696668624878,-1.0,-0.0,0.0,0.0,-0.013503500260412693,-0.0037700000684708357,-0.014087299816310406,-0.9914448857307434,-0.0,-0.13052619993686676,0.0,-0.004897483624517918,-3.8501621020259336e-06,-0.05743739381432533,-0.7192870378494263,0.6930370926856995,0.032037753611803055,0.03604802489280701,5.4836270635405526e-08,-2.98023217215615e-10,-0.03276759013533592,-0.7071068286895752,0.7071068286895752,0.0,0.0,-9.298324243900424e-08,0.0,-0.01670967973768711,-0.8419820070266724,0.5395057201385498,0.0,0.0,6.19888282926695e-08,0.0,-0.013883084990084171,-1.0,-0.0,0.0,0.0
1782948407.4483867,2026-07-01 19:26:47.448,8046.0,8046,right,0,2,thumbs_up,1,0.0,0.003969999961555004,-0.04999999701976776,-1.0,-0.0,0.0,0.0,0.0,0.0,0.0,-1.0,-0.0,0.0,0.0,-0.025476505979895592,-0.012044684961438179,-0.022234933450818062,-0.7746198773384094,0.026997461915016174,-0.3301161825656891,-0.5387564897537231,0.0,1.19209286886246e-09,-0.02723044343292713,-0.9604479670524597,0.27845945954322815,0.0,0.0,2.38418573772492e-09,-1.19209286886246e-09,-0.031859468668699265,-0.897253155708313,0.4415164291858673,0.0,0.0,0.0,-3.5762786065873797e-09,-0.023122519254684448,-1.0,-0.0,0.0,0.0,-0.012360505759716034,0.0032300001475960016,-0.016998957842588425,-0.9990482330322266,-0.0,-0.04361938685178757,0.0,-0.002149570034816861,-3.8927792047616094e-06,-0.06502974033355713,-0.7086129784584045,0.7055973410606384,-2.3088105081114918e-05,-2.2989850549492985e-05,0.0,0.0,-0.03691747412085533,-0.7071068286895752,0.7071068286895752,0.0,0.0,-2.38418573772492e-09,-2.98023217215615e-10,-0.02163529396057129,-0.9304175972938538,0.36650118231773376,0.0,0.0,0.0,2.98023217215615e-10,-0.01868978515267372,-1.0,-0.0,0.0,0.0,0.0,0.003969999961555004,-0.017509059980511665,-1.0,-0.0,0.0,0.0,0.0,4.611611075233668e-06,-0.0637909397482872,-0.7944650650024414,0.607309877872467,0.0,0.0,0.0,2.98023217215615e-10,-0.04460655897855759,-0.6452947854995728,0.7639337182044983,0.0,0.0,0.0,-2.98023217215615e-10,-0.02347646653652191,-0.9398196339607239,0.34167104959487915,0.0,0.0,0.0,0.0,-0.019652195274829865,-1.0,-0.0,0.0,0.0,0.00711638480424881,0.0018999999156221747,-0.016959700733423233,-0.9961947202682495,-0.0,0.08715574443340302,0.0,-0.0005882382392883301,0.0,-0.060253534466028214,-0.7133238315582275,0.6995487809181213,-0.03029705584049225,-0.02971198782324791,1.19209286886246e-09,-1.490116086078075e-10,-0.04255415499210358,-0.6427876353263855,0.7660444974899292,0.0,0.0,-2.38418573772492e-09,0.0,-0.02208789810538292,-0.9063078761100769,0.4226182699203491,0.0,0.0,0.0,0.0,-0.017740869894623756,-1.0,-0.0,0.0,0.0,0.013503451831638813,-0.0037700000684708357,-0.014087309129536152,-0.9914448857307434,-0.0,0.13052619993686676,0.0,0.0048975334502756596,-3.847479547403054e-06,-0.05743739381432533,-0.6874284744262695,0.7244144678115845,-0.03929932788014412,-0.0334862619638443,4.76837147544984e-09,-2.98023217215615e-10,-0.03276757150888443,-0.7071068286895752,0.7071068286895752,0.0,0.0,2.38418573772492e-09,0.0,-0.016709718853235245,-0.8419820070266724,0.5395057201385498,0.0,0.0,0.0,0.0,-0.01388302817940712,-1.0,-0.0,0.0,0.0
1782948407.625676,2026-07-01 19:26:47.625,17095.0,17095,left,0,1,thumbs_up,1,0.0,0.003969999961555004,-0.04999999701976776,-1.0,-0.0,0.0,0.0,0.0,0.0,0.0,-1.0,-0.0,0.0,0.0,0.025476500391960144,-0.012044699862599373,-0.022234899923205376,-0.7664883136749268,-0.00867103599011898,0.3526087701320648,0.5367379188537598,-5.7220457705398076e-08,-4.3511388270189855e-08,-0.027230437844991684,-0.967110276222229,0.2543574571609497,0.0,0.0,3.5762786065873797e-09,6.318092005130893e-08,-0.031859491020441055,-0.9113817811012268,0.4115620255470276,0.0,0.0,2.384185648907078e-08,0.0,-0.023122519254684448,-1.0,-0.0,0.0,0.0,0.012359999120235443,0.0032300001475960016,-0.017000000923871994,-0.9990482330322266,-0.0,0.04361938685178757,0.0,0.0021501504816114902,-3.890097104886081e-06,-0.06502876430749893,-0.7086129784584045,0.7055973410606384,1.3667096936842427e-05,1.3608933841169346e-05,-9.53674295089968e-09,-9.53674295089968e-09,-0.036917347460985184,-0.7071068286895752,0.7071068286895752,0.0,0.0,-2.8610228852699038e-08,-2.98023217215615e-10,-0.0216355137526989,-0.9304175972938538,0.36650118231773376,0.0,0.0,1.2636184010261786e-07,2.98023217215615e-10,-0.018689393997192383,-1.0,-0.0,0.0,0.0,0.0,0.003969999961555004,-0.01750910095870495,-1.0,-0.0,0.0,0.0,0.0,4.610121322912164e-06,-0.06379090249538422,-0.7953872680664062,0.6061015725135803,0.0,0.0,0.0,2.98023217215615e-10,-0.044606998562812805,-0.6454939842224121,0.7637653946876526,0.0,0.0,0.0,0.0,-0.023475991562008858,-0.93982994556427,0.34164267778396606,0.0,0.0,0.0,0.0,-0.019651994109153748,-1.0,-0.0,0.0,0.0,-0.00711638992652297,0.0018999999156221747,-0.016959700733423233,-0.9961947202682495,-0.0,-0.08715574443340302,0.0,0.0005882433033548295,0.0,-0.060253534466028214,-0.8046447038650513,0.5928584933280945,0.02628127671778202,0.01936553418636322,-1.1086464013487785e-07,-1.490116086078075e-10,-0.04255366697907448,-0.6478022933006287,0.7618085145950317,0.0,0.0,4.5299529460862686e-08,0.0,-0.022088106721639633,-0.9071767330169678,0.42074984312057495,0.0,0.0,-1.4305114426349519e-08,0.0,-0.017740696668624878,-1.0,-0.0,0.0,0.0,-0.013503500260412693,-0.0037700000684708357,-0.014087299816310406,-0.9914448857307434,-0.0,-0.13052619993686676,0.0,-0.004897483624517918,-3.8501621020259336e-06,-0.05743739381432533,-0.7090033292770386,0.7034555077552795,0.03467313200235367,0.03553127497434616,5.4836270635405526e-08,-2.98023217215615e-10,-0.03276759013533592,-0.7071068286895752,0.7071068286895752,0.0,0.0,-9.298324243900424e-08,0.0,-0.01670967973768711,-0.8419820070266724,0.5395057201385498,0.0,0.0,6.19888282926695e-08,0.0,-0.013883084990084171,-1.0,-0.0,0.0,0.0
1782948407.6582663,2026-07-01 19:26:47.658,8057.0,8057,right,0,2,thumbs_up,1,0.0,0.003969999961555004,-0.04999999701976776,-1.0,-0.0,0.0,0.0,0.0,0.0,0.0,-1.0,-0.0,0.0,0.0,-0.025476505979895592,-0.012044684961438179,-0.022234933450818062,-0.7740907669067383,0.028583893552422523,-0.33088111877441406,-0.5389658808708191,0.0,1.19209286886246e-09,-0.02723044343292713,-0.9597012400627136,0.28102248907089233,0.0,0.0,2.38418573772492e-09,-1.19209286886246e-09,-0.031859468668699265,-0.8957105278968811,0.444637656211853,0.0,0.0,0.0,-3.5762786065873797e-09,-0.023122519254684448,-1.0,-0.0,0.0,0.0,-0.012360505759716034,0.0032300001475960016,-0.016998957842588425,-0.9990482330322266,-0.0,-0.04361938685178757,0.0,-0.002149570034816861,-3.8927792047616094e-06,-0.06502974033355713,-0.7086129784584045,0.7055973410606384,-2.3088105081114918e-05,-2.2989850549492985e-05,0.0,0.0,-0.03691747412085533,-0.7071068286895752,0.7071068286895752,0.0,0.0,-2.38418573772492e-09,-2.98023217215615e-10,-0.02163529396057129,-0.9304175972938538,0.36650118231773376,0.0,0.0,0.0,2.98023217215615e-10,-0.01868978515267372,-1.0,-0.0,0.0,0.0,0.0,0.003969999961555004,-0.017509059980511665,-1.0,-0.0,0.0,0.0,0.0,4.611611075233668e-06,-0.0637909397482872,-0.7876942157745361,0.6160664558410645,0.0,0.0,0.0,2.98023217215615e-10,-0.04460655897855759,-0.6441572308540344,0.7648931741714478,0.0,0.0,0.0,-2.98023217215615e-10,-0.02347646653652191,-0.9397614598274231,0.34183093905448914,0.0,0.0,0.0,0.0,-0.019652195274829865,-1.0,-0.0,0.0,0.0,0.00711638480424881,0.0018999999156221747,-0.016959700733423233,-0.9961947202682495,-0.0,0.08715574443340302,0.0,-0.0005882382392883301,0.0,-0.060253534466028214,-0.7133238315582275,0.6995487809181213,-0.03029705584049225,-0.02971198782324791,1.19209286886246e-09,-1.490116086078075e-10,-0.04255415499210358,-0.6427876353263855,0.7660444974899292,0.0,0.0,-2.38418573772492e-09,0.0,-0.02208789810538292,-0.9063078761100769,0.4226182699203491,0.0,0.0,0.0,0.0,-0.017740869894623756,-1.0,-0.0,0.0,0.0,0.013503451831638813,-0.0037700000684708357,-0.014087309129536152,-0.9914448857307434,-0.0,0.13052619993686676,0.0,0.0048975334502756596,-3.847479547403054e-06,-0.05743739381432533,-0.6874284744262695,0.7244144678115845,-0.03929932788014412,-0.0334862619638443,4.76837147544984e-09,-2.98023217215615e-10,-0.03276757150888443,-0.7071068286895752,0.7071068286895752,0.0,0.0,2.38418573772492e-09,0.0,-0.016709718853235245,-0.8419820070266724,0.5395057201385498,0.0,0.0,0.0,0.0,-0.01388302817940712,-1.0,-0.0,0.0,0.0
1782948407.8468795,2026-07-01 19:26:47.846,17097.0,17097,left,0,1,thumbs_up,1,0.0,0.003969999961555004,-0.04999999701976776,-1.0,-0.0,0.0,0.0,0.0,0.0,0.0,-1.0,-0.0,0.0,0.0,0.025476500391960144,-0.012044699862599373,-0.022234899923205376,-0.7640568017959595,-0.0017956437077373266,0.3560449779033661,0.5380018353462219,-5.7220457705398076e-08,-4.3511388270189855e-08,-0.027230437844991684,-0.9640882015228271,0.2655823826789856,0.0,0.0,3.5762786065873797e-09,6.318092005130893e-08,-0.031859491020441055,-0.9048916101455688,0.42564207315444946,0.0,0.0,2.384185648907078e-08,0.0,-0.023122519254684448,-1.0,-0.0,0.0,0.0,0.012359999120235443,0.0032300001475960016,-0.017000000923871994,-0.9990482330322266,-0.0,0.04361938685178757,0.0,0.0021501504816114902,-3.890097104886081e-06,-0.06502876430749893,-0.7086129784584045,0.7055973410606384,1.3667096936842427e-05,1.3608933841169346e-05,-9.53674295089968e-09,-9.53674295089968e-09,-0.036917347460985184,-0.7071068286895752,0.7071068286895752,0.0,0.0,-2.8610228852699038e-08,-2.98023217215615e-10,-0.0216355137526989,-0.9304175972938538,0.36650118231773376,0.0,0.0,1.2636184010261786e-07,2.98023217215615e-10,-0.018689393997192383,-1.0,-0.0,0.0,0.0,0.0,0.003969999961555004,-0.01750910095870495,-1.0,-0.0,0.0,0.0,0.0,4.610121322912164e-06,-0.06379090249538422,-0.7890220880508423,0.6143648624420166,0.0,0.0,0.0,2.98023217215615e-10,-0.044606998562812805,-0.6443266868591309,0.7647504210472107,0.0,0.0,0.0,0.0,-0.023475991562008858,-0.9397700428962708,0.34180739521980286,0.0,0.0,0.0,0.0,-0.019651994109153748,-1.0,-0.0,0.0,0.0,-0.00711638992652297,0.0018999999156221747,-0.016959700733423233,-0.9961947202682495,-0.0,-0.08715574443340302,0.0,0.0005882433033548295,0.0,-0.060253534466028214,-0.7995275855064392,0.5997070670127869,0.026618411764502525,0.019965851679444313,-1.1086464013487785e-07,-1.490116086078075e-10,-0.04255366697907448,-0.6464895606040955,0.7629228830337524,0.0,0.0,4.5299529460862686e-08,0.0,-0.022088106721639633,-0.9069486260414124,0.42124125361442566,0.0,0.0,-1.4305114426349519e-08,0.0,-0.017740696668624878,-1.0,-0.0,0.0,0.0,-0.013503500260412693,-0.0037700000684708357,-0.014087299816310406,-0.9914448857307434,-0.0,-0.13052619993686676,0.0,-0.004897483624517918,-3.8501621020259336e-06,-0.05743739381432533,-0.7008059620857239,0.7115390300750732,0.036766741424798965,0.03509121760725975,5.4836270635405526e-08,-2.98023217215615e-10,-0.03276759013533592,-0.7071068286895752,0.7071068286895752,0.0,0.0,-9.298324243900424e-08,0.0,-0.01670967973768711,-0.8419820070266724,0.5395057201385498,0.0,0.0,6.19888282926695e-08,0.0,-0.013883084990084171,-1.0,-0.0,0.0,0.0
1782948407.8593743,2026-07-01 19:26:47.859,8070.0,8070,right,0,2,thumbs_up,1,0.0,0.003969999961555004,-0.04999999701976776,-1.0,-0.0,0.0,0.0,0.0,0.0,0.0,-1.0,-0.0,0.0,0.0,-0.025476505979895592,-0.012044684961438179,-0.022234933450818062,-0.7770397663116455,0.019480351358652115,-0.3265875577926636,-0.5377455949783325,0.0,1.19209286886246e-09,-0.02723044343292713,-0.9638505578041077,0.26644352078437805,0.0,0.0,2.38418573772492e-09,-1.19209286886246e-09,-0.031859468668699265,-0.904387354850769,0.4267124533653259,0.0,0.0,0.0,-3.5762786065873797e-09,-0.023122519254684448,-1.0,-0.0,0.0,0.0,-0.012360505759716034,0.0032300001475960016,-0.016998957842588425,-0.9990482330322266,-0.0,-0.04361938685178757,0.0,-0.002149570034816861,-3.8927792047616094e-06,-0.06502974033355713,-0.7086129784584045,0.7055973410606384,-2.3088105081114918e-05,-2.2989850549492985e-05,0.0,0.0,-0.03691747412085533,-0.7071068286895752,0.7071068286895752,0.0,0.0,-2.38418573772492e-09,-2.98023217215615e-10,-0.02163529396057129,-0.9304175972938538,0.36650118231773376,0.0,0.0,0.0,2.98023217215615e-10,-0.01868978515267372,-1.0,-0.0,0.0,0.0,0.0,0.003969999961555004,-0.017509059980511665,-1.0,-0.0,0.0,0.0,0.0,4.611611075233668e-06,-0.0637909397482872,-0.7809997200965881,0.6245313882827759,0.0,0.0,0.0,2.98023217215615e-10,-0.04460655897855759,-0.6433097124099731,0.7656061053276062,0.0,0.0,0.0,-2.98023217215615e-10,-0.02347646653652191,-0.9397186040878296,0.3419486880302429,0.0,0.0,0.0,0.0,-0.019652195274829865,-1.0,-0.0,0.0,0.0,0.00711638480424881,0.0018999999156221747,-0.016959700733423233,-0.9961947202682495,-0.0,0.08715574443340302,0.0,-0.0005882382392883301,0.0,-0.060253534466028214,-0.7133238315582275,0.6995487809181213,-0.03029705584049225,-0.02971198782324791,1.19209286886246e-09,-1.490116086078075e-10,-0.04255415499210358,-0.6427876353263855,0.7660444974899292,0.0,0.0,-2.38418573772492e-09,0.0,-0.02208789810538292,-0.9063078761100769,0.4226182699203491,0.0,0.0,0.0,0.0,-0.017740869894623756,-1.0,-0.0,0.0,0.0,0.013503451831638813,-0.0037700000684708357,-0.014087309129536152,-0.9914448857307434,-0.0,0.13052619993686676,0.0,0.0048975334502756596,-3.847479547403054e-06,-0.05743739381432533,-0.6874284744262695,0.7244144678115845,-0.03929932788014412,-0.0334862619638443,4.76837147544984e-09,-2.98023217215615e-10,-0.03276757150888443,-0.7071068286895752,0.7071068286895752,0.0,0.0,2.38418573772492e-09,0.0,-0.016709718853235245,-0.8419820070266724,0.5395057201385498,0.0,0.0,0.0,0.0,-0.01388302817940712,-1.0,-0.0,0.0,0.0
1782948408.0569065,2026-07-01 19:26:48.056,17099.0,17099,left,0,1,thumbs_up,1,0.0,0.003969999961555004,-0.04999999701976776,-1.0,-0.0,0.0,0.0,0.0,0.0,0.0,-1.0,-0.0,0.0,0.0,0.025476500391960144,-0.012044699862599373,-0.022234899923205376,-0.7644290924072266,-0.002853930229321122,0.35552728176116943,0.537810742855072,-5.7220457705398076e-08,-4.3511388270189855e-08,-0.027230437844991684,-0.9645612835884094,0.2638590633869171,0.0,0.0,3.5762786065873797e-09,6.318092005130893e-08,-0.031859491020441055,-0.9058974981307983,0.4234970211982727,0.0,0.0,2.384185648907078e-08,0.0,-0.023122519254684448,-1.0,-0.0,0.0,0.0,0.012359999120235443,0.0032300001475960016,-0.017000000923871994,-0.9990482330322266,-0.0,0.04361938685178757,0.0,0.0021501504816114902,-3.890097104886081e-06,-0.06502876430749893,-0.7086129784584045,0.7055973410606384,1.3667096936842427e-05,1.3608933841169346e-05,-9.53674295089968e-09,-9.53674295089968e-09,-0.036917347460985184,-0.7071068286895752,0.7071068286895752,0.0,0.0,-2.8610228852699038e-08,-2.98023217215615e-10,-0.0216355137526989,-0.9304175972938538,0.36650118231773376,0.0,0.0,1.2636184010261786e-07,2.98023217215615e-10,-0.018689393997192383,-1.0,-0.0,0.0,0.0,0.0,0.003969999961555004,-0.01750910095870495,-1.0,-0.0,0.0,0.0,0.0,4.610121322912164e-06,-0.06379090249538422,-0.7999705076217651,0.6000393033027649,0.0,0.0,0.0,2.98023217215615e-10,-0.044606998562812805,-0.6464895606040955,0.7629228830337524,0.0,0.0,0.0,0.0,-0.023475991562008858,-0.9398815035820007,0.34150078892707825,0.0,0.0,0.0,0.0,-0.019651994109153748,-1.0,-0.0,0.0,0.0,-0.00711638992652297,0.0018999999156221747,-0.016959700733423233,-0.9961947202682495,-0.0,-0.08715574443340302,0.0,0.0005882433033548295,0.0,-0.060253534466028214,-0.7995275855064392,0.5997070670127869,0.026618411764502525,0.019965851679444313,-1.1086464013487785e-07,-1.490116086078075e-10,-0.04255366697907448,-0.6464895606040955,0.7629228830337524,0.0,0.0,4.5299529460862686e-08,0.0,-0.022088106721639633,-0.9069486260414124,0.42124125361442566,0.0,0.0,-1.4305114426349519e-08,0.0,-0.017740696668624878,-1.0,-0.0,0.0,0.0,-0.013503500260412693,-0.0037700000684708357,-0.014087299816310406,-0.9914448857307434,-0.0,-0.13052619993686676,0.0,-0.004897483624517918,-3.8501621020259336e-06,-0.05743739381432533,-0.7090033292770386,0.7034555077552795,0.03467313200235367,0.03553127497434616,5.4836270635405526e-08,-2.98023217215615e-10,-0.03276759013533592,-0.7071068286895752,0.7071068286895752,0.0,0.0,-9.298324243900424e-08,0.0,-0.01670967973768711,-0.8419820070266724,0.5395057201385498,0.0,0.0,6.19888282926695e-08,0.0,-0.013883084990084171,-1.0,-0.0,0.0,0.0
1782948408.0674827,2026-07-01 19:26:48.067,8082.0,8082,right,0,2,thumbs_up,1,0.0,0.003969999961555004,-0.04999999701976776,-1.0,-0.0,0.0,0.0,0.0,0.0,0.0,-1.0,-0.0,0.0,0.0,-0.025476505979895592,-0.012044684961438179,-0.022234933450818062,-0.7831343412399292,-0.0014646445633843541,-0.3174179494380951,-0.5347375273704529,0.0,1.19209286886246e-09,-0.02723044343292713,-0.9722752571105957,0.23383954167366028,0.0,0.0,2.38418573772492e-09,-1.19209286886246e-09,-0.031859468668699265,-0.9227891564369202,0.3853053152561188,0.0,0.0,0.0,-3.5762786065873797e-09,-0.023122519254684448,-1.0,-0.0,0.0,0.0,-0.012360505759716034,0.0032300001475960016,-0.016998957842588425,-0.9990482330322266,-0.0,-0.04361938685178757,0.0,-0.002149570034816861,-3.8927792047616094e-06,-0.06502974033355713,-0.7086129784584045,0.7055973410606384,-2.3088105081114918e-05,-2.2989850549492985e-05,0.0,0.0,-0.03691747412085533,-0.7071068286895752,0.7071068286895752,0.0,0.0,-2.38418573772492e-09,-2.98023217215615e-10,-0.02163529396057129,-0.9304175972938538,0.36650118231773376,0.0,0.0,0.0,2.98023217215615e-10,-0.01868978515267372,-1.0,-0.0,0.0,0.0,0.0,0.003969999961555004,-0.017509059980511665,-1.0,-0.0,0.0,0.0,0.0,4.611611075233668e-06,-0.0637909397482872,-0.7809997200965881,0.6245313882827759,0.0,0.0,0.0,2.98023217215615e-10,-0.04460655897855759,-0.6433097124099731,0.7656061053276062,0.0,0.0,0.0,-2.98023217215615e-10,-0.02347646653652191,-0.9397186040878296,0.3419486880302429,0.0,0.0,0.0,0.0,-0.019652195274829865,-1.0,-0.0,0.0,0.0,0.00711638480424881,0.0018999999156221747,-0.016959700733423233,-0.9961947202682495,-0.0,0.08715574443340302,0.0,-0.0005882382392883301,0.0,-0.060253534466028214,-0.7133238315582275,0.6995487809181213,-0.03029705584049225,-0.02971198782324791,1.19209286886246e-09,-1.490116086078075e-10,-0.04255415499210358,-0.6427876353263855,0.7660444974899292,0.0,0.0,-2.38418573772492e-09,0.0,-0.02208789810538292,-0.9063078761100769,0.4226182699203491,0.0,0.0,0.0,0.0,-0.017740869894623756,-1.0,-0.0,0.0,0.0,0.013503451831638813,-0.0037700000684708357,-0.014087309129536152,-0.9914448857307434,-0.0,0.13052619993686676,0.0,0.0048975334502756596,-3.847479547403054e-06,-0.05743739381432533,-0.7181416749954224,0.6944807171821594,-0.029583927243947983,-0.033072419464588165,4.76837147544984e-09,-2.98023217215615e-10,-0.03276757150888443,-0.7071068286895752,0.7071068286895752,0.0,0.0,2.38418573772492e-09,0.0,-0.016709718853235245,-0.8419820070266724,0.5395057201385498,0.0,0.0,0.0,0.0,-0.01388302817940712,-1.0,-0.0,0.0,0.0
1782948408.2649815,2026-07-01 19:26:48.264,17101.0,17101,left,0,1,thumbs_up,1,0.0,0.003969999961555004,-0.04999999701976776,-1.0,-0.0,0.0,0.0,0.0,0.0,0.0,-1.0,-0.0,0.0,0.0,0.025476500391960144,-0.012044699862599373,-0.022234899923205376,-0.7692363262176514,-0.016410185024142265,0.3485756814479828,0.5352580547332764,-5.7220457705398076e-08,-4.3511388270189855e-08,-0.027230437844991684,-0.9703636169433594,0.2416495829820633,0.0,0.0,3.5762786065873797e-09,6.318092005130893e-08,-0.031859491020441055,-0.9185193777084351,0.3953760862350464,0.0,0.0,2.384185648907078e-08,0.0,-0.023122519254684448,-1.0,-0.0,0.0,0.0,0.012359999120235443,0.0032300001475960016,-0.017000000923871994,-0.9990482330322266,-0.0,0.04361938685178757,0.0,0.0021501504816114902,-3.890097104886081e-06,-0.06502876430749893,-0.7086129784584045,0.7055973410606384,1.3667096936842427e-05,1.3608933841169346e-05,-9.53674295089968e-09,-9.53674295089968e-09,-0.036917347460985184,-0.7071068286895752,0.7071068286895752,0.0,0.0,-2.8610228852699038e-08,-2.98023217215615e-10,-0.0216355137526989,-0.9304175972938538,0.36650118231773376,0.0,0.0,1.2636184010261786e-07,2.98023217215615e-10,-0.018689393997192383,-1.0,-0.0,0.0,0.0,0.0,0.003969999961555004,-0.01750910095870495,-1.0,-0.0,0.0,0.0,0.0,4.610121322912164e-06,-0.06379090249538422,-0.8027575612068176,0.5963056087493896,0.0,0.0,0.0,2.98023217215615e-10,-0.044606998562812805,-0.6471982598304749,0.7623217701911926,0.0,0.0,0.0,0.0,-0.023475991562008858,-0.9399186372756958,0.3413986265659332,0.0,0.0,0.0,0.0,-0.019651994109153748,-1.0,-0.0,0.0,0.0,-0.00711638992652297,0.0018999999156221747,-0.016959700733423233,-0.9961947202682495,-0.0,-0.08715574443340302,0.0,0.0005882433033548295,0.0,-0.060253534466028214,-0.8055675029754639,0.5916103720664978,0.02621995285153389,0.019256269559264183,-1.1086464013487785e-07,-1.490116086078075e-10,-0.04255366697907448,-0.6480382084846497,0.761607825756073,0.0,0.0,4.5299529460862686e-08,0.0,-0.022088106721639633,-0.9072177410125732,0.42066144943237305,0.0,0.0,-1.4305114426349519e-08,0.0,-0.017740696668624878,-1.0,-0.0,0.0,0.0,-0.013503500260412693,-0.0037700000684708357,-0.014087299816310406,-0.9914448857307434,-0.0,-0.13052619993686676,0.0,-0.004897483624517918,-3.8501621020259336e-06,-0.05743739381432533,-0.7283785939216614,0.6835588216781616,0.02972402423620224,0.03644712641835213,5.4836270635405526e-08,-2.98023217215615e-10,-0.03276759013533592,-0.7071665525436401,0.7070471048355103,0.0,0.0,-9.298324243900424e-08,0.0,-0.01670967973768711,-0.8420200347900391,0.5394462943077087,0.0,0.0,6.19888282926695e-08,0.0,-0.013883084990084171,-1.0,-0.0,0.0,0.0
1782948408.2764008,2026-07-01 19:26:48.276,8095.0,8095,right,0,2,thumbs_up,1,0.0,0.003969999961555004,-0.04999999701976776,-1.0,-0.0,0.0,0.0,0.0,0.0,0.0,-1.0,-0.0,0.0,0.0,-0.025476505979895592,-0.012044684961438179,-0.022234933450818062,-0.7900068759918213,-0.028970656916499138,-0.3063507676124573,-0.5302820801734924,0.0,1.19209286886246e-09,-0.02723044343292713,-0.9813379645347595,0.19229111075401306,0.0,0.0,2.38418573772492e-09,-1.19209286886246e-09,-0.031859468668699265,-0.94380122423172,0.3305136561393738,0.0,0.0,0.0,-3.5762786065873797e-09,-0.023122519254684448,-1.0,-0.0,0.0,0.0,-0.012360505759716034,0.0032300001475960016,-0.016998957842588425,-0.9990482330322266,-0.0,-0.04361938685178757,0.0,-0.002149570034816861,-3.8927792047616094e-06,-0.06502974033355713,-0.7086129784584045,0.7055973410606384,-2.3088105081114918e-05,-2.2989850549492985e-05,0.0,0.0,-0.03691747412085533,-0.7071068286895752,0.7071068286895752,0.0,0.0,-2.38418573772492e-09,-2.98023217215615e-10,-0.02163529396057129,-0.9304175972938538,0.36650118231773376,0.0,0.0,0.0,2.98023217215615e-10,-0.01868978515267372,-1.0,-0.0,0.0,0.0,0.0,0.003969999961555004,-0.017509059980511665,-1.0,-0.0,0.0,0.0,0.0,4.611611075233668e-06,-0.0637909397482872,-0.7809997200965881,0.6245313882827759,0.0,0.0,0.0,2.98023217215615e-10,-0.04460655897855759,-0.6433097124099731,0.7656061053276062,0.0,0.0,0.0,-2.98023217215615e-10,-0.02347646653652191,-0.9397186040878296,0.3419486880302429,0.0,0.0,0.0,0.0,-0.019652195274829865,-1.0,-0.0,0.0,0.0,0.00711638480424881,0.0018999999156221747,-0.016959700733423233,-0.9961947202682495,-0.0,0.08715574443340302,0.0,-0.0005882382392883301,0.0,-0.060253534466028214,-0.7222673296928406,0.6904035210609436,-0.029566513374447823,-0.028263745829463005,1.19209286886246e-09,-1.490116086078075e-10,-0.04255415499210358,-0.6427876353263855,0.7660444974899292,0.0,0.0,-2.38418573772492e-09,0.0,-0.02208789810538292,-0.9063078761100769,0.4226182699203491,0.0,0.0,0.0,0.0,-0.017740869894623756,-1.0,-0.0,0.0,0.0,0.013503451831638813,-0.0037700000684708357,-0.014087309129536152,-0.9914448857307434,-0.0,0.13052619993686676,0.0,0.0048975334502756596,-3.847479547403054e-06,-0.05743739381432533,-0.7582992315292358,0.6508997082710266,-0.01710202358663082,-0.03192681074142456,4.76837147544984e-09,-2.98023217215615e-10,-0.03276757150888443,-0.7076780796051025,0.7065351009368896,0.0,0.0,2.38418573772492e-09,0.0,-0.016709718853235245,-0.8423454165458679,0.5389381051063538,0.0,0.0,0.0,0.0,-0.01388302817940712,-1.0,-0.0,0.0,0.0
1782948408.4713845,2026-07-01 19:26:48.471,17102.0,17102,left,0,1,thumbs_up,1,0.0,0.003969999961555004,-0.04999999701976776,-1.0,-0.0,0.0,0.0,0.0,0.0,0.0,-1.0,-0.0,0.0,0.0,0.025476500391960144,-0.012044699862599373,-0.022234899923205376,-0.7834938168525696,-0.05705948919057846,0.3249374032020569,0.5265902876853943,-5.7220457705398076e-08,-4.3511388270189855e-08,-0.027230437844991684,-0.9847815036773682,0.1737968623638153,0.0,0.0,3.5762786065873797e-09,6.318092005130893e-08,-0.031859491020441055,-0.9521782398223877,0.30554306507110596,0.0,0.0,2.384185648907078e-08,0.0,-0.023122519254684448,-1.0,-0.0,0.0,0.0,0.012359999120235443,0.0032300001475960016,-0.017000000923871994,-0.9990482330322266,-0.0,0.04361938685178757,0.0,0.0021501504816114902,-3.890097104886081e-06,-0.06502876430749893,-0.7086129784584045,0.7055973410606384,1.3667096936842427e-05,1.3608933841169346e-05,-9.53674295089968e-09,-9.53674295089968e-09,-0.036917347460985184,-0.7071068286895752,0.7071068286895752,0.0,0.0,-2.8610228852699038e-08,-2.98023217215615e-10,-0.0216355137526989,-0.9304175972938538,0.36650118231773376,0.0,0.0,1.2636184010261786e-07,2.98023217215615e-10,-0.018689393997192383,-1.0,-0.0,0.0,0.0,0.0,0.003969999961555004,-0.01750910095870495,-1.0,-0.0,0.0,0.0,0.0,4.610121322912164e-06,-0.06379090249538422,-0.811123788356781,0.5848745107650757,0.0,0.0,0.0,2.98023217215615e-10,-0.044606998562812805,-0.6495407223701477,0.7603268623352051,0.0,0.0,0.0,0.0,-0.023475991562008858,-0.9400423169136047,0.34105798602104187,0.0,0.0,0.0,0.0,-0.019651994109153748,-1.0,-0.0,0.0,0.0,-0.00711638992652297,0.0018999999156221747,-0.016959700733423233,-0.9961947202682495,-0.0,-0.08715574443340302,0.0,0.0005882433033548295,0.0,-0.060253534466028214,-0.8286334872245789,0.5590091347694397,0.024526486173272133,0.01654796674847603,-1.1086464013487785e-07,-1.490116086078075e-10,-0.04255366697907448,-0.6561148166656494,0.7546611428260803,0.0,0.0,4.5299529460862686e-08,0.0,-0.022088106721639633,-0.9086271524429321,0.4176083505153656,0.0,0.0,-1.4305114426349519e-08,0.0,-0.017740696668624878,-1.0,-0.0,0.0,0.0,-0.013503500260412693,-0.0037700000684708357,-0.014087299816310406,-0.9914448857307434,-0.0,-0.13052619993686676,0.0,-0.004897483624517918,-3.8501621020259336e-06,-0.05743739381432533,-0.8008636236190796,0.5975026488304138,0.010722821578383446,0.03864103555679321,5.4836270635405526e-08,-2.98023217215615e-10,-0.03276759013533592,-0.7146628499031067,0.6994690895080566,0.0,0.0,-9.298324243900424e-08,0.0,-0.01670967973768711,-0.8466984629631042,0.5320730209350586,0.0,0.0,6.19888282926695e-08,0.0,-0.013883084990084171,-1.0,-0.0,0.0,0.0
1782948408.4928603,2026-07-01 19:26:48.492,8108.0,8108,right,0,2,thumbs_up,1,0.0,0.003969999961555004,-0.04999999701976776,-1.0,-0.0,0.0,0.0,0.0,0.0,0.0,-1.0,-0.0,0.0,0.0,-0.025476505979895592,-0.012044684961438179,-0.022234933450818062,-0.7902708053588867,-0.030124295502901077,-0.3059057593345642,-0.5300813913345337,0.0,1.19209286886246e-09,-0.02723044343292713,-0.981673002243042,0.19057324528694153,0.0,0.0,2.38418573772492e-09,-1.19209286886246e-09,-0.031859468668699265,-0.9446056485176086,0.32820752263069153,0.0,0.0,0.0,-3.5762786065873797e-09,-0.023122519254684448,-1.0,-0.0,0.0,0.0,-0.012360505759716034,0.0032300001475960016,-0.016998957842588425,-0.9990482330322266,-0.0,-0.04361938685178757,0.0,-0.002149570034816861,-3.8927792047616094e-06,-0.06502974033355713,-0.7086129784584045,0.7055973410606384,-2.3088105081114918e-05,-2.2989850549492985e-05,0.0,0.0,-0.03691747412085533,-0.7071068286895752,0.7071068286895752,0.0,0.0,-2.38418573772492e-09,-2.98023217215615e-10,-0.02163529396057129,-0.9304175972938538,0.36650118231773376,0.0,0.0,0.0,2.98023217215615e-10,-0.01868978515267372,-1.0,-0.0,0.0,0.0,0.0,0.003969999961555004,-0.017509059980511665,-1.0,-0.0,0.0,0.0,0.0,4.611611075233668e-06,-0.0637909397482872,-0.7836884260177612,0.6211541295051575,0.0,0.0,0.0,2.98023217215615e-10,-0.04460655897855759,-0.6436488032341003,0.7653210759162903,0.0,0.0,0.0,-2.98023217215615e-10,-0.02347646653652191,-0.9397357702255249,0.34190160036087036,0.0,0.0,0.0,0.0,-0.019652195274829865,-1.0,-0.0,0.0,0.0,0.00711638480424881,0.0018999999156221747,-0.016959700733423233,-0.9961947202682495,-0.0,0.08715574443340302,0.0,-0.0005882382392883301,0.0,-0.060253534466028214,-0.730498194694519,0.6817718744277954,-0.028869112953543663,-0.026945732533931732,1.19209286886246e-09,-1.490116086078075e-10,-0.04255415499210358,-0.6427876353263855,0.7660444974899292,0.0,0.0,-2.38418573772492e-09,0.0,-0.02208789810538292,-0.9063078761100769,0.4226182699203491,0.0,0.0,0.0,0.0,-0.017740869894623756,-1.0,-0.0,0.0,0.0,0.013503451831638813,-0.0037700000684708357,-0.014087309129536152,-0.9914448857307434,-0.0,0.13052619993686676,0.0,0.0048975334502756596,-3.847479547403054e-06,-0.05743739381432533,-0.7701385617256165,0.6369584798812866,-0.013494371436536312,-0.03143957257270813,4.76837147544984e-09,-2.98023217215615e-10,-0.03276757150888443,-0.7088733315467834,0.7053357362747192,0.0,0.0,2.38418573772492e-09,0.0,-0.016709718853235245,-0.8431001305580139,0.537756621837616,0.0,0.0,0.0,0.0,-0.01388302817940712,-1.0,-0.0,0.0,0.0
1782948408.6825452,2026-07-01 19:26:48.682,17104.0,17104,left,0,1,thumbs_up,1,0.0,0.003969999961555004,-0.04999999701976776,-1.0,-0.0,0.0,0.0,0.0,0.0,0.0,-1.0,-0.0,0.0,0.0,0.025476500391960144,-0.012044699862599373,-0.022234899923205376,-0.7876777648925781,-0.06944586336612701,0.31701940298080444,0.5236790180206299,-5.7220457705398076e-08,-4.3511388270189855e-08,-0.027230437844991684,-0.9882573485374451,0.1527988612651825,0.0,0.0,3.5762786065873797e-09,6.318092005130893e-08,-0.031859491020441055,-0.9614731669425964,0.2748987674713135,0.0,0.0,2.384185648907078e-08,0.0,-0.023122519254684448,-1.0,-0.0,0.0,0.0,0.012359999120235443,0.0032300001475960016,-0.017000000923871994,-0.9990482330322266,-0.0,0.04361938685178757,0.0,0.0021501504816114902,-3.890097104886081e-06,-0.06502876430749893,-0.7086129784584045,0.7055973410606384,1.3667096936842427e-05,1.3608933841169346e-05,-9.53674295089968e-09,-9.53674295089968e-09,-0.036917347460985184,-0.7071068286895752,0.7071068286895752,0.0,0.0,-2.8610228852699038e-08,-2.98023217215615e-10,-0.0216355137526989,-0.9304175972938538,0.36650118231773376,0.0,0.0,1.2636184010261786e-07,2.98023217215615e-10,-0.018689393997192383,-1.0,-0.0,0.0,0.0,0.0,0.003969999961555004,-0.01750910095870495,-1.0,-0.0,0.0,0.0,0.0,4.610121322912164e-06,-0.06379090249538422,-0.811123788356781,0.5848745107650757,0.0,0.0,0.0,2.98023217215615e-10,-0.044606998562812805,-0.6495407223701477,0.7603268623352051,0.0,0.0,0.0,0.0,-0.023475991562008858,-0.9400423169136047,0.34105798602104187,0.0,0.0,0.0,0.0,-0.019651994109153748,-1.0,-0.0,0.0,0.0,-0.00711638992652297,0.0018999999156221747,-0.016959700733423233,-0.9961947202682495,-0.0,-0.08715574443340302,0.0,0.0005882433033548295,0.0,-0.060253534466028214,-0.8361735343933105,0.5477196574211121,0.023910408839583397,0.01566206105053425,-1.1086464013487785e-07,-1.490116086078075e-10,-0.04255366697907448,-0.659447968006134,0.7517502307891846,0.0,0.0,4.5299529460862686e-08,0.0,-0.022088106721639633,-0.9092115759849548,0.4163345396518707,0.0,0.0,-1.4305114426349519e-08,0.0,-0.017740696668624878,-1.0,-0.0,0.0,0.0,-0.013503500260412693,-0.0037700000684708357,-0.014087299816310406,-0.9914448857307434,-0.0,-0.13052619993686676,0.0,-0.004897483624517918,-3.8501621020259336e-06,-0.05743739381432533,-0.8271037340164185,0.5606963038444519,0.003706019138917327,0.03879974037408829,5.4836270635405526e-08,-2.98023217215615e-10,-0.03276759013533592,-0.7223990559577942,0.6914764046669006,0.0,0.0,-9.298324243900424e-08,0.0,-0.01670967973768711,-0.851405918598175,0.5245073437690735,0.0,0.0,6.19888282926695e-08,0.0,-0.013883084990084171,-1.0,-0.0,0.0,0.0
1782948408.693558,2026-07-01 19:26:48.693,8120.0,8120,right,0,2,thumbs_up,1,0.0,0.003969999961555004,-0.04999999701976776,-1.0,-0.0,0.0,0.0,0.0,0.0,0.0,-1.0,-0.0,0.0,0.0,-0.025476505979895592,-0.012044684961438179,-0.022234933450818062,-0.7907068133354187,-0.032046832144260406,-0.30516692996025085,-0.5297442078590393,0.0,1.19209286886246e-09,-0.02723044343292713,-0.9822238087654114,0.18771369755268097,0.0,0.0,2.38418573772492e-09,-1.19209286886246e-09,-0.031859468668699265,-0.9459326863288879,0.32436299324035645,0.0,0.0,0.0,-3.5762786065873797e-09,-0.023122519254684448,-1.0,-0.0,0.0,0.0,-0.012360505759716034,0.0032300001475960016,-0.016998957842588425,-0.9990482330322266,-0.0,-0.04361938685178757,0.0,-0.002149570034816861,-3.8927792047616094e-06,-0.06502974033355713,-0.7086129784584045,0.7055973410606384,-2.3088105081114918e-05,-2.2989850549492985e-05,0.0,0.0,-0.03691747412085533,-0.7071068286895752,0.7071068286895752,0.0,0.0,-2.38418573772492e-09,-2.98023217215615e-10,-0.02163529396057129,-0.9304175972938538,0.36650118231773376,0.0,0.0,0.0,2.98023217215615e-10,-0.01868978515267372,-1.0,-0.0,0.0,0.0,0.0,0.003969999961555004,-0.017509059980511665,-1.0,-0.0,0.0,0.0,0.0,4.611611075233668e-06,-0.0637909397482872,-0.7890220880508423,0.6143648624420166,0.0,0.0,0.0,2.98023217215615e-10,-0.04460655897855759,-0.6443266868591309,0.7647504210472107,0.0,0.0,0.0,-2.98023217215615e-10,-0.02347646653652191,-0.9397700428962708,0.34180739521980286,0.0,0.0,0.0,0.0,-0.019652195274829865,-1.0,-0.0,0.0,0.0,0.00711638480424881,0.0018999999156221747,-0.016959700733423233,-0.9961947202682495,-0.0,0.08715574443340302,0.0,-0.0005882382392883301,0.0,-0.060253534466028214,-0.7341295480728149,0.6778962016105652,-0.02855391427874565,-0.026366719976067543,1.19209286886246e-09,-1.490116086078075e-10,-0.04255415499210358,-0.6427876353263855,0.7660444974899292,0.0,0.0,-2.38418573772492e-09,0.0,-0.02208789810538292,-0.9063078761100769,0.4226182699203491,0.0,0.0,0.0,0.0,-0.017740869894623756,-1.0,-0.0,0.0,0.0,0.013503451831638813,-0.0037700000684708357,-0.014087309129536152,-0.9914448857307434,-0.0,0.13052619993686676,0.0,0.0048975334502756596,-3.847479547403054e-06,-0.05743739381432533,-0.7791646718978882,0.6259586215019226,-0.010753786191344261,-0.03102646954357624,4.76837147544984e-09,-2.98023217215615e-10,-0.03276757150888443,-0.7101333737373352,0.7040672302246094,0.0,0.0,2.38418573772492e-09,0.0,-0.016709718853235245,-0.843890905380249,0.5365148782730103,0.0,0.0,0.0,0.0,-0.01388302817940712,-1.0,-0.0,0.0,0.0
1782948408.8889413,2026-07-01 19:26:48.888,17106.0,17106,left,0,1,thumbs_up,1,0.0,0.003969999961555004,-0.04999999701976776,-1.0,-0.0,0.0,0.0,0.0,0.0,0.0,-1.0,-0.0,0.0,0.0,0.025476500391960144,-0.012044699862599373,-0.022234899923205376,-0.7905404567718506,-0.0781327560544014,0.3112987279891968,0.5215689539909363,-5.7220457705398076e-08,-4.3511388270189855e-08,-0.027230437844991684,-0.990432858467102,0.1379956305027008,0.0,0.0,3.5762786065873797e-09,6.318092005130893e-08,-0.031859491020441055,-0.9682042598724365,0.2501611113548279,0.0,0.0,2.384185648907078e-08,0.0,-0.023122519254684448,-1.0,-0.0,0.0,0.0,0.012359999120235443,0.0032300001475960016,-0.017000000923871994,-0.9990482330322266,-0.0,0.04361938685178757,0.0,0.0021501504816114902,-3.890097104886081e-06,-0.06502876430749893,-0.7086129784584045,0.7055973410606384,1.3667096936842427e-05,1.3608933841169346e-05,-9.53674295089968e-09,-9.53674295089968e-09,-0.036917347460985184,-0.7071068286895752,0.7071068286895752,0.0,0.0,-2.8610228852699038e-08,-2.98023217215615e-10,-0.0216355137526989,-0.9304175972938538,0.36650118231773376,0.0,0.0,1.2636184010261786e-07,2.98023217215615e-10,-0.018689393997192383,-1.0,-0.0,0.0,0.0,0.0,0.003969999961555004,-0.01750910095870495,-1.0,-0.0,0.0,0.0,0.0,4.610121322912164e-06,-0.06379090249538422,-0.811123788356781,0.5848745107650757,0.0,0.0,0.0,2.98023217215615e-10,-0.044606998562812805,-0.6495407223701477,0.7603268623352051,0.0,0.0,0.0,0.0,-0.023475991562008858,-0.9400423169136047,0.34105798602104187,0.0,0.0,0.0,0.0,-0.019651994109153748,-1.0,-0.0,0.0,0.0,-0.00711638992652297,0.0018999999156221747,-0.016959700733423233,-0.9961947202682495,-0.0,-0.08715574443340302,0.0,0.0005882433033548295,0.0,-0.060253534466028214,-0.8399454951286316,0.5419442653656006,0.02358795329928398,0.015221364796161652,-1.1086464013487785e-07,-1.490116086078075e-10,-0.04255366697907448,-0.6612738966941833,0.7501445412635803,0.0,0.0,4.5299529460862686e-08,0.0,-0.022088106721639633,-0.9095323085784912,0.4156332015991211,0.0,0.0,-1.4305114426349519e-08,0.0,-0.017740696668624878,-1.0,-0.0,0.0,0.0,-0.013503500260412693,-0.0037700000684708357,-0.014087299816310406,-0.9914448857307434,-0.0,-0.13052619993686676,0.0,-0.004897483624517918,-3.8501621020259336e-06,-0.05743739381432533,-0.8372728228569031,0.5454095005989075,0.0009636244503781199,0.03875315561890602,5.4836270635405526e-08,-2.98023217215615e-10,-0.03276759013533592,-0.7260994911193848,0.6875896453857422,0.0,0.0,-9.298324243900424e-08,0.0,-0.01670967973768711,-0.8536251783370972,0.5208878517150879,0.0,0.0,6.19888282926695e-08,0.0,-0.013883084990084171,-1.0,-0.0,0.0,0.0
1782948408.9101129,2026-07-01 19:26:48.910,8133.0,8133,right,0,2,thumbs_up,1,0.0,0.003969999961555004,-0.04999999701976776,-1.0,-0.0,0.0,0.0,0.0,0.0,0.0,-1.0,-0.0,0.0,0.0,-0.025476505979895592,-0.012044684961438179,-0.022234933450818062,-0.7907068133354187,-0.032046832144260406,-0.30516692996025085,-0.5297442078590393,0.0,1.19209286886246e-09,-0.02723044343292713,-0.9822238087654114,0.18771369755268097,0.0,0.0,2.38418573772492e-09,-1.19209286886246e-09,-0.031859468668699265,-0.9459326863288879,0.32436299324035645,0.0,0.0,0.0,-3.5762786065873797e-09,-0.023122519254684448,-1.0,-0.0,0.0,0.0,-0.012360505759716034,0.0032300001475960016,-0.016998957842588425,-0.9990482330322266,-0.0,-0.04361938685178757,0.0,-0.002149570034816861,-3.8927792047616094e-06,-0.06502974033355713,-0.7086129784584045,0.7055973410606384,-2.3088105081114918e-05,-2.2989850549492985e-05,0.0,0.0,-0.03691747412085533,-0.7071068286895752,0.7071068286895752,0.0,0.0,-2.38418573772492e-09,-2.98023217215615e-10,-0.02163529396057129,-0.9304175972938538,0.36650118231773376,0.0,0.0,0.0,2.98023217215615e-10,-0.01868978515267372,-1.0,-0.0,0.0,0.0,0.0,0.003969999961555004,-0.017509059980511665,-1.0,-0.0,0.0,0.0,0.0,4.611611075233668e-06,-0.0637909397482872,-0.7890220880508423,0.6143648624420166,0.0,0.0,0.0,2.98023217215615e-10,-0.04460655897855759,-0.6443266868591309,0.7647504210472107,0.0,0.0,0.0,-2.98023217215615e-10,-0.02347646653652191,-0.9397700428962708,0.34180739521980286,0.0,0.0,0.0,0.0,-0.019652195274829865,-1.0,-0.0,0.0,0.0,0.00711638480424881,0.0018999999156221747,-0.016959700733423233,-0.9961947202682495,-0.0,0.08715574443340302,0.0,-0.0005882382392883301,0.0,-0.060253534466028214,-0.742129385471344,0.6692075133323669,-0.027839666232466698,-0.025104133412241936,1.19209286886246e-09,-1.490116086078075e-10,-0.04255415499210358,-0.6427876353263855,0.7660444974899292,0.0,0.0,-2.38418573772492e-09,0.0,-0.02208789810538292,-0.9063078761100769,0.4226182699203491,0.0,0.0,0.0,0.0,-0.017740869894623756,-1.0,-0.0,0.0,0.0,0.013503451831638813,-0.0037700000684708357,-0.014087309129536152,-0.9914448857307434,-0.0,0.13052619993686676,0.0,0.0048975334502756596,-3.847479547403054e-06,-0.05743739381432533,-0.7852748036384583,0.6183204650878906,-0.008914251811802387,-0.030721940100193024,4.76837147544984e-09,-2.98023217215615e-10,-0.03276757150888443,-0.7111942172050476,0.7029955983161926,0.0,0.0,2.38418573772492e-09,0.0,-0.016709718853235245,-0.8445530533790588,0.5354719758033752,0.0,0.0,0.0,0.0,-0.01388302817940712,-1.0,-0.0,0.0,0.0
1782948409.1073275,2026-07-01 19:26:49.107,17108.0,17108,left,0,1,thumbs_up,1,0.0,0.003969999961555004,-0.04999999701976776,-1.0,-0.0,0.0,0.0,0.0,0.0,0.0,-1.0,-0.0,0.0,0.0,0.025476500391960144,-0.012044699862599373,-0.022234899923205376,-0.791260302066803,-0.0803501233458519,0.3098185956478119,0.5210216045379639,-5.7220457705398076e-08,-4.3511388270189855e-08,-0.027230437844991684,-0.990953266620636,0.13420775532722473,0.0,0.0,3.5762786065873797e-09,6.318092005130893e-08,-0.031859491020441055,-0.9699141383171082,0.24344751238822937,0.0,0.0,2.384185648907078e-08,0.0,-0.023122519254684448,-1.0,-0.0,0.0,0.0,0.012359999120235443,0.0032300001475960016,-0.017000000923871994,-0.9990482330322266,-0.0,0.04361938685178757,0.0,0.0021501504816114902,-3.890097104886081e-06,-0.06502876430749893,-0.7086129784584045,0.7055973410606384,1.3667096936842427e-05,1.3608933841169346e-05,-9.53674295089968e-09,-9.53674295089968e-09,-0.036917347460985184,-0.7071068286895752,0.7071068286895752,0.0,0.0,-2.8610228852699038e-08,-2.98023217215615e-10,-0.0216355137526989,-0.9304175972938538,0.36650118231773376,0.0,0.0,1.2636184010261786e-07,2.98023217215615e-10,-0.018689393997192383,-1.0,-0.0,0.0,0.0,0.0,0.003969999961555004,-0.01750910095870495,-1.0,-0.0,0.0,0.0,0.0,4.610121322912164e-06,-0.06379090249538422,-0.811123788356781,0.5848745107650757,0.0,0.0,0.0,2.98023217215615e-10,-0.044606998562812805,-0.6495407223701477,0.7603268623352051,0.0,0.0,0.0,0.0,-0.023475991562008858,-0.9400423169136047,0.34105798602104187,0.0,0.0,0.0,0.0,-0.019651994109153748,-1.0,-0.0,0.0,0.0,-0.00711638992652297,0.0018999999156221747,-0.016959700733423233,-0.9961947202682495,-0.0,-0.08715574443340302,0.0,0.0005882433033548295,0.0,-0.060253534466028214,-0.8418164253234863,0.5390467047691345,0.023426298052072525,0.015000740066170692,-1.1086464013487785e-07,-1.490116086078075e-10,-0.04255366697907448,-0.6621853709220886,0.7493401169776917,0.0,0.0,4.5299529460862686e-08,0.0,-0.022088106721639633,-0.9096925258636475,0.4152824878692627,0.0,0.0,-1.4305114426349519e-08,0.0,-0.017740696668624878,-1.0,-0.0,0.0,0.0,-0.013503500260412693,-0.0037700000684708357,-0.014087299816310406,-0.9914448857307434,-0.0,-0.13052619993686676,0.0,-0.004897483624517918,-3.8501621020259336e-06,-0.05743739381432533,-0.8403000235557556,0.5407366752624512,0.0001453310251235962,0.03872624784708023,5.4836270635405526e-08,-2.98023217215615e-10,-0.03276759013533592,-0.7272826433181763,0.6863381266593933,0.0,0.0,-9.298324243900424e-08,0.0,-0.01670967973768711,-0.8543303608894348,0.5197303891181946,0.0,0.0,6.19888282926695e-08,0.0,-0.013883084990084171,-1.0,-0.0,0.0,0.0
1782948409.1287694,2026-07-01 19:26:49.128,8145.0,8145,right,0,2,thumbs_up,1,0.0,0.003969999961555004,-0.04999999701976776,-1.0,-0.0,0.0,0.0,0.0,0.0,0.0,-1.0,-0.0,0.0,0.0,-0.025476505979895592,-0.012044684961438179,-0.022234933450818062,-0.7912228107452393,-0.034352730959653854,-0.30428728461265564,-0.529335081577301,0.0,1.19209286886246e-09,-0.02723044343292713,-0.9828715324401855,0.18429230153560638,0.0,0.0,2.38418573772492e-09,-1.19209286886246e-09,-0.031859468668699265,-0.9475014209747314,0.3197515606880188,0.0,0.0,0.0,-3.5762786065873797e-09,-0.023122519254684448,-1.0,-0.0,0.0,0.0,-0.012360505759716034,0.0032300001475960016,-0.016998957842588425,-0.9990482330322266,-0.0,-0.04361938685178757,0.0,-0.002149570034816861,-3.8927792047616094e-06,-0.06502974033355713,-0.7086129784584045,0.7055973410606384,-2.3088105081114918e-05,-2.2989850549492985e-05,0.0,0.0,-0.03691747412085533,-0.7071068286895752,0.7071068286895752,0.0,0.0,-2.38418573772492e-09,-2.98023217215615e-10,-0.02163529396057129,-0.9304175972938538,0.36650118231773376,0.0,0.0,0.0,2.98023217215615e-10,-0.01868978515267372,-1.0,-0.0,0.0,0.0,0.0,0.003969999961555004,-0.017509059980511665,-1.0,-0.0,0.0,0.0,0.0,4.611611075233668e-06,-0.0637909397482872,-0.7944650650024414,0.607309877872467,0.0,0.0,0.0,2.98023217215615e-10,-0.04460655897855759,-0.6452947854995728,0.7639337182044983,0.0,0.0,0.0,-2.98023217215615e-10,-0.02347646653652191,-0.9398196339607239,0.34167104959487915,0.0,0.0,0.0,0.0,-0.019652195274829865,-1.0,-0.0,0.0,0.0,0.00711638480424881,0.0018999999156221747,-0.016959700733423233,-0.9961947202682495,-0.0,0.08715574443340302,0.0,-0.0005882382392883301,0.0,-0.060253534466028214,-0.746518075466156,0.6643505096435547,-0.027434848248958588,-0.024421805515885353,1.19209286886246e-09,-1.490116086078075e-10,-0.04255415499210358,-0.6427876353263855,0.7660444974899292,0.0,0.0,-2.38418573772492e-09,0.0,-0.02208789810538292,-0.9063078761100769,0.4226182699203491,0.0,0.0,0.0,0.0,-0.017740869894623756,-1.0,-0.0,0.0,0.0,0.013503451831638813,-0.0037700000684708357,-0.014087309129536152,-0.9914448857307434,-0.0,0.13052619993686676,0.0,0.0048975334502756596,-3.847479547403054e-06,-0.05743739381432533,-0.7945135831832886,0.6064624786376953,-0.006149862427264452,-0.030226323753595352,4.76837147544984e-09,-2.98023217215615e-10,-0.03276757150888443,-0.7130712270736694,0.7010916471481323,0.0,0.0,2.38418573772492e-09,0.0,-0.016709718853235245,-0.8457174897193909,0.5336308479309082,0.0,0.0,0.0,0.0,-0.01388302817940712,-1.0,-0.0,0.0,0.0
1782948409.3079693,2026-07-01 19:26:49.307,17109.0,17109,left,0,1,thumbs_up,1,0.0,0.003969999961555004,-0.04999999701976776,-1.0,-0.0,0.0,0.0,0.0,0.0,0.0,-1.0,-0.0,0.0,0.0,0.025476500391960144,-0.012044699862599373,-0.022234899923205376,-0.7915655970573425,-0.08129531145095825,0.3091851472854614,0.5207874178886414,-5.7220457705398076e-08,-4.3511388270189855e-08,-0.027230437844991684,-0.9911707043647766,0.1325920820236206,0.0,0.0,3.5762786065873797e-09,6.318092005130893e-08,-0.031859491020441055,-0.9706407189369202,0.24053432047367096,0.0,0.0,2.384185648907078e-08,0.0,-0.023122519254684448,-1.0,-0.0,0.0,0.0,0.012359999120235443,0.0032300001475960016,-0.017000000923871994,-0.9990482330322266,-0.0,0.04361938685178757,0.0,0.0021501504816114902,-3.890097104886081e-06,-0.06502876430749893,-0.7086129784584045,0.7055973410606384,1.3667096936842427e-05,1.3608933841169346e-05,-9.53674295089968e-09,-9.53674295089968e-09,-0.036917347460985184,-0.7071068286895752,0.7071068286895752,0.0,0.0,-2.8610228852699038e-08,-2.98023217215615e-10,-0.0216355137526989,-0.9304175972938538,0.36650118231773376,0.0,0.0,1.2636184010261786e-07,2.98023217215615e-10,-0.018689393997192383,-1.0,-0.0,0.0,0.0,0.0,0.003969999961555004,-0.01750910095870495,-1.0,-0.0,0.0,0.0,0.0,4.610121322912164e-06,-0.06379090249538422,-0.8134666681289673,0.5816115736961365,0.0,0.0,0.0,2.98023217215615e-10,-0.044606998562812805,-0.6502882838249207,0.7596875429153442,0.0,0.0,0.0,0.0,-0.023475991562008858,-0.940082311630249,0.340947687625885,0.0,0.0,0.0,0.0,-0.019651994109153748,-1.0,-0.0,0.0,0.0,-0.00711638992652297,0.0018999999156221747,-0.016959700733423233,-0.9961947202682495,-0.0,-0.08715574443340302,0.0,0.0005882433033548295,0.0,-0.060253534466028214,-0.8418164253234863,0.5390467047691345,0.023426298052072525,0.015000740066170692,-1.1086464013487785e-07,-1.490116086078075e-10,-0.04255366697907448,-0.6621853709220886,0.7493401169776917,0.0,0.0,4.5299529460862686e-08,0.0,-0.022088106721639633,-0.9096925258636475,0.4152824878692627,0.0,0.0,-1.4305114426349519e-08,0.0,-0.017740696668624878,-1.0,-0.0,0.0,0.0,-0.013503500260412693,-0.0037700000684708357,-0.014087299816310406,-0.9914448857307434,-0.0,-0.13052619993686676,0.0,-0.004897483624517918,-3.8501621020259336e-06,-0.05743739381432533,-0.8463120460510254,0.531281054019928,-0.0014833249151706696,0.03865470737218857,5.4836270635405526e-08,-2.98023217215615e-10,-0.03276759013533592,-0.7297428846359253,0.6837217211723328,0.0,0.0,-9.298324243900424e-08,0.0,-0.01670967973768711,-0.8557910323143005,0.5173216462135315,0.0,0.0,6.19888282926695e-08,0.0,-0.013883084990084171,-1.0,-0.0,0.0,0.0
1782948409.3293614,2026-07-01 19:26:49.329,8158.0,8158,right,0,2,thumbs_up,1,0.0,0.003969999961555004,-0.04999999701976776,-1.0,-0.0,0.0,0.0,0.0,0.0,0.0,-1.0,-0.0,0.0,0.0,-0.025476505979895592,-0.012044684961438179,-0.022234933450818062,-0.7913509607315063,-0.034929174929857254,-0.30406707525253296,-0.5292322635650635,0.0,1.19209286886246e-09,-0.02723044343292713,-0.9830315113067627,0.1834365874528885,0.0,0.0,2.38418573772492e-09,-1.19209286886246e-09,-0.031859468668699265,-0.9478901028633118,0.3185974657535553,0.0,0.0,0.0,-3.5762786065873797e-09,-0.023122519254684448,-1.0,-0.0,0.0,0.0,-0.012360505759716034,0.0032300001475960016,-0.016998957842588425,-0.9990482330322266,-0.0,-0.04361938685178757,0.0,-0.002149570034816861,-3.8927792047616094e-06,-0.06502974033355713,-0.7086129784584045,0.7055973410606384,-2.3088105081114918e-05,-2.2989850549492985e-05,0.0,0.0,-0.03691747412085533,-0.7071068286895752,0.7071068286895752,0.0,0.0,-2.38418573772492e-09,-2.98023217215615e-10,-0.02163529396057129,-0.9304175972938538,0.36650118231773376,0.0,0.0,0.0,2.98023217215615e-10,-0.01868978515267372,-1.0,-0.0,0.0,0.0,0.0,0.003969999961555004,-0.017509059980511665,-1.0,-0.0,0.0,0.0,0.0,4.611611075233668e-06,-0.0637909397482872,-0.7999705076217651,0.6000393033027649,0.0,0.0,0.0,2.98023217215615e-10,-0.04460655897855759,-0.6464895606040955,0.7629228830337524,0.0,0.0,0.0,-2.98023217215615e-10,-0.02347646653652191,-0.9398815035820007,0.34150078892707825,0.0,0.0,0.0,0.0,-0.019652195274829865,-1.0,-0.0,0.0,0.0,0.00711638480424881,0.0018999999156221747,-0.016959700733423233,-0.9961947202682495,-0.0,0.08715574443340302,0.0,-0.0005882382392883301,0.0,-0.060253534466028214,-0.7571552991867065,0.6523028612136841,-0.026424573734402657,-0.022772112861275673,1.19209286886246e-09,-1.490116086078075e-10,-0.04255415499210358,-0.6427876353263855,0.7660444974899292,0.0,0.0,-2.38418573772492e-09,0.0,-0.02208789810538292,-0.9063078761100769,0.4226182699203491,0.0,0.0,0.0,0.0,-0.017740869894623756,-1.0,-0.0,0.0,0.0,0.013503451831638813,-0.0037700000684708357,-0.014087309129536152,-0.9914448857307434,-0.0,0.13052619993686676,0.0,0.0048975334502756596,-3.847479547403054e-06,-0.05743739381432533,-0.882233202457428,0.46986839175224304,0.01845237985253334,-0.023405103012919426,4.76837147544984e-09,-2.98023217215615e-10,-0.03276757150888443,-0.7484381198883057,0.6632046103477478,0.0,0.0,2.38418573772492e-09,0.0,-0.016709718853235245,-0.8665763735771179,0.4990444779396057,0.0,0.0,0.0,0.0,-0.01388302817940712,-1.0,-0.0,0.0,0.0
1782948409.5138211,2026-07-01 19:26:49.513,17111.0,17111,left,0,1,thumbs_up,1,0.0,0.003969999961555004,-0.04999999701976776,-1.0,-0.0,0.0,0.0,0.0,0.0,0.0,-1.0,-0.0,0.0,0.0,0.025476500391960144,-0.012044699862599373,-0.022234899923205376,-0.7929667234420776,-0.08566632121801376,0.3062377870082855,0.5196955800056458,-5.7220457705398076e-08,-4.3511388270189855e-08,-0.027230437844991684,-0.9921427369117737,0.12511125206947327,0.0,0.0,3.5762786065873797e-09,6.318092005130893e-08,-0.031859491020441055,-0.9739625453948975,0.22670894861221313,0.0,0.0,2.384185648907078e-08,0.0,-0.023122519254684448,-1.0,-0.0,0.0,0.0,0.012359999120235443,0.0032300001475960016,-0.017000000923871994,-0.9990482330322266,-0.0,0.04361938685178757,0.0,0.0021501504816114902,-3.890097104886081e-06,-0.06502876430749893,-0.7086129784584045,0.7055973410606384,1.3667096936842427e-05,1.3608933841169346e-05,-9.53674295089968e-09,-9.53674295089968e-09,-0.036917347460985184,-0.7071068286895752,0.7071068286895752,0.0,0.0,-2.8610228852699038e-08,-2.98023217215615e-10,-0.0216355137526989,-0.9304175972938538,0.36650118231773376,0.0,0.0,1.2636184010261786e-07,2.98023217215615e-10,-0.018689393997192383,-1.0,-0.0,0.0,0.0,0.0,0.003969999961555004,-0.01750910095870495,-1.0,-0.0,0.0,0.0,0.0,4.610121322912164e-06,-0.06379090249538422,-0.8139336705207825,0.58095782995224,0.0,0.0,0.0,2.98023217215615e-10,-0.044606998562812805,-0.6504377126693726,0.7595595717430115,0.0,0.0,0.0,0.0,-0.023475991562008858,-0.9400902986526489,0.3409256041049957,0.0,0.0,0.0,0.0,-0.019651994109153748,-1.0,-0.0,0.0,0.0,-0.00711638992652297,0.0018999999156221747,-0.016959700733423233,-0.9961947202682495,-0.0,-0.08715574443340302,0.0,0.0005882433033548295,0.0,-0.060253534466028214,-0.8418164253234863,0.5390467047691345,0.023426298052072525,0.015000740066170692,-1.1086464013487785e-07,-1.490116086078075e-10,-0.04255366697907448,-0.6621853709220886,0.7493401169776917,0.0,0.0,4.5299529460862686e-08,0.0,-0.022088106721639633,-0.9096925258636475,0.4152824878692627,0.0,0.0,-1.4305114426349519e-08,0.0,-0.017740696668624878,-1.0,-0.0,0.0,0.0,-0.013503500260412693,-0.0037700000684708357,-0.014087299816310406,-0.9914448857307434,-0.0,-0.13052619993686676,0.0,-0.004897483624517918,-3.8501621020259336e-06,-0.05743739381432533,-0.855216383934021,0.5168245434761047,-0.0038980126846581697,0.03849765658378601,5.4836270635405526e-08,-2.98023217215615e-10,-0.03276759013533592,-0.7336951494216919,0.6794788837432861,0.0,0.0,-9.298324243900424e-08,0.0,-0.01670967973768711,-0.8581191897392273,0.5134506821632385,0.0,0.0,6.19888282926695e-08,0.0,-0.013883084990084171,-1.0,-0.0,0.0,0.0
1782948409.5346375,2026-07-01 19:26:49.534,8169.0,8169,right,0,2,thumbs_up,1,0.0,0.003969999961555004,-0.04999999701976776,-1.0,-0.0,0.0,0.0,0.0,0.0,0.0,-1.0,-0.0,0.0,0.0,-0.025476505979895592,-0.012044684961438179,-0.022234933450818062,-0.7896518111228943,-0.027432547882199287,-0.306947261095047,-0.5305477380752563,0.0,1.19209286886246e-09,-0.02723044343292713,-0.9808855652809143,0.1945856213569641,0.0,0.0,2.38418573772492e-09,-1.19209286886246e-09,-0.031859468668699265,-0.9427188038825989,0.3335884213447571,0.0,0.0,0.0,-3.5762786065873797e-09,-0.023122519254684448,-1.0,-0.0,0.0,0.0,-0.012360505759716034,0.0032300001475960016,-0.016998957842588425,-0.9990482330322266,-0.0,-0.04361938685178757,0.0,-0.002149570034816861,-3.8927792047616094e-06,-0.06502974033355713,-0.7086129784584045,0.7055973410606384,-2.3088105081114918e-05,-2.2989850549492985e-05,0.0,0.0,-0.03691747412085533,-0.7071068286895752,0.7071068286895752,0.0,0.0,-2.38418573772492e-09,-2.98023217215615e-10,-0.02163529396057129,-0.9304175972938538,0.36650118231773376,0.0,0.0,0.0,2.98023217215615e-10,-0.01868978515267372,-1.0,-0.0,0.0,0.0,0.0,0.003969999961555004,-0.017509059980511665,-1.0,-0.0,0.0,0.0,0.0,4.611611075233668e-06,-0.0637909397482872,-0.7999705076217651,0.6000393033027649,0.0,0.0,0.0,2.98023217215615e-10,-0.04460655897855759,-0.6464895606040955,0.7629228830337524,0.0,0.0,0.0,-2.98023217215615e-10,-0.02347646653652191,-0.9398815035820007,0.34150078892707825,0.0,0.0,0.0,0.0,-0.019652195274829865,-1.0,-0.0,0.0,0.0,0.00711638480424881,0.0018999999156221747,-0.016959700733423233,-0.9961947202682495,-0.0,0.08715574443340302,0.0,-0.0005882382392883301,0.0,-0.060253534466028214,-0.7664567232131958,0.6414344310760498,-0.025502266362309456,-0.021345101296901703,1.19209286886246e-09,-1.490116086078075e-10,-0.04255415499210358,-0.6427876353263855,0.7660444974899292,0.0,0.0,-2.38418573772492e-09,0.0,-0.02208789810538292,-0.9063078761100769,0.4226182699203491,0.0,0.0,0.0,0.0,-0.017740869894623756,-1.0,-0.0,0.0,0.0,0.013503451831638813,-0.0037700000684708357,-0.014087309129536152,-0.9914448857307434,-0.0,0.13052619993686676,0.0,0.0048975334502756596,-3.847479547403054e-06,-0.05743739381432533,-0.911753237247467,0.4093819856643677,0.026443835347890854,-0.020327743142843246,4.76837147544984e-09,-2.98023217215615e-10,-0.03276757150888443,-0.7678443789482117,0.6406363844871521,0.0,0.0,2.38418573772492e-09,0.0,-0.016709718853235245,-0.8775126338005066,0.47955358028411865,0.0,0.0,0.0,0.0,-0.01388302817940712,-1.0,-0.0,0.0,0.0
